ISO-10303-21;
HEADER;
FILE_DESCRIPTION(('FreeCAD Model'),'2;1');
FILE_NAME('Open CASCADE Shape Model','2026-09-15T22:28:37',('FreeCAD'),(
    'FreeCAD'),'Open CASCADE STEP processor 7.8','FreeCAD','Unknown');
FILE_SCHEMA(('AUTOMOTIVE_DESIGN { 1 0 10303 214 1 1 1 1 }'));
ENDSEC;
DATA;
#1 = APPLICATION_PROTOCOL_DEFINITION('international standard',
  'automotive_design',2000,#2);
#2 = APPLICATION_CONTEXT(
  'core data for automotive mechanical design processes');
#3 = SHAPE_DEFINITION_REPRESENTATION(#4,#10);
#4 = PRODUCT_DEFINITION_SHAPE('','',#5);
#5 = PRODUCT_DEFINITION('design','',#6,#9);
#6 = PRODUCT_DEFINITION_FORMATION('','',#7);
#7 = PRODUCT('Open CASCADE STEP translator 7.8 1',
  'Open CASCADE STEP translator 7.8 1','',(#8));
#8 = PRODUCT_CONTEXT('',#2,'mechanical');
#9 = PRODUCT_DEFINITION_CONTEXT('part definition',#2,'design');
#10 = SHAPE_REPRESENTATION('',(#11,#15,#464,#1858,#2055,#2063,#8623,
    #9513,#9962),#10033);
#11 = AXIS2_PLACEMENT_3D('',#12,#13,#14);
#12 = CARTESIAN_POINT('',(0.,0.,0.));
#13 = DIRECTION('',(0.,0.,1.));
#14 = DIRECTION('',(1.,0.,-0.));
#15 = GEOMETRIC_CURVE_SET('',(#16,#23,#30,#37,#44,#51,#58,#65,#72,#79,
    #86,#93,#100,#107,#114,#121,#128,#135,#142,#149,#156,#163,#170,#177,
    #184,#191,#198,#205,#212,#219,#226,#233,#240,#247,#254,#261,#268,
    #275,#282,#289,#296,#303,#310,#317,#324,#331,#338,#345,#352,#359,
    #366,#373,#380,#387,#394,#401,#408,#415,#422,#429,#436,#443,#450,
    #457));
#16 = TRIMMED_CURVE('',#17,(#21,PARAMETER_VALUE(0.)),(#22,
    PARAMETER_VALUE(29.25)),.T.,.PARAMETER.);
#17 = LINE('',#18,#19);
#18 = CARTESIAN_POINT('',(190.,115.,270.));
#19 = VECTOR('',#20,1.);
#20 = DIRECTION('',(1.,0.,0.));
#21 = CARTESIAN_POINT('',(190.,115.,270.));
#22 = CARTESIAN_POINT('',(219.25,115.,270.));
#23 = TRIMMED_CURVE('',#24,(#28,PARAMETER_VALUE(0.)),(#29,
    PARAMETER_VALUE(3.769497880225)),.T.,.PARAMETER.);
#24 = LINE('',#25,#26);
#25 = CARTESIAN_POINT('',(219.25,115.,270.));
#26 = VECTOR('',#27,1.);
#27 = DIRECTION('',(0.998042945839,-6.253221778297E-02,0.));
#28 = CARTESIAN_POINT('',(219.25,115.,270.));
#29 = CARTESIAN_POINT('',(223.01212076871,114.76428493762,270.));
#30 = TRIMMED_CURVE('',#31,(#35,PARAMETER_VALUE(0.)),(#36,
    PARAMETER_VALUE(3.483883910157)),.T.,.PARAMETER.);
#31 = LINE('',#32,#33);
#32 = CARTESIAN_POINT('',(223.01212076871,114.76428493762,270.));
#33 = VECTOR('',#34,1.);
#34 = DIRECTION('',(0.979183690994,-0.202976105224,0.));
#35 = CARTESIAN_POINT('',(223.01212076871,114.76428493762,270.));
#36 = CARTESIAN_POINT('',(226.42348307485,114.05713975048,270.));
#37 = TRIMMED_CURVE('',#38,(#42,PARAMETER_VALUE(0.)),(#43,
    PARAMETER_VALUE(3.27968529787)),.T.,.PARAMETER.);
#38 = LINE('',#39,#40);
#39 = CARTESIAN_POINT('',(226.42348307485,114.05713975048,270.));
#40 = VECTOR('',#41,1.);
#41 = DIRECTION('',(0.933200464555,-0.359356220141,0.));
#42 = CARTESIAN_POINT('',(226.42348307485,114.05713975048,270.));
#43 = CARTESIAN_POINT('',(229.48408691842,112.87856443859,270.));
#44 = TRIMMED_CURVE('',#45,(#49,PARAMETER_VALUE(0.)),(#50,
    PARAMETER_VALUE(3.172661332364)),.T.,.PARAMETER.);
#45 = LINE('',#46,#47);
#46 = CARTESIAN_POINT('',(229.48408691842,112.87856443859,270.));
#47 = VECTOR('',#48,1.);
#48 = DIRECTION('',(0.854123745687,-0.520069829017,0.));
#49 = CARTESIAN_POINT('',(229.48408691842,112.87856443859,270.));
#50 = CARTESIAN_POINT('',(232.19393229941,111.22855900194,270.));
#51 = TRIMMED_CURVE('',#52,(#56,PARAMETER_VALUE(0.)),(#57,
    PARAMETER_VALUE(3.172661332364)),.T.,.PARAMETER.);
#52 = LINE('',#53,#54);
#53 = CARTESIAN_POINT('',(232.19393229941,111.22855900194,270.));
#54 = VECTOR('',#55,1.);
#55 = DIRECTION('',(0.743567204718,-0.668661208736,0.));
#56 = CARTESIAN_POINT('',(232.19393229941,111.22855900194,270.));
#57 = CARTESIAN_POINT('',(234.55301921784,109.10712344053,270.));
#58 = TRIMMED_CURVE('',#59,(#63,PARAMETER_VALUE(0.)),(#64,
    PARAMETER_VALUE(3.27968529787)),.T.,.PARAMETER.);
#59 = LINE('',#60,#61);
#60 = CARTESIAN_POINT('',(234.55301921784,109.10712344053,270.));
#61 = VECTOR('',#62,1.);
#62 = DIRECTION('',(0.612354013708,-0.790583684309,0.));
#63 = CARTESIAN_POINT('',(234.55301921784,109.10712344053,270.));
#64 = CARTESIAN_POINT('',(236.56134767368,106.51425775436,270.));
#65 = TRIMMED_CURVE('',#66,(#70,PARAMETER_VALUE(0.)),(#71,
    PARAMETER_VALUE(3.483883910157)),.T.,.PARAMETER.);
#66 = LINE('',#67,#68);
#67 = CARTESIAN_POINT('',(236.56134767368,106.51425775436,270.));
#68 = VECTOR('',#69,1.);
#69 = DIRECTION('',(0.475782212043,-0.879563122637,0.));
#70 = CARTESIAN_POINT('',(236.56134767368,106.51425775436,270.));
#71 = CARTESIAN_POINT('',(238.21891766696,103.44996194344,270.));
#72 = TRIMMED_CURVE('',#73,(#77,PARAMETER_VALUE(0.)),(#78,
    PARAMETER_VALUE(3.769497880225)),.T.,.PARAMETER.);
#73 = LINE('',#74,#75);
#74 = CARTESIAN_POINT('',(238.21891766696,103.44996194344,270.));
#75 = VECTOR('',#76,1.);
#76 = DIRECTION('',(0.346680532057,-0.937983266745,0.));
#77 = CARTESIAN_POINT('',(238.21891766696,103.44996194344,270.));
#78 = CARTESIAN_POINT('',(239.52572919767,99.914236007767,270.));
#79 = TRIMMED_CURVE('',#80,(#84,PARAMETER_VALUE(0.)),(#85,
    PARAMETER_VALUE(18.451532544553)),.T.,.PARAMETER.);
#80 = LINE('',#81,#82);
#81 = CARTESIAN_POINT('',(239.52572919767,99.914236007767,270.));
#82 = VECTOR('',#83,1.);
#83 = DIRECTION('',(0.287347885566,-0.957826285221,0.));
#84 = CARTESIAN_POINT('',(239.52572919767,99.914236007767,270.));
#85 = CARTESIAN_POINT('',(244.8277380598,82.240873133981,270.));
#86 = TRIMMED_CURVE('',#87,(#91,PARAMETER_VALUE(0.)),(#92,
    PARAMETER_VALUE(4.433039804107)),.T.,.PARAMETER.);
#87 = LINE('',#88,#89);
#88 = CARTESIAN_POINT('',(244.8277380598,82.240873133981,270.));
#89 = VECTOR('',#90,1.);
#90 = DIRECTION('',(0.273457705277,-0.961067164226,-3.9633183975E-02));
#91 = CARTESIAN_POINT('',(244.8277380598,82.240873133981,270.));
#92 = CARTESIAN_POINT('',(246.03998695203,77.980424140548,
    269.82430451787));
#93 = TRIMMED_CURVE('',#94,(#98,PARAMETER_VALUE(0.)),(#99,
    PARAMETER_VALUE(4.323747096267)),.T.,.PARAMETER.);
#94 = LINE('',#95,#96);
#95 = CARTESIAN_POINT('',(246.03998695203,77.980424140548,
    269.82430451787));
#96 = VECTOR('',#97,1.);
#97 = DIRECTION('',(0.242987317068,-0.962338989924,-0.121905013091));
#98 = CARTESIAN_POINT('',(246.03998695203,77.980424140548,
    269.82430451787));
#99 = CARTESIAN_POINT('',(247.09060265864,73.819513727241,269.2972180715
    ));
#100 = TRIMMED_CURVE('',#101,(#105,PARAMETER_VALUE(0.)),(#106,
    PARAMETER_VALUE(4.249323905156)),.T.,.PARAMETER.);
#101 = LINE('',#102,#103);
#102 = CARTESIAN_POINT('',(247.09060265864,73.819513727241,
    269.2972180715));
#103 = VECTOR('',#104,1.);
#104 = DIRECTION('',(0.209205638547,-0.955768946739,-0.206733454599));
#105 = CARTESIAN_POINT('',(247.09060265864,73.819513727241,
    269.2972180715));
#106 = CARTESIAN_POINT('',(247.97958517961,69.758141894059,
    268.41874066087));
#107 = TRIMMED_CURVE('',#108,(#112,PARAMETER_VALUE(0.)),(#113,
    PARAMETER_VALUE(4.211619166088)),.T.,.PARAMETER.);
#108 = LINE('',#109,#110);
#109 = CARTESIAN_POINT('',(247.97958517961,69.758141894059,
    268.41874066087));
#110 = VECTOR('',#111,1.);
#111 = DIRECTION('',(0.172700642355,-0.940691239359,-0.292017945206));
#112 = CARTESIAN_POINT('',(247.97958517961,69.758141894059,
    268.41874066087));
#113 = CARTESIAN_POINT('',(248.70693451495,65.796308641002,267.188872286
    ));
#114 = TRIMMED_CURVE('',#115,(#119,PARAMETER_VALUE(0.)),(#120,
    PARAMETER_VALUE(4.211619166088)),.T.,.PARAMETER.);
#115 = LINE('',#116,#117);
#116 = CARTESIAN_POINT('',(248.70693451495,65.796308641002,267.188872286
    ));
#117 = VECTOR('',#118,1.);
#118 = DIRECTION('',(0.134322721832,-0.917056960903,-0.375451643837));
#119 = CARTESIAN_POINT('',(248.70693451495,65.796308641002,267.188872286
    ));
#120 = CARTESIAN_POINT('',(249.27265066466,61.93401396807,
    265.60761294688));
#121 = TRIMMED_CURVE('',#122,(#126,PARAMETER_VALUE(0.)),(#127,
    PARAMETER_VALUE(4.249323905156)),.T.,.PARAMETER.);
#122 = LINE('',#123,#124);
#123 = CARTESIAN_POINT('',(249.27265066466,61.93401396807,
    265.60761294688));
#124 = VECTOR('',#125,1.);
#125 = DIRECTION('',(9.509347206677E-02,-0.88549524037,-0.454813600118)
  );
#126 = CARTESIAN_POINT('',(249.27265066466,61.93401396807,
    265.60761294688));
#127 = CARTESIAN_POINT('',(249.67673362873,58.171257875263,
    263.67496264351));
#128 = TRIMMED_CURVE('',#129,(#133,PARAMETER_VALUE(0.)),(#134,
    PARAMETER_VALUE(4.323747096267)),.T.,.PARAMETER.);
#129 = LINE('',#130,#131);
#130 = CARTESIAN_POINT('',(249.67673362873,58.171257875263,
    263.67496264351));
#131 = VECTOR('',#132,1.);
#132 = DIRECTION('',(5.607399624643E-02,-0.847232141733,-0.528255056729)
  );
#133 = CARTESIAN_POINT('',(249.67673362873,58.171257875263,
    263.67496264351));
#134 = CARTESIAN_POINT('',(249.91918340718,54.508040362582,
    261.39092137589));
#135 = TRIMMED_CURVE('',#136,(#140,PARAMETER_VALUE(0.)),(#141,
    PARAMETER_VALUE(4.433039804107)),.T.,.PARAMETER.);
#136 = LINE('',#137,#138);
#137 = CARTESIAN_POINT('',(249.91918340718,54.508040362582,
    261.39092137589));
#138 = VECTOR('',#139,1.);
#139 = DIRECTION('',(1.823051368514E-02,-0.803890578482,-0.594497759625)
  );
#140 = CARTESIAN_POINT('',(249.91918340718,54.508040362582,
    261.39092137589));
#141 = CARTESIAN_POINT('',(250.,50.944361430025,258.75548914402));
#142 = TRIMMED_CURVE('',#143,(#147,PARAMETER_VALUE(0.)),(#148,
    PARAMETER_VALUE(28.031242374328)),.T.,.PARAMETER.);
#143 = LINE('',#144,#145);
#144 = CARTESIAN_POINT('',(250.,50.944361430025,258.75548914402));
#145 = VECTOR('',#146,1.);
#146 = DIRECTION('',(0.,-0.780868809443,-0.624695047554));
#147 = CARTESIAN_POINT('',(250.,50.944361430025,258.75548914402));
#148 = CARTESIAN_POINT('',(250.,29.055638569975,241.24451085598));
#149 = TRIMMED_CURVE('',#150,(#154,PARAMETER_VALUE(0.)),(#155,
    PARAMETER_VALUE(4.360574341577)),.T.,.PARAMETER.);
#150 = LINE('',#151,#152);
#151 = CARTESIAN_POINT('',(250.,29.055638569975,241.24451085598));
#152 = VECTOR('',#153,1.);
#153 = DIRECTION('',(-5.091194272743E-02,-0.795069827002,-0.60437731946)
  );
#154 = CARTESIAN_POINT('',(250.,29.055638569975,241.24451085598));
#155 = CARTESIAN_POINT('',(249.77799468886,25.588677482586,
    238.6090786241));
#156 = TRIMMED_CURVE('',#157,(#161,PARAMETER_VALUE(0.)),(#162,
    PARAMETER_VALUE(4.127709089785)),.T.,.PARAMETER.);
#157 = LINE('',#158,#159);
#158 = CARTESIAN_POINT('',(249.77799468886,25.588677482586,
    238.6090786241));
#159 = VECTOR('',#160,1.);
#160 = DIRECTION('',(-0.16135244004,-0.817175799895,-0.553343566113));
#161 = CARTESIAN_POINT('',(249.77799468886,25.588677482586,
    238.6090786241));
#162 = CARTESIAN_POINT('',(249.11197875545,22.215613505406,
    236.32503735648));
#163 = TRIMMED_CURVE('',#164,(#168,PARAMETER_VALUE(0.)),(#169,
    PARAMETER_VALUE(3.964874713138)),.T.,.PARAMETER.);
#164 = LINE('',#165,#166);
#165 = CARTESIAN_POINT('',(249.11197875545,22.215613505406,
    236.32503735648));
#166 = VECTOR('',#167,1.);
#167 = DIRECTION('',(-0.279965102556,-0.82705434704,-0.487442969375));
#168 = CARTESIAN_POINT('',(249.11197875545,22.215613505406,
    236.32503735648));
#169 = CARTESIAN_POINT('',(248.00195219976,18.936446638437,
    234.39238705311));
#170 = TRIMMED_CURVE('',#171,(#175,PARAMETER_VALUE(0.)),(#176,
    PARAMETER_VALUE(3.880896297426)),.T.,.PARAMETER.);
#171 = LINE('',#172,#173);
#172 = CARTESIAN_POINT('',(248.00195219976,18.936446638437,
    234.39238705311));
#173 = VECTOR('',#174,1.);
#174 = DIRECTION('',(-0.40043254415,-0.820756215226,-0.40744694471));
#175 = CARTESIAN_POINT('',(248.00195219976,18.936446638437,
    234.39238705311));
#176 = CARTESIAN_POINT('',(246.4479150218,15.751176881676,
    232.81112771399));
#177 = TRIMMED_CURVE('',#178,(#182,PARAMETER_VALUE(0.)),(#183,
    PARAMETER_VALUE(3.880896297426)),.T.,.PARAMETER.);
#178 = LINE('',#179,#180);
#179 = CARTESIAN_POINT('',(246.4479150218,15.751176881676,
    232.81112771399));
#180 = VECTOR('',#181,1.);
#181 = DIRECTION('',(-0.514841842478,-0.796561518173,-0.316903179219));
#182 = CARTESIAN_POINT('',(246.4479150218,15.751176881676,
    232.81112771399));
#183 = CARTESIAN_POINT('',(244.44986722157,12.659804235126,
    231.58125933912));
#184 = TRIMMED_CURVE('',#185,(#189,PARAMETER_VALUE(0.)),(#190,
    PARAMETER_VALUE(3.964874713138)),.T.,.PARAMETER.);
#185 = LINE('',#186,#187);
#186 = CARTESIAN_POINT('',(244.44986722157,12.659804235126,
    231.58125933912));
#187 = VECTOR('',#188,1.);
#188 = DIRECTION('',(-0.615923225623,-0.756007630306,-0.22156498608));
#189 = CARTESIAN_POINT('',(244.44986722157,12.659804235126,
    231.58125933912));
#190 = CARTESIAN_POINT('',(242.00780879906,9.662328698785,
    230.70278192849));
#191 = TRIMMED_CURVE('',#192,(#196,PARAMETER_VALUE(0.)),(#197,
    PARAMETER_VALUE(4.127709089785)),.T.,.PARAMETER.);
#192 = LINE('',#193,#194);
#193 = CARTESIAN_POINT('',(242.00780879906,9.662328698785,
    230.70278192849));
#194 = VECTOR('',#195,1.);
#195 = DIRECTION('',(-0.699193906839,-0.703435819476,-0.127694669103));
#196 = CARTESIAN_POINT('',(242.00780879906,9.662328698785,
    230.70278192849));
#197 = CARTESIAN_POINT('',(239.12173975428,6.758750272653,
    230.17569548212));
#198 = TRIMMED_CURVE('',#199,(#203,PARAMETER_VALUE(0.)),(#204,
    PARAMETER_VALUE(4.360574341577)),.T.,.PARAMETER.);
#199 = LINE('',#200,#201);
#200 = CARTESIAN_POINT('',(239.12173975428,6.758750272653,
    230.17569548212));
#201 = VECTOR('',#202,1.);
#202 = DIRECTION('',(-0.763679140911,-0.644337441775,-4.029182129736E-02
    ));
#203 = CARTESIAN_POINT('',(239.12173975428,6.758750272653,
    230.17569548212));
#204 = CARTESIAN_POINT('',(235.79166008722,3.949068956731,230.));
#205 = TRIMMED_CURVE('',#206,(#210,PARAMETER_VALUE(0.)),(#211,
    PARAMETER_VALUE(21.008771254957)),.T.,.PARAMETER.);
#206 = LINE('',#207,#208);
#207 = CARTESIAN_POINT('',(235.79166008722,3.949068956731,230.));
#208 = VECTOR('',#209,1.);
#209 = DIRECTION('',(-0.789352217376,-0.613940613515,0.));
#210 = CARTESIAN_POINT('',(235.79166008722,3.949068956731,230.));
#211 = CARTESIAN_POINT('',(219.20833991277,-8.949068956731,230.));
#212 = TRIMMED_CURVE('',#213,(#217,PARAMETER_VALUE(0.)),(#218,
    PARAMETER_VALUE(4.419247675632)),.T.,.PARAMETER.);
#213 = LINE('',#214,#215);
#214 = CARTESIAN_POINT('',(219.20833991277,-8.949068956731,230.));
#215 = VECTOR('',#216,1.);
#216 = DIRECTION('',(-0.809694702447,-0.586086626814,2.994920196627E-02)
  );
#217 = CARTESIAN_POINT('',(219.20833991277,-8.949068956731,230.));
#218 = CARTESIAN_POINT('',(215.63009848101,-11.53913091999,
    230.13235294117));
#219 = TRIMMED_CURVE('',#220,(#224,PARAMETER_VALUE(0.)),(#225,
    PARAMETER_VALUE(4.286881156307)),.T.,.PARAMETER.);
#220 = LINE('',#221,#222);
#221 = CARTESIAN_POINT('',(215.63009848101,-11.53913091999,
    230.13235294117));
#222 = VECTOR('',#223,1.);
#223 = DIRECTION('',(-0.846898760783,-0.523625518487,9.262184069304E-02)
  );
#224 = CARTESIAN_POINT('',(215.63009848101,-11.53913091999,
    230.13235294117));
#225 = CARTESIAN_POINT('',(211.99954414211,-13.78385128816,
    230.5294117647));
#226 = TRIMMED_CURVE('',#227,(#231,PARAMETER_VALUE(0.)),(#232,
    PARAMETER_VALUE(4.196317838468)),.T.,.PARAMETER.);
#227 = LINE('',#228,#229);
#228 = CARTESIAN_POINT('',(211.99954414211,-13.78385128816,
    230.5294117647));
#229 = VECTOR('',#230,1.);
#230 = DIRECTION('',(-0.877642587574,-0.452629864128,0.157701282733));
#231 = CARTESIAN_POINT('',(211.99954414211,-13.78385128816,
    230.5294117647));
#232 = CARTESIAN_POINT('',(208.31667689607,-15.68323006122,
    231.19117647058));
#233 = TRIMMED_CURVE('',#234,(#238,PARAMETER_VALUE(0.)),(#239,
    PARAMETER_VALUE(4.150295179625)),.T.,.PARAMETER.);
#234 = LINE('',#235,#236);
#235 = CARTESIAN_POINT('',(208.31667689607,-15.68323006122,
    231.19117647058));
#236 = VECTOR('',#237,1.);
#237 = DIRECTION('',(-0.899979397011,-0.374440156832,0.223230047054));
#238 = CARTESIAN_POINT('',(208.31667689607,-15.68323006122,
    231.19117647058));
#239 = CARTESIAN_POINT('',(204.58149674289,-17.23726723918,
    232.11764705882));
#240 = TRIMMED_CURVE('',#241,(#245,PARAMETER_VALUE(0.)),(#246,
    PARAMETER_VALUE(4.150295179625)),.T.,.PARAMETER.);
#241 = LINE('',#242,#243);
#242 = CARTESIAN_POINT('',(204.58149674289,-17.23726723918,
    232.11764705882));
#243 = VECTOR('',#244,1.);
#244 = DIRECTION('',(-0.912584020266,-0.291231233092,0.287010060498));
#245 = CARTESIAN_POINT('',(204.58149674289,-17.23726723918,
    232.11764705882));
#246 = CARTESIAN_POINT('',(200.79400368258,-18.44596282204,
    233.30882352941));
#247 = TRIMMED_CURVE('',#248,(#252,PARAMETER_VALUE(0.)),(#253,
    PARAMETER_VALUE(4.196317838468)),.T.,.PARAMETER.);
#248 = LINE('',#249,#250);
#249 = CARTESIAN_POINT('',(200.79400368258,-18.44596282204,
    233.30882352941));
#250 = VECTOR('',#251,1.);
#251 = DIRECTION('',(-0.915041737842,-0.205740847331,0.346942822013));
#252 = CARTESIAN_POINT('',(200.79400368258,-18.44596282204,
    233.30882352941));
#253 = CARTESIAN_POINT('',(196.95419771513,-19.30931680979,
    234.76470588235));
#254 = TRIMMED_CURVE('',#255,(#259,PARAMETER_VALUE(0.)),(#260,
    PARAMETER_VALUE(4.286881156307)),.T.,.PARAMETER.);
#255 = LINE('',#256,#257);
#256 = CARTESIAN_POINT('',(196.95419771513,-19.30931680979,
    234.76470588235));
#257 = VECTOR('',#258,1.);
#258 = DIRECTION('',(-0.907913873204,-0.120836658112,0.40136130967));
#259 = CARTESIAN_POINT('',(196.95419771513,-19.30931680979,
    234.76470588235));
#260 = CARTESIAN_POINT('',(193.06207884054,-19.82732920244,
    236.48529411764));
#261 = TRIMMED_CURVE('',#262,(#266,PARAMETER_VALUE(0.)),(#267,
    PARAMETER_VALUE(4.419247675632)),.T.,.PARAMETER.);
#262 = LINE('',#263,#264);
#263 = CARTESIAN_POINT('',(193.06207884054,-19.82732920244,
    236.48529411764));
#264 = VECTOR('',#265,1.);
#265 = DIRECTION('',(-0.892557301885,-3.907244178759E-02,0.449238029494)
  );
#266 = CARTESIAN_POINT('',(193.06207884054,-19.82732920244,
    236.48529411764));
#267 = CARTESIAN_POINT('',(189.11764705882,-20.,238.47058823529));
#268 = TRIMMED_CURVE('',#269,(#273,PARAMETER_VALUE(0.)),(#274,
    PARAMETER_VALUE(49.)),.T.,.PARAMETER.);
#269 = LINE('',#270,#271);
#270 = CARTESIAN_POINT('',(189.11764705882,-20.,238.47058823529));
#271 = VECTOR('',#272,1.);
#272 = DIRECTION('',(-0.882352941176,0.,0.470588235294));
#273 = CARTESIAN_POINT('',(189.11764705882,-20.,238.47058823529));
#274 = CARTESIAN_POINT('',(145.88235294117,-20.,261.5294117647));
#275 = TRIMMED_CURVE('',#276,(#280,PARAMETER_VALUE(0.)),(#281,
    PARAMETER_VALUE(4.468872118858)),.T.,.PARAMETER.);
#276 = LINE('',#277,#278);
#277 = CARTESIAN_POINT('',(145.88235294117,-20.,261.5294117647));
#278 = VECTOR('',#279,1.);
#279 = DIRECTION('',(-0.895903119199,0.,0.444249480595));
#280 = CARTESIAN_POINT('',(145.88235294117,-20.,261.5294117647));
#281 = CARTESIAN_POINT('',(141.87867647058,-20.,263.51470588235));
#282 = TRIMMED_CURVE('',#283,(#287,PARAMETER_VALUE(0.)),(#288,
    PARAMETER_VALUE(4.418611415166)),.T.,.PARAMETER.);
#283 = LINE('',#284,#285);
#284 = CARTESIAN_POINT('',(141.87867647058,-20.,263.51470588235));
#285 = VECTOR('',#286,1.);
#286 = DIRECTION('',(-0.921070571449,0.,0.389395688743));
#287 = CARTESIAN_POINT('',(141.87867647058,-20.,263.51470588235));
#288 = CARTESIAN_POINT('',(137.80882352941,-20.,265.23529411764));
#289 = TRIMMED_CURVE('',#290,(#294,PARAMETER_VALUE(0.)),(#295,
    PARAMETER_VALUE(4.384784227369)),.T.,.PARAMETER.);
#290 = LINE('',#291,#292);
#291 = CARTESIAN_POINT('',(137.80882352941,-20.,265.23529411764));
#292 = VECTOR('',#293,1.);
#293 = DIRECTION('',(-0.943268630175,0.,0.332030557822));
#294 = CARTESIAN_POINT('',(137.80882352941,-20.,265.23529411764));
#295 = CARTESIAN_POINT('',(133.67279411764,-20.,266.69117647058));
#296 = TRIMMED_CURVE('',#297,(#301,PARAMETER_VALUE(0.)),(#302,
    PARAMETER_VALUE(4.36777239125)),.T.,.PARAMETER.);
#297 = LINE('',#298,#299);
#298 = CARTESIAN_POINT('',(133.67279411764,-20.,266.69117647058));
#299 = VECTOR('',#300,1.);
#300 = DIRECTION('',(-0.96209360423,0.,0.272719446868));
#301 = CARTESIAN_POINT('',(133.67279411764,-20.,266.69117647058));
#302 = CARTESIAN_POINT('',(129.47058823529,-20.,267.88235294117));
#303 = TRIMMED_CURVE('',#304,(#308,PARAMETER_VALUE(0.)),(#309,
    PARAMETER_VALUE(4.36777239125)),.T.,.PARAMETER.);
#304 = LINE('',#305,#306);
#305 = CARTESIAN_POINT('',(129.47058823529,-20.,267.88235294117));
#306 = VECTOR('',#307,1.);
#307 = DIRECTION('',(-0.977244684611,0.,0.212115125342));
#308 = CARTESIAN_POINT('',(129.47058823529,-20.,267.88235294117));
#309 = CARTESIAN_POINT('',(125.20220588235,-20.,268.80882352941));
#310 = TRIMMED_CURVE('',#311,(#315,PARAMETER_VALUE(0.)),(#316,
    PARAMETER_VALUE(4.384784227369)),.T.,.PARAMETER.);
#311 = LINE('',#312,#313);
#312 = CARTESIAN_POINT('',(125.20220588235,-20.,268.80882352941));
#313 = VECTOR('',#314,1.);
#314 = DIRECTION('',(-0.988545524424,0.,0.150922980828));
#315 = CARTESIAN_POINT('',(125.20220588235,-20.,268.80882352941));
#316 = CARTESIAN_POINT('',(120.86764705882,-20.,269.47058823529));
#317 = TRIMMED_CURVE('',#318,(#322,PARAMETER_VALUE(0.)),(#323,
    PARAMETER_VALUE(4.418611415166)),.T.,.PARAMETER.);
#318 = LINE('',#319,#320);
#319 = CARTESIAN_POINT('',(120.86764705882,-20.,269.47058823529));
#320 = VECTOR('',#321,1.);
#321 = DIRECTION('',(-0.995954357745,0.,8.986054355596E-02));
#322 = CARTESIAN_POINT('',(120.86764705882,-20.,269.47058823529));
#323 = CARTESIAN_POINT('',(116.4669117647,-20.,269.86764705882));
#324 = TRIMMED_CURVE('',#325,(#329,PARAMETER_VALUE(0.)),(#330,
    PARAMETER_VALUE(4.468872118858)),.T.,.PARAMETER.);
#325 = LINE('',#326,#327);
#326 = CARTESIAN_POINT('',(116.4669117647,-20.,269.86764705882));
#327 = VECTOR('',#328,1.);
#328 = DIRECTION('',(-0.999561331338,0.,2.961663203965E-02));
#329 = CARTESIAN_POINT('',(116.4669117647,-20.,269.86764705882));
#330 = CARTESIAN_POINT('',(112.,-20.,270.));
#331 = TRIMMED_CURVE('',#332,(#336,PARAMETER_VALUE(0.)),(#337,
    PARAMETER_VALUE(389.)),.T.,.PARAMETER.);
#332 = LINE('',#333,#334);
#333 = CARTESIAN_POINT('',(112.,-20.,270.));
#334 = VECTOR('',#335,1.);
#335 = DIRECTION('',(-1.,0.,0.));
#336 = CARTESIAN_POINT('',(112.,-20.,270.));
#337 = CARTESIAN_POINT('',(-277.,-20.,270.));
#338 = TRIMMED_CURVE('',#339,(#343,PARAMETER_VALUE(0.)),(#344,
    PARAMETER_VALUE(4.228114606417)),.T.,.PARAMETER.);
#339 = LINE('',#340,#341);
#340 = CARTESIAN_POINT('',(-277.,-20.,270.));
#341 = VECTOR('',#342,1.);
#342 = DIRECTION('',(-0.997785157857,-6.651901052377E-02,0.));
#343 = CARTESIAN_POINT('',(-277.,-20.,270.));
#344 = CARTESIAN_POINT('',(-281.21875,-20.28125,270.));
#345 = TRIMMED_CURVE('',#346,(#350,PARAMETER_VALUE(0.)),(#351,
    PARAMETER_VALUE(3.752343018036)),.T.,.PARAMETER.);
#346 = LINE('',#347,#348);
#347 = CARTESIAN_POINT('',(-281.21875,-20.28125,270.));
#348 = VECTOR('',#349,1.);
#349 = DIRECTION('',(-0.974391195695,-0.224859506699,0.));
#350 = CARTESIAN_POINT('',(-281.21875,-20.28125,270.));
#351 = CARTESIAN_POINT('',(-284.875,-21.125,270.));
#352 = TRIMMED_CURVE('',#353,(#357,PARAMETER_VALUE(0.)),(#358,
    PARAMETER_VALUE(3.398356680073)),.T.,.PARAMETER.);
#353 = LINE('',#354,#355);
#354 = CARTESIAN_POINT('',(-284.875,-21.125,270.));
#355 = VECTOR('',#356,1.);
#356 = DIRECTION('',(-0.910366477463,-0.413802944301,0.));
#357 = CARTESIAN_POINT('',(-284.875,-21.125,270.));
#358 = CARTESIAN_POINT('',(-287.96875,-22.53125,270.));
#359 = TRIMMED_CURVE('',#360,(#364,PARAMETER_VALUE(0.)),(#365,
    PARAMETER_VALUE(3.206743383091)),.T.,.PARAMETER.);
#360 = LINE('',#361,#362);
#361 = CARTESIAN_POINT('',(-287.96875,-22.53125,270.));
#362 = VECTOR('',#363,1.);
#363 = DIRECTION('',(-0.789352217376,-0.613940613515,0.));
#364 = CARTESIAN_POINT('',(-287.96875,-22.53125,270.));
#365 = CARTESIAN_POINT('',(-290.5,-24.5,270.));
#366 = TRIMMED_CURVE('',#367,(#371,PARAMETER_VALUE(0.)),(#372,
    PARAMETER_VALUE(3.206743383091)),.T.,.PARAMETER.);
#367 = LINE('',#368,#369);
#368 = CARTESIAN_POINT('',(-290.5,-24.5,270.));
#369 = VECTOR('',#370,1.);
#370 = DIRECTION('',(-0.613940613515,-0.789352217376,0.));
#371 = CARTESIAN_POINT('',(-290.5,-24.5,270.));
#372 = CARTESIAN_POINT('',(-292.46875,-27.03125,270.));
#373 = TRIMMED_CURVE('',#374,(#378,PARAMETER_VALUE(0.)),(#379,
    PARAMETER_VALUE(3.398356680073)),.T.,.PARAMETER.);
#374 = LINE('',#375,#376);
#375 = CARTESIAN_POINT('',(-292.46875,-27.03125,270.));
#376 = VECTOR('',#377,1.);
#377 = DIRECTION('',(-0.413802944301,-0.910366477463,0.));
#378 = CARTESIAN_POINT('',(-292.46875,-27.03125,270.));
#379 = CARTESIAN_POINT('',(-293.875,-30.125,270.));
#380 = TRIMMED_CURVE('',#381,(#385,PARAMETER_VALUE(0.)),(#386,
    PARAMETER_VALUE(3.752343018036)),.T.,.PARAMETER.);
#381 = LINE('',#382,#383);
#382 = CARTESIAN_POINT('',(-293.875,-30.125,270.));
#383 = VECTOR('',#384,1.);
#384 = DIRECTION('',(-0.224859506699,-0.974391195695,0.));
#385 = CARTESIAN_POINT('',(-293.875,-30.125,270.));
#386 = CARTESIAN_POINT('',(-294.71875,-33.78125,270.));
#387 = TRIMMED_CURVE('',#388,(#392,PARAMETER_VALUE(0.)),(#393,
    PARAMETER_VALUE(4.228114606417)),.T.,.PARAMETER.);
#388 = LINE('',#389,#390);
#389 = CARTESIAN_POINT('',(-294.71875,-33.78125,270.));
#390 = VECTOR('',#391,1.);
#391 = DIRECTION('',(-6.651901052377E-02,-0.997785157857,0.));
#392 = CARTESIAN_POINT('',(-294.71875,-33.78125,270.));
#393 = CARTESIAN_POINT('',(-295.,-38.,270.));
#394 = TRIMMED_CURVE('',#395,(#399,PARAMETER_VALUE(0.)),(#400,
    PARAMETER_VALUE(115.79453258449)),.T.,.PARAMETER.);
#395 = LINE('',#396,#397);
#396 = CARTESIAN_POINT('',(-295.,-38.,270.));
#397 = VECTOR('',#398,1.);
#398 = DIRECTION('',(0.,-1.,0.));
#399 = CARTESIAN_POINT('',(-295.,-38.,270.));
#400 = CARTESIAN_POINT('',(-295.,-153.7945325844,270.));
#401 = TRIMMED_CURVE('',#402,(#406,PARAMETER_VALUE(0.)),(#407,
    PARAMETER_VALUE(2.63211113618)),.T.,.PARAMETER.);
#402 = LINE('',#403,#404);
#403 = CARTESIAN_POINT('',(-295.,-153.7945325844,270.));
#404 = VECTOR('',#405,1.);
#405 = DIRECTION('',(4.155409644242E-02,-0.997785157857,
    -5.194262055303E-02));
#406 = CARTESIAN_POINT('',(-295.,-153.7945325844,270.));
#407 = CARTESIAN_POINT('',(-294.890625,-156.42081401,269.86328125));
#408 = TRIMMED_CURVE('',#409,(#413,PARAMETER_VALUE(0.)),(#414,
    PARAMETER_VALUE(2.3359309678)),.T.,.PARAMETER.);
#409 = LINE('',#410,#411);
#410 = CARTESIAN_POINT('',(-294.890625,-156.42081401,269.86328125));
#411 = VECTOR('',#412,1.);
#412 = DIRECTION('',(0.14046862023,-0.974391195695,-0.175585775288));
#413 = CARTESIAN_POINT('',(-294.890625,-156.42081401,269.86328125));
#414 = CARTESIAN_POINT('',(-294.5625,-158.6969245787,269.453125));
#415 = TRIMMED_CURVE('',#416,(#420,PARAMETER_VALUE(0.)),(#421,
    PARAMETER_VALUE(2.115565280269)),.T.,.PARAMETER.);
#416 = LINE('',#417,#418);
#417 = CARTESIAN_POINT('',(-294.5625,-158.6969245787,269.453125));
#418 = VECTOR('',#419,1.);
#419 = DIRECTION('',(0.258500649968,-0.910366477463,-0.32312581246));
#420 = CARTESIAN_POINT('',(-294.5625,-158.6969245787,269.453125));
#421 = CARTESIAN_POINT('',(-294.015625,-160.6228642908,268.76953125));
#422 = TRIMMED_CURVE('',#423,(#427,PARAMETER_VALUE(0.)),(#428,
    PARAMETER_VALUE(1.996281027174)),.T.,.PARAMETER.);
#423 = LINE('',#424,#425);
#424 = CARTESIAN_POINT('',(-294.015625,-160.6228642908,268.76953125));
#425 = VECTOR('',#426,1.);
#426 = DIRECTION('',(0.383525660755,-0.789352217376,-0.479407075944));
#427 = CARTESIAN_POINT('',(-294.015625,-160.6228642908,268.76953125));
#428 = CARTESIAN_POINT('',(-293.25,-162.1986331461,267.8125));
#429 = TRIMMED_CURVE('',#430,(#434,PARAMETER_VALUE(0.)),(#435,
    PARAMETER_VALUE(1.996281027174)),.T.,.PARAMETER.);
#430 = LINE('',#431,#432);
#431 = CARTESIAN_POINT('',(-293.25,-162.1986331461,267.8125));
#432 = VECTOR('',#433,1.);
#433 = DIRECTION('',(0.493104420971,-0.613940613515,-0.616380526214));
#434 = CARTESIAN_POINT('',(-293.25,-162.1986331461,267.8125));
#435 = CARTESIAN_POINT('',(-292.265625,-163.4242311446,266.58203125));
#436 = TRIMMED_CURVE('',#437,(#441,PARAMETER_VALUE(0.)),(#442,
    PARAMETER_VALUE(2.115565280269)),.T.,.PARAMETER.);
#437 = LINE('',#438,#439);
#438 = CARTESIAN_POINT('',(-292.265625,-163.4242311446,266.58203125));
#439 = VECTOR('',#440,1.);
#440 = DIRECTION('',(0.56870142993,-0.413802944301,-0.710876787413));
#441 = CARTESIAN_POINT('',(-292.265625,-163.4242311446,266.58203125));
#442 = CARTESIAN_POINT('',(-291.0625,-164.2996582865,265.078125));
#443 = TRIMMED_CURVE('',#444,(#448,PARAMETER_VALUE(0.)),(#449,
    PARAMETER_VALUE(2.3359309678)),.T.,.PARAMETER.);
#444 = LINE('',#445,#446);
#445 = CARTESIAN_POINT('',(-291.0625,-164.2996582865,265.078125));
#446 = VECTOR('',#447,1.);
#447 = DIRECTION('',(0.608697354331,-0.224859506699,-0.760871692914));
#448 = CARTESIAN_POINT('',(-291.0625,-164.2996582865,265.078125));
#449 = CARTESIAN_POINT('',(-289.640625,-164.8249145716,263.30078125));
#450 = TRIMMED_CURVE('',#451,(#455,PARAMETER_VALUE(0.)),(#456,
    PARAMETER_VALUE(2.63211113618)),.T.,.PARAMETER.);
#451 = LINE('',#452,#453);
#452 = CARTESIAN_POINT('',(-289.640625,-164.8249145716,263.30078125));
#453 = VECTOR('',#454,1.);
#454 = DIRECTION('',(0.623311446636,-6.651901052378E-02,-0.779139308295)
  );
#455 = CARTESIAN_POINT('',(-289.640625,-164.8249145716,263.30078125));
#456 = CARTESIAN_POINT('',(-288.,-165.,261.25));
#457 = TRIMMED_CURVE('',#458,(#462,PARAMETER_VALUE(0.)),(#463,
    PARAMETER_VALUE(20.810153771657)),.T.,.PARAMETER.);
#458 = LINE('',#459,#460);
#459 = CARTESIAN_POINT('',(-288.,-165.,261.25));
#460 = VECTOR('',#461,1.);
#461 = DIRECTION('',(0.624695047554,0.,-0.780868809443));
#462 = CARTESIAN_POINT('',(-288.,-165.,261.25));
#463 = CARTESIAN_POINT('',(-275.,-165.,245.));
#464 = GEOMETRIC_CURVE_SET('',(#465,#472,#479,#486,#493,#500,#507,#514,
    #521,#528,#535,#542,#549,#556,#563,#570,#577,#584,#591,#598,#605,
    #612,#619,#626,#633,#640,#647,#654,#661,#668,#675,#682,#689,#696,
    #703,#710,#717,#724,#731,#738,#745,#752,#759,#766,#773,#780,#787,
    #794,#801,#808,#815,#822,#829,#836,#843,#850,#857,#864,#871,#878,
    #885,#892,#899,#906,#913,#920,#927,#934,#941,#948,#955,#962,#969,
    #976,#983,#990,#997,#1004,#1011,#1018,#1025,#1032,#1039,#1046,#1053,
    #1060,#1067,#1074,#1081,#1088,#1095,#1102,#1109,#1116,#1123,#1130,
    #1137,#1144,#1151,#1158,#1165,#1172,#1179,#1186,#1193,#1200,#1207,
    #1214,#1221,#1228,#1235,#1242,#1249,#1256,#1263,#1270,#1277,#1284,
    #1291,#1298,#1305,#1312,#1319,#1326,#1333,#1340,#1347,#1354,#1361,
    #1368,#1375,#1382,#1389,#1396,#1403,#1410,#1417,#1424,#1431,#1438,
    #1445,#1452,#1459,#1466,#1473,#1480,#1487,#1494,#1501,#1508,#1515,
    #1522,#1529,#1536,#1543,#1550,#1557,#1564,#1571,#1578,#1585,#1592,
    #1599,#1606,#1613,#1620,#1627,#1634,#1641,#1648,#1655,#1662,#1669,
    #1676,#1683,#1690,#1697,#1704,#1711,#1718,#1725,#1732,#1739,#1746,
    #1753,#1760,#1767,#1774,#1781,#1788,#1795,#1802,#1809,#1816,#1823,
    #1830,#1837,#1844,#1851));
#465 = TRIMMED_CURVE('',#466,(#470,PARAMETER_VALUE(0.)),(#471,
    PARAMETER_VALUE(252.3)),.T.,.PARAMETER.);
#466 = LINE('',#467,#468);
#467 = CARTESIAN_POINT('',(-275.,-165.,245.));
#468 = VECTOR('',#469,1.);
#469 = DIRECTION('',(1.,0.,0.));
#470 = CARTESIAN_POINT('',(-275.,-165.,245.));
#471 = CARTESIAN_POINT('',(-22.7,-165.,245.));
#472 = TRIMMED_CURVE('',#473,(#477,PARAMETER_VALUE(0.)),(#478,
    PARAMETER_VALUE(1.808693470523)),.T.,.PARAMETER.);
#473 = LINE('',#474,#475);
#474 = CARTESIAN_POINT('',(-22.7,-165.,245.));
#475 = VECTOR('',#476,1.);
#476 = DIRECTION('',(0.997785157857,0.,-6.651901052378E-02));
#477 = CARTESIAN_POINT('',(-22.7,-165.,245.));
#478 = CARTESIAN_POINT('',(-20.8953125,-165.,244.8796875));
#479 = TRIMMED_CURVE('',#480,(#484,PARAMETER_VALUE(0.)),(#485,
    PARAMETER_VALUE(1.605168957715)),.T.,.PARAMETER.);
#480 = LINE('',#481,#482);
#481 = CARTESIAN_POINT('',(-20.8953125,-165.,244.8796875));
#482 = VECTOR('',#483,1.);
#483 = DIRECTION('',(0.974391195695,0.,-0.224859506699));
#484 = CARTESIAN_POINT('',(-20.8953125,-165.,244.8796875));
#485 = CARTESIAN_POINT('',(-19.33125,-165.,244.51875));
#486 = TRIMMED_CURVE('',#487,(#491,PARAMETER_VALUE(0.)),(#492,
    PARAMETER_VALUE(1.453741468698)),.T.,.PARAMETER.);
#487 = LINE('',#488,#489);
#488 = CARTESIAN_POINT('',(-19.33125,-165.,244.51875));
#489 = VECTOR('',#490,1.);
#490 = DIRECTION('',(0.910366477463,0.,-0.413802944301));
#491 = CARTESIAN_POINT('',(-19.33125,-165.,244.51875));
#492 = CARTESIAN_POINT('',(-18.0078125,-165.,243.9171875));
#493 = TRIMMED_CURVE('',#494,(#498,PARAMETER_VALUE(0.)),(#499,
    PARAMETER_VALUE(1.371773558322)),.T.,.PARAMETER.);
#494 = LINE('',#495,#496);
#495 = CARTESIAN_POINT('',(-18.0078125,-165.,243.9171875));
#496 = VECTOR('',#497,1.);
#497 = DIRECTION('',(0.789352217376,0.,-0.613940613515));
#498 = CARTESIAN_POINT('',(-18.0078125,-165.,243.9171875));
#499 = CARTESIAN_POINT('',(-16.925,-165.,243.075));
#500 = TRIMMED_CURVE('',#501,(#505,PARAMETER_VALUE(0.)),(#506,
    PARAMETER_VALUE(1.371773558322)),.T.,.PARAMETER.);
#501 = LINE('',#502,#503);
#502 = CARTESIAN_POINT('',(-16.925,-165.,243.075));
#503 = VECTOR('',#504,1.);
#504 = DIRECTION('',(0.613940613515,0.,-0.789352217376));
#505 = CARTESIAN_POINT('',(-16.925,-165.,243.075));
#506 = CARTESIAN_POINT('',(-16.0828125,-165.,241.9921875));
#507 = TRIMMED_CURVE('',#508,(#512,PARAMETER_VALUE(0.)),(#513,
    PARAMETER_VALUE(1.453741468698)),.T.,.PARAMETER.);
#508 = LINE('',#509,#510);
#509 = CARTESIAN_POINT('',(-16.0828125,-165.,241.9921875));
#510 = VECTOR('',#511,1.);
#511 = DIRECTION('',(0.413802944301,0.,-0.910366477463));
#512 = CARTESIAN_POINT('',(-16.0828125,-165.,241.9921875));
#513 = CARTESIAN_POINT('',(-15.48125,-165.,240.66875));
#514 = TRIMMED_CURVE('',#515,(#519,PARAMETER_VALUE(0.)),(#520,
    PARAMETER_VALUE(1.605168957715)),.T.,.PARAMETER.);
#515 = LINE('',#516,#517);
#516 = CARTESIAN_POINT('',(-15.48125,-165.,240.66875));
#517 = VECTOR('',#518,1.);
#518 = DIRECTION('',(0.224859506699,0.,-0.974391195695));
#519 = CARTESIAN_POINT('',(-15.48125,-165.,240.66875));
#520 = CARTESIAN_POINT('',(-15.1203125,-165.,239.1046875));
#521 = TRIMMED_CURVE('',#522,(#526,PARAMETER_VALUE(0.)),(#527,
    PARAMETER_VALUE(1.808693470523)),.T.,.PARAMETER.);
#522 = LINE('',#523,#524);
#523 = CARTESIAN_POINT('',(-15.1203125,-165.,239.1046875));
#524 = VECTOR('',#525,1.);
#525 = DIRECTION('',(6.651901052377E-02,0.,-0.997785157857));
#526 = CARTESIAN_POINT('',(-15.1203125,-165.,239.1046875));
#527 = CARTESIAN_POINT('',(-15.,-165.,237.3));
#528 = TRIMMED_CURVE('',#529,(#533,PARAMETER_VALUE(0.)),(#534,
    PARAMETER_VALUE(6.6)),.T.,.PARAMETER.);
#529 = LINE('',#530,#531);
#530 = CARTESIAN_POINT('',(-15.,-165.,237.3));
#531 = VECTOR('',#532,1.);
#532 = DIRECTION('',(0.,0.,-1.));
#533 = CARTESIAN_POINT('',(-15.,-165.,237.3));
#534 = CARTESIAN_POINT('',(-15.,-165.,230.7));
#535 = TRIMMED_CURVE('',#536,(#540,PARAMETER_VALUE(0.)),(#541,
    PARAMETER_VALUE(1.808693470523)),.T.,.PARAMETER.);
#536 = LINE('',#537,#538);
#537 = CARTESIAN_POINT('',(-15.,-165.,230.7));
#538 = VECTOR('',#539,1.);
#539 = DIRECTION('',(-6.651901052377E-02,0.,-0.997785157857));
#540 = CARTESIAN_POINT('',(-15.,-165.,230.7));
#541 = CARTESIAN_POINT('',(-15.1203125,-165.,228.8953125));
#542 = TRIMMED_CURVE('',#543,(#547,PARAMETER_VALUE(0.)),(#548,
    PARAMETER_VALUE(1.605168957715)),.T.,.PARAMETER.);
#543 = LINE('',#544,#545);
#544 = CARTESIAN_POINT('',(-15.1203125,-165.,228.8953125));
#545 = VECTOR('',#546,1.);
#546 = DIRECTION('',(-0.224859506699,0.,-0.974391195695));
#547 = CARTESIAN_POINT('',(-15.1203125,-165.,228.8953125));
#548 = CARTESIAN_POINT('',(-15.48125,-165.,227.33125));
#549 = TRIMMED_CURVE('',#550,(#554,PARAMETER_VALUE(0.)),(#555,
    PARAMETER_VALUE(1.453741468698)),.T.,.PARAMETER.);
#550 = LINE('',#551,#552);
#551 = CARTESIAN_POINT('',(-15.48125,-165.,227.33125));
#552 = VECTOR('',#553,1.);
#553 = DIRECTION('',(-0.413802944301,0.,-0.910366477463));
#554 = CARTESIAN_POINT('',(-15.48125,-165.,227.33125));
#555 = CARTESIAN_POINT('',(-16.0828125,-165.,226.0078125));
#556 = TRIMMED_CURVE('',#557,(#561,PARAMETER_VALUE(0.)),(#562,
    PARAMETER_VALUE(1.371773558322)),.T.,.PARAMETER.);
#557 = LINE('',#558,#559);
#558 = CARTESIAN_POINT('',(-16.0828125,-165.,226.0078125));
#559 = VECTOR('',#560,1.);
#560 = DIRECTION('',(-0.613940613515,0.,-0.789352217376));
#561 = CARTESIAN_POINT('',(-16.0828125,-165.,226.0078125));
#562 = CARTESIAN_POINT('',(-16.925,-165.,224.925));
#563 = TRIMMED_CURVE('',#564,(#568,PARAMETER_VALUE(0.)),(#569,
    PARAMETER_VALUE(1.371773558322)),.T.,.PARAMETER.);
#564 = LINE('',#565,#566);
#565 = CARTESIAN_POINT('',(-16.925,-165.,224.925));
#566 = VECTOR('',#567,1.);
#567 = DIRECTION('',(-0.789352217376,0.,-0.613940613515));
#568 = CARTESIAN_POINT('',(-16.925,-165.,224.925));
#569 = CARTESIAN_POINT('',(-18.0078125,-165.,224.0828125));
#570 = TRIMMED_CURVE('',#571,(#575,PARAMETER_VALUE(0.)),(#576,
    PARAMETER_VALUE(1.453741468698)),.T.,.PARAMETER.);
#571 = LINE('',#572,#573);
#572 = CARTESIAN_POINT('',(-18.0078125,-165.,224.0828125));
#573 = VECTOR('',#574,1.);
#574 = DIRECTION('',(-0.910366477463,0.,-0.413802944301));
#575 = CARTESIAN_POINT('',(-18.0078125,-165.,224.0828125));
#576 = CARTESIAN_POINT('',(-19.33125,-165.,223.48125));
#577 = TRIMMED_CURVE('',#578,(#582,PARAMETER_VALUE(0.)),(#583,
    PARAMETER_VALUE(1.605168957715)),.T.,.PARAMETER.);
#578 = LINE('',#579,#580);
#579 = CARTESIAN_POINT('',(-19.33125,-165.,223.48125));
#580 = VECTOR('',#581,1.);
#581 = DIRECTION('',(-0.974391195695,0.,-0.224859506699));
#582 = CARTESIAN_POINT('',(-19.33125,-165.,223.48125));
#583 = CARTESIAN_POINT('',(-20.8953125,-165.,223.1203125));
#584 = TRIMMED_CURVE('',#585,(#589,PARAMETER_VALUE(0.)),(#590,
    PARAMETER_VALUE(1.808693470523)),.T.,.PARAMETER.);
#585 = LINE('',#586,#587);
#586 = CARTESIAN_POINT('',(-20.8953125,-165.,223.1203125));
#587 = VECTOR('',#588,1.);
#588 = DIRECTION('',(-0.997785157857,0.,-6.651901052378E-02));
#589 = CARTESIAN_POINT('',(-20.8953125,-165.,223.1203125));
#590 = CARTESIAN_POINT('',(-22.7,-165.,223.));
#591 = TRIMMED_CURVE('',#592,(#596,PARAMETER_VALUE(0.)),(#597,
    PARAMETER_VALUE(244.6)),.T.,.PARAMETER.);
#592 = LINE('',#593,#594);
#593 = CARTESIAN_POINT('',(-22.7,-165.,223.));
#594 = VECTOR('',#595,1.);
#595 = DIRECTION('',(-1.,0.,0.));
#596 = CARTESIAN_POINT('',(-22.7,-165.,223.));
#597 = CARTESIAN_POINT('',(-267.3,-165.,223.));
#598 = TRIMMED_CURVE('',#599,(#603,PARAMETER_VALUE(0.)),(#604,
    PARAMETER_VALUE(1.808693470523)),.T.,.PARAMETER.);
#599 = LINE('',#600,#601);
#600 = CARTESIAN_POINT('',(-267.3,-165.,223.));
#601 = VECTOR('',#602,1.);
#602 = DIRECTION('',(-0.997785157857,0.,-6.651901052378E-02));
#603 = CARTESIAN_POINT('',(-267.3,-165.,223.));
#604 = CARTESIAN_POINT('',(-269.1046875,-165.,222.8796875));
#605 = TRIMMED_CURVE('',#606,(#610,PARAMETER_VALUE(0.)),(#611,
    PARAMETER_VALUE(1.605168957715)),.T.,.PARAMETER.);
#606 = LINE('',#607,#608);
#607 = CARTESIAN_POINT('',(-269.1046875,-165.,222.8796875));
#608 = VECTOR('',#609,1.);
#609 = DIRECTION('',(-0.974391195695,0.,-0.224859506699));
#610 = CARTESIAN_POINT('',(-269.1046875,-165.,222.8796875));
#611 = CARTESIAN_POINT('',(-270.66875,-165.,222.51875));
#612 = TRIMMED_CURVE('',#613,(#617,PARAMETER_VALUE(0.)),(#618,
    PARAMETER_VALUE(1.453741468698)),.T.,.PARAMETER.);
#613 = LINE('',#614,#615);
#614 = CARTESIAN_POINT('',(-270.66875,-165.,222.51875));
#615 = VECTOR('',#616,1.);
#616 = DIRECTION('',(-0.910366477463,0.,-0.413802944301));
#617 = CARTESIAN_POINT('',(-270.66875,-165.,222.51875));
#618 = CARTESIAN_POINT('',(-271.9921875,-165.,221.9171875));
#619 = TRIMMED_CURVE('',#620,(#624,PARAMETER_VALUE(0.)),(#625,
    PARAMETER_VALUE(1.371773558322)),.T.,.PARAMETER.);
#620 = LINE('',#621,#622);
#621 = CARTESIAN_POINT('',(-271.9921875,-165.,221.9171875));
#622 = VECTOR('',#623,1.);
#623 = DIRECTION('',(-0.789352217376,0.,-0.613940613515));
#624 = CARTESIAN_POINT('',(-271.9921875,-165.,221.9171875));
#625 = CARTESIAN_POINT('',(-273.075,-165.,221.075));
#626 = TRIMMED_CURVE('',#627,(#631,PARAMETER_VALUE(0.)),(#632,
    PARAMETER_VALUE(1.371773558322)),.T.,.PARAMETER.);
#627 = LINE('',#628,#629);
#628 = CARTESIAN_POINT('',(-273.075,-165.,221.075));
#629 = VECTOR('',#630,1.);
#630 = DIRECTION('',(-0.613940613515,0.,-0.789352217376));
#631 = CARTESIAN_POINT('',(-273.075,-165.,221.075));
#632 = CARTESIAN_POINT('',(-273.9171875,-165.,219.9921875));
#633 = TRIMMED_CURVE('',#634,(#638,PARAMETER_VALUE(0.)),(#639,
    PARAMETER_VALUE(1.453741468698)),.T.,.PARAMETER.);
#634 = LINE('',#635,#636);
#635 = CARTESIAN_POINT('',(-273.9171875,-165.,219.9921875));
#636 = VECTOR('',#637,1.);
#637 = DIRECTION('',(-0.413802944301,0.,-0.910366477463));
#638 = CARTESIAN_POINT('',(-273.9171875,-165.,219.9921875));
#639 = CARTESIAN_POINT('',(-274.51875,-165.,218.66875));
#640 = TRIMMED_CURVE('',#641,(#645,PARAMETER_VALUE(0.)),(#646,
    PARAMETER_VALUE(1.605168957715)),.T.,.PARAMETER.);
#641 = LINE('',#642,#643);
#642 = CARTESIAN_POINT('',(-274.51875,-165.,218.66875));
#643 = VECTOR('',#644,1.);
#644 = DIRECTION('',(-0.224859506699,0.,-0.974391195695));
#645 = CARTESIAN_POINT('',(-274.51875,-165.,218.66875));
#646 = CARTESIAN_POINT('',(-274.8796875,-165.,217.1046875));
#647 = TRIMMED_CURVE('',#648,(#652,PARAMETER_VALUE(0.)),(#653,
    PARAMETER_VALUE(1.808693470523)),.T.,.PARAMETER.);
#648 = LINE('',#649,#650);
#649 = CARTESIAN_POINT('',(-274.8796875,-165.,217.1046875));
#650 = VECTOR('',#651,1.);
#651 = DIRECTION('',(-6.651901052378E-02,0.,-0.997785157857));
#652 = CARTESIAN_POINT('',(-274.8796875,-165.,217.1046875));
#653 = CARTESIAN_POINT('',(-275.,-165.,215.3));
#654 = TRIMMED_CURVE('',#655,(#659,PARAMETER_VALUE(0.)),(#660,
    PARAMETER_VALUE(6.6)),.T.,.PARAMETER.);
#655 = LINE('',#656,#657);
#656 = CARTESIAN_POINT('',(-275.,-165.,215.3));
#657 = VECTOR('',#658,1.);
#658 = DIRECTION('',(0.,0.,-1.));
#659 = CARTESIAN_POINT('',(-275.,-165.,215.3));
#660 = CARTESIAN_POINT('',(-275.,-165.,208.7));
#661 = TRIMMED_CURVE('',#662,(#666,PARAMETER_VALUE(0.)),(#667,
    PARAMETER_VALUE(1.808693470523)),.T.,.PARAMETER.);
#662 = LINE('',#663,#664);
#663 = CARTESIAN_POINT('',(-275.,-165.,208.7));
#664 = VECTOR('',#665,1.);
#665 = DIRECTION('',(6.651901052378E-02,0.,-0.997785157857));
#666 = CARTESIAN_POINT('',(-275.,-165.,208.7));
#667 = CARTESIAN_POINT('',(-274.8796875,-165.,206.8953125));
#668 = TRIMMED_CURVE('',#669,(#673,PARAMETER_VALUE(0.)),(#674,
    PARAMETER_VALUE(1.605168957715)),.T.,.PARAMETER.);
#669 = LINE('',#670,#671);
#670 = CARTESIAN_POINT('',(-274.8796875,-165.,206.8953125));
#671 = VECTOR('',#672,1.);
#672 = DIRECTION('',(0.224859506699,0.,-0.974391195695));
#673 = CARTESIAN_POINT('',(-274.8796875,-165.,206.8953125));
#674 = CARTESIAN_POINT('',(-274.51875,-165.,205.33125));
#675 = TRIMMED_CURVE('',#676,(#680,PARAMETER_VALUE(0.)),(#681,
    PARAMETER_VALUE(1.453741468698)),.T.,.PARAMETER.);
#676 = LINE('',#677,#678);
#677 = CARTESIAN_POINT('',(-274.51875,-165.,205.33125));
#678 = VECTOR('',#679,1.);
#679 = DIRECTION('',(0.413802944301,0.,-0.910366477463));
#680 = CARTESIAN_POINT('',(-274.51875,-165.,205.33125));
#681 = CARTESIAN_POINT('',(-273.9171875,-165.,204.0078125));
#682 = TRIMMED_CURVE('',#683,(#687,PARAMETER_VALUE(0.)),(#688,
    PARAMETER_VALUE(1.371773558322)),.T.,.PARAMETER.);
#683 = LINE('',#684,#685);
#684 = CARTESIAN_POINT('',(-273.9171875,-165.,204.0078125));
#685 = VECTOR('',#686,1.);
#686 = DIRECTION('',(0.613940613515,0.,-0.789352217376));
#687 = CARTESIAN_POINT('',(-273.9171875,-165.,204.0078125));
#688 = CARTESIAN_POINT('',(-273.075,-165.,202.925));
#689 = TRIMMED_CURVE('',#690,(#694,PARAMETER_VALUE(0.)),(#695,
    PARAMETER_VALUE(1.371773558322)),.T.,.PARAMETER.);
#690 = LINE('',#691,#692);
#691 = CARTESIAN_POINT('',(-273.075,-165.,202.925));
#692 = VECTOR('',#693,1.);
#693 = DIRECTION('',(0.789352217376,0.,-0.613940613515));
#694 = CARTESIAN_POINT('',(-273.075,-165.,202.925));
#695 = CARTESIAN_POINT('',(-271.9921875,-165.,202.0828125));
#696 = TRIMMED_CURVE('',#697,(#701,PARAMETER_VALUE(0.)),(#702,
    PARAMETER_VALUE(1.453741468698)),.T.,.PARAMETER.);
#697 = LINE('',#698,#699);
#698 = CARTESIAN_POINT('',(-271.9921875,-165.,202.0828125));
#699 = VECTOR('',#700,1.);
#700 = DIRECTION('',(0.910366477463,0.,-0.413802944301));
#701 = CARTESIAN_POINT('',(-271.9921875,-165.,202.0828125));
#702 = CARTESIAN_POINT('',(-270.66875,-165.,201.48125));
#703 = TRIMMED_CURVE('',#704,(#708,PARAMETER_VALUE(0.)),(#709,
    PARAMETER_VALUE(1.605168957715)),.T.,.PARAMETER.);
#704 = LINE('',#705,#706);
#705 = CARTESIAN_POINT('',(-270.66875,-165.,201.48125));
#706 = VECTOR('',#707,1.);
#707 = DIRECTION('',(0.974391195695,0.,-0.224859506699));
#708 = CARTESIAN_POINT('',(-270.66875,-165.,201.48125));
#709 = CARTESIAN_POINT('',(-269.1046875,-165.,201.1203125));
#710 = TRIMMED_CURVE('',#711,(#715,PARAMETER_VALUE(0.)),(#716,
    PARAMETER_VALUE(1.808693470523)),.T.,.PARAMETER.);
#711 = LINE('',#712,#713);
#712 = CARTESIAN_POINT('',(-269.1046875,-165.,201.1203125));
#713 = VECTOR('',#714,1.);
#714 = DIRECTION('',(0.997785157857,0.,-6.651901052378E-02));
#715 = CARTESIAN_POINT('',(-269.1046875,-165.,201.1203125));
#716 = CARTESIAN_POINT('',(-267.3,-165.,201.));
#717 = TRIMMED_CURVE('',#718,(#722,PARAMETER_VALUE(0.)),(#723,
    PARAMETER_VALUE(244.6)),.T.,.PARAMETER.);
#718 = LINE('',#719,#720);
#719 = CARTESIAN_POINT('',(-267.3,-165.,201.));
#720 = VECTOR('',#721,1.);
#721 = DIRECTION('',(1.,0.,0.));
#722 = CARTESIAN_POINT('',(-267.3,-165.,201.));
#723 = CARTESIAN_POINT('',(-22.7,-165.,201.));
#724 = TRIMMED_CURVE('',#725,(#729,PARAMETER_VALUE(0.)),(#730,
    PARAMETER_VALUE(1.808693470523)),.T.,.PARAMETER.);
#725 = LINE('',#726,#727);
#726 = CARTESIAN_POINT('',(-22.7,-165.,201.));
#727 = VECTOR('',#728,1.);
#728 = DIRECTION('',(0.997785157857,0.,-6.651901052378E-02));
#729 = CARTESIAN_POINT('',(-22.7,-165.,201.));
#730 = CARTESIAN_POINT('',(-20.8953125,-165.,200.8796875));
#731 = TRIMMED_CURVE('',#732,(#736,PARAMETER_VALUE(0.)),(#737,
    PARAMETER_VALUE(1.605168957715)),.T.,.PARAMETER.);
#732 = LINE('',#733,#734);
#733 = CARTESIAN_POINT('',(-20.8953125,-165.,200.8796875));
#734 = VECTOR('',#735,1.);
#735 = DIRECTION('',(0.974391195695,0.,-0.224859506699));
#736 = CARTESIAN_POINT('',(-20.8953125,-165.,200.8796875));
#737 = CARTESIAN_POINT('',(-19.33125,-165.,200.51875));
#738 = TRIMMED_CURVE('',#739,(#743,PARAMETER_VALUE(0.)),(#744,
    PARAMETER_VALUE(1.453741468698)),.T.,.PARAMETER.);
#739 = LINE('',#740,#741);
#740 = CARTESIAN_POINT('',(-19.33125,-165.,200.51875));
#741 = VECTOR('',#742,1.);
#742 = DIRECTION('',(0.910366477463,0.,-0.413802944301));
#743 = CARTESIAN_POINT('',(-19.33125,-165.,200.51875));
#744 = CARTESIAN_POINT('',(-18.0078125,-165.,199.9171875));
#745 = TRIMMED_CURVE('',#746,(#750,PARAMETER_VALUE(0.)),(#751,
    PARAMETER_VALUE(1.371773558322)),.T.,.PARAMETER.);
#746 = LINE('',#747,#748);
#747 = CARTESIAN_POINT('',(-18.0078125,-165.,199.9171875));
#748 = VECTOR('',#749,1.);
#749 = DIRECTION('',(0.789352217376,0.,-0.613940613515));
#750 = CARTESIAN_POINT('',(-18.0078125,-165.,199.9171875));
#751 = CARTESIAN_POINT('',(-16.925,-165.,199.075));
#752 = TRIMMED_CURVE('',#753,(#757,PARAMETER_VALUE(0.)),(#758,
    PARAMETER_VALUE(1.371773558322)),.T.,.PARAMETER.);
#753 = LINE('',#754,#755);
#754 = CARTESIAN_POINT('',(-16.925,-165.,199.075));
#755 = VECTOR('',#756,1.);
#756 = DIRECTION('',(0.613940613515,0.,-0.789352217376));
#757 = CARTESIAN_POINT('',(-16.925,-165.,199.075));
#758 = CARTESIAN_POINT('',(-16.0828125,-165.,197.9921875));
#759 = TRIMMED_CURVE('',#760,(#764,PARAMETER_VALUE(0.)),(#765,
    PARAMETER_VALUE(1.453741468698)),.T.,.PARAMETER.);
#760 = LINE('',#761,#762);
#761 = CARTESIAN_POINT('',(-16.0828125,-165.,197.9921875));
#762 = VECTOR('',#763,1.);
#763 = DIRECTION('',(0.413802944301,0.,-0.910366477463));
#764 = CARTESIAN_POINT('',(-16.0828125,-165.,197.9921875));
#765 = CARTESIAN_POINT('',(-15.48125,-165.,196.66875));
#766 = TRIMMED_CURVE('',#767,(#771,PARAMETER_VALUE(0.)),(#772,
    PARAMETER_VALUE(1.605168957715)),.T.,.PARAMETER.);
#767 = LINE('',#768,#769);
#768 = CARTESIAN_POINT('',(-15.48125,-165.,196.66875));
#769 = VECTOR('',#770,1.);
#770 = DIRECTION('',(0.224859506699,0.,-0.974391195695));
#771 = CARTESIAN_POINT('',(-15.48125,-165.,196.66875));
#772 = CARTESIAN_POINT('',(-15.1203125,-165.,195.1046875));
#773 = TRIMMED_CURVE('',#774,(#778,PARAMETER_VALUE(0.)),(#779,
    PARAMETER_VALUE(1.808693470523)),.T.,.PARAMETER.);
#774 = LINE('',#775,#776);
#775 = CARTESIAN_POINT('',(-15.1203125,-165.,195.1046875));
#776 = VECTOR('',#777,1.);
#777 = DIRECTION('',(6.651901052377E-02,0.,-0.997785157857));
#778 = CARTESIAN_POINT('',(-15.1203125,-165.,195.1046875));
#779 = CARTESIAN_POINT('',(-15.,-165.,193.3));
#780 = TRIMMED_CURVE('',#781,(#785,PARAMETER_VALUE(0.)),(#786,
    PARAMETER_VALUE(6.6)),.T.,.PARAMETER.);
#781 = LINE('',#782,#783);
#782 = CARTESIAN_POINT('',(-15.,-165.,193.3));
#783 = VECTOR('',#784,1.);
#784 = DIRECTION('',(0.,0.,-1.));
#785 = CARTESIAN_POINT('',(-15.,-165.,193.3));
#786 = CARTESIAN_POINT('',(-15.,-165.,186.7));
#787 = TRIMMED_CURVE('',#788,(#792,PARAMETER_VALUE(0.)),(#793,
    PARAMETER_VALUE(1.808693470523)),.T.,.PARAMETER.);
#788 = LINE('',#789,#790);
#789 = CARTESIAN_POINT('',(-15.,-165.,186.7));
#790 = VECTOR('',#791,1.);
#791 = DIRECTION('',(-6.651901052377E-02,0.,-0.997785157857));
#792 = CARTESIAN_POINT('',(-15.,-165.,186.7));
#793 = CARTESIAN_POINT('',(-15.1203125,-165.,184.8953125));
#794 = TRIMMED_CURVE('',#795,(#799,PARAMETER_VALUE(0.)),(#800,
    PARAMETER_VALUE(1.605168957715)),.T.,.PARAMETER.);
#795 = LINE('',#796,#797);
#796 = CARTESIAN_POINT('',(-15.1203125,-165.,184.8953125));
#797 = VECTOR('',#798,1.);
#798 = DIRECTION('',(-0.224859506699,0.,-0.974391195695));
#799 = CARTESIAN_POINT('',(-15.1203125,-165.,184.8953125));
#800 = CARTESIAN_POINT('',(-15.48125,-165.,183.33125));
#801 = TRIMMED_CURVE('',#802,(#806,PARAMETER_VALUE(0.)),(#807,
    PARAMETER_VALUE(1.453741468698)),.T.,.PARAMETER.);
#802 = LINE('',#803,#804);
#803 = CARTESIAN_POINT('',(-15.48125,-165.,183.33125));
#804 = VECTOR('',#805,1.);
#805 = DIRECTION('',(-0.413802944301,0.,-0.910366477463));
#806 = CARTESIAN_POINT('',(-15.48125,-165.,183.33125));
#807 = CARTESIAN_POINT('',(-16.0828125,-165.,182.0078125));
#808 = TRIMMED_CURVE('',#809,(#813,PARAMETER_VALUE(0.)),(#814,
    PARAMETER_VALUE(1.371773558322)),.T.,.PARAMETER.);
#809 = LINE('',#810,#811);
#810 = CARTESIAN_POINT('',(-16.0828125,-165.,182.0078125));
#811 = VECTOR('',#812,1.);
#812 = DIRECTION('',(-0.613940613515,0.,-0.789352217376));
#813 = CARTESIAN_POINT('',(-16.0828125,-165.,182.0078125));
#814 = CARTESIAN_POINT('',(-16.925,-165.,180.925));
#815 = TRIMMED_CURVE('',#816,(#820,PARAMETER_VALUE(0.)),(#821,
    PARAMETER_VALUE(1.371773558322)),.T.,.PARAMETER.);
#816 = LINE('',#817,#818);
#817 = CARTESIAN_POINT('',(-16.925,-165.,180.925));
#818 = VECTOR('',#819,1.);
#819 = DIRECTION('',(-0.789352217376,0.,-0.613940613515));
#820 = CARTESIAN_POINT('',(-16.925,-165.,180.925));
#821 = CARTESIAN_POINT('',(-18.0078125,-165.,180.0828125));
#822 = TRIMMED_CURVE('',#823,(#827,PARAMETER_VALUE(0.)),(#828,
    PARAMETER_VALUE(1.453741468698)),.T.,.PARAMETER.);
#823 = LINE('',#824,#825);
#824 = CARTESIAN_POINT('',(-18.0078125,-165.,180.0828125));
#825 = VECTOR('',#826,1.);
#826 = DIRECTION('',(-0.910366477463,0.,-0.413802944301));
#827 = CARTESIAN_POINT('',(-18.0078125,-165.,180.0828125));
#828 = CARTESIAN_POINT('',(-19.33125,-165.,179.48125));
#829 = TRIMMED_CURVE('',#830,(#834,PARAMETER_VALUE(0.)),(#835,
    PARAMETER_VALUE(1.605168957715)),.T.,.PARAMETER.);
#830 = LINE('',#831,#832);
#831 = CARTESIAN_POINT('',(-19.33125,-165.,179.48125));
#832 = VECTOR('',#833,1.);
#833 = DIRECTION('',(-0.974391195695,0.,-0.224859506699));
#834 = CARTESIAN_POINT('',(-19.33125,-165.,179.48125));
#835 = CARTESIAN_POINT('',(-20.8953125,-165.,179.1203125));
#836 = TRIMMED_CURVE('',#837,(#841,PARAMETER_VALUE(0.)),(#842,
    PARAMETER_VALUE(1.808693470523)),.T.,.PARAMETER.);
#837 = LINE('',#838,#839);
#838 = CARTESIAN_POINT('',(-20.8953125,-165.,179.1203125));
#839 = VECTOR('',#840,1.);
#840 = DIRECTION('',(-0.997785157857,0.,-6.651901052378E-02));
#841 = CARTESIAN_POINT('',(-20.8953125,-165.,179.1203125));
#842 = CARTESIAN_POINT('',(-22.7,-165.,179.));
#843 = TRIMMED_CURVE('',#844,(#848,PARAMETER_VALUE(0.)),(#849,
    PARAMETER_VALUE(244.6)),.T.,.PARAMETER.);
#844 = LINE('',#845,#846);
#845 = CARTESIAN_POINT('',(-22.7,-165.,179.));
#846 = VECTOR('',#847,1.);
#847 = DIRECTION('',(-1.,0.,0.));
#848 = CARTESIAN_POINT('',(-22.7,-165.,179.));
#849 = CARTESIAN_POINT('',(-267.3,-165.,179.));
#850 = TRIMMED_CURVE('',#851,(#855,PARAMETER_VALUE(0.)),(#856,
    PARAMETER_VALUE(1.808693470523)),.T.,.PARAMETER.);
#851 = LINE('',#852,#853);
#852 = CARTESIAN_POINT('',(-267.3,-165.,179.));
#853 = VECTOR('',#854,1.);
#854 = DIRECTION('',(-0.997785157857,0.,-6.651901052378E-02));
#855 = CARTESIAN_POINT('',(-267.3,-165.,179.));
#856 = CARTESIAN_POINT('',(-269.1046875,-165.,178.8796875));
#857 = TRIMMED_CURVE('',#858,(#862,PARAMETER_VALUE(0.)),(#863,
    PARAMETER_VALUE(1.605168957715)),.T.,.PARAMETER.);
#858 = LINE('',#859,#860);
#859 = CARTESIAN_POINT('',(-269.1046875,-165.,178.8796875));
#860 = VECTOR('',#861,1.);
#861 = DIRECTION('',(-0.974391195695,0.,-0.224859506699));
#862 = CARTESIAN_POINT('',(-269.1046875,-165.,178.8796875));
#863 = CARTESIAN_POINT('',(-270.66875,-165.,178.51875));
#864 = TRIMMED_CURVE('',#865,(#869,PARAMETER_VALUE(0.)),(#870,
    PARAMETER_VALUE(1.453741468698)),.T.,.PARAMETER.);
#865 = LINE('',#866,#867);
#866 = CARTESIAN_POINT('',(-270.66875,-165.,178.51875));
#867 = VECTOR('',#868,1.);
#868 = DIRECTION('',(-0.910366477463,0.,-0.413802944301));
#869 = CARTESIAN_POINT('',(-270.66875,-165.,178.51875));
#870 = CARTESIAN_POINT('',(-271.9921875,-165.,177.9171875));
#871 = TRIMMED_CURVE('',#872,(#876,PARAMETER_VALUE(0.)),(#877,
    PARAMETER_VALUE(1.371773558322)),.T.,.PARAMETER.);
#872 = LINE('',#873,#874);
#873 = CARTESIAN_POINT('',(-271.9921875,-165.,177.9171875));
#874 = VECTOR('',#875,1.);
#875 = DIRECTION('',(-0.789352217376,0.,-0.613940613515));
#876 = CARTESIAN_POINT('',(-271.9921875,-165.,177.9171875));
#877 = CARTESIAN_POINT('',(-273.075,-165.,177.075));
#878 = TRIMMED_CURVE('',#879,(#883,PARAMETER_VALUE(0.)),(#884,
    PARAMETER_VALUE(1.371773558322)),.T.,.PARAMETER.);
#879 = LINE('',#880,#881);
#880 = CARTESIAN_POINT('',(-273.075,-165.,177.075));
#881 = VECTOR('',#882,1.);
#882 = DIRECTION('',(-0.613940613515,0.,-0.789352217376));
#883 = CARTESIAN_POINT('',(-273.075,-165.,177.075));
#884 = CARTESIAN_POINT('',(-273.9171875,-165.,175.9921875));
#885 = TRIMMED_CURVE('',#886,(#890,PARAMETER_VALUE(0.)),(#891,
    PARAMETER_VALUE(1.453741468698)),.T.,.PARAMETER.);
#886 = LINE('',#887,#888);
#887 = CARTESIAN_POINT('',(-273.9171875,-165.,175.9921875));
#888 = VECTOR('',#889,1.);
#889 = DIRECTION('',(-0.413802944301,0.,-0.910366477463));
#890 = CARTESIAN_POINT('',(-273.9171875,-165.,175.9921875));
#891 = CARTESIAN_POINT('',(-274.51875,-165.,174.66875));
#892 = TRIMMED_CURVE('',#893,(#897,PARAMETER_VALUE(0.)),(#898,
    PARAMETER_VALUE(1.605168957715)),.T.,.PARAMETER.);
#893 = LINE('',#894,#895);
#894 = CARTESIAN_POINT('',(-274.51875,-165.,174.66875));
#895 = VECTOR('',#896,1.);
#896 = DIRECTION('',(-0.224859506699,0.,-0.974391195695));
#897 = CARTESIAN_POINT('',(-274.51875,-165.,174.66875));
#898 = CARTESIAN_POINT('',(-274.8796875,-165.,173.1046875));
#899 = TRIMMED_CURVE('',#900,(#904,PARAMETER_VALUE(0.)),(#905,
    PARAMETER_VALUE(1.808693470523)),.T.,.PARAMETER.);
#900 = LINE('',#901,#902);
#901 = CARTESIAN_POINT('',(-274.8796875,-165.,173.1046875));
#902 = VECTOR('',#903,1.);
#903 = DIRECTION('',(-6.651901052378E-02,0.,-0.997785157857));
#904 = CARTESIAN_POINT('',(-274.8796875,-165.,173.1046875));
#905 = CARTESIAN_POINT('',(-275.,-165.,171.3));
#906 = TRIMMED_CURVE('',#907,(#911,PARAMETER_VALUE(0.)),(#912,
    PARAMETER_VALUE(6.6)),.T.,.PARAMETER.);
#907 = LINE('',#908,#909);
#908 = CARTESIAN_POINT('',(-275.,-165.,171.3));
#909 = VECTOR('',#910,1.);
#910 = DIRECTION('',(0.,0.,-1.));
#911 = CARTESIAN_POINT('',(-275.,-165.,171.3));
#912 = CARTESIAN_POINT('',(-275.,-165.,164.7));
#913 = TRIMMED_CURVE('',#914,(#918,PARAMETER_VALUE(0.)),(#919,
    PARAMETER_VALUE(1.808693470523)),.T.,.PARAMETER.);
#914 = LINE('',#915,#916);
#915 = CARTESIAN_POINT('',(-275.,-165.,164.7));
#916 = VECTOR('',#917,1.);
#917 = DIRECTION('',(6.651901052378E-02,0.,-0.997785157857));
#918 = CARTESIAN_POINT('',(-275.,-165.,164.7));
#919 = CARTESIAN_POINT('',(-274.8796875,-165.,162.8953125));
#920 = TRIMMED_CURVE('',#921,(#925,PARAMETER_VALUE(0.)),(#926,
    PARAMETER_VALUE(1.605168957715)),.T.,.PARAMETER.);
#921 = LINE('',#922,#923);
#922 = CARTESIAN_POINT('',(-274.8796875,-165.,162.8953125));
#923 = VECTOR('',#924,1.);
#924 = DIRECTION('',(0.224859506699,0.,-0.974391195695));
#925 = CARTESIAN_POINT('',(-274.8796875,-165.,162.8953125));
#926 = CARTESIAN_POINT('',(-274.51875,-165.,161.33125));
#927 = TRIMMED_CURVE('',#928,(#932,PARAMETER_VALUE(0.)),(#933,
    PARAMETER_VALUE(1.453741468698)),.T.,.PARAMETER.);
#928 = LINE('',#929,#930);
#929 = CARTESIAN_POINT('',(-274.51875,-165.,161.33125));
#930 = VECTOR('',#931,1.);
#931 = DIRECTION('',(0.413802944301,0.,-0.910366477463));
#932 = CARTESIAN_POINT('',(-274.51875,-165.,161.33125));
#933 = CARTESIAN_POINT('',(-273.9171875,-165.,160.0078125));
#934 = TRIMMED_CURVE('',#935,(#939,PARAMETER_VALUE(0.)),(#940,
    PARAMETER_VALUE(1.371773558322)),.T.,.PARAMETER.);
#935 = LINE('',#936,#937);
#936 = CARTESIAN_POINT('',(-273.9171875,-165.,160.0078125));
#937 = VECTOR('',#938,1.);
#938 = DIRECTION('',(0.613940613515,0.,-0.789352217376));
#939 = CARTESIAN_POINT('',(-273.9171875,-165.,160.0078125));
#940 = CARTESIAN_POINT('',(-273.075,-165.,158.925));
#941 = TRIMMED_CURVE('',#942,(#946,PARAMETER_VALUE(0.)),(#947,
    PARAMETER_VALUE(1.371773558322)),.T.,.PARAMETER.);
#942 = LINE('',#943,#944);
#943 = CARTESIAN_POINT('',(-273.075,-165.,158.925));
#944 = VECTOR('',#945,1.);
#945 = DIRECTION('',(0.789352217376,0.,-0.613940613515));
#946 = CARTESIAN_POINT('',(-273.075,-165.,158.925));
#947 = CARTESIAN_POINT('',(-271.9921875,-165.,158.0828125));
#948 = TRIMMED_CURVE('',#949,(#953,PARAMETER_VALUE(0.)),(#954,
    PARAMETER_VALUE(1.453741468698)),.T.,.PARAMETER.);
#949 = LINE('',#950,#951);
#950 = CARTESIAN_POINT('',(-271.9921875,-165.,158.0828125));
#951 = VECTOR('',#952,1.);
#952 = DIRECTION('',(0.910366477463,0.,-0.413802944301));
#953 = CARTESIAN_POINT('',(-271.9921875,-165.,158.0828125));
#954 = CARTESIAN_POINT('',(-270.66875,-165.,157.48125));
#955 = TRIMMED_CURVE('',#956,(#960,PARAMETER_VALUE(0.)),(#961,
    PARAMETER_VALUE(1.605168957715)),.T.,.PARAMETER.);
#956 = LINE('',#957,#958);
#957 = CARTESIAN_POINT('',(-270.66875,-165.,157.48125));
#958 = VECTOR('',#959,1.);
#959 = DIRECTION('',(0.974391195695,0.,-0.224859506699));
#960 = CARTESIAN_POINT('',(-270.66875,-165.,157.48125));
#961 = CARTESIAN_POINT('',(-269.1046875,-165.,157.1203125));
#962 = TRIMMED_CURVE('',#963,(#967,PARAMETER_VALUE(0.)),(#968,
    PARAMETER_VALUE(1.808693470523)),.T.,.PARAMETER.);
#963 = LINE('',#964,#965);
#964 = CARTESIAN_POINT('',(-269.1046875,-165.,157.1203125));
#965 = VECTOR('',#966,1.);
#966 = DIRECTION('',(0.997785157857,0.,-6.651901052378E-02));
#967 = CARTESIAN_POINT('',(-269.1046875,-165.,157.1203125));
#968 = CARTESIAN_POINT('',(-267.3,-165.,157.));
#969 = TRIMMED_CURVE('',#970,(#974,PARAMETER_VALUE(0.)),(#975,
    PARAMETER_VALUE(244.6)),.T.,.PARAMETER.);
#970 = LINE('',#971,#972);
#971 = CARTESIAN_POINT('',(-267.3,-165.,157.));
#972 = VECTOR('',#973,1.);
#973 = DIRECTION('',(1.,0.,0.));
#974 = CARTESIAN_POINT('',(-267.3,-165.,157.));
#975 = CARTESIAN_POINT('',(-22.7,-165.,157.));
#976 = TRIMMED_CURVE('',#977,(#981,PARAMETER_VALUE(0.)),(#982,
    PARAMETER_VALUE(1.808693470523)),.T.,.PARAMETER.);
#977 = LINE('',#978,#979);
#978 = CARTESIAN_POINT('',(-22.7,-165.,157.));
#979 = VECTOR('',#980,1.);
#980 = DIRECTION('',(0.997785157857,0.,-6.651901052378E-02));
#981 = CARTESIAN_POINT('',(-22.7,-165.,157.));
#982 = CARTESIAN_POINT('',(-20.8953125,-165.,156.8796875));
#983 = TRIMMED_CURVE('',#984,(#988,PARAMETER_VALUE(0.)),(#989,
    PARAMETER_VALUE(1.605168957715)),.T.,.PARAMETER.);
#984 = LINE('',#985,#986);
#985 = CARTESIAN_POINT('',(-20.8953125,-165.,156.8796875));
#986 = VECTOR('',#987,1.);
#987 = DIRECTION('',(0.974391195695,0.,-0.224859506699));
#988 = CARTESIAN_POINT('',(-20.8953125,-165.,156.8796875));
#989 = CARTESIAN_POINT('',(-19.33125,-165.,156.51875));
#990 = TRIMMED_CURVE('',#991,(#995,PARAMETER_VALUE(0.)),(#996,
    PARAMETER_VALUE(1.453741468698)),.T.,.PARAMETER.);
#991 = LINE('',#992,#993);
#992 = CARTESIAN_POINT('',(-19.33125,-165.,156.51875));
#993 = VECTOR('',#994,1.);
#994 = DIRECTION('',(0.910366477463,0.,-0.413802944301));
#995 = CARTESIAN_POINT('',(-19.33125,-165.,156.51875));
#996 = CARTESIAN_POINT('',(-18.0078125,-165.,155.9171875));
#997 = TRIMMED_CURVE('',#998,(#1002,PARAMETER_VALUE(0.)),(#1003,
    PARAMETER_VALUE(1.371773558322)),.T.,.PARAMETER.);
#998 = LINE('',#999,#1000);
#999 = CARTESIAN_POINT('',(-18.0078125,-165.,155.9171875));
#1000 = VECTOR('',#1001,1.);
#1001 = DIRECTION('',(0.789352217376,0.,-0.613940613515));
#1002 = CARTESIAN_POINT('',(-18.0078125,-165.,155.9171875));
#1003 = CARTESIAN_POINT('',(-16.925,-165.,155.075));
#1004 = TRIMMED_CURVE('',#1005,(#1009,PARAMETER_VALUE(0.)),(#1010,
    PARAMETER_VALUE(1.371773558322)),.T.,.PARAMETER.);
#1005 = LINE('',#1006,#1007);
#1006 = CARTESIAN_POINT('',(-16.925,-165.,155.075));
#1007 = VECTOR('',#1008,1.);
#1008 = DIRECTION('',(0.613940613515,0.,-0.789352217376));
#1009 = CARTESIAN_POINT('',(-16.925,-165.,155.075));
#1010 = CARTESIAN_POINT('',(-16.0828125,-165.,153.9921875));
#1011 = TRIMMED_CURVE('',#1012,(#1016,PARAMETER_VALUE(0.)),(#1017,
    PARAMETER_VALUE(1.453741468698)),.T.,.PARAMETER.);
#1012 = LINE('',#1013,#1014);
#1013 = CARTESIAN_POINT('',(-16.0828125,-165.,153.9921875));
#1014 = VECTOR('',#1015,1.);
#1015 = DIRECTION('',(0.413802944301,0.,-0.910366477463));
#1016 = CARTESIAN_POINT('',(-16.0828125,-165.,153.9921875));
#1017 = CARTESIAN_POINT('',(-15.48125,-165.,152.66875));
#1018 = TRIMMED_CURVE('',#1019,(#1023,PARAMETER_VALUE(0.)),(#1024,
    PARAMETER_VALUE(1.605168957715)),.T.,.PARAMETER.);
#1019 = LINE('',#1020,#1021);
#1020 = CARTESIAN_POINT('',(-15.48125,-165.,152.66875));
#1021 = VECTOR('',#1022,1.);
#1022 = DIRECTION('',(0.224859506699,0.,-0.974391195695));
#1023 = CARTESIAN_POINT('',(-15.48125,-165.,152.66875));
#1024 = CARTESIAN_POINT('',(-15.1203125,-165.,151.1046875));
#1025 = TRIMMED_CURVE('',#1026,(#1030,PARAMETER_VALUE(0.)),(#1031,
    PARAMETER_VALUE(1.808693470523)),.T.,.PARAMETER.);
#1026 = LINE('',#1027,#1028);
#1027 = CARTESIAN_POINT('',(-15.1203125,-165.,151.1046875));
#1028 = VECTOR('',#1029,1.);
#1029 = DIRECTION('',(6.651901052377E-02,0.,-0.997785157857));
#1030 = CARTESIAN_POINT('',(-15.1203125,-165.,151.1046875));
#1031 = CARTESIAN_POINT('',(-15.,-165.,149.3));
#1032 = TRIMMED_CURVE('',#1033,(#1037,PARAMETER_VALUE(0.)),(#1038,
    PARAMETER_VALUE(6.6)),.T.,.PARAMETER.);
#1033 = LINE('',#1034,#1035);
#1034 = CARTESIAN_POINT('',(-15.,-165.,149.3));
#1035 = VECTOR('',#1036,1.);
#1036 = DIRECTION('',(0.,0.,-1.));
#1037 = CARTESIAN_POINT('',(-15.,-165.,149.3));
#1038 = CARTESIAN_POINT('',(-15.,-165.,142.7));
#1039 = TRIMMED_CURVE('',#1040,(#1044,PARAMETER_VALUE(0.)),(#1045,
    PARAMETER_VALUE(1.808693470523)),.T.,.PARAMETER.);
#1040 = LINE('',#1041,#1042);
#1041 = CARTESIAN_POINT('',(-15.,-165.,142.7));
#1042 = VECTOR('',#1043,1.);
#1043 = DIRECTION('',(-6.651901052377E-02,0.,-0.997785157857));
#1044 = CARTESIAN_POINT('',(-15.,-165.,142.7));
#1045 = CARTESIAN_POINT('',(-15.1203125,-165.,140.8953125));
#1046 = TRIMMED_CURVE('',#1047,(#1051,PARAMETER_VALUE(0.)),(#1052,
    PARAMETER_VALUE(1.605168957715)),.T.,.PARAMETER.);
#1047 = LINE('',#1048,#1049);
#1048 = CARTESIAN_POINT('',(-15.1203125,-165.,140.8953125));
#1049 = VECTOR('',#1050,1.);
#1050 = DIRECTION('',(-0.224859506699,0.,-0.974391195695));
#1051 = CARTESIAN_POINT('',(-15.1203125,-165.,140.8953125));
#1052 = CARTESIAN_POINT('',(-15.48125,-165.,139.33125));
#1053 = TRIMMED_CURVE('',#1054,(#1058,PARAMETER_VALUE(0.)),(#1059,
    PARAMETER_VALUE(1.453741468698)),.T.,.PARAMETER.);
#1054 = LINE('',#1055,#1056);
#1055 = CARTESIAN_POINT('',(-15.48125,-165.,139.33125));
#1056 = VECTOR('',#1057,1.);
#1057 = DIRECTION('',(-0.413802944301,0.,-0.910366477463));
#1058 = CARTESIAN_POINT('',(-15.48125,-165.,139.33125));
#1059 = CARTESIAN_POINT('',(-16.0828125,-165.,138.0078125));
#1060 = TRIMMED_CURVE('',#1061,(#1065,PARAMETER_VALUE(0.)),(#1066,
    PARAMETER_VALUE(1.371773558322)),.T.,.PARAMETER.);
#1061 = LINE('',#1062,#1063);
#1062 = CARTESIAN_POINT('',(-16.0828125,-165.,138.0078125));
#1063 = VECTOR('',#1064,1.);
#1064 = DIRECTION('',(-0.613940613515,0.,-0.789352217376));
#1065 = CARTESIAN_POINT('',(-16.0828125,-165.,138.0078125));
#1066 = CARTESIAN_POINT('',(-16.925,-165.,136.925));
#1067 = TRIMMED_CURVE('',#1068,(#1072,PARAMETER_VALUE(0.)),(#1073,
    PARAMETER_VALUE(1.371773558322)),.T.,.PARAMETER.);
#1068 = LINE('',#1069,#1070);
#1069 = CARTESIAN_POINT('',(-16.925,-165.,136.925));
#1070 = VECTOR('',#1071,1.);
#1071 = DIRECTION('',(-0.789352217376,0.,-0.613940613515));
#1072 = CARTESIAN_POINT('',(-16.925,-165.,136.925));
#1073 = CARTESIAN_POINT('',(-18.0078125,-165.,136.0828125));
#1074 = TRIMMED_CURVE('',#1075,(#1079,PARAMETER_VALUE(0.)),(#1080,
    PARAMETER_VALUE(1.453741468698)),.T.,.PARAMETER.);
#1075 = LINE('',#1076,#1077);
#1076 = CARTESIAN_POINT('',(-18.0078125,-165.,136.0828125));
#1077 = VECTOR('',#1078,1.);
#1078 = DIRECTION('',(-0.910366477463,0.,-0.413802944301));
#1079 = CARTESIAN_POINT('',(-18.0078125,-165.,136.0828125));
#1080 = CARTESIAN_POINT('',(-19.33125,-165.,135.48125));
#1081 = TRIMMED_CURVE('',#1082,(#1086,PARAMETER_VALUE(0.)),(#1087,
    PARAMETER_VALUE(1.605168957715)),.T.,.PARAMETER.);
#1082 = LINE('',#1083,#1084);
#1083 = CARTESIAN_POINT('',(-19.33125,-165.,135.48125));
#1084 = VECTOR('',#1085,1.);
#1085 = DIRECTION('',(-0.974391195695,0.,-0.224859506699));
#1086 = CARTESIAN_POINT('',(-19.33125,-165.,135.48125));
#1087 = CARTESIAN_POINT('',(-20.8953125,-165.,135.1203125));
#1088 = TRIMMED_CURVE('',#1089,(#1093,PARAMETER_VALUE(0.)),(#1094,
    PARAMETER_VALUE(1.808693470523)),.T.,.PARAMETER.);
#1089 = LINE('',#1090,#1091);
#1090 = CARTESIAN_POINT('',(-20.8953125,-165.,135.1203125));
#1091 = VECTOR('',#1092,1.);
#1092 = DIRECTION('',(-0.997785157857,0.,-6.651901052378E-02));
#1093 = CARTESIAN_POINT('',(-20.8953125,-165.,135.1203125));
#1094 = CARTESIAN_POINT('',(-22.7,-165.,135.));
#1095 = TRIMMED_CURVE('',#1096,(#1100,PARAMETER_VALUE(0.)),(#1101,
    PARAMETER_VALUE(242.3)),.T.,.PARAMETER.);
#1096 = LINE('',#1097,#1098);
#1097 = CARTESIAN_POINT('',(-22.7,-165.,135.));
#1098 = VECTOR('',#1099,1.);
#1099 = DIRECTION('',(-1.,0.,0.));
#1100 = CARTESIAN_POINT('',(-22.7,-165.,135.));
#1101 = CARTESIAN_POINT('',(-265.,-165.,135.));
#1102 = TRIMMED_CURVE('',#1103,(#1107,PARAMETER_VALUE(0.)),(#1108,
    PARAMETER_VALUE(2.348952559121)),.T.,.PARAMETER.);
#1103 = LINE('',#1104,#1105);
#1104 = CARTESIAN_POINT('',(-265.,-165.,135.));
#1105 = VECTOR('',#1106,1.);
#1106 = DIRECTION('',(-0.997785157857,6.651901052377E-02,0.));
#1107 = CARTESIAN_POINT('',(-265.,-165.,135.));
#1108 = CARTESIAN_POINT('',(-267.34375,-164.84375,135.));
#1109 = TRIMMED_CURVE('',#1110,(#1114,PARAMETER_VALUE(0.)),(#1115,
    PARAMETER_VALUE(2.08463501002)),.T.,.PARAMETER.);
#1110 = LINE('',#1111,#1112);
#1111 = CARTESIAN_POINT('',(-267.34375,-164.84375,135.));
#1112 = VECTOR('',#1113,1.);
#1113 = DIRECTION('',(-0.974391195695,0.224859506699,0.));
#1114 = CARTESIAN_POINT('',(-267.34375,-164.84375,135.));
#1115 = CARTESIAN_POINT('',(-269.375,-164.375,135.));
#1116 = TRIMMED_CURVE('',#1117,(#1121,PARAMETER_VALUE(0.)),(#1122,
    PARAMETER_VALUE(1.887975933374)),.T.,.PARAMETER.);
#1117 = LINE('',#1118,#1119);
#1118 = CARTESIAN_POINT('',(-269.375,-164.375,135.));
#1119 = VECTOR('',#1120,1.);
#1120 = DIRECTION('',(-0.910366477463,0.413802944301,0.));
#1121 = CARTESIAN_POINT('',(-269.375,-164.375,135.));
#1122 = CARTESIAN_POINT('',(-271.09375,-163.59375,135.));
#1123 = TRIMMED_CURVE('',#1124,(#1128,PARAMETER_VALUE(0.)),(#1129,
    PARAMETER_VALUE(1.781524101717)),.T.,.PARAMETER.);
#1124 = LINE('',#1125,#1126);
#1125 = CARTESIAN_POINT('',(-271.09375,-163.59375,135.));
#1126 = VECTOR('',#1127,1.);
#1127 = DIRECTION('',(-0.789352217376,0.613940613515,0.));
#1128 = CARTESIAN_POINT('',(-271.09375,-163.59375,135.));
#1129 = CARTESIAN_POINT('',(-272.5,-162.5,135.));
#1130 = TRIMMED_CURVE('',#1131,(#1135,PARAMETER_VALUE(0.)),(#1136,
    PARAMETER_VALUE(1.781524101717)),.T.,.PARAMETER.);
#1131 = LINE('',#1132,#1133);
#1132 = CARTESIAN_POINT('',(-272.5,-162.5,135.));
#1133 = VECTOR('',#1134,1.);
#1134 = DIRECTION('',(-0.613940613515,0.789352217376,0.));
#1135 = CARTESIAN_POINT('',(-272.5,-162.5,135.));
#1136 = CARTESIAN_POINT('',(-273.59375,-161.09375,135.));
#1137 = TRIMMED_CURVE('',#1138,(#1142,PARAMETER_VALUE(0.)),(#1143,
    PARAMETER_VALUE(1.887975933374)),.T.,.PARAMETER.);
#1138 = LINE('',#1139,#1140);
#1139 = CARTESIAN_POINT('',(-273.59375,-161.09375,135.));
#1140 = VECTOR('',#1141,1.);
#1141 = DIRECTION('',(-0.413802944301,0.910366477463,0.));
#1142 = CARTESIAN_POINT('',(-273.59375,-161.09375,135.));
#1143 = CARTESIAN_POINT('',(-274.375,-159.375,135.));
#1144 = TRIMMED_CURVE('',#1145,(#1149,PARAMETER_VALUE(0.)),(#1150,
    PARAMETER_VALUE(2.08463501002)),.T.,.PARAMETER.);
#1145 = LINE('',#1146,#1147);
#1146 = CARTESIAN_POINT('',(-274.375,-159.375,135.));
#1147 = VECTOR('',#1148,1.);
#1148 = DIRECTION('',(-0.224859506699,0.974391195695,0.));
#1149 = CARTESIAN_POINT('',(-274.375,-159.375,135.));
#1150 = CARTESIAN_POINT('',(-274.84375,-157.34375,135.));
#1151 = TRIMMED_CURVE('',#1152,(#1156,PARAMETER_VALUE(0.)),(#1157,
    PARAMETER_VALUE(2.348952559121)),.T.,.PARAMETER.);
#1152 = LINE('',#1153,#1154);
#1153 = CARTESIAN_POINT('',(-274.84375,-157.34375,135.));
#1154 = VECTOR('',#1155,1.);
#1155 = DIRECTION('',(-6.651901052377E-02,0.997785157857,0.));
#1156 = CARTESIAN_POINT('',(-274.84375,-157.34375,135.));
#1157 = CARTESIAN_POINT('',(-275.,-155.,135.));
#1158 = TRIMMED_CURVE('',#1159,(#1163,PARAMETER_VALUE(0.)),(#1164,
    PARAMETER_VALUE(20.)),.T.,.PARAMETER.);
#1159 = LINE('',#1160,#1161);
#1160 = CARTESIAN_POINT('',(-275.,-155.,135.));
#1161 = VECTOR('',#1162,1.);
#1162 = DIRECTION('',(0.,1.,0.));
#1163 = CARTESIAN_POINT('',(-275.,-155.,135.));
#1164 = CARTESIAN_POINT('',(-275.,-135.,135.));
#1165 = TRIMMED_CURVE('',#1166,(#1170,PARAMETER_VALUE(0.)),(#1171,
    PARAMETER_VALUE(2.348952559121)),.T.,.PARAMETER.);
#1166 = LINE('',#1167,#1168);
#1167 = CARTESIAN_POINT('',(-275.,-135.,135.));
#1168 = VECTOR('',#1169,1.);
#1169 = DIRECTION('',(6.651901052377E-02,0.997785157857,0.));
#1170 = CARTESIAN_POINT('',(-275.,-135.,135.));
#1171 = CARTESIAN_POINT('',(-274.84375,-132.65625,135.));
#1172 = TRIMMED_CURVE('',#1173,(#1177,PARAMETER_VALUE(0.)),(#1178,
    PARAMETER_VALUE(2.08463501002)),.T.,.PARAMETER.);
#1173 = LINE('',#1174,#1175);
#1174 = CARTESIAN_POINT('',(-274.84375,-132.65625,135.));
#1175 = VECTOR('',#1176,1.);
#1176 = DIRECTION('',(0.224859506699,0.974391195695,0.));
#1177 = CARTESIAN_POINT('',(-274.84375,-132.65625,135.));
#1178 = CARTESIAN_POINT('',(-274.375,-130.625,135.));
#1179 = TRIMMED_CURVE('',#1180,(#1184,PARAMETER_VALUE(0.)),(#1185,
    PARAMETER_VALUE(1.887975933374)),.T.,.PARAMETER.);
#1180 = LINE('',#1181,#1182);
#1181 = CARTESIAN_POINT('',(-274.375,-130.625,135.));
#1182 = VECTOR('',#1183,1.);
#1183 = DIRECTION('',(0.413802944301,0.910366477463,0.));
#1184 = CARTESIAN_POINT('',(-274.375,-130.625,135.));
#1185 = CARTESIAN_POINT('',(-273.59375,-128.90625,135.));
#1186 = TRIMMED_CURVE('',#1187,(#1191,PARAMETER_VALUE(0.)),(#1192,
    PARAMETER_VALUE(1.781524101717)),.T.,.PARAMETER.);
#1187 = LINE('',#1188,#1189);
#1188 = CARTESIAN_POINT('',(-273.59375,-128.90625,135.));
#1189 = VECTOR('',#1190,1.);
#1190 = DIRECTION('',(0.613940613515,0.789352217376,0.));
#1191 = CARTESIAN_POINT('',(-273.59375,-128.90625,135.));
#1192 = CARTESIAN_POINT('',(-272.5,-127.5,135.));
#1193 = TRIMMED_CURVE('',#1194,(#1198,PARAMETER_VALUE(0.)),(#1199,
    PARAMETER_VALUE(1.781524101717)),.T.,.PARAMETER.);
#1194 = LINE('',#1195,#1196);
#1195 = CARTESIAN_POINT('',(-272.5,-127.5,135.));
#1196 = VECTOR('',#1197,1.);
#1197 = DIRECTION('',(0.789352217376,0.613940613515,0.));
#1198 = CARTESIAN_POINT('',(-272.5,-127.5,135.));
#1199 = CARTESIAN_POINT('',(-271.09375,-126.40625,135.));
#1200 = TRIMMED_CURVE('',#1201,(#1205,PARAMETER_VALUE(0.)),(#1206,
    PARAMETER_VALUE(1.887975933374)),.T.,.PARAMETER.);
#1201 = LINE('',#1202,#1203);
#1202 = CARTESIAN_POINT('',(-271.09375,-126.40625,135.));
#1203 = VECTOR('',#1204,1.);
#1204 = DIRECTION('',(0.910366477463,0.413802944301,0.));
#1205 = CARTESIAN_POINT('',(-271.09375,-126.40625,135.));
#1206 = CARTESIAN_POINT('',(-269.375,-125.625,135.));
#1207 = TRIMMED_CURVE('',#1208,(#1212,PARAMETER_VALUE(0.)),(#1213,
    PARAMETER_VALUE(2.08463501002)),.T.,.PARAMETER.);
#1208 = LINE('',#1209,#1210);
#1209 = CARTESIAN_POINT('',(-269.375,-125.625,135.));
#1210 = VECTOR('',#1211,1.);
#1211 = DIRECTION('',(0.974391195695,0.224859506699,0.));
#1212 = CARTESIAN_POINT('',(-269.375,-125.625,135.));
#1213 = CARTESIAN_POINT('',(-267.34375,-125.15625,135.));
#1214 = TRIMMED_CURVE('',#1215,(#1219,PARAMETER_VALUE(0.)),(#1220,
    PARAMETER_VALUE(2.348952559121)),.T.,.PARAMETER.);
#1215 = LINE('',#1216,#1217);
#1216 = CARTESIAN_POINT('',(-267.34375,-125.15625,135.));
#1217 = VECTOR('',#1218,1.);
#1218 = DIRECTION('',(0.997785157857,6.651901052377E-02,0.));
#1219 = CARTESIAN_POINT('',(-267.34375,-125.15625,135.));
#1220 = CARTESIAN_POINT('',(-265.,-125.,135.));
#1221 = TRIMMED_CURVE('',#1222,(#1226,PARAMETER_VALUE(0.)),(#1227,
    PARAMETER_VALUE(242.3)),.T.,.PARAMETER.);
#1222 = LINE('',#1223,#1224);
#1223 = CARTESIAN_POINT('',(-265.,-125.,135.));
#1224 = VECTOR('',#1225,1.);
#1225 = DIRECTION('',(1.,0.,0.));
#1226 = CARTESIAN_POINT('',(-265.,-125.,135.));
#1227 = CARTESIAN_POINT('',(-22.7,-125.,135.));
#1228 = TRIMMED_CURVE('',#1229,(#1233,PARAMETER_VALUE(0.)),(#1234,
    PARAMETER_VALUE(1.808693470523)),.T.,.PARAMETER.);
#1229 = LINE('',#1230,#1231);
#1230 = CARTESIAN_POINT('',(-22.7,-125.,135.));
#1231 = VECTOR('',#1232,1.);
#1232 = DIRECTION('',(0.997785157857,0.,6.651901052378E-02));
#1233 = CARTESIAN_POINT('',(-22.7,-125.,135.));
#1234 = CARTESIAN_POINT('',(-20.8953125,-125.,135.1203125));
#1235 = TRIMMED_CURVE('',#1236,(#1240,PARAMETER_VALUE(0.)),(#1241,
    PARAMETER_VALUE(1.605168957715)),.T.,.PARAMETER.);
#1236 = LINE('',#1237,#1238);
#1237 = CARTESIAN_POINT('',(-20.8953125,-125.,135.1203125));
#1238 = VECTOR('',#1239,1.);
#1239 = DIRECTION('',(0.974391195695,0.,0.224859506699));
#1240 = CARTESIAN_POINT('',(-20.8953125,-125.,135.1203125));
#1241 = CARTESIAN_POINT('',(-19.33125,-125.,135.48125));
#1242 = TRIMMED_CURVE('',#1243,(#1247,PARAMETER_VALUE(0.)),(#1248,
    PARAMETER_VALUE(1.453741468698)),.T.,.PARAMETER.);
#1243 = LINE('',#1244,#1245);
#1244 = CARTESIAN_POINT('',(-19.33125,-125.,135.48125));
#1245 = VECTOR('',#1246,1.);
#1246 = DIRECTION('',(0.910366477463,0.,0.413802944301));
#1247 = CARTESIAN_POINT('',(-19.33125,-125.,135.48125));
#1248 = CARTESIAN_POINT('',(-18.0078125,-125.,136.0828125));
#1249 = TRIMMED_CURVE('',#1250,(#1254,PARAMETER_VALUE(0.)),(#1255,
    PARAMETER_VALUE(1.371773558322)),.T.,.PARAMETER.);
#1250 = LINE('',#1251,#1252);
#1251 = CARTESIAN_POINT('',(-18.0078125,-125.,136.0828125));
#1252 = VECTOR('',#1253,1.);
#1253 = DIRECTION('',(0.789352217376,0.,0.613940613515));
#1254 = CARTESIAN_POINT('',(-18.0078125,-125.,136.0828125));
#1255 = CARTESIAN_POINT('',(-16.925,-125.,136.925));
#1256 = TRIMMED_CURVE('',#1257,(#1261,PARAMETER_VALUE(0.)),(#1262,
    PARAMETER_VALUE(1.371773558322)),.T.,.PARAMETER.);
#1257 = LINE('',#1258,#1259);
#1258 = CARTESIAN_POINT('',(-16.925,-125.,136.925));
#1259 = VECTOR('',#1260,1.);
#1260 = DIRECTION('',(0.613940613515,0.,0.789352217376));
#1261 = CARTESIAN_POINT('',(-16.925,-125.,136.925));
#1262 = CARTESIAN_POINT('',(-16.0828125,-125.,138.0078125));
#1263 = TRIMMED_CURVE('',#1264,(#1268,PARAMETER_VALUE(0.)),(#1269,
    PARAMETER_VALUE(1.453741468698)),.T.,.PARAMETER.);
#1264 = LINE('',#1265,#1266);
#1265 = CARTESIAN_POINT('',(-16.0828125,-125.,138.0078125));
#1266 = VECTOR('',#1267,1.);
#1267 = DIRECTION('',(0.413802944301,0.,0.910366477463));
#1268 = CARTESIAN_POINT('',(-16.0828125,-125.,138.0078125));
#1269 = CARTESIAN_POINT('',(-15.48125,-125.,139.33125));
#1270 = TRIMMED_CURVE('',#1271,(#1275,PARAMETER_VALUE(0.)),(#1276,
    PARAMETER_VALUE(1.605168957715)),.T.,.PARAMETER.);
#1271 = LINE('',#1272,#1273);
#1272 = CARTESIAN_POINT('',(-15.48125,-125.,139.33125));
#1273 = VECTOR('',#1274,1.);
#1274 = DIRECTION('',(0.224859506699,0.,0.974391195695));
#1275 = CARTESIAN_POINT('',(-15.48125,-125.,139.33125));
#1276 = CARTESIAN_POINT('',(-15.1203125,-125.,140.8953125));
#1277 = TRIMMED_CURVE('',#1278,(#1282,PARAMETER_VALUE(0.)),(#1283,
    PARAMETER_VALUE(1.808693470523)),.T.,.PARAMETER.);
#1278 = LINE('',#1279,#1280);
#1279 = CARTESIAN_POINT('',(-15.1203125,-125.,140.8953125));
#1280 = VECTOR('',#1281,1.);
#1281 = DIRECTION('',(6.651901052377E-02,0.,0.997785157857));
#1282 = CARTESIAN_POINT('',(-15.1203125,-125.,140.8953125));
#1283 = CARTESIAN_POINT('',(-15.,-125.,142.7));
#1284 = TRIMMED_CURVE('',#1285,(#1289,PARAMETER_VALUE(0.)),(#1290,
    PARAMETER_VALUE(6.6)),.T.,.PARAMETER.);
#1285 = LINE('',#1286,#1287);
#1286 = CARTESIAN_POINT('',(-15.,-125.,142.7));
#1287 = VECTOR('',#1288,1.);
#1288 = DIRECTION('',(0.,0.,1.));
#1289 = CARTESIAN_POINT('',(-15.,-125.,142.7));
#1290 = CARTESIAN_POINT('',(-15.,-125.,149.3));
#1291 = TRIMMED_CURVE('',#1292,(#1296,PARAMETER_VALUE(0.)),(#1297,
    PARAMETER_VALUE(1.808693470523)),.T.,.PARAMETER.);
#1292 = LINE('',#1293,#1294);
#1293 = CARTESIAN_POINT('',(-15.,-125.,149.3));
#1294 = VECTOR('',#1295,1.);
#1295 = DIRECTION('',(-6.651901052377E-02,0.,0.997785157857));
#1296 = CARTESIAN_POINT('',(-15.,-125.,149.3));
#1297 = CARTESIAN_POINT('',(-15.1203125,-125.,151.1046875));
#1298 = TRIMMED_CURVE('',#1299,(#1303,PARAMETER_VALUE(0.)),(#1304,
    PARAMETER_VALUE(1.605168957715)),.T.,.PARAMETER.);
#1299 = LINE('',#1300,#1301);
#1300 = CARTESIAN_POINT('',(-15.1203125,-125.,151.1046875));
#1301 = VECTOR('',#1302,1.);
#1302 = DIRECTION('',(-0.224859506699,0.,0.974391195695));
#1303 = CARTESIAN_POINT('',(-15.1203125,-125.,151.1046875));
#1304 = CARTESIAN_POINT('',(-15.48125,-125.,152.66875));
#1305 = TRIMMED_CURVE('',#1306,(#1310,PARAMETER_VALUE(0.)),(#1311,
    PARAMETER_VALUE(1.453741468698)),.T.,.PARAMETER.);
#1306 = LINE('',#1307,#1308);
#1307 = CARTESIAN_POINT('',(-15.48125,-125.,152.66875));
#1308 = VECTOR('',#1309,1.);
#1309 = DIRECTION('',(-0.413802944301,0.,0.910366477463));
#1310 = CARTESIAN_POINT('',(-15.48125,-125.,152.66875));
#1311 = CARTESIAN_POINT('',(-16.0828125,-125.,153.9921875));
#1312 = TRIMMED_CURVE('',#1313,(#1317,PARAMETER_VALUE(0.)),(#1318,
    PARAMETER_VALUE(1.371773558322)),.T.,.PARAMETER.);
#1313 = LINE('',#1314,#1315);
#1314 = CARTESIAN_POINT('',(-16.0828125,-125.,153.9921875));
#1315 = VECTOR('',#1316,1.);
#1316 = DIRECTION('',(-0.613940613515,0.,0.789352217376));
#1317 = CARTESIAN_POINT('',(-16.0828125,-125.,153.9921875));
#1318 = CARTESIAN_POINT('',(-16.925,-125.,155.075));
#1319 = TRIMMED_CURVE('',#1320,(#1324,PARAMETER_VALUE(0.)),(#1325,
    PARAMETER_VALUE(1.371773558322)),.T.,.PARAMETER.);
#1320 = LINE('',#1321,#1322);
#1321 = CARTESIAN_POINT('',(-16.925,-125.,155.075));
#1322 = VECTOR('',#1323,1.);
#1323 = DIRECTION('',(-0.789352217376,0.,0.613940613515));
#1324 = CARTESIAN_POINT('',(-16.925,-125.,155.075));
#1325 = CARTESIAN_POINT('',(-18.0078125,-125.,155.9171875));
#1326 = TRIMMED_CURVE('',#1327,(#1331,PARAMETER_VALUE(0.)),(#1332,
    PARAMETER_VALUE(1.453741468698)),.T.,.PARAMETER.);
#1327 = LINE('',#1328,#1329);
#1328 = CARTESIAN_POINT('',(-18.0078125,-125.,155.9171875));
#1329 = VECTOR('',#1330,1.);
#1330 = DIRECTION('',(-0.910366477463,0.,0.413802944301));
#1331 = CARTESIAN_POINT('',(-18.0078125,-125.,155.9171875));
#1332 = CARTESIAN_POINT('',(-19.33125,-125.,156.51875));
#1333 = TRIMMED_CURVE('',#1334,(#1338,PARAMETER_VALUE(0.)),(#1339,
    PARAMETER_VALUE(1.605168957715)),.T.,.PARAMETER.);
#1334 = LINE('',#1335,#1336);
#1335 = CARTESIAN_POINT('',(-19.33125,-125.,156.51875));
#1336 = VECTOR('',#1337,1.);
#1337 = DIRECTION('',(-0.974391195695,0.,0.224859506699));
#1338 = CARTESIAN_POINT('',(-19.33125,-125.,156.51875));
#1339 = CARTESIAN_POINT('',(-20.8953125,-125.,156.8796875));
#1340 = TRIMMED_CURVE('',#1341,(#1345,PARAMETER_VALUE(0.)),(#1346,
    PARAMETER_VALUE(1.808693470523)),.T.,.PARAMETER.);
#1341 = LINE('',#1342,#1343);
#1342 = CARTESIAN_POINT('',(-20.8953125,-125.,156.8796875));
#1343 = VECTOR('',#1344,1.);
#1344 = DIRECTION('',(-0.997785157857,0.,6.651901052378E-02));
#1345 = CARTESIAN_POINT('',(-20.8953125,-125.,156.8796875));
#1346 = CARTESIAN_POINT('',(-22.7,-125.,157.));
#1347 = TRIMMED_CURVE('',#1348,(#1352,PARAMETER_VALUE(0.)),(#1353,
    PARAMETER_VALUE(244.6)),.T.,.PARAMETER.);
#1348 = LINE('',#1349,#1350);
#1349 = CARTESIAN_POINT('',(-22.7,-125.,157.));
#1350 = VECTOR('',#1351,1.);
#1351 = DIRECTION('',(-1.,0.,0.));
#1352 = CARTESIAN_POINT('',(-22.7,-125.,157.));
#1353 = CARTESIAN_POINT('',(-267.3,-125.,157.));
#1354 = TRIMMED_CURVE('',#1355,(#1359,PARAMETER_VALUE(0.)),(#1360,
    PARAMETER_VALUE(1.808693470523)),.T.,.PARAMETER.);
#1355 = LINE('',#1356,#1357);
#1356 = CARTESIAN_POINT('',(-267.3,-125.,157.));
#1357 = VECTOR('',#1358,1.);
#1358 = DIRECTION('',(-0.997785157857,0.,6.651901052378E-02));
#1359 = CARTESIAN_POINT('',(-267.3,-125.,157.));
#1360 = CARTESIAN_POINT('',(-269.1046875,-125.,157.1203125));
#1361 = TRIMMED_CURVE('',#1362,(#1366,PARAMETER_VALUE(0.)),(#1367,
    PARAMETER_VALUE(1.605168957715)),.T.,.PARAMETER.);
#1362 = LINE('',#1363,#1364);
#1363 = CARTESIAN_POINT('',(-269.1046875,-125.,157.1203125));
#1364 = VECTOR('',#1365,1.);
#1365 = DIRECTION('',(-0.974391195695,0.,0.224859506699));
#1366 = CARTESIAN_POINT('',(-269.1046875,-125.,157.1203125));
#1367 = CARTESIAN_POINT('',(-270.66875,-125.,157.48125));
#1368 = TRIMMED_CURVE('',#1369,(#1373,PARAMETER_VALUE(0.)),(#1374,
    PARAMETER_VALUE(1.453741468698)),.T.,.PARAMETER.);
#1369 = LINE('',#1370,#1371);
#1370 = CARTESIAN_POINT('',(-270.66875,-125.,157.48125));
#1371 = VECTOR('',#1372,1.);
#1372 = DIRECTION('',(-0.910366477463,0.,0.413802944301));
#1373 = CARTESIAN_POINT('',(-270.66875,-125.,157.48125));
#1374 = CARTESIAN_POINT('',(-271.9921875,-125.,158.0828125));
#1375 = TRIMMED_CURVE('',#1376,(#1380,PARAMETER_VALUE(0.)),(#1381,
    PARAMETER_VALUE(1.371773558322)),.T.,.PARAMETER.);
#1376 = LINE('',#1377,#1378);
#1377 = CARTESIAN_POINT('',(-271.9921875,-125.,158.0828125));
#1378 = VECTOR('',#1379,1.);
#1379 = DIRECTION('',(-0.789352217376,0.,0.613940613515));
#1380 = CARTESIAN_POINT('',(-271.9921875,-125.,158.0828125));
#1381 = CARTESIAN_POINT('',(-273.075,-125.,158.925));
#1382 = TRIMMED_CURVE('',#1383,(#1387,PARAMETER_VALUE(0.)),(#1388,
    PARAMETER_VALUE(1.371773558322)),.T.,.PARAMETER.);
#1383 = LINE('',#1384,#1385);
#1384 = CARTESIAN_POINT('',(-273.075,-125.,158.925));
#1385 = VECTOR('',#1386,1.);
#1386 = DIRECTION('',(-0.613940613515,0.,0.789352217376));
#1387 = CARTESIAN_POINT('',(-273.075,-125.,158.925));
#1388 = CARTESIAN_POINT('',(-273.9171875,-125.,160.0078125));
#1389 = TRIMMED_CURVE('',#1390,(#1394,PARAMETER_VALUE(0.)),(#1395,
    PARAMETER_VALUE(1.453741468698)),.T.,.PARAMETER.);
#1390 = LINE('',#1391,#1392);
#1391 = CARTESIAN_POINT('',(-273.9171875,-125.,160.0078125));
#1392 = VECTOR('',#1393,1.);
#1393 = DIRECTION('',(-0.413802944301,0.,0.910366477463));
#1394 = CARTESIAN_POINT('',(-273.9171875,-125.,160.0078125));
#1395 = CARTESIAN_POINT('',(-274.51875,-125.,161.33125));
#1396 = TRIMMED_CURVE('',#1397,(#1401,PARAMETER_VALUE(0.)),(#1402,
    PARAMETER_VALUE(1.605168957715)),.T.,.PARAMETER.);
#1397 = LINE('',#1398,#1399);
#1398 = CARTESIAN_POINT('',(-274.51875,-125.,161.33125));
#1399 = VECTOR('',#1400,1.);
#1400 = DIRECTION('',(-0.224859506699,0.,0.974391195695));
#1401 = CARTESIAN_POINT('',(-274.51875,-125.,161.33125));
#1402 = CARTESIAN_POINT('',(-274.8796875,-125.,162.8953125));
#1403 = TRIMMED_CURVE('',#1404,(#1408,PARAMETER_VALUE(0.)),(#1409,
    PARAMETER_VALUE(1.808693470523)),.T.,.PARAMETER.);
#1404 = LINE('',#1405,#1406);
#1405 = CARTESIAN_POINT('',(-274.8796875,-125.,162.8953125));
#1406 = VECTOR('',#1407,1.);
#1407 = DIRECTION('',(-6.651901052378E-02,0.,0.997785157857));
#1408 = CARTESIAN_POINT('',(-274.8796875,-125.,162.8953125));
#1409 = CARTESIAN_POINT('',(-275.,-125.,164.7));
#1410 = TRIMMED_CURVE('',#1411,(#1415,PARAMETER_VALUE(0.)),(#1416,
    PARAMETER_VALUE(6.6)),.T.,.PARAMETER.);
#1411 = LINE('',#1412,#1413);
#1412 = CARTESIAN_POINT('',(-275.,-125.,164.7));
#1413 = VECTOR('',#1414,1.);
#1414 = DIRECTION('',(0.,0.,1.));
#1415 = CARTESIAN_POINT('',(-275.,-125.,164.7));
#1416 = CARTESIAN_POINT('',(-275.,-125.,171.3));
#1417 = TRIMMED_CURVE('',#1418,(#1422,PARAMETER_VALUE(0.)),(#1423,
    PARAMETER_VALUE(1.808693470523)),.T.,.PARAMETER.);
#1418 = LINE('',#1419,#1420);
#1419 = CARTESIAN_POINT('',(-275.,-125.,171.3));
#1420 = VECTOR('',#1421,1.);
#1421 = DIRECTION('',(6.651901052378E-02,0.,0.997785157857));
#1422 = CARTESIAN_POINT('',(-275.,-125.,171.3));
#1423 = CARTESIAN_POINT('',(-274.8796875,-125.,173.1046875));
#1424 = TRIMMED_CURVE('',#1425,(#1429,PARAMETER_VALUE(0.)),(#1430,
    PARAMETER_VALUE(1.605168957715)),.T.,.PARAMETER.);
#1425 = LINE('',#1426,#1427);
#1426 = CARTESIAN_POINT('',(-274.8796875,-125.,173.1046875));
#1427 = VECTOR('',#1428,1.);
#1428 = DIRECTION('',(0.224859506699,0.,0.974391195695));
#1429 = CARTESIAN_POINT('',(-274.8796875,-125.,173.1046875));
#1430 = CARTESIAN_POINT('',(-274.51875,-125.,174.66875));
#1431 = TRIMMED_CURVE('',#1432,(#1436,PARAMETER_VALUE(0.)),(#1437,
    PARAMETER_VALUE(1.453741468698)),.T.,.PARAMETER.);
#1432 = LINE('',#1433,#1434);
#1433 = CARTESIAN_POINT('',(-274.51875,-125.,174.66875));
#1434 = VECTOR('',#1435,1.);
#1435 = DIRECTION('',(0.413802944301,0.,0.910366477463));
#1436 = CARTESIAN_POINT('',(-274.51875,-125.,174.66875));
#1437 = CARTESIAN_POINT('',(-273.9171875,-125.,175.9921875));
#1438 = TRIMMED_CURVE('',#1439,(#1443,PARAMETER_VALUE(0.)),(#1444,
    PARAMETER_VALUE(1.371773558322)),.T.,.PARAMETER.);
#1439 = LINE('',#1440,#1441);
#1440 = CARTESIAN_POINT('',(-273.9171875,-125.,175.9921875));
#1441 = VECTOR('',#1442,1.);
#1442 = DIRECTION('',(0.613940613515,0.,0.789352217376));
#1443 = CARTESIAN_POINT('',(-273.9171875,-125.,175.9921875));
#1444 = CARTESIAN_POINT('',(-273.075,-125.,177.075));
#1445 = TRIMMED_CURVE('',#1446,(#1450,PARAMETER_VALUE(0.)),(#1451,
    PARAMETER_VALUE(1.371773558322)),.T.,.PARAMETER.);
#1446 = LINE('',#1447,#1448);
#1447 = CARTESIAN_POINT('',(-273.075,-125.,177.075));
#1448 = VECTOR('',#1449,1.);
#1449 = DIRECTION('',(0.789352217376,0.,0.613940613515));
#1450 = CARTESIAN_POINT('',(-273.075,-125.,177.075));
#1451 = CARTESIAN_POINT('',(-271.9921875,-125.,177.9171875));
#1452 = TRIMMED_CURVE('',#1453,(#1457,PARAMETER_VALUE(0.)),(#1458,
    PARAMETER_VALUE(1.453741468698)),.T.,.PARAMETER.);
#1453 = LINE('',#1454,#1455);
#1454 = CARTESIAN_POINT('',(-271.9921875,-125.,177.9171875));
#1455 = VECTOR('',#1456,1.);
#1456 = DIRECTION('',(0.910366477463,0.,0.413802944301));
#1457 = CARTESIAN_POINT('',(-271.9921875,-125.,177.9171875));
#1458 = CARTESIAN_POINT('',(-270.66875,-125.,178.51875));
#1459 = TRIMMED_CURVE('',#1460,(#1464,PARAMETER_VALUE(0.)),(#1465,
    PARAMETER_VALUE(1.605168957715)),.T.,.PARAMETER.);
#1460 = LINE('',#1461,#1462);
#1461 = CARTESIAN_POINT('',(-270.66875,-125.,178.51875));
#1462 = VECTOR('',#1463,1.);
#1463 = DIRECTION('',(0.974391195695,0.,0.224859506699));
#1464 = CARTESIAN_POINT('',(-270.66875,-125.,178.51875));
#1465 = CARTESIAN_POINT('',(-269.1046875,-125.,178.8796875));
#1466 = TRIMMED_CURVE('',#1467,(#1471,PARAMETER_VALUE(0.)),(#1472,
    PARAMETER_VALUE(1.808693470523)),.T.,.PARAMETER.);
#1467 = LINE('',#1468,#1469);
#1468 = CARTESIAN_POINT('',(-269.1046875,-125.,178.8796875));
#1469 = VECTOR('',#1470,1.);
#1470 = DIRECTION('',(0.997785157857,0.,6.651901052378E-02));
#1471 = CARTESIAN_POINT('',(-269.1046875,-125.,178.8796875));
#1472 = CARTESIAN_POINT('',(-267.3,-125.,179.));
#1473 = TRIMMED_CURVE('',#1474,(#1478,PARAMETER_VALUE(0.)),(#1479,
    PARAMETER_VALUE(244.6)),.T.,.PARAMETER.);
#1474 = LINE('',#1475,#1476);
#1475 = CARTESIAN_POINT('',(-267.3,-125.,179.));
#1476 = VECTOR('',#1477,1.);
#1477 = DIRECTION('',(1.,0.,0.));
#1478 = CARTESIAN_POINT('',(-267.3,-125.,179.));
#1479 = CARTESIAN_POINT('',(-22.7,-125.,179.));
#1480 = TRIMMED_CURVE('',#1481,(#1485,PARAMETER_VALUE(0.)),(#1486,
    PARAMETER_VALUE(1.808693470523)),.T.,.PARAMETER.);
#1481 = LINE('',#1482,#1483);
#1482 = CARTESIAN_POINT('',(-22.7,-125.,179.));
#1483 = VECTOR('',#1484,1.);
#1484 = DIRECTION('',(0.997785157857,0.,6.651901052378E-02));
#1485 = CARTESIAN_POINT('',(-22.7,-125.,179.));
#1486 = CARTESIAN_POINT('',(-20.8953125,-125.,179.1203125));
#1487 = TRIMMED_CURVE('',#1488,(#1492,PARAMETER_VALUE(0.)),(#1493,
    PARAMETER_VALUE(1.605168957715)),.T.,.PARAMETER.);
#1488 = LINE('',#1489,#1490);
#1489 = CARTESIAN_POINT('',(-20.8953125,-125.,179.1203125));
#1490 = VECTOR('',#1491,1.);
#1491 = DIRECTION('',(0.974391195695,0.,0.224859506699));
#1492 = CARTESIAN_POINT('',(-20.8953125,-125.,179.1203125));
#1493 = CARTESIAN_POINT('',(-19.33125,-125.,179.48125));
#1494 = TRIMMED_CURVE('',#1495,(#1499,PARAMETER_VALUE(0.)),(#1500,
    PARAMETER_VALUE(1.453741468698)),.T.,.PARAMETER.);
#1495 = LINE('',#1496,#1497);
#1496 = CARTESIAN_POINT('',(-19.33125,-125.,179.48125));
#1497 = VECTOR('',#1498,1.);
#1498 = DIRECTION('',(0.910366477463,0.,0.413802944301));
#1499 = CARTESIAN_POINT('',(-19.33125,-125.,179.48125));
#1500 = CARTESIAN_POINT('',(-18.0078125,-125.,180.0828125));
#1501 = TRIMMED_CURVE('',#1502,(#1506,PARAMETER_VALUE(0.)),(#1507,
    PARAMETER_VALUE(1.371773558322)),.T.,.PARAMETER.);
#1502 = LINE('',#1503,#1504);
#1503 = CARTESIAN_POINT('',(-18.0078125,-125.,180.0828125));
#1504 = VECTOR('',#1505,1.);
#1505 = DIRECTION('',(0.789352217376,0.,0.613940613515));
#1506 = CARTESIAN_POINT('',(-18.0078125,-125.,180.0828125));
#1507 = CARTESIAN_POINT('',(-16.925,-125.,180.925));
#1508 = TRIMMED_CURVE('',#1509,(#1513,PARAMETER_VALUE(0.)),(#1514,
    PARAMETER_VALUE(1.371773558322)),.T.,.PARAMETER.);
#1509 = LINE('',#1510,#1511);
#1510 = CARTESIAN_POINT('',(-16.925,-125.,180.925));
#1511 = VECTOR('',#1512,1.);
#1512 = DIRECTION('',(0.613940613515,0.,0.789352217376));
#1513 = CARTESIAN_POINT('',(-16.925,-125.,180.925));
#1514 = CARTESIAN_POINT('',(-16.0828125,-125.,182.0078125));
#1515 = TRIMMED_CURVE('',#1516,(#1520,PARAMETER_VALUE(0.)),(#1521,
    PARAMETER_VALUE(1.453741468698)),.T.,.PARAMETER.);
#1516 = LINE('',#1517,#1518);
#1517 = CARTESIAN_POINT('',(-16.0828125,-125.,182.0078125));
#1518 = VECTOR('',#1519,1.);
#1519 = DIRECTION('',(0.413802944301,0.,0.910366477463));
#1520 = CARTESIAN_POINT('',(-16.0828125,-125.,182.0078125));
#1521 = CARTESIAN_POINT('',(-15.48125,-125.,183.33125));
#1522 = TRIMMED_CURVE('',#1523,(#1527,PARAMETER_VALUE(0.)),(#1528,
    PARAMETER_VALUE(1.605168957715)),.T.,.PARAMETER.);
#1523 = LINE('',#1524,#1525);
#1524 = CARTESIAN_POINT('',(-15.48125,-125.,183.33125));
#1525 = VECTOR('',#1526,1.);
#1526 = DIRECTION('',(0.224859506699,0.,0.974391195695));
#1527 = CARTESIAN_POINT('',(-15.48125,-125.,183.33125));
#1528 = CARTESIAN_POINT('',(-15.1203125,-125.,184.8953125));
#1529 = TRIMMED_CURVE('',#1530,(#1534,PARAMETER_VALUE(0.)),(#1535,
    PARAMETER_VALUE(1.808693470523)),.T.,.PARAMETER.);
#1530 = LINE('',#1531,#1532);
#1531 = CARTESIAN_POINT('',(-15.1203125,-125.,184.8953125));
#1532 = VECTOR('',#1533,1.);
#1533 = DIRECTION('',(6.651901052377E-02,0.,0.997785157857));
#1534 = CARTESIAN_POINT('',(-15.1203125,-125.,184.8953125));
#1535 = CARTESIAN_POINT('',(-15.,-125.,186.7));
#1536 = TRIMMED_CURVE('',#1537,(#1541,PARAMETER_VALUE(0.)),(#1542,
    PARAMETER_VALUE(6.6)),.T.,.PARAMETER.);
#1537 = LINE('',#1538,#1539);
#1538 = CARTESIAN_POINT('',(-15.,-125.,186.7));
#1539 = VECTOR('',#1540,1.);
#1540 = DIRECTION('',(0.,0.,1.));
#1541 = CARTESIAN_POINT('',(-15.,-125.,186.7));
#1542 = CARTESIAN_POINT('',(-15.,-125.,193.3));
#1543 = TRIMMED_CURVE('',#1544,(#1548,PARAMETER_VALUE(0.)),(#1549,
    PARAMETER_VALUE(1.808693470523)),.T.,.PARAMETER.);
#1544 = LINE('',#1545,#1546);
#1545 = CARTESIAN_POINT('',(-15.,-125.,193.3));
#1546 = VECTOR('',#1547,1.);
#1547 = DIRECTION('',(-6.651901052377E-02,0.,0.997785157857));
#1548 = CARTESIAN_POINT('',(-15.,-125.,193.3));
#1549 = CARTESIAN_POINT('',(-15.1203125,-125.,195.1046875));
#1550 = TRIMMED_CURVE('',#1551,(#1555,PARAMETER_VALUE(0.)),(#1556,
    PARAMETER_VALUE(1.605168957715)),.T.,.PARAMETER.);
#1551 = LINE('',#1552,#1553);
#1552 = CARTESIAN_POINT('',(-15.1203125,-125.,195.1046875));
#1553 = VECTOR('',#1554,1.);
#1554 = DIRECTION('',(-0.224859506699,0.,0.974391195695));
#1555 = CARTESIAN_POINT('',(-15.1203125,-125.,195.1046875));
#1556 = CARTESIAN_POINT('',(-15.48125,-125.,196.66875));
#1557 = TRIMMED_CURVE('',#1558,(#1562,PARAMETER_VALUE(0.)),(#1563,
    PARAMETER_VALUE(1.453741468698)),.T.,.PARAMETER.);
#1558 = LINE('',#1559,#1560);
#1559 = CARTESIAN_POINT('',(-15.48125,-125.,196.66875));
#1560 = VECTOR('',#1561,1.);
#1561 = DIRECTION('',(-0.413802944301,0.,0.910366477463));
#1562 = CARTESIAN_POINT('',(-15.48125,-125.,196.66875));
#1563 = CARTESIAN_POINT('',(-16.0828125,-125.,197.9921875));
#1564 = TRIMMED_CURVE('',#1565,(#1569,PARAMETER_VALUE(0.)),(#1570,
    PARAMETER_VALUE(1.371773558322)),.T.,.PARAMETER.);
#1565 = LINE('',#1566,#1567);
#1566 = CARTESIAN_POINT('',(-16.0828125,-125.,197.9921875));
#1567 = VECTOR('',#1568,1.);
#1568 = DIRECTION('',(-0.613940613515,0.,0.789352217376));
#1569 = CARTESIAN_POINT('',(-16.0828125,-125.,197.9921875));
#1570 = CARTESIAN_POINT('',(-16.925,-125.,199.075));
#1571 = TRIMMED_CURVE('',#1572,(#1576,PARAMETER_VALUE(0.)),(#1577,
    PARAMETER_VALUE(1.371773558322)),.T.,.PARAMETER.);
#1572 = LINE('',#1573,#1574);
#1573 = CARTESIAN_POINT('',(-16.925,-125.,199.075));
#1574 = VECTOR('',#1575,1.);
#1575 = DIRECTION('',(-0.789352217376,0.,0.613940613515));
#1576 = CARTESIAN_POINT('',(-16.925,-125.,199.075));
#1577 = CARTESIAN_POINT('',(-18.0078125,-125.,199.9171875));
#1578 = TRIMMED_CURVE('',#1579,(#1583,PARAMETER_VALUE(0.)),(#1584,
    PARAMETER_VALUE(1.453741468698)),.T.,.PARAMETER.);
#1579 = LINE('',#1580,#1581);
#1580 = CARTESIAN_POINT('',(-18.0078125,-125.,199.9171875));
#1581 = VECTOR('',#1582,1.);
#1582 = DIRECTION('',(-0.910366477463,0.,0.413802944301));
#1583 = CARTESIAN_POINT('',(-18.0078125,-125.,199.9171875));
#1584 = CARTESIAN_POINT('',(-19.33125,-125.,200.51875));
#1585 = TRIMMED_CURVE('',#1586,(#1590,PARAMETER_VALUE(0.)),(#1591,
    PARAMETER_VALUE(1.605168957715)),.T.,.PARAMETER.);
#1586 = LINE('',#1587,#1588);
#1587 = CARTESIAN_POINT('',(-19.33125,-125.,200.51875));
#1588 = VECTOR('',#1589,1.);
#1589 = DIRECTION('',(-0.974391195695,0.,0.224859506699));
#1590 = CARTESIAN_POINT('',(-19.33125,-125.,200.51875));
#1591 = CARTESIAN_POINT('',(-20.8953125,-125.,200.8796875));
#1592 = TRIMMED_CURVE('',#1593,(#1597,PARAMETER_VALUE(0.)),(#1598,
    PARAMETER_VALUE(1.808693470523)),.T.,.PARAMETER.);
#1593 = LINE('',#1594,#1595);
#1594 = CARTESIAN_POINT('',(-20.8953125,-125.,200.8796875));
#1595 = VECTOR('',#1596,1.);
#1596 = DIRECTION('',(-0.997785157857,0.,6.651901052378E-02));
#1597 = CARTESIAN_POINT('',(-20.8953125,-125.,200.8796875));
#1598 = CARTESIAN_POINT('',(-22.7,-125.,201.));
#1599 = TRIMMED_CURVE('',#1600,(#1604,PARAMETER_VALUE(0.)),(#1605,
    PARAMETER_VALUE(244.6)),.T.,.PARAMETER.);
#1600 = LINE('',#1601,#1602);
#1601 = CARTESIAN_POINT('',(-22.7,-125.,201.));
#1602 = VECTOR('',#1603,1.);
#1603 = DIRECTION('',(-1.,0.,0.));
#1604 = CARTESIAN_POINT('',(-22.7,-125.,201.));
#1605 = CARTESIAN_POINT('',(-267.3,-125.,201.));
#1606 = TRIMMED_CURVE('',#1607,(#1611,PARAMETER_VALUE(0.)),(#1612,
    PARAMETER_VALUE(1.808693470523)),.T.,.PARAMETER.);
#1607 = LINE('',#1608,#1609);
#1608 = CARTESIAN_POINT('',(-267.3,-125.,201.));
#1609 = VECTOR('',#1610,1.);
#1610 = DIRECTION('',(-0.997785157857,0.,6.651901052378E-02));
#1611 = CARTESIAN_POINT('',(-267.3,-125.,201.));
#1612 = CARTESIAN_POINT('',(-269.1046875,-125.,201.1203125));
#1613 = TRIMMED_CURVE('',#1614,(#1618,PARAMETER_VALUE(0.)),(#1619,
    PARAMETER_VALUE(1.605168957715)),.T.,.PARAMETER.);
#1614 = LINE('',#1615,#1616);
#1615 = CARTESIAN_POINT('',(-269.1046875,-125.,201.1203125));
#1616 = VECTOR('',#1617,1.);
#1617 = DIRECTION('',(-0.974391195695,0.,0.224859506699));
#1618 = CARTESIAN_POINT('',(-269.1046875,-125.,201.1203125));
#1619 = CARTESIAN_POINT('',(-270.66875,-125.,201.48125));
#1620 = TRIMMED_CURVE('',#1621,(#1625,PARAMETER_VALUE(0.)),(#1626,
    PARAMETER_VALUE(1.453741468698)),.T.,.PARAMETER.);
#1621 = LINE('',#1622,#1623);
#1622 = CARTESIAN_POINT('',(-270.66875,-125.,201.48125));
#1623 = VECTOR('',#1624,1.);
#1624 = DIRECTION('',(-0.910366477463,0.,0.413802944301));
#1625 = CARTESIAN_POINT('',(-270.66875,-125.,201.48125));
#1626 = CARTESIAN_POINT('',(-271.9921875,-125.,202.0828125));
#1627 = TRIMMED_CURVE('',#1628,(#1632,PARAMETER_VALUE(0.)),(#1633,
    PARAMETER_VALUE(1.371773558322)),.T.,.PARAMETER.);
#1628 = LINE('',#1629,#1630);
#1629 = CARTESIAN_POINT('',(-271.9921875,-125.,202.0828125));
#1630 = VECTOR('',#1631,1.);
#1631 = DIRECTION('',(-0.789352217376,0.,0.613940613515));
#1632 = CARTESIAN_POINT('',(-271.9921875,-125.,202.0828125));
#1633 = CARTESIAN_POINT('',(-273.075,-125.,202.925));
#1634 = TRIMMED_CURVE('',#1635,(#1639,PARAMETER_VALUE(0.)),(#1640,
    PARAMETER_VALUE(1.371773558322)),.T.,.PARAMETER.);
#1635 = LINE('',#1636,#1637);
#1636 = CARTESIAN_POINT('',(-273.075,-125.,202.925));
#1637 = VECTOR('',#1638,1.);
#1638 = DIRECTION('',(-0.613940613515,0.,0.789352217376));
#1639 = CARTESIAN_POINT('',(-273.075,-125.,202.925));
#1640 = CARTESIAN_POINT('',(-273.9171875,-125.,204.0078125));
#1641 = TRIMMED_CURVE('',#1642,(#1646,PARAMETER_VALUE(0.)),(#1647,
    PARAMETER_VALUE(1.453741468698)),.T.,.PARAMETER.);
#1642 = LINE('',#1643,#1644);
#1643 = CARTESIAN_POINT('',(-273.9171875,-125.,204.0078125));
#1644 = VECTOR('',#1645,1.);
#1645 = DIRECTION('',(-0.413802944301,0.,0.910366477463));
#1646 = CARTESIAN_POINT('',(-273.9171875,-125.,204.0078125));
#1647 = CARTESIAN_POINT('',(-274.51875,-125.,205.33125));
#1648 = TRIMMED_CURVE('',#1649,(#1653,PARAMETER_VALUE(0.)),(#1654,
    PARAMETER_VALUE(1.605168957715)),.T.,.PARAMETER.);
#1649 = LINE('',#1650,#1651);
#1650 = CARTESIAN_POINT('',(-274.51875,-125.,205.33125));
#1651 = VECTOR('',#1652,1.);
#1652 = DIRECTION('',(-0.224859506699,0.,0.974391195695));
#1653 = CARTESIAN_POINT('',(-274.51875,-125.,205.33125));
#1654 = CARTESIAN_POINT('',(-274.8796875,-125.,206.8953125));
#1655 = TRIMMED_CURVE('',#1656,(#1660,PARAMETER_VALUE(0.)),(#1661,
    PARAMETER_VALUE(1.808693470523)),.T.,.PARAMETER.);
#1656 = LINE('',#1657,#1658);
#1657 = CARTESIAN_POINT('',(-274.8796875,-125.,206.8953125));
#1658 = VECTOR('',#1659,1.);
#1659 = DIRECTION('',(-6.651901052378E-02,0.,0.997785157857));
#1660 = CARTESIAN_POINT('',(-274.8796875,-125.,206.8953125));
#1661 = CARTESIAN_POINT('',(-275.,-125.,208.7));
#1662 = TRIMMED_CURVE('',#1663,(#1667,PARAMETER_VALUE(0.)),(#1668,
    PARAMETER_VALUE(6.6)),.T.,.PARAMETER.);
#1663 = LINE('',#1664,#1665);
#1664 = CARTESIAN_POINT('',(-275.,-125.,208.7));
#1665 = VECTOR('',#1666,1.);
#1666 = DIRECTION('',(0.,0.,1.));
#1667 = CARTESIAN_POINT('',(-275.,-125.,208.7));
#1668 = CARTESIAN_POINT('',(-275.,-125.,215.3));
#1669 = TRIMMED_CURVE('',#1670,(#1674,PARAMETER_VALUE(0.)),(#1675,
    PARAMETER_VALUE(1.808693470523)),.T.,.PARAMETER.);
#1670 = LINE('',#1671,#1672);
#1671 = CARTESIAN_POINT('',(-275.,-125.,215.3));
#1672 = VECTOR('',#1673,1.);
#1673 = DIRECTION('',(6.651901052378E-02,0.,0.997785157857));
#1674 = CARTESIAN_POINT('',(-275.,-125.,215.3));
#1675 = CARTESIAN_POINT('',(-274.8796875,-125.,217.1046875));
#1676 = TRIMMED_CURVE('',#1677,(#1681,PARAMETER_VALUE(0.)),(#1682,
    PARAMETER_VALUE(1.605168957715)),.T.,.PARAMETER.);
#1677 = LINE('',#1678,#1679);
#1678 = CARTESIAN_POINT('',(-274.8796875,-125.,217.1046875));
#1679 = VECTOR('',#1680,1.);
#1680 = DIRECTION('',(0.224859506699,0.,0.974391195695));
#1681 = CARTESIAN_POINT('',(-274.8796875,-125.,217.1046875));
#1682 = CARTESIAN_POINT('',(-274.51875,-125.,218.66875));
#1683 = TRIMMED_CURVE('',#1684,(#1688,PARAMETER_VALUE(0.)),(#1689,
    PARAMETER_VALUE(1.453741468698)),.T.,.PARAMETER.);
#1684 = LINE('',#1685,#1686);
#1685 = CARTESIAN_POINT('',(-274.51875,-125.,218.66875));
#1686 = VECTOR('',#1687,1.);
#1687 = DIRECTION('',(0.413802944301,0.,0.910366477463));
#1688 = CARTESIAN_POINT('',(-274.51875,-125.,218.66875));
#1689 = CARTESIAN_POINT('',(-273.9171875,-125.,219.9921875));
#1690 = TRIMMED_CURVE('',#1691,(#1695,PARAMETER_VALUE(0.)),(#1696,
    PARAMETER_VALUE(1.371773558322)),.T.,.PARAMETER.);
#1691 = LINE('',#1692,#1693);
#1692 = CARTESIAN_POINT('',(-273.9171875,-125.,219.9921875));
#1693 = VECTOR('',#1694,1.);
#1694 = DIRECTION('',(0.613940613515,0.,0.789352217376));
#1695 = CARTESIAN_POINT('',(-273.9171875,-125.,219.9921875));
#1696 = CARTESIAN_POINT('',(-273.075,-125.,221.075));
#1697 = TRIMMED_CURVE('',#1698,(#1702,PARAMETER_VALUE(0.)),(#1703,
    PARAMETER_VALUE(1.371773558322)),.T.,.PARAMETER.);
#1698 = LINE('',#1699,#1700);
#1699 = CARTESIAN_POINT('',(-273.075,-125.,221.075));
#1700 = VECTOR('',#1701,1.);
#1701 = DIRECTION('',(0.789352217376,0.,0.613940613515));
#1702 = CARTESIAN_POINT('',(-273.075,-125.,221.075));
#1703 = CARTESIAN_POINT('',(-271.9921875,-125.,221.9171875));
#1704 = TRIMMED_CURVE('',#1705,(#1709,PARAMETER_VALUE(0.)),(#1710,
    PARAMETER_VALUE(1.453741468698)),.T.,.PARAMETER.);
#1705 = LINE('',#1706,#1707);
#1706 = CARTESIAN_POINT('',(-271.9921875,-125.,221.9171875));
#1707 = VECTOR('',#1708,1.);
#1708 = DIRECTION('',(0.910366477463,0.,0.413802944301));
#1709 = CARTESIAN_POINT('',(-271.9921875,-125.,221.9171875));
#1710 = CARTESIAN_POINT('',(-270.66875,-125.,222.51875));
#1711 = TRIMMED_CURVE('',#1712,(#1716,PARAMETER_VALUE(0.)),(#1717,
    PARAMETER_VALUE(1.605168957715)),.T.,.PARAMETER.);
#1712 = LINE('',#1713,#1714);
#1713 = CARTESIAN_POINT('',(-270.66875,-125.,222.51875));
#1714 = VECTOR('',#1715,1.);
#1715 = DIRECTION('',(0.974391195695,0.,0.224859506699));
#1716 = CARTESIAN_POINT('',(-270.66875,-125.,222.51875));
#1717 = CARTESIAN_POINT('',(-269.1046875,-125.,222.8796875));
#1718 = TRIMMED_CURVE('',#1719,(#1723,PARAMETER_VALUE(0.)),(#1724,
    PARAMETER_VALUE(1.808693470523)),.T.,.PARAMETER.);
#1719 = LINE('',#1720,#1721);
#1720 = CARTESIAN_POINT('',(-269.1046875,-125.,222.8796875));
#1721 = VECTOR('',#1722,1.);
#1722 = DIRECTION('',(0.997785157857,0.,6.651901052378E-02));
#1723 = CARTESIAN_POINT('',(-269.1046875,-125.,222.8796875));
#1724 = CARTESIAN_POINT('',(-267.3,-125.,223.));
#1725 = TRIMMED_CURVE('',#1726,(#1730,PARAMETER_VALUE(0.)),(#1731,
    PARAMETER_VALUE(244.6)),.T.,.PARAMETER.);
#1726 = LINE('',#1727,#1728);
#1727 = CARTESIAN_POINT('',(-267.3,-125.,223.));
#1728 = VECTOR('',#1729,1.);
#1729 = DIRECTION('',(1.,0.,0.));
#1730 = CARTESIAN_POINT('',(-267.3,-125.,223.));
#1731 = CARTESIAN_POINT('',(-22.7,-125.,223.));
#1732 = TRIMMED_CURVE('',#1733,(#1737,PARAMETER_VALUE(0.)),(#1738,
    PARAMETER_VALUE(1.808693470523)),.T.,.PARAMETER.);
#1733 = LINE('',#1734,#1735);
#1734 = CARTESIAN_POINT('',(-22.7,-125.,223.));
#1735 = VECTOR('',#1736,1.);
#1736 = DIRECTION('',(0.997785157857,0.,6.651901052378E-02));
#1737 = CARTESIAN_POINT('',(-22.7,-125.,223.));
#1738 = CARTESIAN_POINT('',(-20.8953125,-125.,223.1203125));
#1739 = TRIMMED_CURVE('',#1740,(#1744,PARAMETER_VALUE(0.)),(#1745,
    PARAMETER_VALUE(1.605168957715)),.T.,.PARAMETER.);
#1740 = LINE('',#1741,#1742);
#1741 = CARTESIAN_POINT('',(-20.8953125,-125.,223.1203125));
#1742 = VECTOR('',#1743,1.);
#1743 = DIRECTION('',(0.974391195695,0.,0.224859506699));
#1744 = CARTESIAN_POINT('',(-20.8953125,-125.,223.1203125));
#1745 = CARTESIAN_POINT('',(-19.33125,-125.,223.48125));
#1746 = TRIMMED_CURVE('',#1747,(#1751,PARAMETER_VALUE(0.)),(#1752,
    PARAMETER_VALUE(1.453741468698)),.T.,.PARAMETER.);
#1747 = LINE('',#1748,#1749);
#1748 = CARTESIAN_POINT('',(-19.33125,-125.,223.48125));
#1749 = VECTOR('',#1750,1.);
#1750 = DIRECTION('',(0.910366477463,0.,0.413802944301));
#1751 = CARTESIAN_POINT('',(-19.33125,-125.,223.48125));
#1752 = CARTESIAN_POINT('',(-18.0078125,-125.,224.0828125));
#1753 = TRIMMED_CURVE('',#1754,(#1758,PARAMETER_VALUE(0.)),(#1759,
    PARAMETER_VALUE(1.371773558322)),.T.,.PARAMETER.);
#1754 = LINE('',#1755,#1756);
#1755 = CARTESIAN_POINT('',(-18.0078125,-125.,224.0828125));
#1756 = VECTOR('',#1757,1.);
#1757 = DIRECTION('',(0.789352217376,0.,0.613940613515));
#1758 = CARTESIAN_POINT('',(-18.0078125,-125.,224.0828125));
#1759 = CARTESIAN_POINT('',(-16.925,-125.,224.925));
#1760 = TRIMMED_CURVE('',#1761,(#1765,PARAMETER_VALUE(0.)),(#1766,
    PARAMETER_VALUE(1.371773558322)),.T.,.PARAMETER.);
#1761 = LINE('',#1762,#1763);
#1762 = CARTESIAN_POINT('',(-16.925,-125.,224.925));
#1763 = VECTOR('',#1764,1.);
#1764 = DIRECTION('',(0.613940613515,0.,0.789352217376));
#1765 = CARTESIAN_POINT('',(-16.925,-125.,224.925));
#1766 = CARTESIAN_POINT('',(-16.0828125,-125.,226.0078125));
#1767 = TRIMMED_CURVE('',#1768,(#1772,PARAMETER_VALUE(0.)),(#1773,
    PARAMETER_VALUE(1.453741468698)),.T.,.PARAMETER.);
#1768 = LINE('',#1769,#1770);
#1769 = CARTESIAN_POINT('',(-16.0828125,-125.,226.0078125));
#1770 = VECTOR('',#1771,1.);
#1771 = DIRECTION('',(0.413802944301,0.,0.910366477463));
#1772 = CARTESIAN_POINT('',(-16.0828125,-125.,226.0078125));
#1773 = CARTESIAN_POINT('',(-15.48125,-125.,227.33125));
#1774 = TRIMMED_CURVE('',#1775,(#1779,PARAMETER_VALUE(0.)),(#1780,
    PARAMETER_VALUE(1.605168957715)),.T.,.PARAMETER.);
#1775 = LINE('',#1776,#1777);
#1776 = CARTESIAN_POINT('',(-15.48125,-125.,227.33125));
#1777 = VECTOR('',#1778,1.);
#1778 = DIRECTION('',(0.224859506699,0.,0.974391195695));
#1779 = CARTESIAN_POINT('',(-15.48125,-125.,227.33125));
#1780 = CARTESIAN_POINT('',(-15.1203125,-125.,228.8953125));
#1781 = TRIMMED_CURVE('',#1782,(#1786,PARAMETER_VALUE(0.)),(#1787,
    PARAMETER_VALUE(1.808693470523)),.T.,.PARAMETER.);
#1782 = LINE('',#1783,#1784);
#1783 = CARTESIAN_POINT('',(-15.1203125,-125.,228.8953125));
#1784 = VECTOR('',#1785,1.);
#1785 = DIRECTION('',(6.651901052377E-02,0.,0.997785157857));
#1786 = CARTESIAN_POINT('',(-15.1203125,-125.,228.8953125));
#1787 = CARTESIAN_POINT('',(-15.,-125.,230.7));
#1788 = TRIMMED_CURVE('',#1789,(#1793,PARAMETER_VALUE(0.)),(#1794,
    PARAMETER_VALUE(6.6)),.T.,.PARAMETER.);
#1789 = LINE('',#1790,#1791);
#1790 = CARTESIAN_POINT('',(-15.,-125.,230.7));
#1791 = VECTOR('',#1792,1.);
#1792 = DIRECTION('',(0.,0.,1.));
#1793 = CARTESIAN_POINT('',(-15.,-125.,230.7));
#1794 = CARTESIAN_POINT('',(-15.,-125.,237.3));
#1795 = TRIMMED_CURVE('',#1796,(#1800,PARAMETER_VALUE(0.)),(#1801,
    PARAMETER_VALUE(1.808693470523)),.T.,.PARAMETER.);
#1796 = LINE('',#1797,#1798);
#1797 = CARTESIAN_POINT('',(-15.,-125.,237.3));
#1798 = VECTOR('',#1799,1.);
#1799 = DIRECTION('',(-6.651901052377E-02,0.,0.997785157857));
#1800 = CARTESIAN_POINT('',(-15.,-125.,237.3));
#1801 = CARTESIAN_POINT('',(-15.1203125,-125.,239.1046875));
#1802 = TRIMMED_CURVE('',#1803,(#1807,PARAMETER_VALUE(0.)),(#1808,
    PARAMETER_VALUE(1.605168957715)),.T.,.PARAMETER.);
#1803 = LINE('',#1804,#1805);
#1804 = CARTESIAN_POINT('',(-15.1203125,-125.,239.1046875));
#1805 = VECTOR('',#1806,1.);
#1806 = DIRECTION('',(-0.224859506699,0.,0.974391195695));
#1807 = CARTESIAN_POINT('',(-15.1203125,-125.,239.1046875));
#1808 = CARTESIAN_POINT('',(-15.48125,-125.,240.66875));
#1809 = TRIMMED_CURVE('',#1810,(#1814,PARAMETER_VALUE(0.)),(#1815,
    PARAMETER_VALUE(1.453741468698)),.T.,.PARAMETER.);
#1810 = LINE('',#1811,#1812);
#1811 = CARTESIAN_POINT('',(-15.48125,-125.,240.66875));
#1812 = VECTOR('',#1813,1.);
#1813 = DIRECTION('',(-0.413802944301,0.,0.910366477463));
#1814 = CARTESIAN_POINT('',(-15.48125,-125.,240.66875));
#1815 = CARTESIAN_POINT('',(-16.0828125,-125.,241.9921875));
#1816 = TRIMMED_CURVE('',#1817,(#1821,PARAMETER_VALUE(0.)),(#1822,
    PARAMETER_VALUE(1.371773558322)),.T.,.PARAMETER.);
#1817 = LINE('',#1818,#1819);
#1818 = CARTESIAN_POINT('',(-16.0828125,-125.,241.9921875));
#1819 = VECTOR('',#1820,1.);
#1820 = DIRECTION('',(-0.613940613515,0.,0.789352217376));
#1821 = CARTESIAN_POINT('',(-16.0828125,-125.,241.9921875));
#1822 = CARTESIAN_POINT('',(-16.925,-125.,243.075));
#1823 = TRIMMED_CURVE('',#1824,(#1828,PARAMETER_VALUE(0.)),(#1829,
    PARAMETER_VALUE(1.371773558322)),.T.,.PARAMETER.);
#1824 = LINE('',#1825,#1826);
#1825 = CARTESIAN_POINT('',(-16.925,-125.,243.075));
#1826 = VECTOR('',#1827,1.);
#1827 = DIRECTION('',(-0.789352217376,0.,0.613940613515));
#1828 = CARTESIAN_POINT('',(-16.925,-125.,243.075));
#1829 = CARTESIAN_POINT('',(-18.0078125,-125.,243.9171875));
#1830 = TRIMMED_CURVE('',#1831,(#1835,PARAMETER_VALUE(0.)),(#1836,
    PARAMETER_VALUE(1.453741468698)),.T.,.PARAMETER.);
#1831 = LINE('',#1832,#1833);
#1832 = CARTESIAN_POINT('',(-18.0078125,-125.,243.9171875));
#1833 = VECTOR('',#1834,1.);
#1834 = DIRECTION('',(-0.910366477463,0.,0.413802944301));
#1835 = CARTESIAN_POINT('',(-18.0078125,-125.,243.9171875));
#1836 = CARTESIAN_POINT('',(-19.33125,-125.,244.51875));
#1837 = TRIMMED_CURVE('',#1838,(#1842,PARAMETER_VALUE(0.)),(#1843,
    PARAMETER_VALUE(1.605168957715)),.T.,.PARAMETER.);
#1838 = LINE('',#1839,#1840);
#1839 = CARTESIAN_POINT('',(-19.33125,-125.,244.51875));
#1840 = VECTOR('',#1841,1.);
#1841 = DIRECTION('',(-0.974391195695,0.,0.224859506699));
#1842 = CARTESIAN_POINT('',(-19.33125,-125.,244.51875));
#1843 = CARTESIAN_POINT('',(-20.8953125,-125.,244.8796875));
#1844 = TRIMMED_CURVE('',#1845,(#1849,PARAMETER_VALUE(0.)),(#1850,
    PARAMETER_VALUE(1.808693470523)),.T.,.PARAMETER.);
#1845 = LINE('',#1846,#1847);
#1846 = CARTESIAN_POINT('',(-20.8953125,-125.,244.8796875));
#1847 = VECTOR('',#1848,1.);
#1848 = DIRECTION('',(-0.997785157857,0.,6.651901052378E-02));
#1849 = CARTESIAN_POINT('',(-20.8953125,-125.,244.8796875));
#1850 = CARTESIAN_POINT('',(-22.7,-125.,245.));
#1851 = TRIMMED_CURVE('',#1852,(#1856,PARAMETER_VALUE(0.)),(#1857,
    PARAMETER_VALUE(252.3)),.T.,.PARAMETER.);
#1852 = LINE('',#1853,#1854);
#1853 = CARTESIAN_POINT('',(-22.7,-125.,245.));
#1854 = VECTOR('',#1855,1.);
#1855 = DIRECTION('',(-1.,0.,0.));
#1856 = CARTESIAN_POINT('',(-22.7,-125.,245.));
#1857 = CARTESIAN_POINT('',(-275.,-125.,245.));
#1858 = GEOMETRIC_CURVE_SET('',(#1859,#1866,#1873,#1880,#1887,#1894,
    #1901,#1908,#1915,#1922,#1929,#1936,#1943,#1950,#1957,#1964,#1971,
    #1978,#1985,#1992,#1999,#2006,#2013,#2020,#2027,#2034,#2041,#2048));
#1859 = TRIMMED_CURVE('',#1860,(#1864,PARAMETER_VALUE(0.)),(#1865,
    PARAMETER_VALUE(13.)),.T.,.PARAMETER.);
#1860 = LINE('',#1861,#1862);
#1861 = CARTESIAN_POINT('',(-275.,-125.,245.));
#1862 = VECTOR('',#1863,1.);
#1863 = DIRECTION('',(-1.,0.,0.));
#1864 = CARTESIAN_POINT('',(-275.,-125.,245.));
#1865 = CARTESIAN_POINT('',(-288.,-125.,245.));
#1866 = TRIMMED_CURVE('',#1867,(#1871,PARAMETER_VALUE(0.)),(#1872,
    PARAMETER_VALUE(1.644266791385)),.T.,.PARAMETER.);
#1867 = LINE('',#1868,#1869);
#1868 = CARTESIAN_POINT('',(-288.,-125.,245.));
#1869 = VECTOR('',#1870,1.);
#1870 = DIRECTION('',(-0.997785157857,6.651901052377E-02,0.));
#1871 = CARTESIAN_POINT('',(-288.,-125.,245.));
#1872 = CARTESIAN_POINT('',(-289.640625,-124.890625,245.));
#1873 = TRIMMED_CURVE('',#1874,(#1878,PARAMETER_VALUE(0.)),(#1879,
    PARAMETER_VALUE(1.459244507014)),.T.,.PARAMETER.);
#1874 = LINE('',#1875,#1876);
#1875 = CARTESIAN_POINT('',(-289.640625,-124.890625,245.));
#1876 = VECTOR('',#1877,1.);
#1877 = DIRECTION('',(-0.974391195695,0.224859506699,0.));
#1878 = CARTESIAN_POINT('',(-289.640625,-124.890625,245.));
#1879 = CARTESIAN_POINT('',(-291.0625,-124.5625,245.));
#1880 = TRIMMED_CURVE('',#1881,(#1885,PARAMETER_VALUE(0.)),(#1886,
    PARAMETER_VALUE(1.321583153362)),.T.,.PARAMETER.);
#1881 = LINE('',#1882,#1883);
#1882 = CARTESIAN_POINT('',(-291.0625,-124.5625,245.));
#1883 = VECTOR('',#1884,1.);
#1884 = DIRECTION('',(-0.910366477463,0.413802944301,0.));
#1885 = CARTESIAN_POINT('',(-291.0625,-124.5625,245.));
#1886 = CARTESIAN_POINT('',(-292.265625,-124.015625,245.));
#1887 = TRIMMED_CURVE('',#1888,(#1892,PARAMETER_VALUE(0.)),(#1893,
    PARAMETER_VALUE(1.247066871202)),.T.,.PARAMETER.);
#1888 = LINE('',#1889,#1890);
#1889 = CARTESIAN_POINT('',(-292.265625,-124.015625,245.));
#1890 = VECTOR('',#1891,1.);
#1891 = DIRECTION('',(-0.789352217376,0.613940613515,0.));
#1892 = CARTESIAN_POINT('',(-292.265625,-124.015625,245.));
#1893 = CARTESIAN_POINT('',(-293.25,-123.25,245.));
#1894 = TRIMMED_CURVE('',#1895,(#1899,PARAMETER_VALUE(0.)),(#1900,
    PARAMETER_VALUE(1.247066871202)),.T.,.PARAMETER.);
#1895 = LINE('',#1896,#1897);
#1896 = CARTESIAN_POINT('',(-293.25,-123.25,245.));
#1897 = VECTOR('',#1898,1.);
#1898 = DIRECTION('',(-0.613940613515,0.789352217376,0.));
#1899 = CARTESIAN_POINT('',(-293.25,-123.25,245.));
#1900 = CARTESIAN_POINT('',(-294.015625,-122.265625,245.));
#1901 = TRIMMED_CURVE('',#1902,(#1906,PARAMETER_VALUE(0.)),(#1907,
    PARAMETER_VALUE(1.321583153362)),.T.,.PARAMETER.);
#1902 = LINE('',#1903,#1904);
#1903 = CARTESIAN_POINT('',(-294.015625,-122.265625,245.));
#1904 = VECTOR('',#1905,1.);
#1905 = DIRECTION('',(-0.413802944301,0.910366477463,0.));
#1906 = CARTESIAN_POINT('',(-294.015625,-122.265625,245.));
#1907 = CARTESIAN_POINT('',(-294.5625,-121.0625,245.));
#1908 = TRIMMED_CURVE('',#1909,(#1913,PARAMETER_VALUE(0.)),(#1914,
    PARAMETER_VALUE(1.459244507014)),.T.,.PARAMETER.);
#1909 = LINE('',#1910,#1911);
#1910 = CARTESIAN_POINT('',(-294.5625,-121.0625,245.));
#1911 = VECTOR('',#1912,1.);
#1912 = DIRECTION('',(-0.224859506699,0.974391195695,0.));
#1913 = CARTESIAN_POINT('',(-294.5625,-121.0625,245.));
#1914 = CARTESIAN_POINT('',(-294.890625,-119.640625,245.));
#1915 = TRIMMED_CURVE('',#1916,(#1920,PARAMETER_VALUE(0.)),(#1921,
    PARAMETER_VALUE(1.644266791385)),.T.,.PARAMETER.);
#1916 = LINE('',#1917,#1918);
#1917 = CARTESIAN_POINT('',(-294.890625,-119.640625,245.));
#1918 = VECTOR('',#1919,1.);
#1919 = DIRECTION('',(-6.651901052377E-02,0.997785157857,0.));
#1920 = CARTESIAN_POINT('',(-294.890625,-119.640625,245.));
#1921 = CARTESIAN_POINT('',(-295.,-118.,245.));
#1922 = TRIMMED_CURVE('',#1923,(#1927,PARAMETER_VALUE(0.)),(#1928,
    PARAMETER_VALUE(115.)),.T.,.PARAMETER.);
#1923 = LINE('',#1924,#1925);
#1924 = CARTESIAN_POINT('',(-295.,-118.,245.));
#1925 = VECTOR('',#1926,1.);
#1926 = DIRECTION('',(0.,1.,0.));
#1927 = CARTESIAN_POINT('',(-295.,-118.,245.));
#1928 = CARTESIAN_POINT('',(-295.,-3.,245.));
#1929 = TRIMMED_CURVE('',#1930,(#1934,PARAMETER_VALUE(0.)),(#1935,
    PARAMETER_VALUE(4.228114606417)),.T.,.PARAMETER.);
#1930 = LINE('',#1931,#1932);
#1931 = CARTESIAN_POINT('',(-295.,-3.,245.));
#1932 = VECTOR('',#1933,1.);
#1933 = DIRECTION('',(1.984095740739E-02,0.997785157857,
    -6.349106370364E-02));
#1934 = CARTESIAN_POINT('',(-295.,-3.,245.));
#1935 = CARTESIAN_POINT('',(-294.9161101581,1.21875,244.73155250617));
#1936 = TRIMMED_CURVE('',#1937,(#1941,PARAMETER_VALUE(0.)),(#1942,
    PARAMETER_VALUE(3.752343018036)),.T.,.PARAMETER.);
#1937 = LINE('',#1938,#1939);
#1938 = CARTESIAN_POINT('',(-294.9161101581,1.21875,244.73155250617));
#1939 = VECTOR('',#1940,1.);
#1940 = DIRECTION('',(6.706996781712E-02,0.974391195695,-0.214623897015)
  );
#1941 = CARTESIAN_POINT('',(-294.9161101581,1.21875,244.73155250617));
#1942 = CARTESIAN_POINT('',(-294.6644406327,4.875,243.92621002471));
#1943 = TRIMMED_CURVE('',#1944,(#1948,PARAMETER_VALUE(0.)),(#1949,
    PARAMETER_VALUE(3.398356680073)),.T.,.PARAMETER.);
#1944 = LINE('',#1945,#1946);
#1945 = CARTESIAN_POINT('',(-294.6644406327,4.875,243.92621002471));
#1946 = VECTOR('',#1947,1.);
#1947 = DIRECTION('',(0.123427070371,0.910366477463,-0.394966625187));
#1948 = CARTESIAN_POINT('',(-294.6644406327,4.875,243.92621002471));
#1949 = CARTESIAN_POINT('',(-294.2449914236,7.96875,242.58397255559));
#1950 = TRIMMED_CURVE('',#1951,(#1955,PARAMETER_VALUE(0.)),(#1956,
    PARAMETER_VALUE(3.206743383091)),.T.,.PARAMETER.);
#1951 = LINE('',#1952,#1953);
#1952 = CARTESIAN_POINT('',(-294.2449914236,7.96875,242.58397255559));
#1953 = VECTOR('',#1954,1.);
#1954 = DIRECTION('',(0.183123132282,0.789352217376,-0.585994023303));
#1955 = CARTESIAN_POINT('',(-294.2449914236,7.96875,242.58397255559));
#1956 = CARTESIAN_POINT('',(-293.6577625308,10.5,240.70484009884));
#1957 = TRIMMED_CURVE('',#1958,(#1962,PARAMETER_VALUE(0.)),(#1963,
    PARAMETER_VALUE(3.206743383091)),.T.,.PARAMETER.);
#1958 = LINE('',#1959,#1960);
#1959 = CARTESIAN_POINT('',(-293.6577625308,10.5,240.70484009884));
#1960 = VECTOR('',#1961,1.);
#1961 = DIRECTION('',(0.23544402722,0.613940613515,-0.753420887103));
#1962 = CARTESIAN_POINT('',(-293.6577625308,10.5,240.70484009884));
#1963 = CARTESIAN_POINT('',(-292.9027539545,12.46875,238.28881265444));
#1964 = TRIMMED_CURVE('',#1965,(#1969,PARAMETER_VALUE(0.)),(#1970,
    PARAMETER_VALUE(3.398356680073)),.T.,.PARAMETER.);
#1965 = LINE('',#1966,#1967);
#1966 = CARTESIAN_POINT('',(-292.9027539545,12.46875,238.28881265444));
#1967 = VECTOR('',#1968,1.);
#1968 = DIRECTION('',(0.271539554816,0.413802944301,-0.868926575412));
#1969 = CARTESIAN_POINT('',(-292.9027539545,12.46875,238.28881265444));
#1970 = CARTESIAN_POINT('',(-291.9799656944,13.875,235.33589022239));
#1971 = TRIMMED_CURVE('',#1972,(#1976,PARAMETER_VALUE(0.)),(#1977,
    PARAMETER_VALUE(3.752343018036)),.T.,.PARAMETER.);
#1972 = LINE('',#1973,#1974);
#1973 = CARTESIAN_POINT('',(-291.9799656944,13.875,235.33589022239));
#1974 = VECTOR('',#1975,1.);
#1975 = DIRECTION('',(0.290636527208,0.224859506699,-0.930036887064));
#1976 = CARTESIAN_POINT('',(-291.9799656944,13.875,235.33589022239));
#1977 = CARTESIAN_POINT('',(-290.8893977508,14.71875,231.8460728027));
#1978 = TRIMMED_CURVE('',#1979,(#1983,PARAMETER_VALUE(0.)),(#1984,
    PARAMETER_VALUE(4.228114606417)),.T.,.PARAMETER.);
#1979 = LINE('',#1980,#1981);
#1980 = CARTESIAN_POINT('',(-290.8893977508,14.71875,231.8460728027));
#1981 = VECTOR('',#1982,1.);
#1982 = DIRECTION('',(0.297614361111,6.651901052377E-02,-0.952365955555)
  );
#1983 = CARTESIAN_POINT('',(-290.8893977508,14.71875,231.8460728027));
#1984 = CARTESIAN_POINT('',(-289.6310501235,15.,227.81936039536));
#1985 = TRIMMED_CURVE('',#1986,(#1990,PARAMETER_VALUE(0.)),(#1991,
    PARAMETER_VALUE(55.315273071201)),.T.,.PARAMETER.);
#1986 = LINE('',#1987,#1988);
#1987 = CARTESIAN_POINT('',(-289.6310501235,15.,227.81936039536));
#1988 = VECTOR('',#1989,1.);
#1989 = DIRECTION('',(0.298274993136,0.,-0.954479978035));
#1990 = CARTESIAN_POINT('',(-289.6310501235,15.,227.81936039536));
#1991 = CARTESIAN_POINT('',(-273.1318874279,15.,175.02203976936));
#1992 = TRIMMED_CURVE('',#1993,(#1997,PARAMETER_VALUE(0.)),(#1998,
    PARAMETER_VALUE(2.514753563145)),.T.,.PARAMETER.);
#1993 = LINE('',#1994,#1995);
#1994 = CARTESIAN_POINT('',(-273.1318874279,15.,175.02203976936));
#1995 = VECTOR('',#1996,1.);
#1996 = DIRECTION('',(0.357131859393,0.,-0.934053978636));
#1997 = CARTESIAN_POINT('',(-273.1318874279,15.,175.02203976936));
#1998 = CARTESIAN_POINT('',(-272.233788812,15.,172.67312419842));
#1999 = TRIMMED_CURVE('',#2000,(#2004,PARAMETER_VALUE(0.)),(#2005,
    PARAMETER_VALUE(2.327522772543)),.T.,.PARAMETER.);
#2000 = LINE('',#2001,#2002);
#2001 = CARTESIAN_POINT('',(-272.233788812,15.,172.67312419842));
#2002 = VECTOR('',#2003,1.);
#2003 = DIRECTION('',(0.484786721363,0.,-0.874632399806));
#2004 = CARTESIAN_POINT('',(-272.233788812,15.,172.67312419842));
#2005 = CARTESIAN_POINT('',(-271.1054366782,15.,170.63739737026));
#2006 = TRIMMED_CURVE('',#2007,(#2011,PARAMETER_VALUE(0.)),(#2012,
    PARAMETER_VALUE(2.193842923338)),.T.,.PARAMETER.);
#2007 = LINE('',#2008,#2009);
#2008 = CARTESIAN_POINT('',(-271.1054366782,15.,170.63739737026));
#2009 = VECTOR('',#2010,1.);
#2010 = DIRECTION('',(0.61928118792,0.,-0.785169287662));
#2011 = CARTESIAN_POINT('',(-271.1054366782,15.,170.63739737026));
#2012 = CARTESIAN_POINT('',(-269.7468310265,15.,168.9148592849));
#2013 = TRIMMED_CURVE('',#2014,(#2018,PARAMETER_VALUE(0.)),(#2019,
    PARAMETER_VALUE(2.123850048865)),.T.,.PARAMETER.);
#2014 = LINE('',#2015,#2016);
#2015 = CARTESIAN_POINT('',(-269.7468310265,15.,168.9148592849));
#2016 = VECTOR('',#2017,1.);
#2017 = DIRECTION('',(0.748103271416,0.,-0.66358231991));
#2018 = CARTESIAN_POINT('',(-269.7468310265,15.,168.9148592849));
#2019 = CARTESIAN_POINT('',(-268.1579718569,15.,167.50550994234));
#2020 = TRIMMED_CURVE('',#2021,(#2025,PARAMETER_VALUE(0.)),(#2026,
    PARAMETER_VALUE(2.123850048865)),.T.,.PARAMETER.);
#2021 = LINE('',#2022,#2023);
#2022 = CARTESIAN_POINT('',(-268.1579718569,15.,167.50550994234));
#2023 = VECTOR('',#2024,1.);
#2024 = DIRECTION('',(0.856516536279,0.,-0.516119582152));
#2025 = CARTESIAN_POINT('',(-268.1579718569,15.,167.50550994234));
#2026 = CARTESIAN_POINT('',(-266.3388591695,15.,166.40934934256));
#2027 = TRIMMED_CURVE('',#2028,(#2032,PARAMETER_VALUE(0.)),(#2033,
    PARAMETER_VALUE(2.193842923338)),.T.,.PARAMETER.);
#2028 = LINE('',#2029,#2030);
#2029 = CARTESIAN_POINT('',(-266.3388591695,15.,166.40934934256));
#2030 = VECTOR('',#2031,1.);
#2031 = DIRECTION('',(0.934144456518,0.,-0.356895130756));
#2032 = CARTESIAN_POINT('',(-266.3388591695,15.,166.40934934256));
#2033 = CARTESIAN_POINT('',(-264.2894929642,15.,165.62637748558));
#2034 = TRIMMED_CURVE('',#2035,(#2039,PARAMETER_VALUE(0.)),(#2040,
    PARAMETER_VALUE(2.327522772543)),.T.,.PARAMETER.);
#2035 = LINE('',#2036,#2037);
#2036 = CARTESIAN_POINT('',(-264.2894929642,15.,165.62637748558));
#2037 = VECTOR('',#2038,1.);
#2038 = DIRECTION('',(0.979418869742,0.,-0.201838246109));
#2039 = CARTESIAN_POINT('',(-264.2894929642,15.,165.62637748558));
#2040 = CARTESIAN_POINT('',(-262.009873241,15.,165.15659437139));
#2041 = TRIMMED_CURVE('',#2042,(#2046,PARAMETER_VALUE(0.)),(#2047,
    PARAMETER_VALUE(2.514753563145)),.T.,.PARAMETER.);
#2042 = LINE('',#2043,#2044);
#2043 = CARTESIAN_POINT('',(-262.009873241,15.,165.15659437139));
#2044 = VECTOR('',#2045,1.);
#2045 = DIRECTION('',(0.998059323921,0.,-6.227026524244E-02));
#2046 = CARTESIAN_POINT('',(-262.009873241,15.,165.15659437139));
#2047 = CARTESIAN_POINT('',(-259.5,15.,165.));
#2048 = TRIMMED_CURVE('',#2049,(#2053,PARAMETER_VALUE(0.)),(#2054,
    PARAMETER_VALUE(19.5)),.T.,.PARAMETER.);
#2049 = LINE('',#2050,#2051);
#2050 = CARTESIAN_POINT('',(-259.5,15.,165.));
#2051 = VECTOR('',#2052,1.);
#2052 = DIRECTION('',(1.,0.,0.));
#2053 = CARTESIAN_POINT('',(-259.5,15.,165.));
#2054 = CARTESIAN_POINT('',(-240.,15.,165.));
#2055 = GEOMETRIC_CURVE_SET('',(#2056));
#2056 = TRIMMED_CURVE('',#2057,(#2061,PARAMETER_VALUE(0.)),(#2062,
    PARAMETER_VALUE(110.)),.T.,.PARAMETER.);
#2057 = LINE('',#2058,#2059);
#2058 = CARTESIAN_POINT('',(-240.,15.,165.));
#2059 = VECTOR('',#2060,1.);
#2060 = DIRECTION('',(1.,0.,0.));
#2061 = CARTESIAN_POINT('',(-240.,15.,165.));
#2062 = CARTESIAN_POINT('',(-130.,15.,165.));
#2063 = GEOMETRIC_CURVE_SET('',(#2064,#2071,#2078,#2085,#2092,#2099,
    #2106,#2113,#2120,#2127,#2134,#2141,#2148,#2155,#2162,#2169,#2176,
    #2183,#2190,#2197,#2204,#2211,#2218,#2225,#2232,#2239,#2246,#2253,
    #2260,#2267,#2274,#2281,#2288,#2295,#2302,#2309,#2316,#2323,#2330,
    #2337,#2344,#2351,#2358,#2365,#2372,#2379,#2386,#2393,#2400,#2407,
    #2414,#2421,#2428,#2435,#2442,#2449,#2456,#2463,#2470,#2477,#2484,
    #2491,#2498,#2505,#2512,#2519,#2526,#2533,#2540,#2547,#2554,#2561,
    #2568,#2575,#2582,#2589,#2596,#2603,#2610,#2617,#2624,#2631,#2638,
    #2645,#2652,#2659,#2666,#2673,#2680,#2687,#2694,#2701,#2708,#2715,
    #2722,#2729,#2736,#2743,#2750,#2757,#2764,#2771,#2778,#2785,#2792,
    #2799,#2806,#2813,#2820,#2827,#2834,#2841,#2848,#2855,#2862,#2869,
    #2876,#2883,#2890,#2897,#2904,#2911,#2918,#2925,#2932,#2939,#2946,
    #2953,#2960,#2967,#2974,#2981,#2988,#2995,#3002,#3009,#3016,#3023,
    #3030,#3037,#3044,#3051,#3058,#3065,#3072,#3079,#3086,#3093,#3100,
    #3107,#3114,#3121,#3128,#3135,#3142,#3149,#3156,#3163,#3170,#3177,
    #3184,#3191,#3198,#3205,#3212,#3219,#3226,#3233,#3240,#3247,#3254,
    #3261,#3268,#3275,#3282,#3289,#3296,#3303,#3310,#3317,#3324,#3331,
    #3338,#3345,#3352,#3359,#3366,#3373,#3380,#3387,#3394,#3401,#3408,
    #3415,#3422,#3429,#3436,#3443,#3450,#3457,#3464,#3471,#3478,#3485,
    #3492,#3499,#3506,#3513,#3520,#3527,#3534,#3541,#3548,#3555,#3562,
    #3569,#3576,#3583,#3590,#3597,#3604,#3611,#3618,#3625,#3632,#3639,
    #3646,#3653,#3660,#3667,#3674,#3681,#3688,#3695,#3702,#3709,#3716,
    #3723,#3730,#3737,#3744,#3751,#3758,#3765,#3772,#3779,#3786,#3793,
    #3800,#3807,#3814,#3821,#3828,#3835,#3842,#3849,#3856,#3863,#3870,
    #3877,#3884,#3891,#3898,#3905,#3912,#3919,#3926,#3933,#3940,#3947,
    #3954,#3961,#3968,#3975,#3982,#3989,#3996,#4003,#4010,#4017,#4024,
    #4031,#4038,#4045,#4052,#4059,#4066,#4073,#4080,#4087,#4094,#4101,
    #4108,#4115,#4122,#4129,#4136,#4143,#4150,#4157,#4164,#4171,#4178,
    #4185,#4192,#4199,#4206,#4213,#4220,#4227,#4234,#4241,#4248,#4255,
    #4262,#4269,#4276,#4283,#4290,#4297,#4304,#4311,#4318,#4325,#4332,
    #4339,#4346,#4353,#4360,#4367,#4374,#4381,#4388,#4395,#4402,#4409,
    #4416,#4423,#4430,#4437,#4444,#4451,#4458,#4465,#4472,#4479,#4486,
    #4493,#4500,#4507,#4514,#4521,#4528,#4535,#4542,#4549,#4556,#4563,
    #4570,#4577,#4584,#4591,#4598,#4605,#4612,#4619,#4626,#4633,#4640,
    #4647,#4654,#4661,#4668,#4675,#4682,#4689,#4696,#4703,#4710,#4717,
    #4724,#4731,#4738,#4745,#4752,#4759,#4766,#4773,#4780,#4787,#4794,
    #4801,#4808,#4815,#4822,#4829,#4836,#4843,#4850,#4857,#4864,#4871,
    #4878,#4885,#4892,#4899,#4906,#4913,#4920,#4927,#4934,#4941,#4948,
    #4955,#4962,#4969,#4976,#4983,#4990,#4997,#5004,#5011,#5018,#5025,
    #5032,#5039,#5046,#5053,#5060,#5067,#5074,#5081,#5088,#5095,#5102,
    #5109,#5116,#5123,#5130,#5137,#5144,#5151,#5158,#5165,#5172,#5179,
    #5186,#5193,#5200,#5207,#5214,#5221,#5228,#5235,#5242,#5249,#5256,
    #5263,#5270,#5277,#5284,#5291,#5298,#5305,#5312,#5319,#5326,#5333,
    #5340,#5347,#5354,#5361,#5368,#5375,#5382,#5389,#5396,#5403,#5410,
    #5417,#5424,#5431,#5438,#5445,#5452,#5459,#5466,#5473,#5480,#5487,
    #5494,#5501,#5508,#5515,#5522,#5529,#5536,#5543,#5550,#5557,#5564,
    #5571,#5578,#5585,#5592,#5599,#5606,#5613,#5620,#5627,#5634,#5641,
    #5648,#5655,#5662,#5669,#5676,#5683,#5690,#5697,#5704,#5711,#5718,
    #5725,#5732,#5739,#5746,#5753,#5760,#5767,#5774,#5781,#5788,#5795,
    #5802,#5809,#5816,#5823,#5830,#5837,#5844,#5851,#5858,#5865,#5872,
    #5879,#5886,#5893,#5900,#5907,#5914,#5921,#5928,#5935,#5942,#5949,
    #5956,#5963,#5970,#5977,#5984,#5991,#5998,#6005,#6012,#6019,#6026,
    #6033,#6040,#6047,#6054,#6061,#6068,#6075,#6082,#6089,#6096,#6103,
    #6110,#6117,#6124,#6131,#6138,#6145,#6152,#6159,#6166,#6173,#6180,
    #6187,#6194,#6201,#6208,#6215,#6222,#6229,#6236,#6243,#6250,#6257,
    #6264,#6271,#6278,#6285,#6292,#6299,#6306,#6313,#6320,#6327,#6334,
    #6341,#6348,#6355,#6362,#6369,#6376,#6383,#6390,#6397,#6404,#6411,
    #6418,#6425,#6432,#6439,#6446,#6453,#6460,#6467,#6474,#6481,#6488,
    #6495,#6502,#6509,#6516,#6523,#6530,#6537,#6544,#6551,#6558,#6565,
    #6572,#6579,#6586,#6593,#6600,#6607,#6614,#6621,#6628,#6635,#6642,
    #6649,#6656,#6663,#6670,#6677,#6684,#6691,#6698,#6705,#6712,#6719,
    #6726,#6733,#6740,#6747,#6754,#6761,#6768,#6775,#6782,#6789,#6796,
    #6803,#6810,#6817,#6824,#6831,#6838,#6845,#6852,#6859,#6866,#6873,
    #6880,#6887,#6894,#6901,#6908,#6915,#6922,#6929,#6936,#6943,#6950,
    #6957,#6964,#6971,#6978,#6985,#6992,#6999,#7006,#7013,#7020,#7027,
    #7034,#7041,#7048,#7055,#7062,#7069,#7076,#7083,#7090,#7097,#7104,
    #7111,#7118,#7125,#7132,#7139,#7146,#7153,#7160,#7167,#7174,#7181,
    #7188,#7195,#7202,#7209,#7216,#7223,#7230,#7237,#7244,#7251,#7258,
    #7265,#7272,#7279,#7286,#7293,#7300,#7307,#7314,#7321,#7328,#7335,
    #7342,#7349,#7356,#7363,#7370,#7377,#7384,#7391,#7398,#7405,#7412,
    #7419,#7426,#7433,#7440,#7447,#7454,#7461,#7468,#7475,#7482,#7489,
    #7496,#7503,#7510,#7517,#7524,#7531,#7538,#7545,#7552,#7559,#7566,
    #7573,#7580,#7587,#7594,#7601,#7608,#7615,#7622,#7629,#7636,#7643,
    #7650,#7657,#7664,#7671,#7678,#7685,#7692,#7699,#7706,#7713,#7720,
    #7727,#7734,#7741,#7748,#7755,#7762,#7769,#7776,#7783,#7790,#7797,
    #7804,#7811,#7818,#7825,#7832,#7839,#7846,#7853,#7860,#7867,#7874,
    #7881,#7888,#7895,#7902,#7909,#7916,#7923,#7930,#7937,#7944,#7951,
    #7958,#7965,#7972,#7979,#7986,#7993,#8000,#8007,#8014,#8021,#8028,
    #8035,#8042,#8049,#8056,#8063,#8070,#8077,#8084,#8091,#8098,#8105,
    #8112,#8119,#8126,#8133,#8140,#8147,#8154,#8161,#8168,#8175,#8182,
    #8189,#8196,#8203,#8210,#8217,#8224,#8231,#8238,#8245,#8252,#8259,
    #8266,#8273,#8280,#8287,#8294,#8301,#8308,#8315,#8322,#8329,#8336,
    #8343,#8350,#8357,#8364,#8371,#8378,#8385,#8392,#8399,#8406,#8413,
    #8420,#8427,#8434,#8441,#8448,#8455,#8462,#8469,#8476,#8483,#8490,
    #8497,#8504,#8511,#8518,#8525,#8532,#8539,#8546,#8553,#8560,#8567,
    #8574,#8581,#8588,#8595,#8602,#8609,#8616));
#2064 = TRIMMED_CURVE('',#2065,(#2069,PARAMETER_VALUE(0.)),(#2070,
    PARAMETER_VALUE(30.)),.T.,.PARAMETER.);
#2065 = LINE('',#2066,#2067);
#2066 = CARTESIAN_POINT('',(-130.,15.,165.));
#2067 = VECTOR('',#2068,1.);
#2068 = DIRECTION('',(1.,0.,0.));
#2069 = CARTESIAN_POINT('',(-130.,15.,165.));
#2070 = CARTESIAN_POINT('',(-100.,15.,165.));
#2071 = TRIMMED_CURVE('',#2072,(#2076,PARAMETER_VALUE(0.)),(#2077,
    PARAMETER_VALUE(2.348952559121)),.T.,.PARAMETER.);
#2072 = LINE('',#2073,#2074);
#2073 = CARTESIAN_POINT('',(-100.,15.,165.));
#2074 = VECTOR('',#2075,1.);
#2075 = DIRECTION('',(0.997785157857,6.618888932712E-02,
    6.618888932716E-03));
#2076 = CARTESIAN_POINT('',(-100.,15.,165.));
#2077 = CARTESIAN_POINT('',(-97.65625,15.15547456097,165.01554745609));
#2078 = TRIMMED_CURVE('',#2079,(#2083,PARAMETER_VALUE(0.)),(#2084,
    PARAMETER_VALUE(2.08463501002)),.T.,.PARAMETER.);
#2079 = LINE('',#2080,#2081);
#2080 = CARTESIAN_POINT('',(-97.65625,15.15547456097,165.01554745609));
#2081 = VECTOR('',#2082,1.);
#2082 = DIRECTION('',(0.974391195695,0.223743571738,2.237435717375E-02)
  );
#2083 = CARTESIAN_POINT('',(-97.65625,15.15547456097,165.01554745609));
#2084 = CARTESIAN_POINT('',(-95.625,15.621898243881,165.06218982438));
#2085 = TRIMMED_CURVE('',#2086,(#2090,PARAMETER_VALUE(0.)),(#2091,
    PARAMETER_VALUE(1.887975933374)),.T.,.PARAMETER.);
#2086 = LINE('',#2087,#2088);
#2087 = CARTESIAN_POINT('',(-95.625,15.621898243881,165.06218982438));
#2088 = VECTOR('',#2089,1.);
#2089 = DIRECTION('',(0.910366477463,0.411749318998,4.11749318998E-02));
#2090 = CARTESIAN_POINT('',(-95.625,15.621898243881,165.06218982438));
#2091 = CARTESIAN_POINT('',(-93.90625,16.399271048733,165.13992710487));
#2092 = TRIMMED_CURVE('',#2093,(#2097,PARAMETER_VALUE(0.)),(#2098,
    PARAMETER_VALUE(1.781524101717)),.T.,.PARAMETER.);
#2093 = LINE('',#2094,#2095);
#2094 = CARTESIAN_POINT('',(-93.90625,16.399271048733,165.13992710487));
#2095 = VECTOR('',#2096,1.);
#2096 = DIRECTION('',(0.789352217376,0.610893743028,6.108937430278E-02)
  );
#2097 = CARTESIAN_POINT('',(-93.90625,16.399271048733,165.13992710487));
#2098 = CARTESIAN_POINT('',(-92.5,17.487592975525,165.24875929755));
#2099 = TRIMMED_CURVE('',#2100,(#2104,PARAMETER_VALUE(0.)),(#2105,
    PARAMETER_VALUE(1.781524101717)),.T.,.PARAMETER.);
#2100 = LINE('',#2101,#2102);
#2101 = CARTESIAN_POINT('',(-92.5,17.487592975525,165.24875929755));
#2102 = VECTOR('',#2103,1.);
#2103 = DIRECTION('',(0.613940613515,0.785434812464,7.854348124641E-02)
  );
#2104 = CARTESIAN_POINT('',(-92.5,17.487592975525,165.24875929755));
#2105 = CARTESIAN_POINT('',(-91.40625,18.886864024258,165.38868640242));
#2106 = TRIMMED_CURVE('',#2107,(#2111,PARAMETER_VALUE(0.)),(#2112,
    PARAMETER_VALUE(1.887975933374)),.T.,.PARAMETER.);
#2107 = LINE('',#2108,#2109);
#2108 = CARTESIAN_POINT('',(-91.40625,18.886864024258,165.38868640242));
#2109 = VECTOR('',#2110,1.);
#2110 = DIRECTION('',(0.413802944301,0.905848501796,9.058485017958E-02)
  );
#2111 = CARTESIAN_POINT('',(-91.40625,18.886864024258,165.38868640242));
#2112 = CARTESIAN_POINT('',(-90.625,20.597084194931,165.55970841949));
#2113 = TRIMMED_CURVE('',#2114,(#2118,PARAMETER_VALUE(0.)),(#2119,
    PARAMETER_VALUE(2.08463501002)),.T.,.PARAMETER.);
#2114 = LINE('',#2115,#2116);
#2115 = CARTESIAN_POINT('',(-90.625,20.597084194931,165.55970841949));
#2116 = VECTOR('',#2117,1.);
#2117 = DIRECTION('',(0.224859506699,0.969555477529,9.695554775293E-02)
  );
#2118 = CARTESIAN_POINT('',(-90.625,20.597084194931,165.55970841949));
#2119 = CARTESIAN_POINT('',(-90.15625,22.618253487545,165.76182534875));
#2120 = TRIMMED_CURVE('',#2121,(#2125,PARAMETER_VALUE(0.)),(#2126,
    PARAMETER_VALUE(2.348952559121)),.T.,.PARAMETER.);
#2121 = LINE('',#2122,#2123);
#2122 = CARTESIAN_POINT('',(-90.15625,22.618253487545,165.76182534875));
#2123 = VECTOR('',#2124,1.);
#2124 = DIRECTION('',(6.651901052377E-02,0.992833339907,
    9.928333399069E-02));
#2125 = CARTESIAN_POINT('',(-90.15625,22.618253487545,165.76182534875));
#2126 = CARTESIAN_POINT('',(-90.,24.9503719021,165.99503719021));
#2127 = TRIMMED_CURVE('',#2128,(#2132,PARAMETER_VALUE(0.)),(#2133,
    PARAMETER_VALUE(38.600367044545)),.T.,.PARAMETER.);
#2128 = LINE('',#2129,#2130);
#2129 = CARTESIAN_POINT('',(-90.,24.9503719021,165.99503719021));
#2130 = VECTOR('',#2131,1.);
#2131 = DIRECTION('',(0.,0.99503719021,9.9503719021E-02));
#2132 = CARTESIAN_POINT('',(-90.,24.9503719021,165.99503719021));
#2133 = CARTESIAN_POINT('',(-90.,63.359172667178,169.83591726671));
#2134 = TRIMMED_CURVE('',#2135,(#2139,PARAMETER_VALUE(0.)),(#2140,
    PARAMETER_VALUE(0.389975539125)),.T.,.PARAMETER.);
#2135 = LINE('',#2136,#2137);
#2136 = CARTESIAN_POINT('',(-90.,63.359172667178,169.83591726671));
#2137 = VECTOR('',#2138,1.);
#2138 = DIRECTION('',(6.565951500969E-02,0.992602866696,0.102119425753)
  );
#2139 = CARTESIAN_POINT('',(-90.,63.359172667178,169.83591726671));
#2140 = CARTESIAN_POINT('',(-89.97439439523,63.746263505255,
    169.87574134483));
#2141 = TRIMMED_CURVE('',#2142,(#2146,PARAMETER_VALUE(0.)),(#2147,
    PARAMETER_VALUE(0.351406668907)),.T.,.PARAMETER.);
#2142 = LINE('',#2143,#2144);
#2143 = CARTESIAN_POINT('',(-89.97439439523,63.746263505255,
    169.87574134483));
#2144 = VECTOR('',#2145,1.);
#2145 = DIRECTION('',(0.218598054877,0.969984004232,0.106517237747));
#2146 = CARTESIAN_POINT('',(-89.97439439523,63.746263505255,
    169.87574134483));
#2147 = CARTESIAN_POINT('',(-89.89757758094,64.087122353076,
    169.91317221252));
#2148 = TRIMMED_CURVE('',#2149,(#2153,PARAMETER_VALUE(0.)),(#2154,
    PARAMETER_VALUE(0.323146712052)),.T.,.PARAMETER.);
#2149 = LINE('',#2150,#2151);
#2150 = CARTESIAN_POINT('',(-89.89757758094,64.087122353076,
    169.91317221252));
#2151 = VECTOR('',#2152,1.);
#2152 = DIRECTION('',(0.396191633856,0.911743324551,0.108426470009));
#2153 = CARTESIAN_POINT('',(-89.89757758094,64.087122353076,
    169.91317221252));
#2154 = CARTESIAN_POINT('',(-89.76954955711,64.38174921064,
    169.94820986981));
#2155 = TRIMMED_CURVE('',#2156,(#2160,PARAMETER_VALUE(0.)),(#2161,
    PARAMETER_VALUE(0.308046056279)),.T.,.PARAMETER.);
#2156 = LINE('',#2157,#2158);
#2157 = CARTESIAN_POINT('',(-89.76954955711,64.38174921064,
    169.94820986981));
#2158 = VECTOR('',#2159,1.);
#2159 = DIRECTION('',(0.58185855556,0.806356264736,0.105972617414));
#2160 = CARTESIAN_POINT('',(-89.76954955711,64.38174921064,
    169.94820986981));
#2161 = CARTESIAN_POINT('',(-89.59031032376,64.630144077948,
    169.98085431667));
#2162 = TRIMMED_CURVE('',#2163,(#2167,PARAMETER_VALUE(0.)),(#2168,
    PARAMETER_VALUE(0.308046056279)),.T.,.PARAMETER.);
#2163 = LINE('',#2164,#2165);
#2164 = CARTESIAN_POINT('',(-89.59031032376,64.630144077948,
    169.98085431667));
#2165 = VECTOR('',#2166,1.);
#2166 = DIRECTION('',(0.748103857149,0.656274842448,9.820361545352E-02)
  );
#2167 = CARTESIAN_POINT('',(-89.59031032376,64.630144077948,
    169.98085431667));
#2168 = CARTESIAN_POINT('',(-89.35985988088,64.832306954999,
    170.01110555313));
#2169 = TRIMMED_CURVE('',#2170,(#2174,PARAMETER_VALUE(0.)),(#2175,
    PARAMETER_VALUE(0.323146712052)),.T.,.PARAMETER.);
#2170 = LINE('',#2171,#2172);
#2171 = CARTESIAN_POINT('',(-89.35985988088,64.832306954999,
    170.01110555313));
#2172 = VECTOR('',#2173,1.);
#2173 = DIRECTION('',(0.871621594483,0.482538986098,8.620860122876E-02)
  );
#2174 = CARTESIAN_POINT('',(-89.35985988088,64.832306954999,
    170.01110555313));
#2175 = CARTESIAN_POINT('',(-89.07819822847,64.988237841793,
    170.03896357917));
#2176 = TRIMMED_CURVE('',#2177,(#2181,PARAMETER_VALUE(0.)),(#2182,
    PARAMETER_VALUE(0.351406668907)),.T.,.PARAMETER.);
#2177 = LINE('',#2178,#2179);
#2178 = CARTESIAN_POINT('',(-89.07819822847,64.988237841793,
    170.03896357917));
#2179 = VECTOR('',#2180,1.);
#2180 = DIRECTION('',(0.947258237799,0.312170787422,7.24653738125E-02));
#2181 = CARTESIAN_POINT('',(-89.07819822847,64.988237841793,
    170.03896357917));
#2182 = CARTESIAN_POINT('',(-88.74532536653,65.097936738331,
    170.06442839479));
#2183 = TRIMMED_CURVE('',#2184,(#2188,PARAMETER_VALUE(0.)),(#2189,
    PARAMETER_VALUE(0.389975539125)),.T.,.PARAMETER.);
#2184 = LINE('',#2185,#2186);
#2185 = CARTESIAN_POINT('',(-88.74532536653,65.097936738331,
    170.06442839479));
#2186 = VECTOR('',#2187,1.);
#2187 = DIRECTION('',(0.984892725145,0.162745864584,5.916167270206E-02)
  );
#2188 = CARTESIAN_POINT('',(-88.74532536653,65.097936738331,
    170.06442839479));
#2189 = CARTESIAN_POINT('',(-88.36124129506,65.161403644613,170.0875));
#2190 = TRIMMED_CURVE('',#2191,(#2195,PARAMETER_VALUE(0.)),(#2196,
    PARAMETER_VALUE(1.413438052337)),.T.,.PARAMETER.);
#2191 = LINE('',#2192,#2193);
#2192 = CARTESIAN_POINT('',(-88.36124129506,65.161403644613,170.0875));
#2193 = VECTOR('',#2194,1.);
#2194 = DIRECTION('',(0.993782724467,9.787905516485E-02,
    5.306210617155E-02));
#2195 = CARTESIAN_POINT('',(-88.36124129506,65.161403644613,170.0875));
#2196 = CARTESIAN_POINT('',(-86.95659097654,65.29974962571,170.1625));
#2197 = TRIMMED_CURVE('',#2198,(#2202,PARAMETER_VALUE(0.)),(#2203,
    PARAMETER_VALUE(0.41178967207)),.T.,.PARAMETER.);
#2198 = LINE('',#2199,#2200);
#2199 = CARTESIAN_POINT('',(-86.95659097654,65.29974962571,170.1625));
#2200 = VECTOR('',#2201,1.);
#2201 = DIRECTION('',(0.992510727983,0.110002415527,5.312177911121E-02)
  );
#2202 = CARTESIAN_POINT('',(-86.95659097654,65.29974962571,170.1625));
#2203 = CARTESIAN_POINT('',(-86.54788530934,65.345047484327,170.184375)
  );
#2204 = TRIMMED_CURVE('',#2205,(#2209,PARAMETER_VALUE(0.)),(#2210,
    PARAMETER_VALUE(0.411047637765)),.T.,.PARAMETER.);
#2205 = LINE('',#2206,#2207);
#2206 = CARTESIAN_POINT('',(-86.54788530934,65.345047484327,170.184375)
  );
#2207 = VECTOR('',#2208,1.);
#2208 = DIRECTION('',(0.989514624999,0.134270942036,5.321767598261E-02)
  );
#2209 = CARTESIAN_POINT('',(-86.54788530934,65.345047484327,170.184375)
  );
#2210 = CARTESIAN_POINT('',(-86.1411476602,65.400239237871,170.20625));
#2211 = TRIMMED_CURVE('',#2212,(#2216,PARAMETER_VALUE(0.)),(#2217,
    PARAMETER_VALUE(0.410552203142)),.T.,.PARAMETER.);
#2212 = LINE('',#2213,#2214);
#2213 = CARTESIAN_POINT('',(-86.1411476602,65.400239237871,170.20625));
#2214 = VECTOR('',#2215,1.);
#2215 = DIRECTION('',(0.985915135712,0.158531967369,5.328189651068E-02)
  );
#2216 = CARTESIAN_POINT('',(-86.1411476602,65.400239237871,170.20625));
#2217 = CARTESIAN_POINT('',(-85.73637802912,65.465324886343,170.228125)
  );
#2218 = TRIMMED_CURVE('',#2219,(#2223,PARAMETER_VALUE(0.)),(#2224,
    PARAMETER_VALUE(0.410304261495)),.T.,.PARAMETER.);
#2219 = LINE('',#2220,#2221);
#2220 = CARTESIAN_POINT('',(-85.73637802912,65.465324886343,170.228125)
  );
#2221 = VECTOR('',#2222,1.);
#2222 = DIRECTION('',(0.981714427112,0.182741322565,5.331409408304E-02)
  );
#2223 = CARTESIAN_POINT('',(-85.73637802912,65.465324886343,170.228125)
  );
#2224 = CARTESIAN_POINT('',(-85.33357641611,65.540304429742,170.25));
#2225 = TRIMMED_CURVE('',#2226,(#2230,PARAMETER_VALUE(0.)),(#2231,
    PARAMETER_VALUE(0.410304261495)),.T.,.PARAMETER.);
#2226 = LINE('',#2227,#2228);
#2227 = CARTESIAN_POINT('',(-85.33357641611,65.540304429742,170.25));
#2228 = VECTOR('',#2229,1.);
#2229 = DIRECTION('',(0.976917942534,0.206854878908,5.331409408304E-02)
  );
#2230 = CARTESIAN_POINT('',(-85.33357641611,65.540304429742,170.25));
#2231 = CARTESIAN_POINT('',(-84.93274282116,65.625177868069,170.271875)
  );
#2232 = TRIMMED_CURVE('',#2233,(#2237,PARAMETER_VALUE(0.)),(#2238,
    PARAMETER_VALUE(0.410552203142)),.T.,.PARAMETER.);
#2233 = LINE('',#2234,#2235);
#2234 = CARTESIAN_POINT('',(-84.93274282116,65.625177868069,170.271875)
  );
#2235 = VECTOR('',#2236,1.);
#2236 = DIRECTION('',(0.97153437209,0.230828948254,5.328189651061E-02));
#2237 = CARTESIAN_POINT('',(-84.93274282116,65.625177868069,170.271875)
  );
#2238 = CARTESIAN_POINT('',(-84.53387724427,65.719945201324,170.29375));
#2239 = TRIMMED_CURVE('',#2240,(#2244,PARAMETER_VALUE(0.)),(#2245,
    PARAMETER_VALUE(0.411047637765)),.T.,.PARAMETER.);
#2240 = LINE('',#2241,#2242);
#2241 = CARTESIAN_POINT('',(-84.53387724427,65.719945201324,170.29375));
#2242 = VECTOR('',#2243,1.);
#2243 = DIRECTION('',(0.965575574123,0.254620677912,5.321767598268E-02)
  );
#2244 = CARTESIAN_POINT('',(-84.53387724427,65.719945201324,170.29375));
#2245 = CARTESIAN_POINT('',(-84.13697968544,65.824606429505,170.315625)
  );
#2246 = TRIMMED_CURVE('',#2247,(#2251,PARAMETER_VALUE(0.)),(#2252,
    PARAMETER_VALUE(0.41178967207)),.T.,.PARAMETER.);
#2247 = LINE('',#2248,#2249);
#2248 = CARTESIAN_POINT('',(-84.13697968544,65.824606429505,170.315625)
  );
#2249 = VECTOR('',#2250,1.);
#2250 = DIRECTION('',(0.959056449324,0.278188431811,5.312177911121E-02)
  );
#2251 = CARTESIAN_POINT('',(-84.13697968544,65.824606429505,170.315625)
  );
#2252 = CARTESIAN_POINT('',(-83.74205014468,65.939161552615,170.3375));
#2253 = TRIMMED_CURVE('',#2254,(#2258,PARAMETER_VALUE(0.)),(#2259,
    PARAMETER_VALUE(1.413438052337)),.T.,.PARAMETER.);
#2254 = LINE('',#2255,#2256);
#2255 = CARTESIAN_POINT('',(-83.74205014468,65.939161552615,170.3375));
#2256 = VECTOR('',#2257,1.);
#2257 = DIRECTION('',(0.955592211685,0.289875728296,5.306210617155E-02)
  );
#2258 = CARTESIAN_POINT('',(-83.74205014468,65.939161552615,170.3375));
#2259 = CARTESIAN_POINT('',(-82.39137975016,66.348882937437,170.4125));
#2260 = TRIMMED_CURVE('',#2261,(#2265,PARAMETER_VALUE(0.)),(#2266,
    PARAMETER_VALUE(0.41178967207)),.T.,.PARAMETER.);
#2261 = LINE('',#2262,#2263);
#2262 = CARTESIAN_POINT('',(-82.39137975016,66.348882937437,170.4125));
#2263 = VECTOR('',#2264,1.);
#2264 = DIRECTION('',(0.951979505981,0.301517987485,5.312177911121E-02)
  );
#2265 = CARTESIAN_POINT('',(-82.39137975016,66.348882937437,170.4125));
#2266 = CARTESIAN_POINT('',(-81.99936442158,66.473044930626,170.434375)
  );
#2267 = TRIMMED_CURVE('',#2268,(#2272,PARAMETER_VALUE(0.)),(#2273,
    PARAMETER_VALUE(0.411047637765)),.T.,.PARAMETER.);
#2268 = LINE('',#2269,#2270);
#2269 = CARTESIAN_POINT('',(-81.99936442158,66.473044930626,170.434375)
  );
#2270 = VECTOR('',#2271,1.);
#2271 = DIRECTION('',(0.944306417624,0.324735690366,5.321767598261E-02)
  );
#2272 = CARTESIAN_POINT('',(-81.99936442158,66.473044930626,170.434375)
  );
#2273 = CARTESIAN_POINT('',(-81.61120949929,66.606526769049,170.45625));
#2274 = TRIMMED_CURVE('',#2275,(#2279,PARAMETER_VALUE(0.)),(#2280,
    PARAMETER_VALUE(0.410552203142)),.T.,.PARAMETER.);
#2275 = LINE('',#2276,#2277);
#2276 = CARTESIAN_POINT('',(-81.61120949929,66.606526769049,170.45625));
#2277 = VECTOR('',#2278,1.);
#2278 = DIRECTION('',(0.936043000269,0.347828321376,5.328189651068E-02)
  );
#2279 = CARTESIAN_POINT('',(-81.61120949929,66.606526769049,170.45625));
#2280 = CARTESIAN_POINT('',(-81.22691498329,66.749328452705,170.478125)
  );
#2281 = TRIMMED_CURVE('',#2282,(#2286,PARAMETER_VALUE(0.)),(#2287,
    PARAMETER_VALUE(0.410304261495)),.T.,.PARAMETER.);
#2282 = LINE('',#2283,#2284);
#2283 = CARTESIAN_POINT('',(-81.22691498329,66.749328452705,170.478125)
  );
#2284 = VECTOR('',#2285,1.);
#2285 = DIRECTION('',(0.927199996206,0.370752983006,5.331409408304E-02)
  );
#2286 = CARTESIAN_POINT('',(-81.22691498329,66.749328452705,170.478125)
  );
#2287 = CARTESIAN_POINT('',(-80.84648087359,66.901449981594,170.5));
#2288 = TRIMMED_CURVE('',#2289,(#2293,PARAMETER_VALUE(0.)),(#2294,
    PARAMETER_VALUE(0.410304261495)),.T.,.PARAMETER.);
#2289 = LINE('',#2290,#2291);
#2290 = CARTESIAN_POINT('',(-80.84648087359,66.901449981594,170.5));
#2291 = VECTOR('',#2292,1.);
#2292 = DIRECTION('',(0.917791353262,0.393467456405,5.331409408304E-02)
  );
#2293 = CARTESIAN_POINT('',(-80.84648087359,66.901449981594,170.5));
#2294 = CARTESIAN_POINT('',(-80.46990717019,67.062891355717,170.521875)
  );
#2295 = TRIMMED_CURVE('',#2296,(#2300,PARAMETER_VALUE(0.)),(#2301,
    PARAMETER_VALUE(0.410552203142)),.T.,.PARAMETER.);
#2296 = LINE('',#2297,#2298);
#2297 = CARTESIAN_POINT('',(-80.46990717019,67.062891355717,170.521875)
  );
#2298 = VECTOR('',#2299,1.);
#2299 = DIRECTION('',(0.907834117706,0.415930588239,5.328189651061E-02)
  );
#2300 = CARTESIAN_POINT('',(-80.46990717019,67.062891355717,170.521875)
  );
#2301 = CARTESIAN_POINT('',(-80.09719387307,67.233652575072,170.54375));
#2302 = TRIMMED_CURVE('',#2303,(#2307,PARAMETER_VALUE(0.)),(#2308,
    PARAMETER_VALUE(0.411047637765)),.T.,.PARAMETER.);
#2303 = LINE('',#2304,#2305);
#2304 = CARTESIAN_POINT('',(-80.09719387307,67.233652575072,170.54375));
#2305 = VECTOR('',#2306,1.);
#2306 = DIRECTION('',(0.897348280171,0.438102662669,5.321767598268E-02)
  );
#2307 = CARTESIAN_POINT('',(-80.09719387307,67.233652575072,170.54375));
#2308 = CARTESIAN_POINT('',(-79.72834098226,67.413733639661,170.565625)
  );
#2309 = TRIMMED_CURVE('',#2310,(#2314,PARAMETER_VALUE(0.)),(#2315,
    PARAMETER_VALUE(0.41178967207)),.T.,.PARAMETER.);
#2310 = LINE('',#2311,#2312);
#2311 = CARTESIAN_POINT('',(-79.72834098226,67.413733639661,170.565625)
  );
#2312 = VECTOR('',#2313,1.);
#2313 = DIRECTION('',(0.88635657783,0.459945750629,5.31217791112E-02));
#2314 = CARTESIAN_POINT('',(-79.72834098226,67.413733639661,170.565625)
  );
#2315 = CARTESIAN_POINT('',(-79.36334849774,67.603134549483,170.5875));
#2316 = TRIMMED_CURVE('',#2317,(#2321,PARAMETER_VALUE(0.)),(#2322,
    PARAMETER_VALUE(1.413438052337)),.T.,.PARAMETER.);
#2317 = LINE('',#2318,#2319);
#2318 = CARTESIAN_POINT('',(-79.36334849774,67.603134549483,170.5875));
#2319 = VECTOR('',#2320,1.);
#2320 = DIRECTION('',(0.880678826111,0.470732639752,5.306210617155E-02)
  );
#2321 = CARTESIAN_POINT('',(-79.36334849774,67.603134549483,170.5875));
#2322 = CARTESIAN_POINT('',(-78.11856353302,68.268485974985,170.6625));
#2323 = TRIMMED_CURVE('',#2324,(#2328,PARAMETER_VALUE(0.)),(#2329,
    PARAMETER_VALUE(0.41178967207)),.T.,.PARAMETER.);
#2324 = LINE('',#2325,#2326);
#2325 = CARTESIAN_POINT('',(-78.11856353302,68.268485974985,170.6625));
#2326 = VECTOR('',#2327,1.);
#2327 = DIRECTION('',(0.874864245439,0.481446392276,5.312177911121E-02)
  );
#2328 = CARTESIAN_POINT('',(-78.11856353302,68.268485974985,170.6625));
#2329 = CARTESIAN_POINT('',(-77.75830347229,68.46674062698,170.684375));
#2330 = TRIMMED_CURVE('',#2331,(#2335,PARAMETER_VALUE(0.)),(#2336,
    PARAMETER_VALUE(0.411047637765)),.T.,.PARAMETER.);
#2331 = LINE('',#2332,#2333);
#2332 = CARTESIAN_POINT('',(-77.75830347229,68.46674062698,170.684375));
#2333 = VECTOR('',#2334,1.);
#2334 = DIRECTION('',(0.862809044192,0.502721028228,5.321767598261E-02)
  );
#2335 = CARTESIAN_POINT('',(-77.75830347229,68.46674062698,170.684375));
#2336 = CARTESIAN_POINT('',(-77.40364785283,68.673382918089,170.70625));
#2337 = TRIMMED_CURVE('',#2338,(#2342,PARAMETER_VALUE(0.)),(#2343,
    PARAMETER_VALUE(0.410552203142)),.T.,.PARAMETER.);
#2338 = LINE('',#2339,#2340);
#2339 = CARTESIAN_POINT('',(-77.40364785283,68.673382918089,170.70625));
#2340 = VECTOR('',#2341,1.);
#2341 = DIRECTION('',(0.850199257265,0.523757828056,5.328189651067E-02)
  );
#2342 = CARTESIAN_POINT('',(-77.40364785283,68.673382918089,170.70625));
#2343 = CARTESIAN_POINT('',(-77.05459667465,68.88841284831,170.728125));
#2344 = TRIMMED_CURVE('',#2345,(#2349,PARAMETER_VALUE(0.)),(#2350,
    PARAMETER_VALUE(0.410304261495)),.T.,.PARAMETER.);
#2345 = LINE('',#2346,#2347);
#2346 = CARTESIAN_POINT('',(-77.05459667465,68.88841284831,170.728125));
#2347 = VECTOR('',#2348,1.);
#2348 = DIRECTION('',(0.837053789426,0.544516814231,5.331409408304E-02)
  );
#2349 = CARTESIAN_POINT('',(-77.05459667465,68.88841284831,170.728125));
#2350 = CARTESIAN_POINT('',(-76.71114993775,69.111830417644,170.75));
#2351 = TRIMMED_CURVE('',#2352,(#2356,PARAMETER_VALUE(0.)),(#2357,
    PARAMETER_VALUE(0.410304261495)),.T.,.PARAMETER.);
#2352 = LINE('',#2353,#2354);
#2353 = CARTESIAN_POINT('',(-76.71114993775,69.111830417644,170.75));
#2354 = VECTOR('',#2355,1.);
#2355 = DIRECTION('',(0.823394556988,0.564959300211,5.331409408304E-02)
  );
#2356 = CARTESIAN_POINT('',(-76.71114993775,69.111830417644,170.75));
#2357 = CARTESIAN_POINT('',(-76.37330764213,69.343635626092,170.771875)
  );
#2358 = TRIMMED_CURVE('',#2359,(#2363,PARAMETER_VALUE(0.)),(#2364,
    PARAMETER_VALUE(0.410552203142)),.T.,.PARAMETER.);
#2359 = LINE('',#2360,#2361);
#2360 = CARTESIAN_POINT('',(-76.37330764213,69.343635626092,170.771875)
  );
#2361 = VECTOR('',#2362,1.);
#2362 = DIRECTION('',(0.809246307298,0.585048248975,5.328189651061E-02)
  );
#2363 = CARTESIAN_POINT('',(-76.37330764213,69.343635626092,170.771875)
  );
#2364 = CARTESIAN_POINT('',(-76.04106978778,69.583828473652,170.79375));
#2365 = TRIMMED_CURVE('',#2366,(#2370,PARAMETER_VALUE(0.)),(#2371,
    PARAMETER_VALUE(0.411047637765)),.T.,.PARAMETER.);
#2366 = LINE('',#2367,#2368);
#2367 = CARTESIAN_POINT('',(-76.04106978778,69.583828473652,170.79375));
#2368 = VECTOR('',#2369,1.);
#2369 = DIRECTION('',(0.79463639505,0.60474860779,5.321767598268E-02));
#2370 = CARTESIAN_POINT('',(-76.04106978778,69.583828473652,170.79375));
#2371 = CARTESIAN_POINT('',(-75.71443637471,69.832408960326,170.815625)
  );
#2372 = TRIMMED_CURVE('',#2373,(#2377,PARAMETER_VALUE(0.)),(#2378,
    PARAMETER_VALUE(0.41178967207)),.T.,.PARAMETER.);
#2373 = LINE('',#2374,#2375);
#2374 = CARTESIAN_POINT('',(-75.71443637471,69.832408960326,170.815625)
  );
#2375 = VECTOR('',#2376,1.);
#2376 = DIRECTION('',(0.779594520124,0.624027612191,5.312177911121E-02)
  );
#2377 = CARTESIAN_POINT('',(-75.71443637471,69.832408960326,170.815625)
  );
#2378 = CARTESIAN_POINT('',(-75.39340740292,70.089377086113,170.8375));
#2379 = TRIMMED_CURVE('',#2380,(#2384,PARAMETER_VALUE(0.)),(#2385,
    PARAMETER_VALUE(1.413438052337)),.T.,.PARAMETER.);
#2380 = LINE('',#2381,#2382);
#2381 = CARTESIAN_POINT('',(-75.39340740292,70.089377086113,170.8375));
#2382 = VECTOR('',#2383,1.);
#2383 = DIRECTION('',(0.77192144714,0.633499559853,5.306210617155E-02));
#2384 = CARTESIAN_POINT('',(-75.39340740292,70.089377086113,170.8375));
#2385 = CARTESIAN_POINT('',(-74.30234425612,70.984789470148,170.9125));
#2386 = TRIMMED_CURVE('',#2387,(#2391,PARAMETER_VALUE(0.)),(#2392,
    PARAMETER_VALUE(0.41178967207)),.T.,.PARAMETER.);
#2387 = LINE('',#2388,#2389);
#2388 = CARTESIAN_POINT('',(-74.30234425612,70.984789470148,170.9125));
#2389 = VECTOR('',#2390,1.);
#2390 = DIRECTION('',(0.764128442575,0.642873082211,5.312177911121E-02)
  );
#2391 = CARTESIAN_POINT('',(-74.30234425612,70.984789470148,170.9125));
#2392 = CARTESIAN_POINT('',(-73.98768405533,71.249517965855,170.934375)
  );
#2393 = TRIMMED_CURVE('',#2394,(#2398,PARAMETER_VALUE(0.)),(#2399,
    PARAMETER_VALUE(0.411047637765)),.T.,.PARAMETER.);
#2394 = LINE('',#2395,#2396);
#2395 = CARTESIAN_POINT('',(-73.98768405533,71.249517965855,170.934375)
  );
#2396 = VECTOR('',#2397,1.);
#2397 = DIRECTION('',(0.748154403061,0.661387078906,5.321767598261E-02)
  );
#2398 = CARTESIAN_POINT('',(-73.98768405533,71.249517965855,170.934375)
  );
#2399 = CARTESIAN_POINT('',(-73.68015695527,71.521379562287,170.95625));
#2400 = TRIMMED_CURVE('',#2401,(#2405,PARAMETER_VALUE(0.)),(#2406,
    PARAMETER_VALUE(0.410552203142)),.T.,.PARAMETER.);
#2401 = LINE('',#2402,#2403);
#2402 = CARTESIAN_POINT('',(-73.68015695527,71.521379562287,170.95625));
#2403 = VECTOR('',#2404,1.);
#2404 = DIRECTION('',(0.731682833601,0.679559615131,5.328189651068E-02)
  );
#2405 = CARTESIAN_POINT('',(-73.68015695527,71.521379562287,170.95625));
#2406 = CARTESIAN_POINT('',(-73.37976295594,71.800374259446,170.978125)
  );
#2407 = TRIMMED_CURVE('',#2408,(#2412,PARAMETER_VALUE(0.)),(#2413,
    PARAMETER_VALUE(0.410304261495)),.T.,.PARAMETER.);
#2408 = LINE('',#2409,#2410);
#2409 = CARTESIAN_POINT('',(-73.37976295594,71.800374259446,170.978125)
  );
#2410 = VECTOR('',#2411,1.);
#2411 = DIRECTION('',(0.714740074943,0.697355169654,5.331409408304E-02)
  );
#2412 = CARTESIAN_POINT('',(-73.37976295594,71.800374259446,170.978125)
  );
#2413 = CARTESIAN_POINT('',(-73.08650205733,72.08650205733,171.));
#2414 = TRIMMED_CURVE('',#2415,(#2419,PARAMETER_VALUE(0.)),(#2420,
    PARAMETER_VALUE(0.410304261495)),.T.,.PARAMETER.);
#2415 = LINE('',#2416,#2417);
#2416 = CARTESIAN_POINT('',(-73.08650205733,72.08650205733,171.));
#2417 = VECTOR('',#2418,1.);
#2418 = DIRECTION('',(0.697355169654,0.714740074943,5.331409408304E-02)
  );
#2419 = CARTESIAN_POINT('',(-73.08650205733,72.08650205733,171.));
#2420 = CARTESIAN_POINT('',(-72.80037425944,72.37976295594,171.021875));
#2421 = TRIMMED_CURVE('',#2422,(#2426,PARAMETER_VALUE(0.)),(#2427,
    PARAMETER_VALUE(0.410552203142)),.T.,.PARAMETER.);
#2422 = LINE('',#2423,#2424);
#2423 = CARTESIAN_POINT('',(-72.80037425944,72.37976295594,171.021875));
#2424 = VECTOR('',#2425,1.);
#2425 = DIRECTION('',(0.679559615131,0.731682833601,5.32818965106E-02));
#2426 = CARTESIAN_POINT('',(-72.80037425944,72.37976295594,171.021875));
#2427 = CARTESIAN_POINT('',(-72.52137956228,72.680156955276,171.04375));
#2428 = TRIMMED_CURVE('',#2429,(#2433,PARAMETER_VALUE(0.)),(#2434,
    PARAMETER_VALUE(0.411047637765)),.T.,.PARAMETER.);
#2429 = LINE('',#2430,#2431);
#2430 = CARTESIAN_POINT('',(-72.52137956228,72.680156955276,171.04375));
#2431 = VECTOR('',#2432,1.);
#2432 = DIRECTION('',(0.661387078906,0.748154403061,5.321767598268E-02)
  );
#2433 = CARTESIAN_POINT('',(-72.52137956228,72.680156955276,171.04375));
#2434 = CARTESIAN_POINT('',(-72.24951796585,72.987684055338,171.065625)
  );
#2435 = TRIMMED_CURVE('',#2436,(#2440,PARAMETER_VALUE(0.)),(#2441,
    PARAMETER_VALUE(0.41178967207)),.T.,.PARAMETER.);
#2436 = LINE('',#2437,#2438);
#2437 = CARTESIAN_POINT('',(-72.24951796585,72.987684055338,171.065625)
  );
#2438 = VECTOR('',#2439,1.);
#2439 = DIRECTION('',(0.642873082211,0.764128442575,5.312177911121E-02)
  );
#2440 = CARTESIAN_POINT('',(-72.24951796585,72.987684055338,171.065625)
  );
#2441 = CARTESIAN_POINT('',(-71.98478947014,73.302344256125,171.0875));
#2442 = TRIMMED_CURVE('',#2443,(#2447,PARAMETER_VALUE(0.)),(#2448,
    PARAMETER_VALUE(1.413438052337)),.T.,.PARAMETER.);
#2443 = LINE('',#2444,#2445);
#2444 = CARTESIAN_POINT('',(-71.98478947014,73.302344256125,171.0875));
#2445 = VECTOR('',#2446,1.);
#2446 = DIRECTION('',(0.633499559853,0.77192144714,5.306210617155E-02));
#2447 = CARTESIAN_POINT('',(-71.98478947014,73.302344256125,171.0875));
#2448 = CARTESIAN_POINT('',(-71.08937708611,74.393407402927,171.1625));
#2449 = TRIMMED_CURVE('',#2450,(#2454,PARAMETER_VALUE(0.)),(#2455,
    PARAMETER_VALUE(0.41178967207)),.T.,.PARAMETER.);
#2450 = LINE('',#2451,#2452);
#2451 = CARTESIAN_POINT('',(-71.08937708611,74.393407402927,171.1625));
#2452 = VECTOR('',#2453,1.);
#2453 = DIRECTION('',(0.624027612191,0.779594520124,5.312177911121E-02)
  );
#2454 = CARTESIAN_POINT('',(-71.08937708611,74.393407402927,171.1625));
#2455 = CARTESIAN_POINT('',(-70.83240896032,74.714436374717,171.184375)
  );
#2456 = TRIMMED_CURVE('',#2457,(#2461,PARAMETER_VALUE(0.)),(#2462,
    PARAMETER_VALUE(0.411047637765)),.T.,.PARAMETER.);
#2457 = LINE('',#2458,#2459);
#2458 = CARTESIAN_POINT('',(-70.83240896032,74.714436374717,171.184375)
  );
#2459 = VECTOR('',#2460,1.);
#2460 = DIRECTION('',(0.60474860779,0.79463639505,5.321767598261E-02));
#2461 = CARTESIAN_POINT('',(-70.83240896032,74.714436374717,171.184375)
  );
#2462 = CARTESIAN_POINT('',(-70.58382847365,75.041069787784,171.20625));
#2463 = TRIMMED_CURVE('',#2464,(#2468,PARAMETER_VALUE(0.)),(#2469,
    PARAMETER_VALUE(0.410552203142)),.T.,.PARAMETER.);
#2464 = LINE('',#2465,#2466);
#2465 = CARTESIAN_POINT('',(-70.58382847365,75.041069787784,171.20625));
#2466 = VECTOR('',#2467,1.);
#2467 = DIRECTION('',(0.585048248975,0.809246307298,5.328189651068E-02)
  );
#2468 = CARTESIAN_POINT('',(-70.58382847365,75.041069787784,171.20625));
#2469 = CARTESIAN_POINT('',(-70.34363562609,75.37330764213,171.228125));
#2470 = TRIMMED_CURVE('',#2471,(#2475,PARAMETER_VALUE(0.)),(#2476,
    PARAMETER_VALUE(0.410304261495)),.T.,.PARAMETER.);
#2471 = LINE('',#2472,#2473);
#2472 = CARTESIAN_POINT('',(-70.34363562609,75.37330764213,171.228125));
#2473 = VECTOR('',#2474,1.);
#2474 = DIRECTION('',(0.564959300211,0.823394556988,5.331409408304E-02)
  );
#2475 = CARTESIAN_POINT('',(-70.34363562609,75.37330764213,171.228125));
#2476 = CARTESIAN_POINT('',(-70.11183041764,75.711149937753,171.25));
#2477 = TRIMMED_CURVE('',#2478,(#2482,PARAMETER_VALUE(0.)),(#2483,
    PARAMETER_VALUE(0.410304261495)),.T.,.PARAMETER.);
#2478 = LINE('',#2479,#2480);
#2479 = CARTESIAN_POINT('',(-70.11183041764,75.711149937753,171.25));
#2480 = VECTOR('',#2481,1.);
#2481 = DIRECTION('',(0.544516814231,0.837053789426,5.331409408304E-02)
  );
#2482 = CARTESIAN_POINT('',(-70.11183041764,75.711149937753,171.25));
#2483 = CARTESIAN_POINT('',(-69.88841284831,76.054596674655,171.271875)
  );
#2484 = TRIMMED_CURVE('',#2485,(#2489,PARAMETER_VALUE(0.)),(#2490,
    PARAMETER_VALUE(0.410552203142)),.T.,.PARAMETER.);
#2485 = LINE('',#2486,#2487);
#2486 = CARTESIAN_POINT('',(-69.88841284831,76.054596674655,171.271875)
  );
#2487 = VECTOR('',#2488,1.);
#2488 = DIRECTION('',(0.523757828056,0.850199257265,5.328189651061E-02)
  );
#2489 = CARTESIAN_POINT('',(-69.88841284831,76.054596674655,171.271875)
  );
#2490 = CARTESIAN_POINT('',(-69.67338291808,76.403647852834,171.29375));
#2491 = TRIMMED_CURVE('',#2492,(#2496,PARAMETER_VALUE(0.)),(#2497,
    PARAMETER_VALUE(0.411047637765)),.T.,.PARAMETER.);
#2492 = LINE('',#2493,#2494);
#2493 = CARTESIAN_POINT('',(-69.67338291808,76.403647852834,171.29375));
#2494 = VECTOR('',#2495,1.);
#2495 = DIRECTION('',(0.502721028228,0.862809044192,5.321767598268E-02)
  );
#2496 = CARTESIAN_POINT('',(-69.67338291808,76.403647852834,171.29375));
#2497 = CARTESIAN_POINT('',(-69.46674062698,76.758303472292,171.315625)
  );
#2498 = TRIMMED_CURVE('',#2499,(#2503,PARAMETER_VALUE(0.)),(#2504,
    PARAMETER_VALUE(0.41178967207)),.T.,.PARAMETER.);
#2499 = LINE('',#2500,#2501);
#2500 = CARTESIAN_POINT('',(-69.46674062698,76.758303472292,171.315625)
  );
#2501 = VECTOR('',#2502,1.);
#2502 = DIRECTION('',(0.481446392276,0.874864245439,5.312177911121E-02)
  );
#2503 = CARTESIAN_POINT('',(-69.46674062698,76.758303472292,171.315625)
  );
#2504 = CARTESIAN_POINT('',(-69.26848597498,77.118563533027,171.3375));
#2505 = TRIMMED_CURVE('',#2506,(#2510,PARAMETER_VALUE(0.)),(#2511,
    PARAMETER_VALUE(1.413438052337)),.T.,.PARAMETER.);
#2506 = LINE('',#2507,#2508);
#2507 = CARTESIAN_POINT('',(-69.26848597498,77.118563533027,171.3375));
#2508 = VECTOR('',#2509,1.);
#2509 = DIRECTION('',(0.470732639752,0.880678826111,5.306210617155E-02)
  );
#2510 = CARTESIAN_POINT('',(-69.26848597498,77.118563533027,171.3375));
#2511 = CARTESIAN_POINT('',(-68.60313454948,78.36334849774,171.4125));
#2512 = TRIMMED_CURVE('',#2513,(#2517,PARAMETER_VALUE(0.)),(#2518,
    PARAMETER_VALUE(0.41178967207)),.T.,.PARAMETER.);
#2513 = LINE('',#2514,#2515);
#2514 = CARTESIAN_POINT('',(-68.60313454948,78.36334849774,171.4125));
#2515 = VECTOR('',#2516,1.);
#2516 = DIRECTION('',(0.459945750629,0.88635657783,5.31217791112E-02));
#2517 = CARTESIAN_POINT('',(-68.60313454948,78.36334849774,171.4125));
#2518 = CARTESIAN_POINT('',(-68.41373363966,78.728340982262,171.434375)
  );
#2519 = TRIMMED_CURVE('',#2520,(#2524,PARAMETER_VALUE(0.)),(#2525,
    PARAMETER_VALUE(0.411047637765)),.T.,.PARAMETER.);
#2520 = LINE('',#2521,#2522);
#2521 = CARTESIAN_POINT('',(-68.41373363966,78.728340982262,171.434375)
  );
#2522 = VECTOR('',#2523,1.);
#2523 = DIRECTION('',(0.438102662669,0.897348280171,5.321767598261E-02)
  );
#2524 = CARTESIAN_POINT('',(-68.41373363966,78.728340982262,171.434375)
  );
#2525 = CARTESIAN_POINT('',(-68.23365257507,79.097193873078,171.45625));
#2526 = TRIMMED_CURVE('',#2527,(#2531,PARAMETER_VALUE(0.)),(#2532,
    PARAMETER_VALUE(0.410552203142)),.T.,.PARAMETER.);
#2527 = LINE('',#2528,#2529);
#2528 = CARTESIAN_POINT('',(-68.23365257507,79.097193873078,171.45625));
#2529 = VECTOR('',#2530,1.);
#2530 = DIRECTION('',(0.415930588239,0.907834117706,5.328189651068E-02)
  );
#2531 = CARTESIAN_POINT('',(-68.23365257507,79.097193873078,171.45625));
#2532 = CARTESIAN_POINT('',(-68.06289135571,79.46990717019,171.478125));
#2533 = TRIMMED_CURVE('',#2534,(#2538,PARAMETER_VALUE(0.)),(#2539,
    PARAMETER_VALUE(0.410304261495)),.T.,.PARAMETER.);
#2534 = LINE('',#2535,#2536);
#2535 = CARTESIAN_POINT('',(-68.06289135571,79.46990717019,171.478125));
#2536 = VECTOR('',#2537,1.);
#2537 = DIRECTION('',(0.393467456405,0.917791353262,5.331409408304E-02)
  );
#2538 = CARTESIAN_POINT('',(-68.06289135571,79.46990717019,171.478125));
#2539 = CARTESIAN_POINT('',(-67.90144998159,79.846480873596,171.5));
#2540 = TRIMMED_CURVE('',#2541,(#2545,PARAMETER_VALUE(0.)),(#2546,
    PARAMETER_VALUE(0.410304261495)),.T.,.PARAMETER.);
#2541 = LINE('',#2542,#2543);
#2542 = CARTESIAN_POINT('',(-67.90144998159,79.846480873596,171.5));
#2543 = VECTOR('',#2544,1.);
#2544 = DIRECTION('',(0.370752983006,0.927199996206,5.331409408304E-02)
  );
#2545 = CARTESIAN_POINT('',(-67.90144998159,79.846480873596,171.5));
#2546 = CARTESIAN_POINT('',(-67.7493284527,80.226914983297,171.521875));
#2547 = TRIMMED_CURVE('',#2548,(#2552,PARAMETER_VALUE(0.)),(#2553,
    PARAMETER_VALUE(0.410552203142)),.T.,.PARAMETER.);
#2548 = LINE('',#2549,#2550);
#2549 = CARTESIAN_POINT('',(-67.7493284527,80.226914983297,171.521875));
#2550 = VECTOR('',#2551,1.);
#2551 = DIRECTION('',(0.347828321376,0.936043000269,5.328189651061E-02)
  );
#2552 = CARTESIAN_POINT('',(-67.7493284527,80.226914983297,171.521875));
#2553 = CARTESIAN_POINT('',(-67.60652676904,80.611209499293,171.54375));
#2554 = TRIMMED_CURVE('',#2555,(#2559,PARAMETER_VALUE(0.)),(#2560,
    PARAMETER_VALUE(0.411047637765)),.T.,.PARAMETER.);
#2555 = LINE('',#2556,#2557);
#2556 = CARTESIAN_POINT('',(-67.60652676904,80.611209499293,171.54375));
#2557 = VECTOR('',#2558,1.);
#2558 = DIRECTION('',(0.324735690366,0.944306417624,5.321767598268E-02)
  );
#2559 = CARTESIAN_POINT('',(-67.60652676904,80.611209499293,171.54375));
#2560 = CARTESIAN_POINT('',(-67.47304493062,80.999364421584,171.565625)
  );
#2561 = TRIMMED_CURVE('',#2562,(#2566,PARAMETER_VALUE(0.)),(#2567,
    PARAMETER_VALUE(0.41178967207)),.T.,.PARAMETER.);
#2562 = LINE('',#2563,#2564);
#2563 = CARTESIAN_POINT('',(-67.47304493062,80.999364421584,171.565625)
  );
#2564 = VECTOR('',#2565,1.);
#2565 = DIRECTION('',(0.301517987485,0.951979505981,5.312177911121E-02)
  );
#2566 = CARTESIAN_POINT('',(-67.47304493062,80.999364421584,171.565625)
  );
#2567 = CARTESIAN_POINT('',(-67.34888293743,81.391379750169,171.5875));
#2568 = TRIMMED_CURVE('',#2569,(#2573,PARAMETER_VALUE(0.)),(#2574,
    PARAMETER_VALUE(1.413438052337)),.T.,.PARAMETER.);
#2569 = LINE('',#2570,#2571);
#2570 = CARTESIAN_POINT('',(-67.34888293743,81.391379750169,171.5875));
#2571 = VECTOR('',#2572,1.);
#2572 = DIRECTION('',(0.289875728296,0.955592211685,5.306210617155E-02)
  );
#2573 = CARTESIAN_POINT('',(-67.34888293743,81.391379750169,171.5875));
#2574 = CARTESIAN_POINT('',(-66.93916155261,82.742050144682,171.6625));
#2575 = TRIMMED_CURVE('',#2576,(#2580,PARAMETER_VALUE(0.)),(#2581,
    PARAMETER_VALUE(0.41178967207)),.T.,.PARAMETER.);
#2576 = LINE('',#2577,#2578);
#2577 = CARTESIAN_POINT('',(-66.93916155261,82.742050144682,171.6625));
#2578 = VECTOR('',#2579,1.);
#2579 = DIRECTION('',(0.278188431811,0.959056449324,5.312177911121E-02)
  );
#2580 = CARTESIAN_POINT('',(-66.93916155261,82.742050144682,171.6625));
#2581 = CARTESIAN_POINT('',(-66.8246064295,83.136979685446,171.684375));
#2582 = TRIMMED_CURVE('',#2583,(#2587,PARAMETER_VALUE(0.)),(#2588,
    PARAMETER_VALUE(0.411047637765)),.T.,.PARAMETER.);
#2583 = LINE('',#2584,#2585);
#2584 = CARTESIAN_POINT('',(-66.8246064295,83.136979685446,171.684375));
#2585 = VECTOR('',#2586,1.);
#2586 = DIRECTION('',(0.254620677912,0.965575574123,5.321767598261E-02)
  );
#2587 = CARTESIAN_POINT('',(-66.8246064295,83.136979685446,171.684375));
#2588 = CARTESIAN_POINT('',(-66.71994520132,83.533877244273,171.70625));
#2589 = TRIMMED_CURVE('',#2590,(#2594,PARAMETER_VALUE(0.)),(#2595,
    PARAMETER_VALUE(0.410552203142)),.T.,.PARAMETER.);
#2590 = LINE('',#2591,#2592);
#2591 = CARTESIAN_POINT('',(-66.71994520132,83.533877244273,171.70625));
#2592 = VECTOR('',#2593,1.);
#2593 = DIRECTION('',(0.230828948254,0.97153437209,5.328189651067E-02));
#2594 = CARTESIAN_POINT('',(-66.71994520132,83.533877244273,171.70625));
#2595 = CARTESIAN_POINT('',(-66.62517786806,83.932742821162,171.728125)
  );
#2596 = TRIMMED_CURVE('',#2597,(#2601,PARAMETER_VALUE(0.)),(#2602,
    PARAMETER_VALUE(0.410304261495)),.T.,.PARAMETER.);
#2597 = LINE('',#2598,#2599);
#2598 = CARTESIAN_POINT('',(-66.62517786806,83.932742821162,171.728125)
  );
#2599 = VECTOR('',#2600,1.);
#2600 = DIRECTION('',(0.206854878908,0.976917942534,5.331409408304E-02)
  );
#2601 = CARTESIAN_POINT('',(-66.62517786806,83.932742821162,171.728125)
  );
#2602 = CARTESIAN_POINT('',(-66.54030442974,84.333576416114,171.75));
#2603 = TRIMMED_CURVE('',#2604,(#2608,PARAMETER_VALUE(0.)),(#2609,
    PARAMETER_VALUE(0.410304261495)),.T.,.PARAMETER.);
#2604 = LINE('',#2605,#2606);
#2605 = CARTESIAN_POINT('',(-66.54030442974,84.333576416114,171.75));
#2606 = VECTOR('',#2607,1.);
#2607 = DIRECTION('',(0.182741322565,0.981714427112,5.331409408304E-02)
  );
#2608 = CARTESIAN_POINT('',(-66.54030442974,84.333576416114,171.75));
#2609 = CARTESIAN_POINT('',(-66.46532488634,84.736378029129,171.771875)
  );
#2610 = TRIMMED_CURVE('',#2611,(#2615,PARAMETER_VALUE(0.)),(#2616,
    PARAMETER_VALUE(0.410552203142)),.T.,.PARAMETER.);
#2611 = LINE('',#2612,#2613);
#2612 = CARTESIAN_POINT('',(-66.46532488634,84.736378029129,171.771875)
  );
#2613 = VECTOR('',#2614,1.);
#2614 = DIRECTION('',(0.158531967369,0.985915135712,5.32818965106E-02));
#2615 = CARTESIAN_POINT('',(-66.46532488634,84.736378029129,171.771875)
  );
#2616 = CARTESIAN_POINT('',(-66.40023923787,85.141147660206,171.79375));
#2617 = TRIMMED_CURVE('',#2618,(#2622,PARAMETER_VALUE(0.)),(#2623,
    PARAMETER_VALUE(0.411047637765)),.T.,.PARAMETER.);
#2618 = LINE('',#2619,#2620);
#2619 = CARTESIAN_POINT('',(-66.40023923787,85.141147660206,171.79375));
#2620 = VECTOR('',#2621,1.);
#2621 = DIRECTION('',(0.134270942036,0.989514624999,5.321767598268E-02)
  );
#2622 = CARTESIAN_POINT('',(-66.40023923787,85.141147660206,171.79375));
#2623 = CARTESIAN_POINT('',(-66.34504748432,85.547885309346,171.815625)
  );
#2624 = TRIMMED_CURVE('',#2625,(#2629,PARAMETER_VALUE(0.)),(#2630,
    PARAMETER_VALUE(0.41178967207)),.T.,.PARAMETER.);
#2625 = LINE('',#2626,#2627);
#2626 = CARTESIAN_POINT('',(-66.34504748432,85.547885309346,171.815625)
  );
#2627 = VECTOR('',#2628,1.);
#2628 = DIRECTION('',(0.110002415527,0.992510727983,5.312177911121E-02)
  );
#2629 = CARTESIAN_POINT('',(-66.34504748432,85.547885309346,171.815625)
  );
#2630 = CARTESIAN_POINT('',(-66.29974962571,85.956590976548,171.8375));
#2631 = TRIMMED_CURVE('',#2632,(#2636,PARAMETER_VALUE(0.)),(#2637,
    PARAMETER_VALUE(1.413438052337)),.T.,.PARAMETER.);
#2632 = LINE('',#2633,#2634);
#2633 = CARTESIAN_POINT('',(-66.29974962571,85.956590976548,171.8375));
#2634 = VECTOR('',#2635,1.);
#2635 = DIRECTION('',(9.787905516485E-02,0.993782724467,
    5.306210617155E-02));
#2636 = CARTESIAN_POINT('',(-66.29974962571,85.956590976548,171.8375));
#2637 = CARTESIAN_POINT('',(-66.16140364461,87.361241295065,171.9125));
#2638 = TRIMMED_CURVE('',#2639,(#2643,PARAMETER_VALUE(0.)),(#2644,
    PARAMETER_VALUE(0.41178967207)),.T.,.PARAMETER.);
#2639 = LINE('',#2640,#2641);
#2640 = CARTESIAN_POINT('',(-66.16140364461,87.361241295065,171.9125));
#2641 = VECTOR('',#2642,1.);
#2642 = DIRECTION('',(8.574048756871E-02,0.994900319316,
    5.312177911121E-02));
#2643 = CARTESIAN_POINT('',(-66.16140364461,87.361241295065,171.9125));
#2644 = CARTESIAN_POINT('',(-66.12609659735,87.770930971298,171.934375)
  );
#2645 = TRIMMED_CURVE('',#2646,(#2650,PARAMETER_VALUE(0.)),(#2651,
    PARAMETER_VALUE(0.411047637765)),.T.,.PARAMETER.);
#2646 = LINE('',#2647,#2648);
#2647 = CARTESIAN_POINT('',(-66.12609659735,87.770930971298,171.934375)
  );
#2648 = VECTOR('',#2649,1.);
#2649 = DIRECTION('',(6.135376329585E-02,0.996696340262,
    5.321767598261E-02));
#2650 = CARTESIAN_POINT('',(-66.12609659735,87.770930971298,171.934375)
  );
#2651 = CARTESIAN_POINT('',(-66.10087727788,88.180620647532,171.95625));
#2652 = TRIMMED_CURVE('',#2653,(#2657,PARAMETER_VALUE(0.)),(#2658,
    PARAMETER_VALUE(0.410552203142)),.T.,.PARAMETER.);
#2653 = LINE('',#2654,#2655);
#2654 = CARTESIAN_POINT('',(-66.10087727788,88.180620647532,171.95625));
#2655 = VECTOR('',#2656,1.);
#2656 = DIRECTION('',(3.68566812373E-02,0.997899105397,
    5.328189651068E-02));
#2657 = CARTESIAN_POINT('',(-66.10087727788,88.180620647532,171.95625));
#2658 = CARTESIAN_POINT('',(-66.0857456862,88.590310323766,171.978125));
#2659 = TRIMMED_CURVE('',#2660,(#2664,PARAMETER_VALUE(0.)),(#2665,
    PARAMETER_VALUE(0.410304261495)),.T.,.PARAMETER.);
#2660 = LINE('',#2661,#2662);
#2661 = CARTESIAN_POINT('',(-66.0857456862,88.590310323766,171.978125));
#2662 = VECTOR('',#2663,1.);
#2663 = DIRECTION('',(1.229298442036E-02,0.998502123136,
    5.331409408304E-02));
#2664 = CARTESIAN_POINT('',(-66.0857456862,88.590310323766,171.978125));
#2665 = CARTESIAN_POINT('',(-66.0807018223,89.,172.));
#2666 = TRIMMED_CURVE('',#2667,(#2671,PARAMETER_VALUE(0.)),(#2672,
    PARAMETER_VALUE(0.410304261495)),.T.,.PARAMETER.);
#2667 = LINE('',#2668,#2669);
#2668 = CARTESIAN_POINT('',(-66.0807018223,89.,172.));
#2669 = VECTOR('',#2670,1.);
#2670 = DIRECTION('',(-1.229298442036E-02,0.998502123136,
    5.331409408304E-02));
#2671 = CARTESIAN_POINT('',(-66.0807018223,89.,172.));
#2672 = CARTESIAN_POINT('',(-66.0857456862,89.409689676234,172.021875));
#2673 = TRIMMED_CURVE('',#2674,(#2678,PARAMETER_VALUE(0.)),(#2679,
    PARAMETER_VALUE(0.410552203142)),.T.,.PARAMETER.);
#2674 = LINE('',#2675,#2676);
#2675 = CARTESIAN_POINT('',(-66.0857456862,89.409689676234,172.021875));
#2676 = VECTOR('',#2677,1.);
#2677 = DIRECTION('',(-3.685668123726E-02,0.997899105397,
    5.328189651061E-02));
#2678 = CARTESIAN_POINT('',(-66.0857456862,89.409689676234,172.021875));
#2679 = CARTESIAN_POINT('',(-66.10087727788,89.819379352468,172.04375));
#2680 = TRIMMED_CURVE('',#2681,(#2685,PARAMETER_VALUE(0.)),(#2686,
    PARAMETER_VALUE(0.411047637765)),.T.,.PARAMETER.);
#2681 = LINE('',#2682,#2683);
#2682 = CARTESIAN_POINT('',(-66.10087727788,89.819379352468,172.04375));
#2683 = VECTOR('',#2684,1.);
#2684 = DIRECTION('',(-6.135376329588E-02,0.996696340262,
    5.321767598268E-02));
#2685 = CARTESIAN_POINT('',(-66.10087727788,89.819379352468,172.04375));
#2686 = CARTESIAN_POINT('',(-66.12609659735,90.229069028702,172.065625)
  );
#2687 = TRIMMED_CURVE('',#2688,(#2692,PARAMETER_VALUE(0.)),(#2693,
    PARAMETER_VALUE(0.41178967207)),.T.,.PARAMETER.);
#2688 = LINE('',#2689,#2690);
#2689 = CARTESIAN_POINT('',(-66.12609659735,90.229069028702,172.065625)
  );
#2690 = VECTOR('',#2691,1.);
#2691 = DIRECTION('',(-8.574048756871E-02,0.994900319316,
    5.312177911121E-02));
#2692 = CARTESIAN_POINT('',(-66.12609659735,90.229069028702,172.065625)
  );
#2693 = CARTESIAN_POINT('',(-66.16140364461,90.638758704935,172.0875));
#2694 = TRIMMED_CURVE('',#2695,(#2699,PARAMETER_VALUE(0.)),(#2700,
    PARAMETER_VALUE(1.413438052337)),.T.,.PARAMETER.);
#2695 = LINE('',#2696,#2697);
#2696 = CARTESIAN_POINT('',(-66.16140364461,90.638758704935,172.0875));
#2697 = VECTOR('',#2698,1.);
#2698 = DIRECTION('',(-9.787905516485E-02,0.993782724467,
    5.306210617155E-02));
#2699 = CARTESIAN_POINT('',(-66.16140364461,90.638758704935,172.0875));
#2700 = CARTESIAN_POINT('',(-66.29974962571,92.043409023452,172.1625));
#2701 = TRIMMED_CURVE('',#2702,(#2706,PARAMETER_VALUE(0.)),(#2707,
    PARAMETER_VALUE(0.41178967207)),.T.,.PARAMETER.);
#2702 = LINE('',#2703,#2704);
#2703 = CARTESIAN_POINT('',(-66.29974962571,92.043409023452,172.1625));
#2704 = VECTOR('',#2705,1.);
#2705 = DIRECTION('',(-0.110002415527,0.992510727983,5.312177911121E-02)
  );
#2706 = CARTESIAN_POINT('',(-66.29974962571,92.043409023452,172.1625));
#2707 = CARTESIAN_POINT('',(-66.34504748432,92.452114690654,172.184375)
  );
#2708 = TRIMMED_CURVE('',#2709,(#2713,PARAMETER_VALUE(0.)),(#2714,
    PARAMETER_VALUE(0.411047637765)),.T.,.PARAMETER.);
#2709 = LINE('',#2710,#2711);
#2710 = CARTESIAN_POINT('',(-66.34504748432,92.452114690654,172.184375)
  );
#2711 = VECTOR('',#2712,1.);
#2712 = DIRECTION('',(-0.134270942036,0.989514624999,5.321767598261E-02)
  );
#2713 = CARTESIAN_POINT('',(-66.34504748432,92.452114690654,172.184375)
  );
#2714 = CARTESIAN_POINT('',(-66.40023923787,92.858852339794,172.20625));
#2715 = TRIMMED_CURVE('',#2716,(#2720,PARAMETER_VALUE(0.)),(#2721,
    PARAMETER_VALUE(0.410552203142)),.T.,.PARAMETER.);
#2716 = LINE('',#2717,#2718);
#2717 = CARTESIAN_POINT('',(-66.40023923787,92.858852339794,172.20625));
#2718 = VECTOR('',#2719,1.);
#2719 = DIRECTION('',(-0.158531967369,0.985915135712,5.328189651068E-02)
  );
#2720 = CARTESIAN_POINT('',(-66.40023923787,92.858852339794,172.20625));
#2721 = CARTESIAN_POINT('',(-66.46532488634,93.263621970871,172.228125)
  );
#2722 = TRIMMED_CURVE('',#2723,(#2727,PARAMETER_VALUE(0.)),(#2728,
    PARAMETER_VALUE(0.410304261495)),.T.,.PARAMETER.);
#2723 = LINE('',#2724,#2725);
#2724 = CARTESIAN_POINT('',(-66.46532488634,93.263621970871,172.228125)
  );
#2725 = VECTOR('',#2726,1.);
#2726 = DIRECTION('',(-0.182741322565,0.981714427112,5.331409408304E-02)
  );
#2727 = CARTESIAN_POINT('',(-66.46532488634,93.263621970871,172.228125)
  );
#2728 = CARTESIAN_POINT('',(-66.54030442974,93.666423583886,172.25));
#2729 = TRIMMED_CURVE('',#2730,(#2734,PARAMETER_VALUE(0.)),(#2735,
    PARAMETER_VALUE(0.410304261495)),.T.,.PARAMETER.);
#2730 = LINE('',#2731,#2732);
#2731 = CARTESIAN_POINT('',(-66.54030442974,93.666423583886,172.25));
#2732 = VECTOR('',#2733,1.);
#2733 = DIRECTION('',(-0.206854878908,0.976917942534,5.331409408304E-02)
  );
#2734 = CARTESIAN_POINT('',(-66.54030442974,93.666423583886,172.25));
#2735 = CARTESIAN_POINT('',(-66.62517786806,94.067257178838,172.271875)
  );
#2736 = TRIMMED_CURVE('',#2737,(#2741,PARAMETER_VALUE(0.)),(#2742,
    PARAMETER_VALUE(0.410552203142)),.T.,.PARAMETER.);
#2737 = LINE('',#2738,#2739);
#2738 = CARTESIAN_POINT('',(-66.62517786806,94.067257178838,172.271875)
  );
#2739 = VECTOR('',#2740,1.);
#2740 = DIRECTION('',(-0.230828948254,0.97153437209,5.328189651061E-02)
  );
#2741 = CARTESIAN_POINT('',(-66.62517786806,94.067257178838,172.271875)
  );
#2742 = CARTESIAN_POINT('',(-66.71994520132,94.466122755727,172.29375));
#2743 = TRIMMED_CURVE('',#2744,(#2748,PARAMETER_VALUE(0.)),(#2749,
    PARAMETER_VALUE(0.411047637765)),.T.,.PARAMETER.);
#2744 = LINE('',#2745,#2746);
#2745 = CARTESIAN_POINT('',(-66.71994520132,94.466122755727,172.29375));
#2746 = VECTOR('',#2747,1.);
#2747 = DIRECTION('',(-0.254620677912,0.965575574123,5.321767598268E-02)
  );
#2748 = CARTESIAN_POINT('',(-66.71994520132,94.466122755727,172.29375));
#2749 = CARTESIAN_POINT('',(-66.8246064295,94.863020314554,172.315625));
#2750 = TRIMMED_CURVE('',#2751,(#2755,PARAMETER_VALUE(0.)),(#2756,
    PARAMETER_VALUE(0.41178967207)),.T.,.PARAMETER.);
#2751 = LINE('',#2752,#2753);
#2752 = CARTESIAN_POINT('',(-66.8246064295,94.863020314554,172.315625));
#2753 = VECTOR('',#2754,1.);
#2754 = DIRECTION('',(-0.278188431811,0.959056449324,5.312177911121E-02)
  );
#2755 = CARTESIAN_POINT('',(-66.8246064295,94.863020314554,172.315625));
#2756 = CARTESIAN_POINT('',(-66.93916155261,95.257949855318,172.3375));
#2757 = TRIMMED_CURVE('',#2758,(#2762,PARAMETER_VALUE(0.)),(#2763,
    PARAMETER_VALUE(1.413438052337)),.T.,.PARAMETER.);
#2758 = LINE('',#2759,#2760);
#2759 = CARTESIAN_POINT('',(-66.93916155261,95.257949855318,172.3375));
#2760 = VECTOR('',#2761,1.);
#2761 = DIRECTION('',(-0.289875728296,0.955592211685,5.306210617155E-02)
  );
#2762 = CARTESIAN_POINT('',(-66.93916155261,95.257949855318,172.3375));
#2763 = CARTESIAN_POINT('',(-67.34888293743,96.608620249831,172.4125));
#2764 = TRIMMED_CURVE('',#2765,(#2769,PARAMETER_VALUE(0.)),(#2770,
    PARAMETER_VALUE(0.41178967207)),.T.,.PARAMETER.);
#2765 = LINE('',#2766,#2767);
#2766 = CARTESIAN_POINT('',(-67.34888293743,96.608620249831,172.4125));
#2767 = VECTOR('',#2768,1.);
#2768 = DIRECTION('',(-0.301517987485,0.951979505981,5.312177911121E-02)
  );
#2769 = CARTESIAN_POINT('',(-67.34888293743,96.608620249831,172.4125));
#2770 = CARTESIAN_POINT('',(-67.47304493062,97.000635578416,172.434375)
  );
#2771 = TRIMMED_CURVE('',#2772,(#2776,PARAMETER_VALUE(0.)),(#2777,
    PARAMETER_VALUE(0.411047637765)),.T.,.PARAMETER.);
#2772 = LINE('',#2773,#2774);
#2773 = CARTESIAN_POINT('',(-67.47304493062,97.000635578416,172.434375)
  );
#2774 = VECTOR('',#2775,1.);
#2775 = DIRECTION('',(-0.324735690366,0.944306417624,5.321767598261E-02)
  );
#2776 = CARTESIAN_POINT('',(-67.47304493062,97.000635578416,172.434375)
  );
#2777 = CARTESIAN_POINT('',(-67.60652676904,97.388790500707,172.45625));
#2778 = TRIMMED_CURVE('',#2779,(#2783,PARAMETER_VALUE(0.)),(#2784,
    PARAMETER_VALUE(0.410552203142)),.T.,.PARAMETER.);
#2779 = LINE('',#2780,#2781);
#2780 = CARTESIAN_POINT('',(-67.60652676904,97.388790500707,172.45625));
#2781 = VECTOR('',#2782,1.);
#2782 = DIRECTION('',(-0.347828321376,0.936043000269,5.328189651068E-02)
  );
#2783 = CARTESIAN_POINT('',(-67.60652676904,97.388790500707,172.45625));
#2784 = CARTESIAN_POINT('',(-67.7493284527,97.773085016703,172.478125));
#2785 = TRIMMED_CURVE('',#2786,(#2790,PARAMETER_VALUE(0.)),(#2791,
    PARAMETER_VALUE(0.410304261495)),.T.,.PARAMETER.);
#2786 = LINE('',#2787,#2788);
#2787 = CARTESIAN_POINT('',(-67.7493284527,97.773085016703,172.478125));
#2788 = VECTOR('',#2789,1.);
#2789 = DIRECTION('',(-0.370752983006,0.927199996206,5.331409408304E-02)
  );
#2790 = CARTESIAN_POINT('',(-67.7493284527,97.773085016703,172.478125));
#2791 = CARTESIAN_POINT('',(-67.90144998159,98.153519126404,172.5));
#2792 = TRIMMED_CURVE('',#2793,(#2797,PARAMETER_VALUE(0.)),(#2798,
    PARAMETER_VALUE(0.410304261495)),.T.,.PARAMETER.);
#2793 = LINE('',#2794,#2795);
#2794 = CARTESIAN_POINT('',(-67.90144998159,98.153519126404,172.5));
#2795 = VECTOR('',#2796,1.);
#2796 = DIRECTION('',(-0.393467456405,0.917791353262,5.331409408304E-02)
  );
#2797 = CARTESIAN_POINT('',(-67.90144998159,98.153519126404,172.5));
#2798 = CARTESIAN_POINT('',(-68.06289135571,98.53009282981,172.521875));
#2799 = TRIMMED_CURVE('',#2800,(#2804,PARAMETER_VALUE(0.)),(#2805,
    PARAMETER_VALUE(0.410552203142)),.T.,.PARAMETER.);
#2800 = LINE('',#2801,#2802);
#2801 = CARTESIAN_POINT('',(-68.06289135571,98.53009282981,172.521875));
#2802 = VECTOR('',#2803,1.);
#2803 = DIRECTION('',(-0.415930588239,0.907834117706,5.328189651061E-02)
  );
#2804 = CARTESIAN_POINT('',(-68.06289135571,98.53009282981,172.521875));
#2805 = CARTESIAN_POINT('',(-68.23365257507,98.902806126922,172.54375));
#2806 = TRIMMED_CURVE('',#2807,(#2811,PARAMETER_VALUE(0.)),(#2812,
    PARAMETER_VALUE(0.411047637765)),.T.,.PARAMETER.);
#2807 = LINE('',#2808,#2809);
#2808 = CARTESIAN_POINT('',(-68.23365257507,98.902806126922,172.54375));
#2809 = VECTOR('',#2810,1.);
#2810 = DIRECTION('',(-0.438102662669,0.897348280171,5.321767598268E-02)
  );
#2811 = CARTESIAN_POINT('',(-68.23365257507,98.902806126922,172.54375));
#2812 = CARTESIAN_POINT('',(-68.41373363966,99.271659017738,172.565625)
  );
#2813 = TRIMMED_CURVE('',#2814,(#2818,PARAMETER_VALUE(0.)),(#2819,
    PARAMETER_VALUE(0.41178967207)),.T.,.PARAMETER.);
#2814 = LINE('',#2815,#2816);
#2815 = CARTESIAN_POINT('',(-68.41373363966,99.271659017738,172.565625)
  );
#2816 = VECTOR('',#2817,1.);
#2817 = DIRECTION('',(-0.459945750629,0.88635657783,5.31217791112E-02));
#2818 = CARTESIAN_POINT('',(-68.41373363966,99.271659017738,172.565625)
  );
#2819 = CARTESIAN_POINT('',(-68.60313454948,99.63665150226,172.5875));
#2820 = TRIMMED_CURVE('',#2821,(#2825,PARAMETER_VALUE(0.)),(#2826,
    PARAMETER_VALUE(1.413438052337)),.T.,.PARAMETER.);
#2821 = LINE('',#2822,#2823);
#2822 = CARTESIAN_POINT('',(-68.60313454948,99.63665150226,172.5875));
#2823 = VECTOR('',#2824,1.);
#2824 = DIRECTION('',(-0.470732639752,0.880678826111,5.306210617155E-02)
  );
#2825 = CARTESIAN_POINT('',(-68.60313454948,99.63665150226,172.5875));
#2826 = CARTESIAN_POINT('',(-69.26848597498,100.88143646697,172.6625));
#2827 = TRIMMED_CURVE('',#2828,(#2832,PARAMETER_VALUE(0.)),(#2833,
    PARAMETER_VALUE(0.41178967207)),.T.,.PARAMETER.);
#2828 = LINE('',#2829,#2830);
#2829 = CARTESIAN_POINT('',(-69.26848597498,100.88143646697,172.6625));
#2830 = VECTOR('',#2831,1.);
#2831 = DIRECTION('',(-0.481446392276,0.874864245439,5.312177911121E-02)
  );
#2832 = CARTESIAN_POINT('',(-69.26848597498,100.88143646697,172.6625));
#2833 = CARTESIAN_POINT('',(-69.46674062698,101.2416965277,172.684375));
#2834 = TRIMMED_CURVE('',#2835,(#2839,PARAMETER_VALUE(0.)),(#2840,
    PARAMETER_VALUE(0.411047637765)),.T.,.PARAMETER.);
#2835 = LINE('',#2836,#2837);
#2836 = CARTESIAN_POINT('',(-69.46674062698,101.2416965277,172.684375));
#2837 = VECTOR('',#2838,1.);
#2838 = DIRECTION('',(-0.502721028228,0.862809044192,5.321767598261E-02)
  );
#2839 = CARTESIAN_POINT('',(-69.46674062698,101.2416965277,172.684375));
#2840 = CARTESIAN_POINT('',(-69.67338291808,101.59635214716,172.70625));
#2841 = TRIMMED_CURVE('',#2842,(#2846,PARAMETER_VALUE(0.)),(#2847,
    PARAMETER_VALUE(0.410552203142)),.T.,.PARAMETER.);
#2842 = LINE('',#2843,#2844);
#2843 = CARTESIAN_POINT('',(-69.67338291808,101.59635214716,172.70625));
#2844 = VECTOR('',#2845,1.);
#2845 = DIRECTION('',(-0.523757828056,0.850199257265,5.328189651067E-02)
  );
#2846 = CARTESIAN_POINT('',(-69.67338291808,101.59635214716,172.70625));
#2847 = CARTESIAN_POINT('',(-69.88841284831,101.94540332534,172.728125)
  );
#2848 = TRIMMED_CURVE('',#2849,(#2853,PARAMETER_VALUE(0.)),(#2854,
    PARAMETER_VALUE(0.410304261495)),.T.,.PARAMETER.);
#2849 = LINE('',#2850,#2851);
#2850 = CARTESIAN_POINT('',(-69.88841284831,101.94540332534,172.728125)
  );
#2851 = VECTOR('',#2852,1.);
#2852 = DIRECTION('',(-0.544516814231,0.837053789426,5.331409408304E-02)
  );
#2853 = CARTESIAN_POINT('',(-69.88841284831,101.94540332534,172.728125)
  );
#2854 = CARTESIAN_POINT('',(-70.11183041764,102.28885006224,172.75));
#2855 = TRIMMED_CURVE('',#2856,(#2860,PARAMETER_VALUE(0.)),(#2861,
    PARAMETER_VALUE(0.410304261495)),.T.,.PARAMETER.);
#2856 = LINE('',#2857,#2858);
#2857 = CARTESIAN_POINT('',(-70.11183041764,102.28885006224,172.75));
#2858 = VECTOR('',#2859,1.);
#2859 = DIRECTION('',(-0.564959300211,0.823394556988,5.331409408304E-02)
  );
#2860 = CARTESIAN_POINT('',(-70.11183041764,102.28885006224,172.75));
#2861 = CARTESIAN_POINT('',(-70.34363562609,102.62669235787,172.771875)
  );
#2862 = TRIMMED_CURVE('',#2863,(#2867,PARAMETER_VALUE(0.)),(#2868,
    PARAMETER_VALUE(0.410552203142)),.T.,.PARAMETER.);
#2863 = LINE('',#2864,#2865);
#2864 = CARTESIAN_POINT('',(-70.34363562609,102.62669235787,172.771875)
  );
#2865 = VECTOR('',#2866,1.);
#2866 = DIRECTION('',(-0.585048248975,0.809246307298,5.328189651061E-02)
  );
#2867 = CARTESIAN_POINT('',(-70.34363562609,102.62669235787,172.771875)
  );
#2868 = CARTESIAN_POINT('',(-70.58382847365,102.95893021221,172.79375));
#2869 = TRIMMED_CURVE('',#2870,(#2874,PARAMETER_VALUE(0.)),(#2875,
    PARAMETER_VALUE(0.411047637765)),.T.,.PARAMETER.);
#2870 = LINE('',#2871,#2872);
#2871 = CARTESIAN_POINT('',(-70.58382847365,102.95893021221,172.79375));
#2872 = VECTOR('',#2873,1.);
#2873 = DIRECTION('',(-0.60474860779,0.79463639505,5.321767598268E-02));
#2874 = CARTESIAN_POINT('',(-70.58382847365,102.95893021221,172.79375));
#2875 = CARTESIAN_POINT('',(-70.83240896032,103.28556362528,172.815625)
  );
#2876 = TRIMMED_CURVE('',#2877,(#2881,PARAMETER_VALUE(0.)),(#2882,
    PARAMETER_VALUE(0.41178967207)),.T.,.PARAMETER.);
#2877 = LINE('',#2878,#2879);
#2878 = CARTESIAN_POINT('',(-70.83240896032,103.28556362528,172.815625)
  );
#2879 = VECTOR('',#2880,1.);
#2880 = DIRECTION('',(-0.624027612191,0.779594520124,5.312177911121E-02)
  );
#2881 = CARTESIAN_POINT('',(-70.83240896032,103.28556362528,172.815625)
  );
#2882 = CARTESIAN_POINT('',(-71.08937708611,103.60659259707,172.8375));
#2883 = TRIMMED_CURVE('',#2884,(#2888,PARAMETER_VALUE(0.)),(#2889,
    PARAMETER_VALUE(1.413438052337)),.T.,.PARAMETER.);
#2884 = LINE('',#2885,#2886);
#2885 = CARTESIAN_POINT('',(-71.08937708611,103.60659259707,172.8375));
#2886 = VECTOR('',#2887,1.);
#2887 = DIRECTION('',(-0.633499559853,0.77192144714,5.306210617155E-02)
  );
#2888 = CARTESIAN_POINT('',(-71.08937708611,103.60659259707,172.8375));
#2889 = CARTESIAN_POINT('',(-71.98478947014,104.69765574387,172.9125));
#2890 = TRIMMED_CURVE('',#2891,(#2895,PARAMETER_VALUE(0.)),(#2896,
    PARAMETER_VALUE(0.41178967207)),.T.,.PARAMETER.);
#2891 = LINE('',#2892,#2893);
#2892 = CARTESIAN_POINT('',(-71.98478947014,104.69765574387,172.9125));
#2893 = VECTOR('',#2894,1.);
#2894 = DIRECTION('',(-0.642873082211,0.764128442575,5.312177911121E-02)
  );
#2895 = CARTESIAN_POINT('',(-71.98478947014,104.69765574387,172.9125));
#2896 = CARTESIAN_POINT('',(-72.24951796585,105.01231594466,172.934375)
  );
#2897 = TRIMMED_CURVE('',#2898,(#2902,PARAMETER_VALUE(0.)),(#2903,
    PARAMETER_VALUE(0.411047637765)),.T.,.PARAMETER.);
#2898 = LINE('',#2899,#2900);
#2899 = CARTESIAN_POINT('',(-72.24951796585,105.01231594466,172.934375)
  );
#2900 = VECTOR('',#2901,1.);
#2901 = DIRECTION('',(-0.661387078906,0.748154403061,5.321767598261E-02)
  );
#2902 = CARTESIAN_POINT('',(-72.24951796585,105.01231594466,172.934375)
  );
#2903 = CARTESIAN_POINT('',(-72.52137956228,105.31984304472,172.95625));
#2904 = TRIMMED_CURVE('',#2905,(#2909,PARAMETER_VALUE(0.)),(#2910,
    PARAMETER_VALUE(0.410552203142)),.T.,.PARAMETER.);
#2905 = LINE('',#2906,#2907);
#2906 = CARTESIAN_POINT('',(-72.52137956228,105.31984304472,172.95625));
#2907 = VECTOR('',#2908,1.);
#2908 = DIRECTION('',(-0.679559615131,0.731682833601,5.328189651068E-02)
  );
#2909 = CARTESIAN_POINT('',(-72.52137956228,105.31984304472,172.95625));
#2910 = CARTESIAN_POINT('',(-72.80037425944,105.62023704406,172.978125)
  );
#2911 = TRIMMED_CURVE('',#2912,(#2916,PARAMETER_VALUE(0.)),(#2917,
    PARAMETER_VALUE(0.410304261495)),.T.,.PARAMETER.);
#2912 = LINE('',#2913,#2914);
#2913 = CARTESIAN_POINT('',(-72.80037425944,105.62023704406,172.978125)
  );
#2914 = VECTOR('',#2915,1.);
#2915 = DIRECTION('',(-0.697355169654,0.714740074943,5.331409408304E-02)
  );
#2916 = CARTESIAN_POINT('',(-72.80037425944,105.62023704406,172.978125)
  );
#2917 = CARTESIAN_POINT('',(-73.08650205733,105.91349794267,173.));
#2918 = TRIMMED_CURVE('',#2919,(#2923,PARAMETER_VALUE(0.)),(#2924,
    PARAMETER_VALUE(0.410304261495)),.T.,.PARAMETER.);
#2919 = LINE('',#2920,#2921);
#2920 = CARTESIAN_POINT('',(-73.08650205733,105.91349794267,173.));
#2921 = VECTOR('',#2922,1.);
#2922 = DIRECTION('',(-0.714740074943,0.697355169654,5.331409408304E-02)
  );
#2923 = CARTESIAN_POINT('',(-73.08650205733,105.91349794267,173.));
#2924 = CARTESIAN_POINT('',(-73.37976295594,106.19962574055,173.021875)
  );
#2925 = TRIMMED_CURVE('',#2926,(#2930,PARAMETER_VALUE(0.)),(#2931,
    PARAMETER_VALUE(0.410552203142)),.T.,.PARAMETER.);
#2926 = LINE('',#2927,#2928);
#2927 = CARTESIAN_POINT('',(-73.37976295594,106.19962574055,173.021875)
  );
#2928 = VECTOR('',#2929,1.);
#2929 = DIRECTION('',(-0.731682833601,0.679559615131,5.32818965106E-02)
  );
#2930 = CARTESIAN_POINT('',(-73.37976295594,106.19962574055,173.021875)
  );
#2931 = CARTESIAN_POINT('',(-73.68015695527,106.47862043771,173.04375));
#2932 = TRIMMED_CURVE('',#2933,(#2937,PARAMETER_VALUE(0.)),(#2938,
    PARAMETER_VALUE(0.411047637765)),.T.,.PARAMETER.);
#2933 = LINE('',#2934,#2935);
#2934 = CARTESIAN_POINT('',(-73.68015695527,106.47862043771,173.04375));
#2935 = VECTOR('',#2936,1.);
#2936 = DIRECTION('',(-0.748154403061,0.661387078906,5.321767598268E-02)
  );
#2937 = CARTESIAN_POINT('',(-73.68015695527,106.47862043771,173.04375));
#2938 = CARTESIAN_POINT('',(-73.98768405533,106.75048203414,173.065625)
  );
#2939 = TRIMMED_CURVE('',#2940,(#2944,PARAMETER_VALUE(0.)),(#2945,
    PARAMETER_VALUE(0.41178967207)),.T.,.PARAMETER.);
#2940 = LINE('',#2941,#2942);
#2941 = CARTESIAN_POINT('',(-73.98768405533,106.75048203414,173.065625)
  );
#2942 = VECTOR('',#2943,1.);
#2943 = DIRECTION('',(-0.764128442575,0.642873082211,5.312177911121E-02)
  );
#2944 = CARTESIAN_POINT('',(-73.98768405533,106.75048203414,173.065625)
  );
#2945 = CARTESIAN_POINT('',(-74.30234425612,107.01521052985,173.0875));
#2946 = TRIMMED_CURVE('',#2947,(#2951,PARAMETER_VALUE(0.)),(#2952,
    PARAMETER_VALUE(1.413438052337)),.T.,.PARAMETER.);
#2947 = LINE('',#2948,#2949);
#2948 = CARTESIAN_POINT('',(-74.30234425612,107.01521052985,173.0875));
#2949 = VECTOR('',#2950,1.);
#2950 = DIRECTION('',(-0.77192144714,0.633499559853,5.306210617155E-02)
  );
#2951 = CARTESIAN_POINT('',(-74.30234425612,107.01521052985,173.0875));
#2952 = CARTESIAN_POINT('',(-75.39340740292,107.91062291388,173.1625));
#2953 = TRIMMED_CURVE('',#2954,(#2958,PARAMETER_VALUE(0.)),(#2959,
    PARAMETER_VALUE(0.41178967207)),.T.,.PARAMETER.);
#2954 = LINE('',#2955,#2956);
#2955 = CARTESIAN_POINT('',(-75.39340740292,107.91062291388,173.1625));
#2956 = VECTOR('',#2957,1.);
#2957 = DIRECTION('',(-0.779594520124,0.624027612191,5.312177911121E-02)
  );
#2958 = CARTESIAN_POINT('',(-75.39340740292,107.91062291388,173.1625));
#2959 = CARTESIAN_POINT('',(-75.71443637471,108.16759103967,173.184375)
  );
#2960 = TRIMMED_CURVE('',#2961,(#2965,PARAMETER_VALUE(0.)),(#2966,
    PARAMETER_VALUE(0.411047637765)),.T.,.PARAMETER.);
#2961 = LINE('',#2962,#2963);
#2962 = CARTESIAN_POINT('',(-75.71443637471,108.16759103967,173.184375)
  );
#2963 = VECTOR('',#2964,1.);
#2964 = DIRECTION('',(-0.79463639505,0.60474860779,5.321767598261E-02));
#2965 = CARTESIAN_POINT('',(-75.71443637471,108.16759103967,173.184375)
  );
#2966 = CARTESIAN_POINT('',(-76.04106978778,108.41617152634,173.20625));
#2967 = TRIMMED_CURVE('',#2968,(#2972,PARAMETER_VALUE(0.)),(#2973,
    PARAMETER_VALUE(0.410552203142)),.T.,.PARAMETER.);
#2968 = LINE('',#2969,#2970);
#2969 = CARTESIAN_POINT('',(-76.04106978778,108.41617152634,173.20625));
#2970 = VECTOR('',#2971,1.);
#2971 = DIRECTION('',(-0.809246307298,0.585048248975,5.328189651068E-02)
  );
#2972 = CARTESIAN_POINT('',(-76.04106978778,108.41617152634,173.20625));
#2973 = CARTESIAN_POINT('',(-76.37330764213,108.6563643739,173.228125));
#2974 = TRIMMED_CURVE('',#2975,(#2979,PARAMETER_VALUE(0.)),(#2980,
    PARAMETER_VALUE(0.410304261495)),.T.,.PARAMETER.);
#2975 = LINE('',#2976,#2977);
#2976 = CARTESIAN_POINT('',(-76.37330764213,108.6563643739,173.228125));
#2977 = VECTOR('',#2978,1.);
#2978 = DIRECTION('',(-0.823394556988,0.564959300211,5.331409408304E-02)
  );
#2979 = CARTESIAN_POINT('',(-76.37330764213,108.6563643739,173.228125));
#2980 = CARTESIAN_POINT('',(-76.71114993775,108.88816958235,173.25));
#2981 = TRIMMED_CURVE('',#2982,(#2986,PARAMETER_VALUE(0.)),(#2987,
    PARAMETER_VALUE(0.410304261495)),.T.,.PARAMETER.);
#2982 = LINE('',#2983,#2984);
#2983 = CARTESIAN_POINT('',(-76.71114993775,108.88816958235,173.25));
#2984 = VECTOR('',#2985,1.);
#2985 = DIRECTION('',(-0.837053789426,0.544516814231,5.331409408304E-02)
  );
#2986 = CARTESIAN_POINT('',(-76.71114993775,108.88816958235,173.25));
#2987 = CARTESIAN_POINT('',(-77.05459667465,109.11158715169,173.271875)
  );
#2988 = TRIMMED_CURVE('',#2989,(#2993,PARAMETER_VALUE(0.)),(#2994,
    PARAMETER_VALUE(0.410552203142)),.T.,.PARAMETER.);
#2989 = LINE('',#2990,#2991);
#2990 = CARTESIAN_POINT('',(-77.05459667465,109.11158715169,173.271875)
  );
#2991 = VECTOR('',#2992,1.);
#2992 = DIRECTION('',(-0.850199257265,0.523757828056,5.32818965106E-02)
  );
#2993 = CARTESIAN_POINT('',(-77.05459667465,109.11158715169,173.271875)
  );
#2994 = CARTESIAN_POINT('',(-77.40364785283,109.32661708191,173.29375));
#2995 = TRIMMED_CURVE('',#2996,(#3000,PARAMETER_VALUE(0.)),(#3001,
    PARAMETER_VALUE(0.411047637765)),.T.,.PARAMETER.);
#2996 = LINE('',#2997,#2998);
#2997 = CARTESIAN_POINT('',(-77.40364785283,109.32661708191,173.29375));
#2998 = VECTOR('',#2999,1.);
#2999 = DIRECTION('',(-0.862809044192,0.502721028228,5.321767598268E-02)
  );
#3000 = CARTESIAN_POINT('',(-77.40364785283,109.32661708191,173.29375));
#3001 = CARTESIAN_POINT('',(-77.75830347229,109.53325937302,173.315625)
  );
#3002 = TRIMMED_CURVE('',#3003,(#3007,PARAMETER_VALUE(0.)),(#3008,
    PARAMETER_VALUE(0.41178967207)),.T.,.PARAMETER.);
#3003 = LINE('',#3004,#3005);
#3004 = CARTESIAN_POINT('',(-77.75830347229,109.53325937302,173.315625)
  );
#3005 = VECTOR('',#3006,1.);
#3006 = DIRECTION('',(-0.874864245439,0.481446392276,5.312177911121E-02)
  );
#3007 = CARTESIAN_POINT('',(-77.75830347229,109.53325937302,173.315625)
  );
#3008 = CARTESIAN_POINT('',(-78.11856353302,109.73151402501,173.3375));
#3009 = TRIMMED_CURVE('',#3010,(#3014,PARAMETER_VALUE(0.)),(#3015,
    PARAMETER_VALUE(1.413438052337)),.T.,.PARAMETER.);
#3010 = LINE('',#3011,#3012);
#3011 = CARTESIAN_POINT('',(-78.11856353302,109.73151402501,173.3375));
#3012 = VECTOR('',#3013,1.);
#3013 = DIRECTION('',(-0.880678826111,0.470732639752,5.306210617155E-02)
  );
#3014 = CARTESIAN_POINT('',(-78.11856353302,109.73151402501,173.3375));
#3015 = CARTESIAN_POINT('',(-79.36334849774,110.39686545051,173.4125));
#3016 = TRIMMED_CURVE('',#3017,(#3021,PARAMETER_VALUE(0.)),(#3022,
    PARAMETER_VALUE(0.41178967207)),.T.,.PARAMETER.);
#3017 = LINE('',#3018,#3019);
#3018 = CARTESIAN_POINT('',(-79.36334849774,110.39686545051,173.4125));
#3019 = VECTOR('',#3020,1.);
#3020 = DIRECTION('',(-0.88635657783,0.459945750629,5.312177911121E-02)
  );
#3021 = CARTESIAN_POINT('',(-79.36334849774,110.39686545051,173.4125));
#3022 = CARTESIAN_POINT('',(-79.72834098226,110.58626636033,173.434375)
  );
#3023 = TRIMMED_CURVE('',#3024,(#3028,PARAMETER_VALUE(0.)),(#3029,
    PARAMETER_VALUE(0.411047637765)),.T.,.PARAMETER.);
#3024 = LINE('',#3025,#3026);
#3025 = CARTESIAN_POINT('',(-79.72834098226,110.58626636033,173.434375)
  );
#3026 = VECTOR('',#3027,1.);
#3027 = DIRECTION('',(-0.897348280171,0.438102662669,5.321767598261E-02)
  );
#3028 = CARTESIAN_POINT('',(-79.72834098226,110.58626636033,173.434375)
  );
#3029 = CARTESIAN_POINT('',(-80.09719387307,110.76634742492,173.45625));
#3030 = TRIMMED_CURVE('',#3031,(#3035,PARAMETER_VALUE(0.)),(#3036,
    PARAMETER_VALUE(0.410552203142)),.T.,.PARAMETER.);
#3031 = LINE('',#3032,#3033);
#3032 = CARTESIAN_POINT('',(-80.09719387307,110.76634742492,173.45625));
#3033 = VECTOR('',#3034,1.);
#3034 = DIRECTION('',(-0.907834117706,0.415930588239,5.328189651068E-02)
  );
#3035 = CARTESIAN_POINT('',(-80.09719387307,110.76634742492,173.45625));
#3036 = CARTESIAN_POINT('',(-80.46990717019,110.93710864428,173.478125)
  );
#3037 = TRIMMED_CURVE('',#3038,(#3042,PARAMETER_VALUE(0.)),(#3043,
    PARAMETER_VALUE(0.410304261495)),.T.,.PARAMETER.);
#3038 = LINE('',#3039,#3040);
#3039 = CARTESIAN_POINT('',(-80.46990717019,110.93710864428,173.478125)
  );
#3040 = VECTOR('',#3041,1.);
#3041 = DIRECTION('',(-0.917791353262,0.393467456405,5.331409408304E-02)
  );
#3042 = CARTESIAN_POINT('',(-80.46990717019,110.93710864428,173.478125)
  );
#3043 = CARTESIAN_POINT('',(-80.84648087359,111.0985500184,173.5));
#3044 = TRIMMED_CURVE('',#3045,(#3049,PARAMETER_VALUE(0.)),(#3050,
    PARAMETER_VALUE(0.410304261495)),.T.,.PARAMETER.);
#3045 = LINE('',#3046,#3047);
#3046 = CARTESIAN_POINT('',(-80.84648087359,111.0985500184,173.5));
#3047 = VECTOR('',#3048,1.);
#3048 = DIRECTION('',(-0.927199996206,0.370752983006,5.331409408304E-02)
  );
#3049 = CARTESIAN_POINT('',(-80.84648087359,111.0985500184,173.5));
#3050 = CARTESIAN_POINT('',(-81.22691498329,111.25067154729,173.521875)
  );
#3051 = TRIMMED_CURVE('',#3052,(#3056,PARAMETER_VALUE(0.)),(#3057,
    PARAMETER_VALUE(0.410552203142)),.T.,.PARAMETER.);
#3052 = LINE('',#3053,#3054);
#3053 = CARTESIAN_POINT('',(-81.22691498329,111.25067154729,173.521875)
  );
#3054 = VECTOR('',#3055,1.);
#3055 = DIRECTION('',(-0.936043000269,0.347828321376,5.328189651061E-02)
  );
#3056 = CARTESIAN_POINT('',(-81.22691498329,111.25067154729,173.521875)
  );
#3057 = CARTESIAN_POINT('',(-81.61120949929,111.39347323095,173.54375));
#3058 = TRIMMED_CURVE('',#3059,(#3063,PARAMETER_VALUE(0.)),(#3064,
    PARAMETER_VALUE(0.411047637765)),.T.,.PARAMETER.);
#3059 = LINE('',#3060,#3061);
#3060 = CARTESIAN_POINT('',(-81.61120949929,111.39347323095,173.54375));
#3061 = VECTOR('',#3062,1.);
#3062 = DIRECTION('',(-0.944306417624,0.324735690366,5.321767598268E-02)
  );
#3063 = CARTESIAN_POINT('',(-81.61120949929,111.39347323095,173.54375));
#3064 = CARTESIAN_POINT('',(-81.99936442158,111.52695506937,173.565625)
  );
#3065 = TRIMMED_CURVE('',#3066,(#3070,PARAMETER_VALUE(0.)),(#3071,
    PARAMETER_VALUE(0.41178967207)),.T.,.PARAMETER.);
#3066 = LINE('',#3067,#3068);
#3067 = CARTESIAN_POINT('',(-81.99936442158,111.52695506937,173.565625)
  );
#3068 = VECTOR('',#3069,1.);
#3069 = DIRECTION('',(-0.951979505981,0.301517987485,5.312177911121E-02)
  );
#3070 = CARTESIAN_POINT('',(-81.99936442158,111.52695506937,173.565625)
  );
#3071 = CARTESIAN_POINT('',(-82.39137975016,111.65111706256,173.5875));
#3072 = TRIMMED_CURVE('',#3073,(#3077,PARAMETER_VALUE(0.)),(#3078,
    PARAMETER_VALUE(1.413438052337)),.T.,.PARAMETER.);
#3073 = LINE('',#3074,#3075);
#3074 = CARTESIAN_POINT('',(-82.39137975016,111.65111706256,173.5875));
#3075 = VECTOR('',#3076,1.);
#3076 = DIRECTION('',(-0.955592211685,0.289875728296,5.306210617155E-02)
  );
#3077 = CARTESIAN_POINT('',(-82.39137975016,111.65111706256,173.5875));
#3078 = CARTESIAN_POINT('',(-83.74205014468,112.06083844738,173.6625));
#3079 = TRIMMED_CURVE('',#3080,(#3084,PARAMETER_VALUE(0.)),(#3085,
    PARAMETER_VALUE(0.41178967207)),.T.,.PARAMETER.);
#3080 = LINE('',#3081,#3082);
#3081 = CARTESIAN_POINT('',(-83.74205014468,112.06083844738,173.6625));
#3082 = VECTOR('',#3083,1.);
#3083 = DIRECTION('',(-0.959056449324,0.278188431811,5.312177911121E-02)
  );
#3084 = CARTESIAN_POINT('',(-83.74205014468,112.06083844738,173.6625));
#3085 = CARTESIAN_POINT('',(-84.13697968544,112.17539357049,173.684375)
  );
#3086 = TRIMMED_CURVE('',#3087,(#3091,PARAMETER_VALUE(0.)),(#3092,
    PARAMETER_VALUE(0.411047637765)),.T.,.PARAMETER.);
#3087 = LINE('',#3088,#3089);
#3088 = CARTESIAN_POINT('',(-84.13697968544,112.17539357049,173.684375)
  );
#3089 = VECTOR('',#3090,1.);
#3090 = DIRECTION('',(-0.965575574123,0.254620677912,5.321767598261E-02)
  );
#3091 = CARTESIAN_POINT('',(-84.13697968544,112.17539357049,173.684375)
  );
#3092 = CARTESIAN_POINT('',(-84.53387724427,112.28005479867,173.70625));
#3093 = TRIMMED_CURVE('',#3094,(#3098,PARAMETER_VALUE(0.)),(#3099,
    PARAMETER_VALUE(0.410552203142)),.T.,.PARAMETER.);
#3094 = LINE('',#3095,#3096);
#3095 = CARTESIAN_POINT('',(-84.53387724427,112.28005479867,173.70625));
#3096 = VECTOR('',#3097,1.);
#3097 = DIRECTION('',(-0.97153437209,0.230828948254,5.328189651067E-02)
  );
#3098 = CARTESIAN_POINT('',(-84.53387724427,112.28005479867,173.70625));
#3099 = CARTESIAN_POINT('',(-84.93274282116,112.37482213193,173.728125)
  );
#3100 = TRIMMED_CURVE('',#3101,(#3105,PARAMETER_VALUE(0.)),(#3106,
    PARAMETER_VALUE(0.410304261495)),.T.,.PARAMETER.);
#3101 = LINE('',#3102,#3103);
#3102 = CARTESIAN_POINT('',(-84.93274282116,112.37482213193,173.728125)
  );
#3103 = VECTOR('',#3104,1.);
#3104 = DIRECTION('',(-0.976917942534,0.206854878908,5.331409408304E-02)
  );
#3105 = CARTESIAN_POINT('',(-84.93274282116,112.37482213193,173.728125)
  );
#3106 = CARTESIAN_POINT('',(-85.33357641611,112.45969557025,173.75));
#3107 = TRIMMED_CURVE('',#3108,(#3112,PARAMETER_VALUE(0.)),(#3113,
    PARAMETER_VALUE(0.410304261495)),.T.,.PARAMETER.);
#3108 = LINE('',#3109,#3110);
#3109 = CARTESIAN_POINT('',(-85.33357641611,112.45969557025,173.75));
#3110 = VECTOR('',#3111,1.);
#3111 = DIRECTION('',(-0.981714427112,0.182741322565,5.331409408304E-02)
  );
#3112 = CARTESIAN_POINT('',(-85.33357641611,112.45969557025,173.75));
#3113 = CARTESIAN_POINT('',(-85.73637802912,112.53467511365,173.771875)
  );
#3114 = TRIMMED_CURVE('',#3115,(#3119,PARAMETER_VALUE(0.)),(#3120,
    PARAMETER_VALUE(0.410552203142)),.T.,.PARAMETER.);
#3115 = LINE('',#3116,#3117);
#3116 = CARTESIAN_POINT('',(-85.73637802912,112.53467511365,173.771875)
  );
#3117 = VECTOR('',#3118,1.);
#3118 = DIRECTION('',(-0.985915135712,0.158531967369,5.328189651061E-02)
  );
#3119 = CARTESIAN_POINT('',(-85.73637802912,112.53467511365,173.771875)
  );
#3120 = CARTESIAN_POINT('',(-86.1411476602,112.59976076212,173.79375));
#3121 = TRIMMED_CURVE('',#3122,(#3126,PARAMETER_VALUE(0.)),(#3127,
    PARAMETER_VALUE(0.411047637765)),.T.,.PARAMETER.);
#3122 = LINE('',#3123,#3124);
#3123 = CARTESIAN_POINT('',(-86.1411476602,112.59976076212,173.79375));
#3124 = VECTOR('',#3125,1.);
#3125 = DIRECTION('',(-0.989514624999,0.134270942036,5.321767598268E-02)
  );
#3126 = CARTESIAN_POINT('',(-86.1411476602,112.59976076212,173.79375));
#3127 = CARTESIAN_POINT('',(-86.54788530934,112.65495251567,173.815625)
  );
#3128 = TRIMMED_CURVE('',#3129,(#3133,PARAMETER_VALUE(0.)),(#3134,
    PARAMETER_VALUE(0.41178967207)),.T.,.PARAMETER.);
#3129 = LINE('',#3130,#3131);
#3130 = CARTESIAN_POINT('',(-86.54788530934,112.65495251567,173.815625)
  );
#3131 = VECTOR('',#3132,1.);
#3132 = DIRECTION('',(-0.992510727983,0.110002415527,5.312177911121E-02)
  );
#3133 = CARTESIAN_POINT('',(-86.54788530934,112.65495251567,173.815625)
  );
#3134 = CARTESIAN_POINT('',(-86.95659097654,112.70025037429,173.8375));
#3135 = TRIMMED_CURVE('',#3136,(#3140,PARAMETER_VALUE(0.)),(#3141,
    PARAMETER_VALUE(1.413438052337)),.T.,.PARAMETER.);
#3136 = LINE('',#3137,#3138);
#3137 = CARTESIAN_POINT('',(-86.95659097654,112.70025037429,173.8375));
#3138 = VECTOR('',#3139,1.);
#3139 = DIRECTION('',(-0.993782724467,9.787905516485E-02,
    5.306210617155E-02));
#3140 = CARTESIAN_POINT('',(-86.95659097654,112.70025037429,173.8375));
#3141 = CARTESIAN_POINT('',(-88.36124129506,112.83859635538,173.9125));
#3142 = TRIMMED_CURVE('',#3143,(#3147,PARAMETER_VALUE(0.)),(#3148,
    PARAMETER_VALUE(0.41178967207)),.T.,.PARAMETER.);
#3143 = LINE('',#3144,#3145);
#3144 = CARTESIAN_POINT('',(-88.36124129506,112.83859635538,173.9125));
#3145 = VECTOR('',#3146,1.);
#3146 = DIRECTION('',(-0.994900319316,8.574048756871E-02,
    5.31217791112E-02));
#3147 = CARTESIAN_POINT('',(-88.36124129506,112.83859635538,173.9125));
#3148 = CARTESIAN_POINT('',(-88.77093097129,112.87390340264,173.934375)
  );
#3149 = TRIMMED_CURVE('',#3150,(#3154,PARAMETER_VALUE(0.)),(#3155,
    PARAMETER_VALUE(0.411047637765)),.T.,.PARAMETER.);
#3150 = LINE('',#3151,#3152);
#3151 = CARTESIAN_POINT('',(-88.77093097129,112.87390340264,173.934375)
  );
#3152 = VECTOR('',#3153,1.);
#3153 = DIRECTION('',(-0.996696340262,6.135376329585E-02,
    5.321767598261E-02));
#3154 = CARTESIAN_POINT('',(-88.77093097129,112.87390340264,173.934375)
  );
#3155 = CARTESIAN_POINT('',(-89.18062064753,112.89912272211,173.95625));
#3156 = TRIMMED_CURVE('',#3157,(#3161,PARAMETER_VALUE(0.)),(#3162,
    PARAMETER_VALUE(0.410552203142)),.T.,.PARAMETER.);
#3157 = LINE('',#3158,#3159);
#3158 = CARTESIAN_POINT('',(-89.18062064753,112.89912272211,173.95625));
#3159 = VECTOR('',#3160,1.);
#3160 = DIRECTION('',(-0.997899105397,3.68566812373E-02,
    5.328189651067E-02));
#3161 = CARTESIAN_POINT('',(-89.18062064753,112.89912272211,173.95625));
#3162 = CARTESIAN_POINT('',(-89.59031032376,112.91425431379,173.978125)
  );
#3163 = TRIMMED_CURVE('',#3164,(#3168,PARAMETER_VALUE(0.)),(#3169,
    PARAMETER_VALUE(0.410304261495)),.T.,.PARAMETER.);
#3164 = LINE('',#3165,#3166);
#3165 = CARTESIAN_POINT('',(-89.59031032376,112.91425431379,173.978125)
  );
#3166 = VECTOR('',#3167,1.);
#3167 = DIRECTION('',(-0.998502123136,1.229298442036E-02,
    5.331409408304E-02));
#3168 = CARTESIAN_POINT('',(-89.59031032376,112.91425431379,173.978125)
  );
#3169 = CARTESIAN_POINT('',(-90.,112.91929817769,174.));
#3170 = TRIMMED_CURVE('',#3171,(#3175,PARAMETER_VALUE(0.)),(#3176,
    PARAMETER_VALUE(0.410304261495)),.T.,.PARAMETER.);
#3171 = LINE('',#3172,#3173);
#3172 = CARTESIAN_POINT('',(-90.,112.91929817769,174.));
#3173 = VECTOR('',#3174,1.);
#3174 = DIRECTION('',(-0.998502123136,-1.229298442032E-02,
    5.331409408304E-02));
#3175 = CARTESIAN_POINT('',(-90.,112.91929817769,174.));
#3176 = CARTESIAN_POINT('',(-90.40968967623,112.91425431379,174.021875)
  );
#3177 = TRIMMED_CURVE('',#3178,(#3182,PARAMETER_VALUE(0.)),(#3183,
    PARAMETER_VALUE(0.410552203142)),.T.,.PARAMETER.);
#3178 = LINE('',#3179,#3180);
#3179 = CARTESIAN_POINT('',(-90.40968967623,112.91425431379,174.021875)
  );
#3180 = VECTOR('',#3181,1.);
#3181 = DIRECTION('',(-0.997899105397,-3.68566812373E-02,
    5.328189651061E-02));
#3182 = CARTESIAN_POINT('',(-90.40968967623,112.91425431379,174.021875)
  );
#3183 = CARTESIAN_POINT('',(-90.81937935246,112.89912272211,174.04375));
#3184 = TRIMMED_CURVE('',#3185,(#3189,PARAMETER_VALUE(0.)),(#3190,
    PARAMETER_VALUE(0.411047637765)),.T.,.PARAMETER.);
#3185 = LINE('',#3186,#3187);
#3186 = CARTESIAN_POINT('',(-90.81937935246,112.89912272211,174.04375));
#3187 = VECTOR('',#3188,1.);
#3188 = DIRECTION('',(-0.996696340262,-6.135376329588E-02,
    5.321767598268E-02));
#3189 = CARTESIAN_POINT('',(-90.81937935246,112.89912272211,174.04375));
#3190 = CARTESIAN_POINT('',(-91.2290690287,112.87390340264,174.065625));
#3191 = TRIMMED_CURVE('',#3192,(#3196,PARAMETER_VALUE(0.)),(#3197,
    PARAMETER_VALUE(0.41178967207)),.T.,.PARAMETER.);
#3192 = LINE('',#3193,#3194);
#3193 = CARTESIAN_POINT('',(-91.2290690287,112.87390340264,174.065625));
#3194 = VECTOR('',#3195,1.);
#3195 = DIRECTION('',(-0.994900319316,-8.574048756871E-02,
    5.31217791112E-02));
#3196 = CARTESIAN_POINT('',(-91.2290690287,112.87390340264,174.065625));
#3197 = CARTESIAN_POINT('',(-91.63875870493,112.83859635538,174.0875));
#3198 = TRIMMED_CURVE('',#3199,(#3203,PARAMETER_VALUE(0.)),(#3204,
    PARAMETER_VALUE(1.413438052337)),.T.,.PARAMETER.);
#3199 = LINE('',#3200,#3201);
#3200 = CARTESIAN_POINT('',(-91.63875870493,112.83859635538,174.0875));
#3201 = VECTOR('',#3202,1.);
#3202 = DIRECTION('',(-0.993782724467,-9.787905516485E-02,
    5.306210617155E-02));
#3203 = CARTESIAN_POINT('',(-91.63875870493,112.83859635538,174.0875));
#3204 = CARTESIAN_POINT('',(-93.04340902345,112.70025037429,174.1625));
#3205 = TRIMMED_CURVE('',#3206,(#3210,PARAMETER_VALUE(0.)),(#3211,
    PARAMETER_VALUE(0.41178967207)),.T.,.PARAMETER.);
#3206 = LINE('',#3207,#3208);
#3207 = CARTESIAN_POINT('',(-93.04340902345,112.70025037429,174.1625));
#3208 = VECTOR('',#3209,1.);
#3209 = DIRECTION('',(-0.992510727983,-0.110002415527,5.312177911121E-02
    ));
#3210 = CARTESIAN_POINT('',(-93.04340902345,112.70025037429,174.1625));
#3211 = CARTESIAN_POINT('',(-93.45211469065,112.65495251567,174.184375)
  );
#3212 = TRIMMED_CURVE('',#3213,(#3217,PARAMETER_VALUE(0.)),(#3218,
    PARAMETER_VALUE(0.411047637765)),.T.,.PARAMETER.);
#3213 = LINE('',#3214,#3215);
#3214 = CARTESIAN_POINT('',(-93.45211469065,112.65495251567,174.184375)
  );
#3215 = VECTOR('',#3216,1.);
#3216 = DIRECTION('',(-0.989514624999,-0.134270942036,5.321767598261E-02
    ));
#3217 = CARTESIAN_POINT('',(-93.45211469065,112.65495251567,174.184375)
  );
#3218 = CARTESIAN_POINT('',(-93.85885233979,112.59976076212,174.20625));
#3219 = TRIMMED_CURVE('',#3220,(#3224,PARAMETER_VALUE(0.)),(#3225,
    PARAMETER_VALUE(0.410552203142)),.T.,.PARAMETER.);
#3220 = LINE('',#3221,#3222);
#3221 = CARTESIAN_POINT('',(-93.85885233979,112.59976076212,174.20625));
#3222 = VECTOR('',#3223,1.);
#3223 = DIRECTION('',(-0.985915135712,-0.158531967369,5.328189651068E-02
    ));
#3224 = CARTESIAN_POINT('',(-93.85885233979,112.59976076212,174.20625));
#3225 = CARTESIAN_POINT('',(-94.26362197087,112.53467511365,174.228125)
  );
#3226 = TRIMMED_CURVE('',#3227,(#3231,PARAMETER_VALUE(0.)),(#3232,
    PARAMETER_VALUE(0.410304261495)),.T.,.PARAMETER.);
#3227 = LINE('',#3228,#3229);
#3228 = CARTESIAN_POINT('',(-94.26362197087,112.53467511365,174.228125)
  );
#3229 = VECTOR('',#3230,1.);
#3230 = DIRECTION('',(-0.981714427112,-0.182741322565,5.331409408304E-02
    ));
#3231 = CARTESIAN_POINT('',(-94.26362197087,112.53467511365,174.228125)
  );
#3232 = CARTESIAN_POINT('',(-94.66642358388,112.45969557025,174.25));
#3233 = TRIMMED_CURVE('',#3234,(#3238,PARAMETER_VALUE(0.)),(#3239,
    PARAMETER_VALUE(0.410304261495)),.T.,.PARAMETER.);
#3234 = LINE('',#3235,#3236);
#3235 = CARTESIAN_POINT('',(-94.66642358388,112.45969557025,174.25));
#3236 = VECTOR('',#3237,1.);
#3237 = DIRECTION('',(-0.976917942534,-0.206854878908,5.331409408304E-02
    ));
#3238 = CARTESIAN_POINT('',(-94.66642358388,112.45969557025,174.25));
#3239 = CARTESIAN_POINT('',(-95.06725717883,112.37482213193,174.271875)
  );
#3240 = TRIMMED_CURVE('',#3241,(#3245,PARAMETER_VALUE(0.)),(#3246,
    PARAMETER_VALUE(0.410552203142)),.T.,.PARAMETER.);
#3241 = LINE('',#3242,#3243);
#3242 = CARTESIAN_POINT('',(-95.06725717883,112.37482213193,174.271875)
  );
#3243 = VECTOR('',#3244,1.);
#3244 = DIRECTION('',(-0.97153437209,-0.230828948254,5.328189651061E-02)
  );
#3245 = CARTESIAN_POINT('',(-95.06725717883,112.37482213193,174.271875)
  );
#3246 = CARTESIAN_POINT('',(-95.46612275572,112.28005479867,174.29375));
#3247 = TRIMMED_CURVE('',#3248,(#3252,PARAMETER_VALUE(0.)),(#3253,
    PARAMETER_VALUE(0.411047637765)),.T.,.PARAMETER.);
#3248 = LINE('',#3249,#3250);
#3249 = CARTESIAN_POINT('',(-95.46612275572,112.28005479867,174.29375));
#3250 = VECTOR('',#3251,1.);
#3251 = DIRECTION('',(-0.965575574123,-0.254620677912,5.321767598268E-02
    ));
#3252 = CARTESIAN_POINT('',(-95.46612275572,112.28005479867,174.29375));
#3253 = CARTESIAN_POINT('',(-95.86302031455,112.17539357049,174.315625)
  );
#3254 = TRIMMED_CURVE('',#3255,(#3259,PARAMETER_VALUE(0.)),(#3260,
    PARAMETER_VALUE(0.41178967207)),.T.,.PARAMETER.);
#3255 = LINE('',#3256,#3257);
#3256 = CARTESIAN_POINT('',(-95.86302031455,112.17539357049,174.315625)
  );
#3257 = VECTOR('',#3258,1.);
#3258 = DIRECTION('',(-0.959056449324,-0.278188431811,5.312177911121E-02
    ));
#3259 = CARTESIAN_POINT('',(-95.86302031455,112.17539357049,174.315625)
  );
#3260 = CARTESIAN_POINT('',(-96.25794985531,112.06083844738,174.3375));
#3261 = TRIMMED_CURVE('',#3262,(#3266,PARAMETER_VALUE(0.)),(#3267,
    PARAMETER_VALUE(1.413438052337)),.T.,.PARAMETER.);
#3262 = LINE('',#3263,#3264);
#3263 = CARTESIAN_POINT('',(-96.25794985531,112.06083844738,174.3375));
#3264 = VECTOR('',#3265,1.);
#3265 = DIRECTION('',(-0.955592211685,-0.289875728296,5.306210617155E-02
    ));
#3266 = CARTESIAN_POINT('',(-96.25794985531,112.06083844738,174.3375));
#3267 = CARTESIAN_POINT('',(-97.60862024983,111.65111706256,174.4125));
#3268 = TRIMMED_CURVE('',#3269,(#3273,PARAMETER_VALUE(0.)),(#3274,
    PARAMETER_VALUE(0.41178967207)),.T.,.PARAMETER.);
#3269 = LINE('',#3270,#3271);
#3270 = CARTESIAN_POINT('',(-97.60862024983,111.65111706256,174.4125));
#3271 = VECTOR('',#3272,1.);
#3272 = DIRECTION('',(-0.951979505981,-0.301517987485,5.312177911121E-02
    ));
#3273 = CARTESIAN_POINT('',(-97.60862024983,111.65111706256,174.4125));
#3274 = CARTESIAN_POINT('',(-98.00063557841,111.52695506937,174.434375)
  );
#3275 = TRIMMED_CURVE('',#3276,(#3280,PARAMETER_VALUE(0.)),(#3281,
    PARAMETER_VALUE(0.411047637765)),.T.,.PARAMETER.);
#3276 = LINE('',#3277,#3278);
#3277 = CARTESIAN_POINT('',(-98.00063557841,111.52695506937,174.434375)
  );
#3278 = VECTOR('',#3279,1.);
#3279 = DIRECTION('',(-0.944306417624,-0.324735690366,5.321767598261E-02
    ));
#3280 = CARTESIAN_POINT('',(-98.00063557841,111.52695506937,174.434375)
  );
#3281 = CARTESIAN_POINT('',(-98.3887905007,111.39347323095,174.45625));
#3282 = TRIMMED_CURVE('',#3283,(#3287,PARAMETER_VALUE(0.)),(#3288,
    PARAMETER_VALUE(0.410552203142)),.T.,.PARAMETER.);
#3283 = LINE('',#3284,#3285);
#3284 = CARTESIAN_POINT('',(-98.3887905007,111.39347323095,174.45625));
#3285 = VECTOR('',#3286,1.);
#3286 = DIRECTION('',(-0.936043000269,-0.347828321376,5.328189651068E-02
    ));
#3287 = CARTESIAN_POINT('',(-98.3887905007,111.39347323095,174.45625));
#3288 = CARTESIAN_POINT('',(-98.7730850167,111.25067154729,174.478125));
#3289 = TRIMMED_CURVE('',#3290,(#3294,PARAMETER_VALUE(0.)),(#3295,
    PARAMETER_VALUE(0.410304261495)),.T.,.PARAMETER.);
#3290 = LINE('',#3291,#3292);
#3291 = CARTESIAN_POINT('',(-98.7730850167,111.25067154729,174.478125));
#3292 = VECTOR('',#3293,1.);
#3293 = DIRECTION('',(-0.927199996206,-0.370752983006,5.331409408304E-02
    ));
#3294 = CARTESIAN_POINT('',(-98.7730850167,111.25067154729,174.478125));
#3295 = CARTESIAN_POINT('',(-99.1535191264,111.0985500184,174.5));
#3296 = TRIMMED_CURVE('',#3297,(#3301,PARAMETER_VALUE(0.)),(#3302,
    PARAMETER_VALUE(0.410304261495)),.T.,.PARAMETER.);
#3297 = LINE('',#3298,#3299);
#3298 = CARTESIAN_POINT('',(-99.1535191264,111.0985500184,174.5));
#3299 = VECTOR('',#3300,1.);
#3300 = DIRECTION('',(-0.917791353262,-0.393467456405,5.331409408304E-02
    ));
#3301 = CARTESIAN_POINT('',(-99.1535191264,111.0985500184,174.5));
#3302 = CARTESIAN_POINT('',(-99.53009282981,110.93710864428,174.521875)
  );
#3303 = TRIMMED_CURVE('',#3304,(#3308,PARAMETER_VALUE(0.)),(#3309,
    PARAMETER_VALUE(0.410552203142)),.T.,.PARAMETER.);
#3304 = LINE('',#3305,#3306);
#3305 = CARTESIAN_POINT('',(-99.53009282981,110.93710864428,174.521875)
  );
#3306 = VECTOR('',#3307,1.);
#3307 = DIRECTION('',(-0.907834117706,-0.415930588239,5.328189651061E-02
    ));
#3308 = CARTESIAN_POINT('',(-99.53009282981,110.93710864428,174.521875)
  );
#3309 = CARTESIAN_POINT('',(-99.90280612692,110.76634742492,174.54375));
#3310 = TRIMMED_CURVE('',#3311,(#3315,PARAMETER_VALUE(0.)),(#3316,
    PARAMETER_VALUE(0.411047637765)),.T.,.PARAMETER.);
#3311 = LINE('',#3312,#3313);
#3312 = CARTESIAN_POINT('',(-99.90280612692,110.76634742492,174.54375));
#3313 = VECTOR('',#3314,1.);
#3314 = DIRECTION('',(-0.897348280171,-0.438102662669,5.321767598268E-02
    ));
#3315 = CARTESIAN_POINT('',(-99.90280612692,110.76634742492,174.54375));
#3316 = CARTESIAN_POINT('',(-100.2716590177,110.58626636033,174.565625)
  );
#3317 = TRIMMED_CURVE('',#3318,(#3322,PARAMETER_VALUE(0.)),(#3323,
    PARAMETER_VALUE(0.41178967207)),.T.,.PARAMETER.);
#3318 = LINE('',#3319,#3320);
#3319 = CARTESIAN_POINT('',(-100.2716590177,110.58626636033,174.565625)
  );
#3320 = VECTOR('',#3321,1.);
#3321 = DIRECTION('',(-0.88635657783,-0.459945750629,5.312177911121E-02)
  );
#3322 = CARTESIAN_POINT('',(-100.2716590177,110.58626636033,174.565625)
  );
#3323 = CARTESIAN_POINT('',(-100.6366515022,110.39686545051,174.5875));
#3324 = TRIMMED_CURVE('',#3325,(#3329,PARAMETER_VALUE(0.)),(#3330,
    PARAMETER_VALUE(1.413438052337)),.T.,.PARAMETER.);
#3325 = LINE('',#3326,#3327);
#3326 = CARTESIAN_POINT('',(-100.6366515022,110.39686545051,174.5875));
#3327 = VECTOR('',#3328,1.);
#3328 = DIRECTION('',(-0.880678826111,-0.470732639752,5.306210617155E-02
    ));
#3329 = CARTESIAN_POINT('',(-100.6366515022,110.39686545051,174.5875));
#3330 = CARTESIAN_POINT('',(-101.8814364669,109.73151402501,174.6625));
#3331 = TRIMMED_CURVE('',#3332,(#3336,PARAMETER_VALUE(0.)),(#3337,
    PARAMETER_VALUE(0.41178967207)),.T.,.PARAMETER.);
#3332 = LINE('',#3333,#3334);
#3333 = CARTESIAN_POINT('',(-101.8814364669,109.73151402501,174.6625));
#3334 = VECTOR('',#3335,1.);
#3335 = DIRECTION('',(-0.874864245439,-0.481446392276,5.312177911121E-02
    ));
#3336 = CARTESIAN_POINT('',(-101.8814364669,109.73151402501,174.6625));
#3337 = CARTESIAN_POINT('',(-102.2416965277,109.53325937302,174.684375)
  );
#3338 = TRIMMED_CURVE('',#3339,(#3343,PARAMETER_VALUE(0.)),(#3344,
    PARAMETER_VALUE(0.411047637765)),.T.,.PARAMETER.);
#3339 = LINE('',#3340,#3341);
#3340 = CARTESIAN_POINT('',(-102.2416965277,109.53325937302,174.684375)
  );
#3341 = VECTOR('',#3342,1.);
#3342 = DIRECTION('',(-0.862809044192,-0.502721028228,5.321767598261E-02
    ));
#3343 = CARTESIAN_POINT('',(-102.2416965277,109.53325937302,174.684375)
  );
#3344 = CARTESIAN_POINT('',(-102.5963521471,109.32661708191,174.70625));
#3345 = TRIMMED_CURVE('',#3346,(#3350,PARAMETER_VALUE(0.)),(#3351,
    PARAMETER_VALUE(0.410552203142)),.T.,.PARAMETER.);
#3346 = LINE('',#3347,#3348);
#3347 = CARTESIAN_POINT('',(-102.5963521471,109.32661708191,174.70625));
#3348 = VECTOR('',#3349,1.);
#3349 = DIRECTION('',(-0.850199257265,-0.523757828056,5.328189651067E-02
    ));
#3350 = CARTESIAN_POINT('',(-102.5963521471,109.32661708191,174.70625));
#3351 = CARTESIAN_POINT('',(-102.9454033253,109.11158715169,174.728125)
  );
#3352 = TRIMMED_CURVE('',#3353,(#3357,PARAMETER_VALUE(0.)),(#3358,
    PARAMETER_VALUE(0.410304261495)),.T.,.PARAMETER.);
#3353 = LINE('',#3354,#3355);
#3354 = CARTESIAN_POINT('',(-102.9454033253,109.11158715169,174.728125)
  );
#3355 = VECTOR('',#3356,1.);
#3356 = DIRECTION('',(-0.837053789426,-0.544516814231,5.331409408304E-02
    ));
#3357 = CARTESIAN_POINT('',(-102.9454033253,109.11158715169,174.728125)
  );
#3358 = CARTESIAN_POINT('',(-103.2888500622,108.88816958235,174.75));
#3359 = TRIMMED_CURVE('',#3360,(#3364,PARAMETER_VALUE(0.)),(#3365,
    PARAMETER_VALUE(0.410304261495)),.T.,.PARAMETER.);
#3360 = LINE('',#3361,#3362);
#3361 = CARTESIAN_POINT('',(-103.2888500622,108.88816958235,174.75));
#3362 = VECTOR('',#3363,1.);
#3363 = DIRECTION('',(-0.823394556988,-0.564959300211,5.331409408304E-02
    ));
#3364 = CARTESIAN_POINT('',(-103.2888500622,108.88816958235,174.75));
#3365 = CARTESIAN_POINT('',(-103.6266923578,108.6563643739,174.771875));
#3366 = TRIMMED_CURVE('',#3367,(#3371,PARAMETER_VALUE(0.)),(#3372,
    PARAMETER_VALUE(0.410552203142)),.T.,.PARAMETER.);
#3367 = LINE('',#3368,#3369);
#3368 = CARTESIAN_POINT('',(-103.6266923578,108.6563643739,174.771875));
#3369 = VECTOR('',#3370,1.);
#3370 = DIRECTION('',(-0.809246307298,-0.585048248975,5.328189651061E-02
    ));
#3371 = CARTESIAN_POINT('',(-103.6266923578,108.6563643739,174.771875));
#3372 = CARTESIAN_POINT('',(-103.9589302122,108.41617152634,174.79375));
#3373 = TRIMMED_CURVE('',#3374,(#3378,PARAMETER_VALUE(0.)),(#3379,
    PARAMETER_VALUE(0.411047637765)),.T.,.PARAMETER.);
#3374 = LINE('',#3375,#3376);
#3375 = CARTESIAN_POINT('',(-103.9589302122,108.41617152634,174.79375));
#3376 = VECTOR('',#3377,1.);
#3377 = DIRECTION('',(-0.79463639505,-0.60474860779,5.321767598268E-02)
  );
#3378 = CARTESIAN_POINT('',(-103.9589302122,108.41617152634,174.79375));
#3379 = CARTESIAN_POINT('',(-104.2855636252,108.16759103967,174.815625)
  );
#3380 = TRIMMED_CURVE('',#3381,(#3385,PARAMETER_VALUE(0.)),(#3386,
    PARAMETER_VALUE(0.41178967207)),.T.,.PARAMETER.);
#3381 = LINE('',#3382,#3383);
#3382 = CARTESIAN_POINT('',(-104.2855636252,108.16759103967,174.815625)
  );
#3383 = VECTOR('',#3384,1.);
#3384 = DIRECTION('',(-0.779594520124,-0.624027612191,5.312177911121E-02
    ));
#3385 = CARTESIAN_POINT('',(-104.2855636252,108.16759103967,174.815625)
  );
#3386 = CARTESIAN_POINT('',(-104.606592597,107.91062291388,174.8375));
#3387 = TRIMMED_CURVE('',#3388,(#3392,PARAMETER_VALUE(0.)),(#3393,
    PARAMETER_VALUE(1.413438052337)),.T.,.PARAMETER.);
#3388 = LINE('',#3389,#3390);
#3389 = CARTESIAN_POINT('',(-104.606592597,107.91062291388,174.8375));
#3390 = VECTOR('',#3391,1.);
#3391 = DIRECTION('',(-0.77192144714,-0.633499559853,5.306210617155E-02)
  );
#3392 = CARTESIAN_POINT('',(-104.606592597,107.91062291388,174.8375));
#3393 = CARTESIAN_POINT('',(-105.6976557438,107.01521052985,174.9125));
#3394 = TRIMMED_CURVE('',#3395,(#3399,PARAMETER_VALUE(0.)),(#3400,
    PARAMETER_VALUE(0.41178967207)),.T.,.PARAMETER.);
#3395 = LINE('',#3396,#3397);
#3396 = CARTESIAN_POINT('',(-105.6976557438,107.01521052985,174.9125));
#3397 = VECTOR('',#3398,1.);
#3398 = DIRECTION('',(-0.764128442575,-0.642873082211,5.312177911121E-02
    ));
#3399 = CARTESIAN_POINT('',(-105.6976557438,107.01521052985,174.9125));
#3400 = CARTESIAN_POINT('',(-106.0123159446,106.75048203414,174.934375)
  );
#3401 = TRIMMED_CURVE('',#3402,(#3406,PARAMETER_VALUE(0.)),(#3407,
    PARAMETER_VALUE(0.411047637765)),.T.,.PARAMETER.);
#3402 = LINE('',#3403,#3404);
#3403 = CARTESIAN_POINT('',(-106.0123159446,106.75048203414,174.934375)
  );
#3404 = VECTOR('',#3405,1.);
#3405 = DIRECTION('',(-0.748154403061,-0.661387078906,5.321767598261E-02
    ));
#3406 = CARTESIAN_POINT('',(-106.0123159446,106.75048203414,174.934375)
  );
#3407 = CARTESIAN_POINT('',(-106.3198430447,106.47862043771,174.95625));
#3408 = TRIMMED_CURVE('',#3409,(#3413,PARAMETER_VALUE(0.)),(#3414,
    PARAMETER_VALUE(0.410552203142)),.T.,.PARAMETER.);
#3409 = LINE('',#3410,#3411);
#3410 = CARTESIAN_POINT('',(-106.3198430447,106.47862043771,174.95625));
#3411 = VECTOR('',#3412,1.);
#3412 = DIRECTION('',(-0.731682833601,-0.679559615131,5.328189651068E-02
    ));
#3413 = CARTESIAN_POINT('',(-106.3198430447,106.47862043771,174.95625));
#3414 = CARTESIAN_POINT('',(-106.620237044,106.19962574055,174.978125));
#3415 = TRIMMED_CURVE('',#3416,(#3420,PARAMETER_VALUE(0.)),(#3421,
    PARAMETER_VALUE(0.410304261495)),.T.,.PARAMETER.);
#3416 = LINE('',#3417,#3418);
#3417 = CARTESIAN_POINT('',(-106.620237044,106.19962574055,174.978125));
#3418 = VECTOR('',#3419,1.);
#3419 = DIRECTION('',(-0.714740074943,-0.697355169654,5.331409408304E-02
    ));
#3420 = CARTESIAN_POINT('',(-106.620237044,106.19962574055,174.978125));
#3421 = CARTESIAN_POINT('',(-106.9134979426,105.91349794267,175.));
#3422 = TRIMMED_CURVE('',#3423,(#3427,PARAMETER_VALUE(0.)),(#3428,
    PARAMETER_VALUE(0.410304261495)),.T.,.PARAMETER.);
#3423 = LINE('',#3424,#3425);
#3424 = CARTESIAN_POINT('',(-106.9134979426,105.91349794267,175.));
#3425 = VECTOR('',#3426,1.);
#3426 = DIRECTION('',(-0.697355169654,-0.714740074943,5.331409408304E-02
    ));
#3427 = CARTESIAN_POINT('',(-106.9134979426,105.91349794267,175.));
#3428 = CARTESIAN_POINT('',(-107.1996257405,105.62023704406,175.021875)
  );
#3429 = TRIMMED_CURVE('',#3430,(#3434,PARAMETER_VALUE(0.)),(#3435,
    PARAMETER_VALUE(0.410552203142)),.T.,.PARAMETER.);
#3430 = LINE('',#3431,#3432);
#3431 = CARTESIAN_POINT('',(-107.1996257405,105.62023704406,175.021875)
  );
#3432 = VECTOR('',#3433,1.);
#3433 = DIRECTION('',(-0.679559615131,-0.731682833601,5.32818965106E-02)
  );
#3434 = CARTESIAN_POINT('',(-107.1996257405,105.62023704406,175.021875)
  );
#3435 = CARTESIAN_POINT('',(-107.4786204377,105.31984304472,175.04375));
#3436 = TRIMMED_CURVE('',#3437,(#3441,PARAMETER_VALUE(0.)),(#3442,
    PARAMETER_VALUE(0.411047637765)),.T.,.PARAMETER.);
#3437 = LINE('',#3438,#3439);
#3438 = CARTESIAN_POINT('',(-107.4786204377,105.31984304472,175.04375));
#3439 = VECTOR('',#3440,1.);
#3440 = DIRECTION('',(-0.661387078906,-0.748154403061,5.321767598268E-02
    ));
#3441 = CARTESIAN_POINT('',(-107.4786204377,105.31984304472,175.04375));
#3442 = CARTESIAN_POINT('',(-107.7504820341,105.01231594466,175.065625)
  );
#3443 = TRIMMED_CURVE('',#3444,(#3448,PARAMETER_VALUE(0.)),(#3449,
    PARAMETER_VALUE(0.41178967207)),.T.,.PARAMETER.);
#3444 = LINE('',#3445,#3446);
#3445 = CARTESIAN_POINT('',(-107.7504820341,105.01231594466,175.065625)
  );
#3446 = VECTOR('',#3447,1.);
#3447 = DIRECTION('',(-0.642873082211,-0.764128442575,5.312177911121E-02
    ));
#3448 = CARTESIAN_POINT('',(-107.7504820341,105.01231594466,175.065625)
  );
#3449 = CARTESIAN_POINT('',(-108.0152105298,104.69765574387,175.0875));
#3450 = TRIMMED_CURVE('',#3451,(#3455,PARAMETER_VALUE(0.)),(#3456,
    PARAMETER_VALUE(1.413438052337)),.T.,.PARAMETER.);
#3451 = LINE('',#3452,#3453);
#3452 = CARTESIAN_POINT('',(-108.0152105298,104.69765574387,175.0875));
#3453 = VECTOR('',#3454,1.);
#3454 = DIRECTION('',(-0.633499559853,-0.77192144714,5.306210617155E-02)
  );
#3455 = CARTESIAN_POINT('',(-108.0152105298,104.69765574387,175.0875));
#3456 = CARTESIAN_POINT('',(-108.9106229138,103.60659259707,175.1625));
#3457 = TRIMMED_CURVE('',#3458,(#3462,PARAMETER_VALUE(0.)),(#3463,
    PARAMETER_VALUE(0.41178967207)),.T.,.PARAMETER.);
#3458 = LINE('',#3459,#3460);
#3459 = CARTESIAN_POINT('',(-108.9106229138,103.60659259707,175.1625));
#3460 = VECTOR('',#3461,1.);
#3461 = DIRECTION('',(-0.624027612191,-0.779594520124,5.31217791112E-02)
  );
#3462 = CARTESIAN_POINT('',(-108.9106229138,103.60659259707,175.1625));
#3463 = CARTESIAN_POINT('',(-109.1675910396,103.28556362528,175.184375)
  );
#3464 = TRIMMED_CURVE('',#3465,(#3469,PARAMETER_VALUE(0.)),(#3470,
    PARAMETER_VALUE(0.411047637765)),.T.,.PARAMETER.);
#3465 = LINE('',#3466,#3467);
#3466 = CARTESIAN_POINT('',(-109.1675910396,103.28556362528,175.184375)
  );
#3467 = VECTOR('',#3468,1.);
#3468 = DIRECTION('',(-0.60474860779,-0.79463639505,5.321767598261E-02)
  );
#3469 = CARTESIAN_POINT('',(-109.1675910396,103.28556362528,175.184375)
  );
#3470 = CARTESIAN_POINT('',(-109.4161715263,102.95893021221,175.20625));
#3471 = TRIMMED_CURVE('',#3472,(#3476,PARAMETER_VALUE(0.)),(#3477,
    PARAMETER_VALUE(0.410552203142)),.T.,.PARAMETER.);
#3472 = LINE('',#3473,#3474);
#3473 = CARTESIAN_POINT('',(-109.4161715263,102.95893021221,175.20625));
#3474 = VECTOR('',#3475,1.);
#3475 = DIRECTION('',(-0.585048248975,-0.809246307298,5.328189651068E-02
    ));
#3476 = CARTESIAN_POINT('',(-109.4161715263,102.95893021221,175.20625));
#3477 = CARTESIAN_POINT('',(-109.6563643739,102.62669235787,175.228125)
  );
#3478 = TRIMMED_CURVE('',#3479,(#3483,PARAMETER_VALUE(0.)),(#3484,
    PARAMETER_VALUE(0.410304261495)),.T.,.PARAMETER.);
#3479 = LINE('',#3480,#3481);
#3480 = CARTESIAN_POINT('',(-109.6563643739,102.62669235787,175.228125)
  );
#3481 = VECTOR('',#3482,1.);
#3482 = DIRECTION('',(-0.564959300211,-0.823394556988,5.331409408304E-02
    ));
#3483 = CARTESIAN_POINT('',(-109.6563643739,102.62669235787,175.228125)
  );
#3484 = CARTESIAN_POINT('',(-109.8881695823,102.28885006224,175.25));
#3485 = TRIMMED_CURVE('',#3486,(#3490,PARAMETER_VALUE(0.)),(#3491,
    PARAMETER_VALUE(0.410304261495)),.T.,.PARAMETER.);
#3486 = LINE('',#3487,#3488);
#3487 = CARTESIAN_POINT('',(-109.8881695823,102.28885006224,175.25));
#3488 = VECTOR('',#3489,1.);
#3489 = DIRECTION('',(-0.544516814231,-0.837053789426,5.331409408304E-02
    ));
#3490 = CARTESIAN_POINT('',(-109.8881695823,102.28885006224,175.25));
#3491 = CARTESIAN_POINT('',(-110.1115871516,101.94540332534,175.271875)
  );
#3492 = TRIMMED_CURVE('',#3493,(#3497,PARAMETER_VALUE(0.)),(#3498,
    PARAMETER_VALUE(0.410552203142)),.T.,.PARAMETER.);
#3493 = LINE('',#3494,#3495);
#3494 = CARTESIAN_POINT('',(-110.1115871516,101.94540332534,175.271875)
  );
#3495 = VECTOR('',#3496,1.);
#3496 = DIRECTION('',(-0.523757828056,-0.850199257265,5.328189651061E-02
    ));
#3497 = CARTESIAN_POINT('',(-110.1115871516,101.94540332534,175.271875)
  );
#3498 = CARTESIAN_POINT('',(-110.3266170819,101.59635214716,175.29375));
#3499 = TRIMMED_CURVE('',#3500,(#3504,PARAMETER_VALUE(0.)),(#3505,
    PARAMETER_VALUE(0.411047637765)),.T.,.PARAMETER.);
#3500 = LINE('',#3501,#3502);
#3501 = CARTESIAN_POINT('',(-110.3266170819,101.59635214716,175.29375));
#3502 = VECTOR('',#3503,1.);
#3503 = DIRECTION('',(-0.502721028228,-0.862809044192,5.321767598268E-02
    ));
#3504 = CARTESIAN_POINT('',(-110.3266170819,101.59635214716,175.29375));
#3505 = CARTESIAN_POINT('',(-110.533259373,101.2416965277,175.315625));
#3506 = TRIMMED_CURVE('',#3507,(#3511,PARAMETER_VALUE(0.)),(#3512,
    PARAMETER_VALUE(0.41178967207)),.T.,.PARAMETER.);
#3507 = LINE('',#3508,#3509);
#3508 = CARTESIAN_POINT('',(-110.533259373,101.2416965277,175.315625));
#3509 = VECTOR('',#3510,1.);
#3510 = DIRECTION('',(-0.481446392276,-0.874864245439,5.312177911121E-02
    ));
#3511 = CARTESIAN_POINT('',(-110.533259373,101.2416965277,175.315625));
#3512 = CARTESIAN_POINT('',(-110.731514025,100.88143646697,175.3375));
#3513 = TRIMMED_CURVE('',#3514,(#3518,PARAMETER_VALUE(0.)),(#3519,
    PARAMETER_VALUE(1.413438052337)),.T.,.PARAMETER.);
#3514 = LINE('',#3515,#3516);
#3515 = CARTESIAN_POINT('',(-110.731514025,100.88143646697,175.3375));
#3516 = VECTOR('',#3517,1.);
#3517 = DIRECTION('',(-0.470732639752,-0.880678826111,5.306210617155E-02
    ));
#3518 = CARTESIAN_POINT('',(-110.731514025,100.88143646697,175.3375));
#3519 = CARTESIAN_POINT('',(-111.3968654505,99.63665150226,175.4125));
#3520 = TRIMMED_CURVE('',#3521,(#3525,PARAMETER_VALUE(0.)),(#3526,
    PARAMETER_VALUE(0.41178967207)),.T.,.PARAMETER.);
#3521 = LINE('',#3522,#3523);
#3522 = CARTESIAN_POINT('',(-111.3968654505,99.63665150226,175.4125));
#3523 = VECTOR('',#3524,1.);
#3524 = DIRECTION('',(-0.459945750629,-0.88635657783,5.312177911121E-02)
  );
#3525 = CARTESIAN_POINT('',(-111.3968654505,99.63665150226,175.4125));
#3526 = CARTESIAN_POINT('',(-111.5862663603,99.271659017738,175.434375)
  );
#3527 = TRIMMED_CURVE('',#3528,(#3532,PARAMETER_VALUE(0.)),(#3533,
    PARAMETER_VALUE(0.411047637765)),.T.,.PARAMETER.);
#3528 = LINE('',#3529,#3530);
#3529 = CARTESIAN_POINT('',(-111.5862663603,99.271659017738,175.434375)
  );
#3530 = VECTOR('',#3531,1.);
#3531 = DIRECTION('',(-0.438102662669,-0.897348280171,5.321767598261E-02
    ));
#3532 = CARTESIAN_POINT('',(-111.5862663603,99.271659017738,175.434375)
  );
#3533 = CARTESIAN_POINT('',(-111.7663474249,98.902806126922,175.45625));
#3534 = TRIMMED_CURVE('',#3535,(#3539,PARAMETER_VALUE(0.)),(#3540,
    PARAMETER_VALUE(0.410552203142)),.T.,.PARAMETER.);
#3535 = LINE('',#3536,#3537);
#3536 = CARTESIAN_POINT('',(-111.7663474249,98.902806126922,175.45625));
#3537 = VECTOR('',#3538,1.);
#3538 = DIRECTION('',(-0.415930588239,-0.907834117706,5.328189651068E-02
    ));
#3539 = CARTESIAN_POINT('',(-111.7663474249,98.902806126922,175.45625));
#3540 = CARTESIAN_POINT('',(-111.9371086442,98.53009282981,175.478125));
#3541 = TRIMMED_CURVE('',#3542,(#3546,PARAMETER_VALUE(0.)),(#3547,
    PARAMETER_VALUE(0.410304261495)),.T.,.PARAMETER.);
#3542 = LINE('',#3543,#3544);
#3543 = CARTESIAN_POINT('',(-111.9371086442,98.53009282981,175.478125));
#3544 = VECTOR('',#3545,1.);
#3545 = DIRECTION('',(-0.393467456405,-0.917791353262,5.331409408304E-02
    ));
#3546 = CARTESIAN_POINT('',(-111.9371086442,98.53009282981,175.478125));
#3547 = CARTESIAN_POINT('',(-112.0985500184,98.153519126404,175.5));
#3548 = TRIMMED_CURVE('',#3549,(#3553,PARAMETER_VALUE(0.)),(#3554,
    PARAMETER_VALUE(0.410304261495)),.T.,.PARAMETER.);
#3549 = LINE('',#3550,#3551);
#3550 = CARTESIAN_POINT('',(-112.0985500184,98.153519126404,175.5));
#3551 = VECTOR('',#3552,1.);
#3552 = DIRECTION('',(-0.370752983006,-0.927199996206,5.331409408304E-02
    ));
#3553 = CARTESIAN_POINT('',(-112.0985500184,98.153519126404,175.5));
#3554 = CARTESIAN_POINT('',(-112.2506715472,97.773085016703,175.521875)
  );
#3555 = TRIMMED_CURVE('',#3556,(#3560,PARAMETER_VALUE(0.)),(#3561,
    PARAMETER_VALUE(0.410552203142)),.T.,.PARAMETER.);
#3556 = LINE('',#3557,#3558);
#3557 = CARTESIAN_POINT('',(-112.2506715472,97.773085016703,175.521875)
  );
#3558 = VECTOR('',#3559,1.);
#3559 = DIRECTION('',(-0.347828321376,-0.936043000269,5.328189651061E-02
    ));
#3560 = CARTESIAN_POINT('',(-112.2506715472,97.773085016703,175.521875)
  );
#3561 = CARTESIAN_POINT('',(-112.3934732309,97.388790500707,175.54375));
#3562 = TRIMMED_CURVE('',#3563,(#3567,PARAMETER_VALUE(0.)),(#3568,
    PARAMETER_VALUE(0.411047637765)),.T.,.PARAMETER.);
#3563 = LINE('',#3564,#3565);
#3564 = CARTESIAN_POINT('',(-112.3934732309,97.388790500707,175.54375));
#3565 = VECTOR('',#3566,1.);
#3566 = DIRECTION('',(-0.324735690366,-0.944306417624,5.321767598268E-02
    ));
#3567 = CARTESIAN_POINT('',(-112.3934732309,97.388790500707,175.54375));
#3568 = CARTESIAN_POINT('',(-112.5269550693,97.000635578416,175.565625)
  );
#3569 = TRIMMED_CURVE('',#3570,(#3574,PARAMETER_VALUE(0.)),(#3575,
    PARAMETER_VALUE(0.41178967207)),.T.,.PARAMETER.);
#3570 = LINE('',#3571,#3572);
#3571 = CARTESIAN_POINT('',(-112.5269550693,97.000635578416,175.565625)
  );
#3572 = VECTOR('',#3573,1.);
#3573 = DIRECTION('',(-0.301517987485,-0.951979505981,5.312177911121E-02
    ));
#3574 = CARTESIAN_POINT('',(-112.5269550693,97.000635578416,175.565625)
  );
#3575 = CARTESIAN_POINT('',(-112.6511170625,96.608620249831,175.5875));
#3576 = TRIMMED_CURVE('',#3577,(#3581,PARAMETER_VALUE(0.)),(#3582,
    PARAMETER_VALUE(1.413438052337)),.T.,.PARAMETER.);
#3577 = LINE('',#3578,#3579);
#3578 = CARTESIAN_POINT('',(-112.6511170625,96.608620249831,175.5875));
#3579 = VECTOR('',#3580,1.);
#3580 = DIRECTION('',(-0.289875728296,-0.955592211685,5.306210617155E-02
    ));
#3581 = CARTESIAN_POINT('',(-112.6511170625,96.608620249831,175.5875));
#3582 = CARTESIAN_POINT('',(-113.0608384473,95.257949855318,175.6625));
#3583 = TRIMMED_CURVE('',#3584,(#3588,PARAMETER_VALUE(0.)),(#3589,
    PARAMETER_VALUE(0.41178967207)),.T.,.PARAMETER.);
#3584 = LINE('',#3585,#3586);
#3585 = CARTESIAN_POINT('',(-113.0608384473,95.257949855318,175.6625));
#3586 = VECTOR('',#3587,1.);
#3587 = DIRECTION('',(-0.278188431811,-0.959056449324,5.312177911121E-02
    ));
#3588 = CARTESIAN_POINT('',(-113.0608384473,95.257949855318,175.6625));
#3589 = CARTESIAN_POINT('',(-113.1753935704,94.863020314554,175.684375)
  );
#3590 = TRIMMED_CURVE('',#3591,(#3595,PARAMETER_VALUE(0.)),(#3596,
    PARAMETER_VALUE(0.411047637765)),.T.,.PARAMETER.);
#3591 = LINE('',#3592,#3593);
#3592 = CARTESIAN_POINT('',(-113.1753935704,94.863020314554,175.684375)
  );
#3593 = VECTOR('',#3594,1.);
#3594 = DIRECTION('',(-0.254620677912,-0.965575574123,5.321767598261E-02
    ));
#3595 = CARTESIAN_POINT('',(-113.1753935704,94.863020314554,175.684375)
  );
#3596 = CARTESIAN_POINT('',(-113.2800547986,94.466122755727,175.70625));
#3597 = TRIMMED_CURVE('',#3598,(#3602,PARAMETER_VALUE(0.)),(#3603,
    PARAMETER_VALUE(0.410552203142)),.T.,.PARAMETER.);
#3598 = LINE('',#3599,#3600);
#3599 = CARTESIAN_POINT('',(-113.2800547986,94.466122755727,175.70625));
#3600 = VECTOR('',#3601,1.);
#3601 = DIRECTION('',(-0.230828948254,-0.97153437209,5.328189651067E-02)
  );
#3602 = CARTESIAN_POINT('',(-113.2800547986,94.466122755727,175.70625));
#3603 = CARTESIAN_POINT('',(-113.3748221319,94.067257178838,175.728125)
  );
#3604 = TRIMMED_CURVE('',#3605,(#3609,PARAMETER_VALUE(0.)),(#3610,
    PARAMETER_VALUE(0.410304261495)),.T.,.PARAMETER.);
#3605 = LINE('',#3606,#3607);
#3606 = CARTESIAN_POINT('',(-113.3748221319,94.067257178838,175.728125)
  );
#3607 = VECTOR('',#3608,1.);
#3608 = DIRECTION('',(-0.206854878908,-0.976917942534,5.331409408304E-02
    ));
#3609 = CARTESIAN_POINT('',(-113.3748221319,94.067257178838,175.728125)
  );
#3610 = CARTESIAN_POINT('',(-113.4596955702,93.666423583886,175.75));
#3611 = TRIMMED_CURVE('',#3612,(#3616,PARAMETER_VALUE(0.)),(#3617,
    PARAMETER_VALUE(0.410304261495)),.T.,.PARAMETER.);
#3612 = LINE('',#3613,#3614);
#3613 = CARTESIAN_POINT('',(-113.4596955702,93.666423583886,175.75));
#3614 = VECTOR('',#3615,1.);
#3615 = DIRECTION('',(-0.182741322565,-0.981714427112,5.331409408304E-02
    ));
#3616 = CARTESIAN_POINT('',(-113.4596955702,93.666423583886,175.75));
#3617 = CARTESIAN_POINT('',(-113.5346751136,93.263621970871,175.771875)
  );
#3618 = TRIMMED_CURVE('',#3619,(#3623,PARAMETER_VALUE(0.)),(#3624,
    PARAMETER_VALUE(0.410552203142)),.T.,.PARAMETER.);
#3619 = LINE('',#3620,#3621);
#3620 = CARTESIAN_POINT('',(-113.5346751136,93.263621970871,175.771875)
  );
#3621 = VECTOR('',#3622,1.);
#3622 = DIRECTION('',(-0.158531967369,-0.985915135712,5.328189651061E-02
    ));
#3623 = CARTESIAN_POINT('',(-113.5346751136,93.263621970871,175.771875)
  );
#3624 = CARTESIAN_POINT('',(-113.5997607621,92.858852339794,175.79375));
#3625 = TRIMMED_CURVE('',#3626,(#3630,PARAMETER_VALUE(0.)),(#3631,
    PARAMETER_VALUE(0.411047637765)),.T.,.PARAMETER.);
#3626 = LINE('',#3627,#3628);
#3627 = CARTESIAN_POINT('',(-113.5997607621,92.858852339794,175.79375));
#3628 = VECTOR('',#3629,1.);
#3629 = DIRECTION('',(-0.134270942036,-0.989514624999,5.321767598268E-02
    ));
#3630 = CARTESIAN_POINT('',(-113.5997607621,92.858852339794,175.79375));
#3631 = CARTESIAN_POINT('',(-113.6549525156,92.452114690654,175.815625)
  );
#3632 = TRIMMED_CURVE('',#3633,(#3637,PARAMETER_VALUE(0.)),(#3638,
    PARAMETER_VALUE(0.41178967207)),.T.,.PARAMETER.);
#3633 = LINE('',#3634,#3635);
#3634 = CARTESIAN_POINT('',(-113.6549525156,92.452114690654,175.815625)
  );
#3635 = VECTOR('',#3636,1.);
#3636 = DIRECTION('',(-0.110002415527,-0.992510727983,5.312177911121E-02
    ));
#3637 = CARTESIAN_POINT('',(-113.6549525156,92.452114690654,175.815625)
  );
#3638 = CARTESIAN_POINT('',(-113.7002503742,92.043409023452,175.8375));
#3639 = TRIMMED_CURVE('',#3640,(#3644,PARAMETER_VALUE(0.)),(#3645,
    PARAMETER_VALUE(1.413438052337)),.T.,.PARAMETER.);
#3640 = LINE('',#3641,#3642);
#3641 = CARTESIAN_POINT('',(-113.7002503742,92.043409023452,175.8375));
#3642 = VECTOR('',#3643,1.);
#3643 = DIRECTION('',(-9.787905516485E-02,-0.993782724467,
    5.306210617155E-02));
#3644 = CARTESIAN_POINT('',(-113.7002503742,92.043409023452,175.8375));
#3645 = CARTESIAN_POINT('',(-113.8385963553,90.638758704935,175.9125));
#3646 = TRIMMED_CURVE('',#3647,(#3651,PARAMETER_VALUE(0.)),(#3652,
    PARAMETER_VALUE(0.41178967207)),.T.,.PARAMETER.);
#3647 = LINE('',#3648,#3649);
#3648 = CARTESIAN_POINT('',(-113.8385963553,90.638758704935,175.9125));
#3649 = VECTOR('',#3650,1.);
#3650 = DIRECTION('',(-8.574048756871E-02,-0.994900319316,
    5.31217791112E-02));
#3651 = CARTESIAN_POINT('',(-113.8385963553,90.638758704935,175.9125));
#3652 = CARTESIAN_POINT('',(-113.8739034026,90.229069028702,175.934375)
  );
#3653 = TRIMMED_CURVE('',#3654,(#3658,PARAMETER_VALUE(0.)),(#3659,
    PARAMETER_VALUE(0.411047637765)),.T.,.PARAMETER.);
#3654 = LINE('',#3655,#3656);
#3655 = CARTESIAN_POINT('',(-113.8739034026,90.229069028702,175.934375)
  );
#3656 = VECTOR('',#3657,1.);
#3657 = DIRECTION('',(-6.135376329585E-02,-0.996696340262,
    5.321767598261E-02));
#3658 = CARTESIAN_POINT('',(-113.8739034026,90.229069028702,175.934375)
  );
#3659 = CARTESIAN_POINT('',(-113.8991227221,89.819379352468,175.95625));
#3660 = TRIMMED_CURVE('',#3661,(#3665,PARAMETER_VALUE(0.)),(#3666,
    PARAMETER_VALUE(0.410552203142)),.T.,.PARAMETER.);
#3661 = LINE('',#3662,#3663);
#3662 = CARTESIAN_POINT('',(-113.8991227221,89.819379352468,175.95625));
#3663 = VECTOR('',#3664,1.);
#3664 = DIRECTION('',(-3.685668123726E-02,-0.997899105397,
    5.328189651067E-02));
#3665 = CARTESIAN_POINT('',(-113.8991227221,89.819379352468,175.95625));
#3666 = CARTESIAN_POINT('',(-113.9142543137,89.409689676234,175.978125)
  );
#3667 = TRIMMED_CURVE('',#3668,(#3672,PARAMETER_VALUE(0.)),(#3673,
    PARAMETER_VALUE(0.410304261495)),.T.,.PARAMETER.);
#3668 = LINE('',#3669,#3670);
#3669 = CARTESIAN_POINT('',(-113.9142543137,89.409689676234,175.978125)
  );
#3670 = VECTOR('',#3671,1.);
#3671 = DIRECTION('',(-1.229298442039E-02,-0.998502123136,
    5.331409408304E-02));
#3672 = CARTESIAN_POINT('',(-113.9142543137,89.409689676234,175.978125)
  );
#3673 = CARTESIAN_POINT('',(-113.9192981776,89.,176.));
#3674 = TRIMMED_CURVE('',#3675,(#3679,PARAMETER_VALUE(0.)),(#3680,
    PARAMETER_VALUE(0.410304261495)),.T.,.PARAMETER.);
#3675 = LINE('',#3676,#3677);
#3676 = CARTESIAN_POINT('',(-113.9192981776,89.,176.));
#3677 = VECTOR('',#3678,1.);
#3678 = DIRECTION('',(1.229298442039E-02,-0.998502123136,
    5.331409408304E-02));
#3679 = CARTESIAN_POINT('',(-113.9192981776,89.,176.));
#3680 = CARTESIAN_POINT('',(-113.9142543137,88.590310323766,176.021875)
  );
#3681 = TRIMMED_CURVE('',#3682,(#3686,PARAMETER_VALUE(0.)),(#3687,
    PARAMETER_VALUE(0.410552203142)),.T.,.PARAMETER.);
#3682 = LINE('',#3683,#3684);
#3683 = CARTESIAN_POINT('',(-113.9142543137,88.590310323766,176.021875)
  );
#3684 = VECTOR('',#3685,1.);
#3685 = DIRECTION('',(3.685668123726E-02,-0.997899105397,
    5.328189651061E-02));
#3686 = CARTESIAN_POINT('',(-113.9142543137,88.590310323766,176.021875)
  );
#3687 = CARTESIAN_POINT('',(-113.8991227221,88.180620647532,176.04375));
#3688 = TRIMMED_CURVE('',#3689,(#3693,PARAMETER_VALUE(0.)),(#3694,
    PARAMETER_VALUE(0.411047637765)),.T.,.PARAMETER.);
#3689 = LINE('',#3690,#3691);
#3690 = CARTESIAN_POINT('',(-113.8991227221,88.180620647532,176.04375));
#3691 = VECTOR('',#3692,1.);
#3692 = DIRECTION('',(6.135376329585E-02,-0.996696340262,
    5.321767598268E-02));
#3693 = CARTESIAN_POINT('',(-113.8991227221,88.180620647532,176.04375));
#3694 = CARTESIAN_POINT('',(-113.8739034026,87.770930971298,176.065625)
  );
#3695 = TRIMMED_CURVE('',#3696,(#3700,PARAMETER_VALUE(0.)),(#3701,
    PARAMETER_VALUE(0.41178967207)),.T.,.PARAMETER.);
#3696 = LINE('',#3697,#3698);
#3697 = CARTESIAN_POINT('',(-113.8739034026,87.770930971298,176.065625)
  );
#3698 = VECTOR('',#3699,1.);
#3699 = DIRECTION('',(8.574048756871E-02,-0.994900319316,
    5.31217791112E-02));
#3700 = CARTESIAN_POINT('',(-113.8739034026,87.770930971298,176.065625)
  );
#3701 = CARTESIAN_POINT('',(-113.8385963553,87.361241295065,176.0875));
#3702 = TRIMMED_CURVE('',#3703,(#3707,PARAMETER_VALUE(0.)),(#3708,
    PARAMETER_VALUE(1.413438052337)),.T.,.PARAMETER.);
#3703 = LINE('',#3704,#3705);
#3704 = CARTESIAN_POINT('',(-113.8385963553,87.361241295065,176.0875));
#3705 = VECTOR('',#3706,1.);
#3706 = DIRECTION('',(9.787905516485E-02,-0.993782724467,
    5.306210617155E-02));
#3707 = CARTESIAN_POINT('',(-113.8385963553,87.361241295065,176.0875));
#3708 = CARTESIAN_POINT('',(-113.7002503742,85.956590976548,176.1625));
#3709 = TRIMMED_CURVE('',#3710,(#3714,PARAMETER_VALUE(0.)),(#3715,
    PARAMETER_VALUE(0.41178967207)),.T.,.PARAMETER.);
#3710 = LINE('',#3711,#3712);
#3711 = CARTESIAN_POINT('',(-113.7002503742,85.956590976548,176.1625));
#3712 = VECTOR('',#3713,1.);
#3713 = DIRECTION('',(0.110002415527,-0.992510727983,5.312177911121E-02)
  );
#3714 = CARTESIAN_POINT('',(-113.7002503742,85.956590976548,176.1625));
#3715 = CARTESIAN_POINT('',(-113.6549525156,85.547885309346,176.184375)
  );
#3716 = TRIMMED_CURVE('',#3717,(#3721,PARAMETER_VALUE(0.)),(#3722,
    PARAMETER_VALUE(0.411047637765)),.T.,.PARAMETER.);
#3717 = LINE('',#3718,#3719);
#3718 = CARTESIAN_POINT('',(-113.6549525156,85.547885309346,176.184375)
  );
#3719 = VECTOR('',#3720,1.);
#3720 = DIRECTION('',(0.134270942036,-0.989514624999,5.321767598261E-02)
  );
#3721 = CARTESIAN_POINT('',(-113.6549525156,85.547885309346,176.184375)
  );
#3722 = CARTESIAN_POINT('',(-113.5997607621,85.141147660206,176.20625));
#3723 = TRIMMED_CURVE('',#3724,(#3728,PARAMETER_VALUE(0.)),(#3729,
    PARAMETER_VALUE(0.410552203142)),.T.,.PARAMETER.);
#3724 = LINE('',#3725,#3726);
#3725 = CARTESIAN_POINT('',(-113.5997607621,85.141147660206,176.20625));
#3726 = VECTOR('',#3727,1.);
#3727 = DIRECTION('',(0.158531967369,-0.985915135712,5.328189651068E-02)
  );
#3728 = CARTESIAN_POINT('',(-113.5997607621,85.141147660206,176.20625));
#3729 = CARTESIAN_POINT('',(-113.5346751136,84.736378029129,176.228125)
  );
#3730 = TRIMMED_CURVE('',#3731,(#3735,PARAMETER_VALUE(0.)),(#3736,
    PARAMETER_VALUE(0.410304261495)),.T.,.PARAMETER.);
#3731 = LINE('',#3732,#3733);
#3732 = CARTESIAN_POINT('',(-113.5346751136,84.736378029129,176.228125)
  );
#3733 = VECTOR('',#3734,1.);
#3734 = DIRECTION('',(0.182741322565,-0.981714427112,5.331409408304E-02)
  );
#3735 = CARTESIAN_POINT('',(-113.5346751136,84.736378029129,176.228125)
  );
#3736 = CARTESIAN_POINT('',(-113.4596955702,84.333576416114,176.25));
#3737 = TRIMMED_CURVE('',#3738,(#3742,PARAMETER_VALUE(0.)),(#3743,
    PARAMETER_VALUE(0.410304261495)),.T.,.PARAMETER.);
#3738 = LINE('',#3739,#3740);
#3739 = CARTESIAN_POINT('',(-113.4596955702,84.333576416114,176.25));
#3740 = VECTOR('',#3741,1.);
#3741 = DIRECTION('',(0.206854878908,-0.976917942534,5.331409408304E-02)
  );
#3742 = CARTESIAN_POINT('',(-113.4596955702,84.333576416114,176.25));
#3743 = CARTESIAN_POINT('',(-113.3748221319,83.932742821162,176.271875)
  );
#3744 = TRIMMED_CURVE('',#3745,(#3749,PARAMETER_VALUE(0.)),(#3750,
    PARAMETER_VALUE(0.410552203142)),.T.,.PARAMETER.);
#3745 = LINE('',#3746,#3747);
#3746 = CARTESIAN_POINT('',(-113.3748221319,83.932742821162,176.271875)
  );
#3747 = VECTOR('',#3748,1.);
#3748 = DIRECTION('',(0.230828948254,-0.97153437209,5.328189651061E-02)
  );
#3749 = CARTESIAN_POINT('',(-113.3748221319,83.932742821162,176.271875)
  );
#3750 = CARTESIAN_POINT('',(-113.2800547986,83.533877244273,176.29375));
#3751 = TRIMMED_CURVE('',#3752,(#3756,PARAMETER_VALUE(0.)),(#3757,
    PARAMETER_VALUE(0.411047637765)),.T.,.PARAMETER.);
#3752 = LINE('',#3753,#3754);
#3753 = CARTESIAN_POINT('',(-113.2800547986,83.533877244273,176.29375));
#3754 = VECTOR('',#3755,1.);
#3755 = DIRECTION('',(0.254620677912,-0.965575574123,5.321767598268E-02)
  );
#3756 = CARTESIAN_POINT('',(-113.2800547986,83.533877244273,176.29375));
#3757 = CARTESIAN_POINT('',(-113.1753935704,83.136979685446,176.315625)
  );
#3758 = TRIMMED_CURVE('',#3759,(#3763,PARAMETER_VALUE(0.)),(#3764,
    PARAMETER_VALUE(0.41178967207)),.T.,.PARAMETER.);
#3759 = LINE('',#3760,#3761);
#3760 = CARTESIAN_POINT('',(-113.1753935704,83.136979685446,176.315625)
  );
#3761 = VECTOR('',#3762,1.);
#3762 = DIRECTION('',(0.278188431811,-0.959056449324,5.312177911121E-02)
  );
#3763 = CARTESIAN_POINT('',(-113.1753935704,83.136979685446,176.315625)
  );
#3764 = CARTESIAN_POINT('',(-113.0608384473,82.742050144682,176.3375));
#3765 = TRIMMED_CURVE('',#3766,(#3770,PARAMETER_VALUE(0.)),(#3771,
    PARAMETER_VALUE(1.413438052337)),.T.,.PARAMETER.);
#3766 = LINE('',#3767,#3768);
#3767 = CARTESIAN_POINT('',(-113.0608384473,82.742050144682,176.3375));
#3768 = VECTOR('',#3769,1.);
#3769 = DIRECTION('',(0.289875728296,-0.955592211685,5.306210617155E-02)
  );
#3770 = CARTESIAN_POINT('',(-113.0608384473,82.742050144682,176.3375));
#3771 = CARTESIAN_POINT('',(-112.6511170625,81.391379750169,176.4125));
#3772 = TRIMMED_CURVE('',#3773,(#3777,PARAMETER_VALUE(0.)),(#3778,
    PARAMETER_VALUE(0.41178967207)),.T.,.PARAMETER.);
#3773 = LINE('',#3774,#3775);
#3774 = CARTESIAN_POINT('',(-112.6511170625,81.391379750169,176.4125));
#3775 = VECTOR('',#3776,1.);
#3776 = DIRECTION('',(0.301517987485,-0.951979505981,5.312177911121E-02)
  );
#3777 = CARTESIAN_POINT('',(-112.6511170625,81.391379750169,176.4125));
#3778 = CARTESIAN_POINT('',(-112.5269550693,80.999364421584,176.434375)
  );
#3779 = TRIMMED_CURVE('',#3780,(#3784,PARAMETER_VALUE(0.)),(#3785,
    PARAMETER_VALUE(0.411047637765)),.T.,.PARAMETER.);
#3780 = LINE('',#3781,#3782);
#3781 = CARTESIAN_POINT('',(-112.5269550693,80.999364421584,176.434375)
  );
#3782 = VECTOR('',#3783,1.);
#3783 = DIRECTION('',(0.324735690366,-0.944306417624,5.321767598261E-02)
  );
#3784 = CARTESIAN_POINT('',(-112.5269550693,80.999364421584,176.434375)
  );
#3785 = CARTESIAN_POINT('',(-112.3934732309,80.611209499293,176.45625));
#3786 = TRIMMED_CURVE('',#3787,(#3791,PARAMETER_VALUE(0.)),(#3792,
    PARAMETER_VALUE(0.410552203142)),.T.,.PARAMETER.);
#3787 = LINE('',#3788,#3789);
#3788 = CARTESIAN_POINT('',(-112.3934732309,80.611209499293,176.45625));
#3789 = VECTOR('',#3790,1.);
#3790 = DIRECTION('',(0.347828321376,-0.936043000269,5.328189651068E-02)
  );
#3791 = CARTESIAN_POINT('',(-112.3934732309,80.611209499293,176.45625));
#3792 = CARTESIAN_POINT('',(-112.2506715472,80.226914983297,176.478125)
  );
#3793 = TRIMMED_CURVE('',#3794,(#3798,PARAMETER_VALUE(0.)),(#3799,
    PARAMETER_VALUE(0.410304261495)),.T.,.PARAMETER.);
#3794 = LINE('',#3795,#3796);
#3795 = CARTESIAN_POINT('',(-112.2506715472,80.226914983297,176.478125)
  );
#3796 = VECTOR('',#3797,1.);
#3797 = DIRECTION('',(0.370752983006,-0.927199996206,5.331409408304E-02)
  );
#3798 = CARTESIAN_POINT('',(-112.2506715472,80.226914983297,176.478125)
  );
#3799 = CARTESIAN_POINT('',(-112.0985500184,79.846480873596,176.5));
#3800 = TRIMMED_CURVE('',#3801,(#3805,PARAMETER_VALUE(0.)),(#3806,
    PARAMETER_VALUE(0.410304261495)),.T.,.PARAMETER.);
#3801 = LINE('',#3802,#3803);
#3802 = CARTESIAN_POINT('',(-112.0985500184,79.846480873596,176.5));
#3803 = VECTOR('',#3804,1.);
#3804 = DIRECTION('',(0.393467456405,-0.917791353262,5.331409408304E-02)
  );
#3805 = CARTESIAN_POINT('',(-112.0985500184,79.846480873596,176.5));
#3806 = CARTESIAN_POINT('',(-111.9371086442,79.46990717019,176.521875));
#3807 = TRIMMED_CURVE('',#3808,(#3812,PARAMETER_VALUE(0.)),(#3813,
    PARAMETER_VALUE(0.410552203142)),.T.,.PARAMETER.);
#3808 = LINE('',#3809,#3810);
#3809 = CARTESIAN_POINT('',(-111.9371086442,79.46990717019,176.521875));
#3810 = VECTOR('',#3811,1.);
#3811 = DIRECTION('',(0.415930588239,-0.907834117706,5.328189651061E-02)
  );
#3812 = CARTESIAN_POINT('',(-111.9371086442,79.46990717019,176.521875));
#3813 = CARTESIAN_POINT('',(-111.7663474249,79.097193873078,176.54375));
#3814 = TRIMMED_CURVE('',#3815,(#3819,PARAMETER_VALUE(0.)),(#3820,
    PARAMETER_VALUE(0.411047637765)),.T.,.PARAMETER.);
#3815 = LINE('',#3816,#3817);
#3816 = CARTESIAN_POINT('',(-111.7663474249,79.097193873078,176.54375));
#3817 = VECTOR('',#3818,1.);
#3818 = DIRECTION('',(0.438102662669,-0.897348280171,5.321767598268E-02)
  );
#3819 = CARTESIAN_POINT('',(-111.7663474249,79.097193873078,176.54375));
#3820 = CARTESIAN_POINT('',(-111.5862663603,78.728340982262,176.565625)
  );
#3821 = TRIMMED_CURVE('',#3822,(#3826,PARAMETER_VALUE(0.)),(#3827,
    PARAMETER_VALUE(0.41178967207)),.T.,.PARAMETER.);
#3822 = LINE('',#3823,#3824);
#3823 = CARTESIAN_POINT('',(-111.5862663603,78.728340982262,176.565625)
  );
#3824 = VECTOR('',#3825,1.);
#3825 = DIRECTION('',(0.459945750629,-0.88635657783,5.312177911121E-02)
  );
#3826 = CARTESIAN_POINT('',(-111.5862663603,78.728340982262,176.565625)
  );
#3827 = CARTESIAN_POINT('',(-111.3968654505,78.36334849774,176.5875));
#3828 = TRIMMED_CURVE('',#3829,(#3833,PARAMETER_VALUE(0.)),(#3834,
    PARAMETER_VALUE(1.413438052337)),.T.,.PARAMETER.);
#3829 = LINE('',#3830,#3831);
#3830 = CARTESIAN_POINT('',(-111.3968654505,78.36334849774,176.5875));
#3831 = VECTOR('',#3832,1.);
#3832 = DIRECTION('',(0.470732639752,-0.880678826111,5.306210617155E-02)
  );
#3833 = CARTESIAN_POINT('',(-111.3968654505,78.36334849774,176.5875));
#3834 = CARTESIAN_POINT('',(-110.731514025,77.118563533027,176.6625));
#3835 = TRIMMED_CURVE('',#3836,(#3840,PARAMETER_VALUE(0.)),(#3841,
    PARAMETER_VALUE(0.41178967207)),.T.,.PARAMETER.);
#3836 = LINE('',#3837,#3838);
#3837 = CARTESIAN_POINT('',(-110.731514025,77.118563533027,176.6625));
#3838 = VECTOR('',#3839,1.);
#3839 = DIRECTION('',(0.481446392276,-0.874864245439,5.312177911121E-02)
  );
#3840 = CARTESIAN_POINT('',(-110.731514025,77.118563533027,176.6625));
#3841 = CARTESIAN_POINT('',(-110.533259373,76.758303472292,176.684375));
#3842 = TRIMMED_CURVE('',#3843,(#3847,PARAMETER_VALUE(0.)),(#3848,
    PARAMETER_VALUE(0.411047637765)),.T.,.PARAMETER.);
#3843 = LINE('',#3844,#3845);
#3844 = CARTESIAN_POINT('',(-110.533259373,76.758303472292,176.684375));
#3845 = VECTOR('',#3846,1.);
#3846 = DIRECTION('',(0.502721028228,-0.862809044192,5.321767598261E-02)
  );
#3847 = CARTESIAN_POINT('',(-110.533259373,76.758303472292,176.684375));
#3848 = CARTESIAN_POINT('',(-110.3266170819,76.403647852834,176.70625));
#3849 = TRIMMED_CURVE('',#3850,(#3854,PARAMETER_VALUE(0.)),(#3855,
    PARAMETER_VALUE(0.410552203142)),.T.,.PARAMETER.);
#3850 = LINE('',#3851,#3852);
#3851 = CARTESIAN_POINT('',(-110.3266170819,76.403647852834,176.70625));
#3852 = VECTOR('',#3853,1.);
#3853 = DIRECTION('',(0.523757828056,-0.850199257265,5.328189651067E-02)
  );
#3854 = CARTESIAN_POINT('',(-110.3266170819,76.403647852834,176.70625));
#3855 = CARTESIAN_POINT('',(-110.1115871516,76.054596674655,176.728125)
  );
#3856 = TRIMMED_CURVE('',#3857,(#3861,PARAMETER_VALUE(0.)),(#3862,
    PARAMETER_VALUE(0.410304261495)),.T.,.PARAMETER.);
#3857 = LINE('',#3858,#3859);
#3858 = CARTESIAN_POINT('',(-110.1115871516,76.054596674655,176.728125)
  );
#3859 = VECTOR('',#3860,1.);
#3860 = DIRECTION('',(0.544516814231,-0.837053789426,5.331409408304E-02)
  );
#3861 = CARTESIAN_POINT('',(-110.1115871516,76.054596674655,176.728125)
  );
#3862 = CARTESIAN_POINT('',(-109.8881695823,75.711149937753,176.75));
#3863 = TRIMMED_CURVE('',#3864,(#3868,PARAMETER_VALUE(0.)),(#3869,
    PARAMETER_VALUE(0.410304261495)),.T.,.PARAMETER.);
#3864 = LINE('',#3865,#3866);
#3865 = CARTESIAN_POINT('',(-109.8881695823,75.711149937753,176.75));
#3866 = VECTOR('',#3867,1.);
#3867 = DIRECTION('',(0.564959300211,-0.823394556988,5.331409408304E-02)
  );
#3868 = CARTESIAN_POINT('',(-109.8881695823,75.711149937753,176.75));
#3869 = CARTESIAN_POINT('',(-109.6563643739,75.37330764213,176.771875));
#3870 = TRIMMED_CURVE('',#3871,(#3875,PARAMETER_VALUE(0.)),(#3876,
    PARAMETER_VALUE(0.410552203142)),.T.,.PARAMETER.);
#3871 = LINE('',#3872,#3873);
#3872 = CARTESIAN_POINT('',(-109.6563643739,75.37330764213,176.771875));
#3873 = VECTOR('',#3874,1.);
#3874 = DIRECTION('',(0.585048248975,-0.809246307298,5.328189651061E-02)
  );
#3875 = CARTESIAN_POINT('',(-109.6563643739,75.37330764213,176.771875));
#3876 = CARTESIAN_POINT('',(-109.4161715263,75.041069787784,176.79375));
#3877 = TRIMMED_CURVE('',#3878,(#3882,PARAMETER_VALUE(0.)),(#3883,
    PARAMETER_VALUE(0.411047637765)),.T.,.PARAMETER.);
#3878 = LINE('',#3879,#3880);
#3879 = CARTESIAN_POINT('',(-109.4161715263,75.041069787784,176.79375));
#3880 = VECTOR('',#3881,1.);
#3881 = DIRECTION('',(0.60474860779,-0.79463639505,5.321767598268E-02));
#3882 = CARTESIAN_POINT('',(-109.4161715263,75.041069787784,176.79375));
#3883 = CARTESIAN_POINT('',(-109.1675910396,74.714436374717,176.815625)
  );
#3884 = TRIMMED_CURVE('',#3885,(#3889,PARAMETER_VALUE(0.)),(#3890,
    PARAMETER_VALUE(0.41178967207)),.T.,.PARAMETER.);
#3885 = LINE('',#3886,#3887);
#3886 = CARTESIAN_POINT('',(-109.1675910396,74.714436374717,176.815625)
  );
#3887 = VECTOR('',#3888,1.);
#3888 = DIRECTION('',(0.624027612191,-0.779594520124,5.312177911121E-02)
  );
#3889 = CARTESIAN_POINT('',(-109.1675910396,74.714436374717,176.815625)
  );
#3890 = CARTESIAN_POINT('',(-108.9106229138,74.393407402927,176.8375));
#3891 = TRIMMED_CURVE('',#3892,(#3896,PARAMETER_VALUE(0.)),(#3897,
    PARAMETER_VALUE(1.413438052337)),.T.,.PARAMETER.);
#3892 = LINE('',#3893,#3894);
#3893 = CARTESIAN_POINT('',(-108.9106229138,74.393407402927,176.8375));
#3894 = VECTOR('',#3895,1.);
#3895 = DIRECTION('',(0.633499559853,-0.77192144714,5.306210617155E-02)
  );
#3896 = CARTESIAN_POINT('',(-108.9106229138,74.393407402927,176.8375));
#3897 = CARTESIAN_POINT('',(-108.0152105298,73.302344256125,176.9125));
#3898 = TRIMMED_CURVE('',#3899,(#3903,PARAMETER_VALUE(0.)),(#3904,
    PARAMETER_VALUE(0.41178967207)),.T.,.PARAMETER.);
#3899 = LINE('',#3900,#3901);
#3900 = CARTESIAN_POINT('',(-108.0152105298,73.302344256125,176.9125));
#3901 = VECTOR('',#3902,1.);
#3902 = DIRECTION('',(0.642873082211,-0.764128442575,5.312177911121E-02)
  );
#3903 = CARTESIAN_POINT('',(-108.0152105298,73.302344256125,176.9125));
#3904 = CARTESIAN_POINT('',(-107.7504820341,72.987684055338,176.934375)
  );
#3905 = TRIMMED_CURVE('',#3906,(#3910,PARAMETER_VALUE(0.)),(#3911,
    PARAMETER_VALUE(0.411047637765)),.T.,.PARAMETER.);
#3906 = LINE('',#3907,#3908);
#3907 = CARTESIAN_POINT('',(-107.7504820341,72.987684055338,176.934375)
  );
#3908 = VECTOR('',#3909,1.);
#3909 = DIRECTION('',(0.661387078906,-0.748154403061,5.321767598261E-02)
  );
#3910 = CARTESIAN_POINT('',(-107.7504820341,72.987684055338,176.934375)
  );
#3911 = CARTESIAN_POINT('',(-107.4786204377,72.680156955276,176.95625));
#3912 = TRIMMED_CURVE('',#3913,(#3917,PARAMETER_VALUE(0.)),(#3918,
    PARAMETER_VALUE(0.410552203142)),.T.,.PARAMETER.);
#3913 = LINE('',#3914,#3915);
#3914 = CARTESIAN_POINT('',(-107.4786204377,72.680156955276,176.95625));
#3915 = VECTOR('',#3916,1.);
#3916 = DIRECTION('',(0.679559615131,-0.731682833601,5.328189651068E-02)
  );
#3917 = CARTESIAN_POINT('',(-107.4786204377,72.680156955276,176.95625));
#3918 = CARTESIAN_POINT('',(-107.1996257405,72.37976295594,176.978125));
#3919 = TRIMMED_CURVE('',#3920,(#3924,PARAMETER_VALUE(0.)),(#3925,
    PARAMETER_VALUE(0.410304261495)),.T.,.PARAMETER.);
#3920 = LINE('',#3921,#3922);
#3921 = CARTESIAN_POINT('',(-107.1996257405,72.37976295594,176.978125));
#3922 = VECTOR('',#3923,1.);
#3923 = DIRECTION('',(0.697355169654,-0.714740074943,5.331409408304E-02)
  );
#3924 = CARTESIAN_POINT('',(-107.1996257405,72.37976295594,176.978125));
#3925 = CARTESIAN_POINT('',(-106.9134979426,72.08650205733,177.));
#3926 = TRIMMED_CURVE('',#3927,(#3931,PARAMETER_VALUE(0.)),(#3932,
    PARAMETER_VALUE(0.410304261495)),.T.,.PARAMETER.);
#3927 = LINE('',#3928,#3929);
#3928 = CARTESIAN_POINT('',(-106.9134979426,72.08650205733,177.));
#3929 = VECTOR('',#3930,1.);
#3930 = DIRECTION('',(0.714740074943,-0.697355169654,5.331409408304E-02)
  );
#3931 = CARTESIAN_POINT('',(-106.9134979426,72.08650205733,177.));
#3932 = CARTESIAN_POINT('',(-106.620237044,71.800374259446,177.021875));
#3933 = TRIMMED_CURVE('',#3934,(#3938,PARAMETER_VALUE(0.)),(#3939,
    PARAMETER_VALUE(0.410552203142)),.T.,.PARAMETER.);
#3934 = LINE('',#3935,#3936);
#3935 = CARTESIAN_POINT('',(-106.620237044,71.800374259446,177.021875));
#3936 = VECTOR('',#3937,1.);
#3937 = DIRECTION('',(0.731682833601,-0.679559615131,5.32818965106E-02)
  );
#3938 = CARTESIAN_POINT('',(-106.620237044,71.800374259446,177.021875));
#3939 = CARTESIAN_POINT('',(-106.3198430447,71.521379562287,177.04375));
#3940 = TRIMMED_CURVE('',#3941,(#3945,PARAMETER_VALUE(0.)),(#3946,
    PARAMETER_VALUE(0.411047637765)),.T.,.PARAMETER.);
#3941 = LINE('',#3942,#3943);
#3942 = CARTESIAN_POINT('',(-106.3198430447,71.521379562287,177.04375));
#3943 = VECTOR('',#3944,1.);
#3944 = DIRECTION('',(0.748154403061,-0.661387078906,5.321767598268E-02)
  );
#3945 = CARTESIAN_POINT('',(-106.3198430447,71.521379562287,177.04375));
#3946 = CARTESIAN_POINT('',(-106.0123159446,71.249517965855,177.065625)
  );
#3947 = TRIMMED_CURVE('',#3948,(#3952,PARAMETER_VALUE(0.)),(#3953,
    PARAMETER_VALUE(0.41178967207)),.T.,.PARAMETER.);
#3948 = LINE('',#3949,#3950);
#3949 = CARTESIAN_POINT('',(-106.0123159446,71.249517965855,177.065625)
  );
#3950 = VECTOR('',#3951,1.);
#3951 = DIRECTION('',(0.764128442575,-0.642873082211,5.312177911121E-02)
  );
#3952 = CARTESIAN_POINT('',(-106.0123159446,71.249517965855,177.065625)
  );
#3953 = CARTESIAN_POINT('',(-105.6976557438,70.984789470148,177.0875));
#3954 = TRIMMED_CURVE('',#3955,(#3959,PARAMETER_VALUE(0.)),(#3960,
    PARAMETER_VALUE(1.413438052337)),.T.,.PARAMETER.);
#3955 = LINE('',#3956,#3957);
#3956 = CARTESIAN_POINT('',(-105.6976557438,70.984789470148,177.0875));
#3957 = VECTOR('',#3958,1.);
#3958 = DIRECTION('',(0.77192144714,-0.633499559853,5.306210617155E-02)
  );
#3959 = CARTESIAN_POINT('',(-105.6976557438,70.984789470148,177.0875));
#3960 = CARTESIAN_POINT('',(-104.606592597,70.089377086113,177.1625));
#3961 = TRIMMED_CURVE('',#3962,(#3966,PARAMETER_VALUE(0.)),(#3967,
    PARAMETER_VALUE(0.41178967207)),.T.,.PARAMETER.);
#3962 = LINE('',#3963,#3964);
#3963 = CARTESIAN_POINT('',(-104.606592597,70.089377086113,177.1625));
#3964 = VECTOR('',#3965,1.);
#3965 = DIRECTION('',(0.779594520124,-0.624027612191,5.31217791112E-02)
  );
#3966 = CARTESIAN_POINT('',(-104.606592597,70.089377086113,177.1625));
#3967 = CARTESIAN_POINT('',(-104.2855636252,69.832408960326,177.184375)
  );
#3968 = TRIMMED_CURVE('',#3969,(#3973,PARAMETER_VALUE(0.)),(#3974,
    PARAMETER_VALUE(0.411047637765)),.T.,.PARAMETER.);
#3969 = LINE('',#3970,#3971);
#3970 = CARTESIAN_POINT('',(-104.2855636252,69.832408960326,177.184375)
  );
#3971 = VECTOR('',#3972,1.);
#3972 = DIRECTION('',(0.79463639505,-0.60474860779,5.321767598261E-02));
#3973 = CARTESIAN_POINT('',(-104.2855636252,69.832408960326,177.184375)
  );
#3974 = CARTESIAN_POINT('',(-103.9589302122,69.583828473652,177.20625));
#3975 = TRIMMED_CURVE('',#3976,(#3980,PARAMETER_VALUE(0.)),(#3981,
    PARAMETER_VALUE(0.410552203142)),.T.,.PARAMETER.);
#3976 = LINE('',#3977,#3978);
#3977 = CARTESIAN_POINT('',(-103.9589302122,69.583828473652,177.20625));
#3978 = VECTOR('',#3979,1.);
#3979 = DIRECTION('',(0.809246307298,-0.585048248975,5.328189651068E-02)
  );
#3980 = CARTESIAN_POINT('',(-103.9589302122,69.583828473652,177.20625));
#3981 = CARTESIAN_POINT('',(-103.6266923578,69.343635626092,177.228125)
  );
#3982 = TRIMMED_CURVE('',#3983,(#3987,PARAMETER_VALUE(0.)),(#3988,
    PARAMETER_VALUE(0.410304261495)),.T.,.PARAMETER.);
#3983 = LINE('',#3984,#3985);
#3984 = CARTESIAN_POINT('',(-103.6266923578,69.343635626092,177.228125)
  );
#3985 = VECTOR('',#3986,1.);
#3986 = DIRECTION('',(0.823394556988,-0.564959300211,5.331409408304E-02)
  );
#3987 = CARTESIAN_POINT('',(-103.6266923578,69.343635626092,177.228125)
  );
#3988 = CARTESIAN_POINT('',(-103.2888500622,69.111830417644,177.25));
#3989 = TRIMMED_CURVE('',#3990,(#3994,PARAMETER_VALUE(0.)),(#3995,
    PARAMETER_VALUE(0.410304261495)),.T.,.PARAMETER.);
#3990 = LINE('',#3991,#3992);
#3991 = CARTESIAN_POINT('',(-103.2888500622,69.111830417644,177.25));
#3992 = VECTOR('',#3993,1.);
#3993 = DIRECTION('',(0.837053789426,-0.544516814231,5.331409408304E-02)
  );
#3994 = CARTESIAN_POINT('',(-103.2888500622,69.111830417644,177.25));
#3995 = CARTESIAN_POINT('',(-102.9454033253,68.88841284831,177.271875));
#3996 = TRIMMED_CURVE('',#3997,(#4001,PARAMETER_VALUE(0.)),(#4002,
    PARAMETER_VALUE(0.410552203142)),.T.,.PARAMETER.);
#3997 = LINE('',#3998,#3999);
#3998 = CARTESIAN_POINT('',(-102.9454033253,68.88841284831,177.271875));
#3999 = VECTOR('',#4000,1.);
#4000 = DIRECTION('',(0.850199257265,-0.523757828056,5.328189651061E-02)
  );
#4001 = CARTESIAN_POINT('',(-102.9454033253,68.88841284831,177.271875));
#4002 = CARTESIAN_POINT('',(-102.5963521471,68.673382918089,177.29375));
#4003 = TRIMMED_CURVE('',#4004,(#4008,PARAMETER_VALUE(0.)),(#4009,
    PARAMETER_VALUE(0.411047637765)),.T.,.PARAMETER.);
#4004 = LINE('',#4005,#4006);
#4005 = CARTESIAN_POINT('',(-102.5963521471,68.673382918089,177.29375));
#4006 = VECTOR('',#4007,1.);
#4007 = DIRECTION('',(0.862809044192,-0.502721028228,5.321767598268E-02)
  );
#4008 = CARTESIAN_POINT('',(-102.5963521471,68.673382918089,177.29375));
#4009 = CARTESIAN_POINT('',(-102.2416965277,68.46674062698,177.315625));
#4010 = TRIMMED_CURVE('',#4011,(#4015,PARAMETER_VALUE(0.)),(#4016,
    PARAMETER_VALUE(0.41178967207)),.T.,.PARAMETER.);
#4011 = LINE('',#4012,#4013);
#4012 = CARTESIAN_POINT('',(-102.2416965277,68.46674062698,177.315625));
#4013 = VECTOR('',#4014,1.);
#4014 = DIRECTION('',(0.874864245439,-0.481446392276,5.312177911121E-02)
  );
#4015 = CARTESIAN_POINT('',(-102.2416965277,68.46674062698,177.315625));
#4016 = CARTESIAN_POINT('',(-101.8814364669,68.268485974985,177.3375));
#4017 = TRIMMED_CURVE('',#4018,(#4022,PARAMETER_VALUE(0.)),(#4023,
    PARAMETER_VALUE(1.413438052337)),.T.,.PARAMETER.);
#4018 = LINE('',#4019,#4020);
#4019 = CARTESIAN_POINT('',(-101.8814364669,68.268485974985,177.3375));
#4020 = VECTOR('',#4021,1.);
#4021 = DIRECTION('',(0.880678826111,-0.470732639752,5.306210617155E-02)
  );
#4022 = CARTESIAN_POINT('',(-101.8814364669,68.268485974985,177.3375));
#4023 = CARTESIAN_POINT('',(-100.6366515022,67.603134549483,177.4125));
#4024 = TRIMMED_CURVE('',#4025,(#4029,PARAMETER_VALUE(0.)),(#4030,
    PARAMETER_VALUE(0.41178967207)),.T.,.PARAMETER.);
#4025 = LINE('',#4026,#4027);
#4026 = CARTESIAN_POINT('',(-100.6366515022,67.603134549483,177.4125));
#4027 = VECTOR('',#4028,1.);
#4028 = DIRECTION('',(0.88635657783,-0.459945750629,5.312177911121E-02)
  );
#4029 = CARTESIAN_POINT('',(-100.6366515022,67.603134549483,177.4125));
#4030 = CARTESIAN_POINT('',(-100.2716590177,67.413733639661,177.434375)
  );
#4031 = TRIMMED_CURVE('',#4032,(#4036,PARAMETER_VALUE(0.)),(#4037,
    PARAMETER_VALUE(0.411047637765)),.T.,.PARAMETER.);
#4032 = LINE('',#4033,#4034);
#4033 = CARTESIAN_POINT('',(-100.2716590177,67.413733639661,177.434375)
  );
#4034 = VECTOR('',#4035,1.);
#4035 = DIRECTION('',(0.897348280171,-0.438102662669,5.321767598261E-02)
  );
#4036 = CARTESIAN_POINT('',(-100.2716590177,67.413733639661,177.434375)
  );
#4037 = CARTESIAN_POINT('',(-99.90280612692,67.233652575072,177.45625));
#4038 = TRIMMED_CURVE('',#4039,(#4043,PARAMETER_VALUE(0.)),(#4044,
    PARAMETER_VALUE(0.410552203142)),.T.,.PARAMETER.);
#4039 = LINE('',#4040,#4041);
#4040 = CARTESIAN_POINT('',(-99.90280612692,67.233652575072,177.45625));
#4041 = VECTOR('',#4042,1.);
#4042 = DIRECTION('',(0.907834117706,-0.415930588239,5.328189651068E-02)
  );
#4043 = CARTESIAN_POINT('',(-99.90280612692,67.233652575072,177.45625));
#4044 = CARTESIAN_POINT('',(-99.53009282981,67.062891355717,177.478125)
  );
#4045 = TRIMMED_CURVE('',#4046,(#4050,PARAMETER_VALUE(0.)),(#4051,
    PARAMETER_VALUE(0.410304261495)),.T.,.PARAMETER.);
#4046 = LINE('',#4047,#4048);
#4047 = CARTESIAN_POINT('',(-99.53009282981,67.062891355717,177.478125)
  );
#4048 = VECTOR('',#4049,1.);
#4049 = DIRECTION('',(0.917791353262,-0.393467456405,5.331409408304E-02)
  );
#4050 = CARTESIAN_POINT('',(-99.53009282981,67.062891355717,177.478125)
  );
#4051 = CARTESIAN_POINT('',(-99.1535191264,66.901449981594,177.5));
#4052 = TRIMMED_CURVE('',#4053,(#4057,PARAMETER_VALUE(0.)),(#4058,
    PARAMETER_VALUE(0.410304261495)),.T.,.PARAMETER.);
#4053 = LINE('',#4054,#4055);
#4054 = CARTESIAN_POINT('',(-99.1535191264,66.901449981594,177.5));
#4055 = VECTOR('',#4056,1.);
#4056 = DIRECTION('',(0.927199996206,-0.370752983006,5.331409408304E-02)
  );
#4057 = CARTESIAN_POINT('',(-99.1535191264,66.901449981594,177.5));
#4058 = CARTESIAN_POINT('',(-98.7730850167,66.749328452705,177.521875));
#4059 = TRIMMED_CURVE('',#4060,(#4064,PARAMETER_VALUE(0.)),(#4065,
    PARAMETER_VALUE(0.410552203142)),.T.,.PARAMETER.);
#4060 = LINE('',#4061,#4062);
#4061 = CARTESIAN_POINT('',(-98.7730850167,66.749328452705,177.521875));
#4062 = VECTOR('',#4063,1.);
#4063 = DIRECTION('',(0.936043000269,-0.347828321376,5.328189651061E-02)
  );
#4064 = CARTESIAN_POINT('',(-98.7730850167,66.749328452705,177.521875));
#4065 = CARTESIAN_POINT('',(-98.3887905007,66.606526769049,177.54375));
#4066 = TRIMMED_CURVE('',#4067,(#4071,PARAMETER_VALUE(0.)),(#4072,
    PARAMETER_VALUE(0.411047637765)),.T.,.PARAMETER.);
#4067 = LINE('',#4068,#4069);
#4068 = CARTESIAN_POINT('',(-98.3887905007,66.606526769049,177.54375));
#4069 = VECTOR('',#4070,1.);
#4070 = DIRECTION('',(0.944306417624,-0.324735690366,5.321767598268E-02)
  );
#4071 = CARTESIAN_POINT('',(-98.3887905007,66.606526769049,177.54375));
#4072 = CARTESIAN_POINT('',(-98.00063557841,66.473044930626,177.565625)
  );
#4073 = TRIMMED_CURVE('',#4074,(#4078,PARAMETER_VALUE(0.)),(#4079,
    PARAMETER_VALUE(0.41178967207)),.T.,.PARAMETER.);
#4074 = LINE('',#4075,#4076);
#4075 = CARTESIAN_POINT('',(-98.00063557841,66.473044930626,177.565625)
  );
#4076 = VECTOR('',#4077,1.);
#4077 = DIRECTION('',(0.951979505981,-0.301517987485,5.312177911121E-02)
  );
#4078 = CARTESIAN_POINT('',(-98.00063557841,66.473044930626,177.565625)
  );
#4079 = CARTESIAN_POINT('',(-97.60862024983,66.348882937437,177.5875));
#4080 = TRIMMED_CURVE('',#4081,(#4085,PARAMETER_VALUE(0.)),(#4086,
    PARAMETER_VALUE(1.413438052337)),.T.,.PARAMETER.);
#4081 = LINE('',#4082,#4083);
#4082 = CARTESIAN_POINT('',(-97.60862024983,66.348882937437,177.5875));
#4083 = VECTOR('',#4084,1.);
#4084 = DIRECTION('',(0.955592211685,-0.289875728296,5.306210617155E-02)
  );
#4085 = CARTESIAN_POINT('',(-97.60862024983,66.348882937437,177.5875));
#4086 = CARTESIAN_POINT('',(-96.25794985531,65.939161552615,177.6625));
#4087 = TRIMMED_CURVE('',#4088,(#4092,PARAMETER_VALUE(0.)),(#4093,
    PARAMETER_VALUE(0.41178967207)),.T.,.PARAMETER.);
#4088 = LINE('',#4089,#4090);
#4089 = CARTESIAN_POINT('',(-96.25794985531,65.939161552615,177.6625));
#4090 = VECTOR('',#4091,1.);
#4091 = DIRECTION('',(0.959056449324,-0.278188431811,5.312177911121E-02)
  );
#4092 = CARTESIAN_POINT('',(-96.25794985531,65.939161552615,177.6625));
#4093 = CARTESIAN_POINT('',(-95.86302031455,65.824606429505,177.684375)
  );
#4094 = TRIMMED_CURVE('',#4095,(#4099,PARAMETER_VALUE(0.)),(#4100,
    PARAMETER_VALUE(0.411047637765)),.T.,.PARAMETER.);
#4095 = LINE('',#4096,#4097);
#4096 = CARTESIAN_POINT('',(-95.86302031455,65.824606429505,177.684375)
  );
#4097 = VECTOR('',#4098,1.);
#4098 = DIRECTION('',(0.965575574123,-0.254620677912,5.321767598261E-02)
  );
#4099 = CARTESIAN_POINT('',(-95.86302031455,65.824606429505,177.684375)
  );
#4100 = CARTESIAN_POINT('',(-95.46612275572,65.719945201324,177.70625));
#4101 = TRIMMED_CURVE('',#4102,(#4106,PARAMETER_VALUE(0.)),(#4107,
    PARAMETER_VALUE(0.410552203142)),.T.,.PARAMETER.);
#4102 = LINE('',#4103,#4104);
#4103 = CARTESIAN_POINT('',(-95.46612275572,65.719945201324,177.70625));
#4104 = VECTOR('',#4105,1.);
#4105 = DIRECTION('',(0.97153437209,-0.230828948254,5.328189651067E-02)
  );
#4106 = CARTESIAN_POINT('',(-95.46612275572,65.719945201324,177.70625));
#4107 = CARTESIAN_POINT('',(-95.06725717883,65.625177868069,177.728125)
  );
#4108 = TRIMMED_CURVE('',#4109,(#4113,PARAMETER_VALUE(0.)),(#4114,
    PARAMETER_VALUE(0.410304261495)),.T.,.PARAMETER.);
#4109 = LINE('',#4110,#4111);
#4110 = CARTESIAN_POINT('',(-95.06725717883,65.625177868069,177.728125)
  );
#4111 = VECTOR('',#4112,1.);
#4112 = DIRECTION('',(0.976917942534,-0.206854878908,5.331409408304E-02)
  );
#4113 = CARTESIAN_POINT('',(-95.06725717883,65.625177868069,177.728125)
  );
#4114 = CARTESIAN_POINT('',(-94.66642358388,65.540304429742,177.75));
#4115 = TRIMMED_CURVE('',#4116,(#4120,PARAMETER_VALUE(0.)),(#4121,
    PARAMETER_VALUE(0.410304261495)),.T.,.PARAMETER.);
#4116 = LINE('',#4117,#4118);
#4117 = CARTESIAN_POINT('',(-94.66642358388,65.540304429742,177.75));
#4118 = VECTOR('',#4119,1.);
#4119 = DIRECTION('',(0.981714427112,-0.182741322565,5.331409408304E-02)
  );
#4120 = CARTESIAN_POINT('',(-94.66642358388,65.540304429742,177.75));
#4121 = CARTESIAN_POINT('',(-94.26362197087,65.465324886343,177.771875)
  );
#4122 = TRIMMED_CURVE('',#4123,(#4127,PARAMETER_VALUE(0.)),(#4128,
    PARAMETER_VALUE(0.410552203142)),.T.,.PARAMETER.);
#4123 = LINE('',#4124,#4125);
#4124 = CARTESIAN_POINT('',(-94.26362197087,65.465324886343,177.771875)
  );
#4125 = VECTOR('',#4126,1.);
#4126 = DIRECTION('',(0.985915135712,-0.158531967369,5.328189651061E-02)
  );
#4127 = CARTESIAN_POINT('',(-94.26362197087,65.465324886343,177.771875)
  );
#4128 = CARTESIAN_POINT('',(-93.85885233979,65.400239237871,177.79375));
#4129 = TRIMMED_CURVE('',#4130,(#4134,PARAMETER_VALUE(0.)),(#4135,
    PARAMETER_VALUE(0.411047637765)),.T.,.PARAMETER.);
#4130 = LINE('',#4131,#4132);
#4131 = CARTESIAN_POINT('',(-93.85885233979,65.400239237871,177.79375));
#4132 = VECTOR('',#4133,1.);
#4133 = DIRECTION('',(0.989514624999,-0.134270942036,5.321767598268E-02)
  );
#4134 = CARTESIAN_POINT('',(-93.85885233979,65.400239237871,177.79375));
#4135 = CARTESIAN_POINT('',(-93.45211469065,65.345047484327,177.815625)
  );
#4136 = TRIMMED_CURVE('',#4137,(#4141,PARAMETER_VALUE(0.)),(#4142,
    PARAMETER_VALUE(0.41178967207)),.T.,.PARAMETER.);
#4137 = LINE('',#4138,#4139);
#4138 = CARTESIAN_POINT('',(-93.45211469065,65.345047484327,177.815625)
  );
#4139 = VECTOR('',#4140,1.);
#4140 = DIRECTION('',(0.992510727983,-0.110002415527,5.312177911121E-02)
  );
#4141 = CARTESIAN_POINT('',(-93.45211469065,65.345047484327,177.815625)
  );
#4142 = CARTESIAN_POINT('',(-93.04340902345,65.29974962571,177.8375));
#4143 = TRIMMED_CURVE('',#4144,(#4148,PARAMETER_VALUE(0.)),(#4149,
    PARAMETER_VALUE(1.413438052337)),.T.,.PARAMETER.);
#4144 = LINE('',#4145,#4146);
#4145 = CARTESIAN_POINT('',(-93.04340902345,65.29974962571,177.8375));
#4146 = VECTOR('',#4147,1.);
#4147 = DIRECTION('',(0.993782724467,-9.787905516485E-02,
    5.306210617155E-02));
#4148 = CARTESIAN_POINT('',(-93.04340902345,65.29974962571,177.8375));
#4149 = CARTESIAN_POINT('',(-91.63875870493,65.161403644613,177.9125));
#4150 = TRIMMED_CURVE('',#4151,(#4155,PARAMETER_VALUE(0.)),(#4156,
    PARAMETER_VALUE(0.41178967207)),.T.,.PARAMETER.);
#4151 = LINE('',#4152,#4153);
#4152 = CARTESIAN_POINT('',(-91.63875870493,65.161403644613,177.9125));
#4153 = VECTOR('',#4154,1.);
#4154 = DIRECTION('',(0.994900319316,-8.574048756871E-02,
    5.312177911121E-02));
#4155 = CARTESIAN_POINT('',(-91.63875870493,65.161403644613,177.9125));
#4156 = CARTESIAN_POINT('',(-91.2290690287,65.126096597354,177.934375));
#4157 = TRIMMED_CURVE('',#4158,(#4162,PARAMETER_VALUE(0.)),(#4163,
    PARAMETER_VALUE(0.411047637765)),.T.,.PARAMETER.);
#4158 = LINE('',#4159,#4160);
#4159 = CARTESIAN_POINT('',(-91.2290690287,65.126096597354,177.934375));
#4160 = VECTOR('',#4161,1.);
#4161 = DIRECTION('',(0.996696340262,-6.135376329585E-02,
    5.321767598261E-02));
#4162 = CARTESIAN_POINT('',(-91.2290690287,65.126096597354,177.934375));
#4163 = CARTESIAN_POINT('',(-90.81937935246,65.100877277883,177.95625));
#4164 = TRIMMED_CURVE('',#4165,(#4169,PARAMETER_VALUE(0.)),(#4170,
    PARAMETER_VALUE(0.410552203142)),.T.,.PARAMETER.);
#4165 = LINE('',#4166,#4167);
#4166 = CARTESIAN_POINT('',(-90.81937935246,65.100877277883,177.95625));
#4167 = VECTOR('',#4168,1.);
#4168 = DIRECTION('',(0.997899105397,-3.68566812373E-02,
    5.328189651068E-02));
#4169 = CARTESIAN_POINT('',(-90.81937935246,65.100877277883,177.95625));
#4170 = CARTESIAN_POINT('',(-90.40968967623,65.085745686201,177.978125)
  );
#4171 = TRIMMED_CURVE('',#4172,(#4176,PARAMETER_VALUE(0.)),(#4177,
    PARAMETER_VALUE(0.410304261495)),.T.,.PARAMETER.);
#4172 = LINE('',#4173,#4174);
#4173 = CARTESIAN_POINT('',(-90.40968967623,65.085745686201,177.978125)
  );
#4174 = VECTOR('',#4175,1.);
#4175 = DIRECTION('',(0.998502123136,-1.229298442036E-02,
    5.331409408304E-02));
#4176 = CARTESIAN_POINT('',(-90.40968967623,65.085745686201,177.978125)
  );
#4177 = CARTESIAN_POINT('',(-90.,65.080701822306,178.));
#4178 = TRIMMED_CURVE('',#4179,(#4183,PARAMETER_VALUE(0.)),(#4184,
    PARAMETER_VALUE(0.410304261495)),.T.,.PARAMETER.);
#4179 = LINE('',#4180,#4181);
#4180 = CARTESIAN_POINT('',(-90.,65.080701822306,178.));
#4181 = VECTOR('',#4182,1.);
#4182 = DIRECTION('',(0.998502123136,1.229298442036E-02,
    5.331409408304E-02));
#4183 = CARTESIAN_POINT('',(-90.,65.080701822306,178.));
#4184 = CARTESIAN_POINT('',(-89.59031032376,65.085745686201,178.021875)
  );
#4185 = TRIMMED_CURVE('',#4186,(#4190,PARAMETER_VALUE(0.)),(#4191,
    PARAMETER_VALUE(0.410552203142)),.T.,.PARAMETER.);
#4186 = LINE('',#4187,#4188);
#4187 = CARTESIAN_POINT('',(-89.59031032376,65.085745686201,178.021875)
  );
#4188 = VECTOR('',#4189,1.);
#4189 = DIRECTION('',(0.997899105397,3.685668123726E-02,
    5.328189651061E-02));
#4190 = CARTESIAN_POINT('',(-89.59031032376,65.085745686201,178.021875)
  );
#4191 = CARTESIAN_POINT('',(-89.18062064753,65.100877277883,178.04375));
#4192 = TRIMMED_CURVE('',#4193,(#4197,PARAMETER_VALUE(0.)),(#4198,
    PARAMETER_VALUE(0.411047637765)),.T.,.PARAMETER.);
#4193 = LINE('',#4194,#4195);
#4194 = CARTESIAN_POINT('',(-89.18062064753,65.100877277883,178.04375));
#4195 = VECTOR('',#4196,1.);
#4196 = DIRECTION('',(0.996696340262,6.135376329588E-02,
    5.321767598268E-02));
#4197 = CARTESIAN_POINT('',(-89.18062064753,65.100877277883,178.04375));
#4198 = CARTESIAN_POINT('',(-88.77093097129,65.126096597354,178.065625)
  );
#4199 = TRIMMED_CURVE('',#4200,(#4204,PARAMETER_VALUE(0.)),(#4205,
    PARAMETER_VALUE(0.41178967207)),.T.,.PARAMETER.);
#4200 = LINE('',#4201,#4202);
#4201 = CARTESIAN_POINT('',(-88.77093097129,65.126096597354,178.065625)
  );
#4202 = VECTOR('',#4203,1.);
#4203 = DIRECTION('',(0.994900319316,8.574048756871E-02,
    5.312177911121E-02));
#4204 = CARTESIAN_POINT('',(-88.77093097129,65.126096597354,178.065625)
  );
#4205 = CARTESIAN_POINT('',(-88.36124129506,65.161403644613,178.0875));
#4206 = TRIMMED_CURVE('',#4207,(#4211,PARAMETER_VALUE(0.)),(#4212,
    PARAMETER_VALUE(1.413438052337)),.T.,.PARAMETER.);
#4207 = LINE('',#4208,#4209);
#4208 = CARTESIAN_POINT('',(-88.36124129506,65.161403644613,178.0875));
#4209 = VECTOR('',#4210,1.);
#4210 = DIRECTION('',(0.993782724467,9.787905516485E-02,
    5.306210617155E-02));
#4211 = CARTESIAN_POINT('',(-88.36124129506,65.161403644613,178.0875));
#4212 = CARTESIAN_POINT('',(-86.95659097654,65.29974962571,178.1625));
#4213 = TRIMMED_CURVE('',#4214,(#4218,PARAMETER_VALUE(0.)),(#4219,
    PARAMETER_VALUE(0.41178967207)),.T.,.PARAMETER.);
#4214 = LINE('',#4215,#4216);
#4215 = CARTESIAN_POINT('',(-86.95659097654,65.29974962571,178.1625));
#4216 = VECTOR('',#4217,1.);
#4217 = DIRECTION('',(0.992510727983,0.110002415527,5.312177911121E-02)
  );
#4218 = CARTESIAN_POINT('',(-86.95659097654,65.29974962571,178.1625));
#4219 = CARTESIAN_POINT('',(-86.54788530934,65.345047484327,178.184375)
  );
#4220 = TRIMMED_CURVE('',#4221,(#4225,PARAMETER_VALUE(0.)),(#4226,
    PARAMETER_VALUE(0.411047637765)),.T.,.PARAMETER.);
#4221 = LINE('',#4222,#4223);
#4222 = CARTESIAN_POINT('',(-86.54788530934,65.345047484327,178.184375)
  );
#4223 = VECTOR('',#4224,1.);
#4224 = DIRECTION('',(0.989514624999,0.134270942036,5.321767598261E-02)
  );
#4225 = CARTESIAN_POINT('',(-86.54788530934,65.345047484327,178.184375)
  );
#4226 = CARTESIAN_POINT('',(-86.1411476602,65.400239237871,178.20625));
#4227 = TRIMMED_CURVE('',#4228,(#4232,PARAMETER_VALUE(0.)),(#4233,
    PARAMETER_VALUE(0.410552203142)),.T.,.PARAMETER.);
#4228 = LINE('',#4229,#4230);
#4229 = CARTESIAN_POINT('',(-86.1411476602,65.400239237871,178.20625));
#4230 = VECTOR('',#4231,1.);
#4231 = DIRECTION('',(0.985915135712,0.158531967369,5.328189651068E-02)
  );
#4232 = CARTESIAN_POINT('',(-86.1411476602,65.400239237871,178.20625));
#4233 = CARTESIAN_POINT('',(-85.73637802912,65.465324886343,178.228125)
  );
#4234 = TRIMMED_CURVE('',#4235,(#4239,PARAMETER_VALUE(0.)),(#4240,
    PARAMETER_VALUE(0.410304261495)),.T.,.PARAMETER.);
#4235 = LINE('',#4236,#4237);
#4236 = CARTESIAN_POINT('',(-85.73637802912,65.465324886343,178.228125)
  );
#4237 = VECTOR('',#4238,1.);
#4238 = DIRECTION('',(0.981714427112,0.182741322565,5.331409408304E-02)
  );
#4239 = CARTESIAN_POINT('',(-85.73637802912,65.465324886343,178.228125)
  );
#4240 = CARTESIAN_POINT('',(-85.33357641611,65.540304429742,178.25));
#4241 = TRIMMED_CURVE('',#4242,(#4246,PARAMETER_VALUE(0.)),(#4247,
    PARAMETER_VALUE(0.410304261495)),.T.,.PARAMETER.);
#4242 = LINE('',#4243,#4244);
#4243 = CARTESIAN_POINT('',(-85.33357641611,65.540304429742,178.25));
#4244 = VECTOR('',#4245,1.);
#4245 = DIRECTION('',(0.976917942534,0.206854878908,5.331409408304E-02)
  );
#4246 = CARTESIAN_POINT('',(-85.33357641611,65.540304429742,178.25));
#4247 = CARTESIAN_POINT('',(-84.93274282116,65.625177868069,178.271875)
  );
#4248 = TRIMMED_CURVE('',#4249,(#4253,PARAMETER_VALUE(0.)),(#4254,
    PARAMETER_VALUE(0.410552203142)),.T.,.PARAMETER.);
#4249 = LINE('',#4250,#4251);
#4250 = CARTESIAN_POINT('',(-84.93274282116,65.625177868069,178.271875)
  );
#4251 = VECTOR('',#4252,1.);
#4252 = DIRECTION('',(0.97153437209,0.230828948254,5.328189651061E-02));
#4253 = CARTESIAN_POINT('',(-84.93274282116,65.625177868069,178.271875)
  );
#4254 = CARTESIAN_POINT('',(-84.53387724427,65.719945201324,178.29375));
#4255 = TRIMMED_CURVE('',#4256,(#4260,PARAMETER_VALUE(0.)),(#4261,
    PARAMETER_VALUE(0.411047637765)),.T.,.PARAMETER.);
#4256 = LINE('',#4257,#4258);
#4257 = CARTESIAN_POINT('',(-84.53387724427,65.719945201324,178.29375));
#4258 = VECTOR('',#4259,1.);
#4259 = DIRECTION('',(0.965575574123,0.254620677912,5.321767598268E-02)
  );
#4260 = CARTESIAN_POINT('',(-84.53387724427,65.719945201324,178.29375));
#4261 = CARTESIAN_POINT('',(-84.13697968544,65.824606429505,178.315625)
  );
#4262 = TRIMMED_CURVE('',#4263,(#4267,PARAMETER_VALUE(0.)),(#4268,
    PARAMETER_VALUE(0.41178967207)),.T.,.PARAMETER.);
#4263 = LINE('',#4264,#4265);
#4264 = CARTESIAN_POINT('',(-84.13697968544,65.824606429505,178.315625)
  );
#4265 = VECTOR('',#4266,1.);
#4266 = DIRECTION('',(0.959056449324,0.278188431811,5.312177911121E-02)
  );
#4267 = CARTESIAN_POINT('',(-84.13697968544,65.824606429505,178.315625)
  );
#4268 = CARTESIAN_POINT('',(-83.74205014468,65.939161552615,178.3375));
#4269 = TRIMMED_CURVE('',#4270,(#4274,PARAMETER_VALUE(0.)),(#4275,
    PARAMETER_VALUE(1.413438052337)),.T.,.PARAMETER.);
#4270 = LINE('',#4271,#4272);
#4271 = CARTESIAN_POINT('',(-83.74205014468,65.939161552615,178.3375));
#4272 = VECTOR('',#4273,1.);
#4273 = DIRECTION('',(0.955592211685,0.289875728296,5.306210617155E-02)
  );
#4274 = CARTESIAN_POINT('',(-83.74205014468,65.939161552615,178.3375));
#4275 = CARTESIAN_POINT('',(-82.39137975016,66.348882937437,178.4125));
#4276 = TRIMMED_CURVE('',#4277,(#4281,PARAMETER_VALUE(0.)),(#4282,
    PARAMETER_VALUE(0.41178967207)),.T.,.PARAMETER.);
#4277 = LINE('',#4278,#4279);
#4278 = CARTESIAN_POINT('',(-82.39137975016,66.348882937437,178.4125));
#4279 = VECTOR('',#4280,1.);
#4280 = DIRECTION('',(0.951979505981,0.301517987485,5.312177911121E-02)
  );
#4281 = CARTESIAN_POINT('',(-82.39137975016,66.348882937437,178.4125));
#4282 = CARTESIAN_POINT('',(-81.99936442158,66.473044930626,178.434375)
  );
#4283 = TRIMMED_CURVE('',#4284,(#4288,PARAMETER_VALUE(0.)),(#4289,
    PARAMETER_VALUE(0.411047637765)),.T.,.PARAMETER.);
#4284 = LINE('',#4285,#4286);
#4285 = CARTESIAN_POINT('',(-81.99936442158,66.473044930626,178.434375)
  );
#4286 = VECTOR('',#4287,1.);
#4287 = DIRECTION('',(0.944306417624,0.324735690366,5.321767598261E-02)
  );
#4288 = CARTESIAN_POINT('',(-81.99936442158,66.473044930626,178.434375)
  );
#4289 = CARTESIAN_POINT('',(-81.61120949929,66.606526769049,178.45625));
#4290 = TRIMMED_CURVE('',#4291,(#4295,PARAMETER_VALUE(0.)),(#4296,
    PARAMETER_VALUE(0.410552203142)),.T.,.PARAMETER.);
#4291 = LINE('',#4292,#4293);
#4292 = CARTESIAN_POINT('',(-81.61120949929,66.606526769049,178.45625));
#4293 = VECTOR('',#4294,1.);
#4294 = DIRECTION('',(0.936043000269,0.347828321376,5.328189651068E-02)
  );
#4295 = CARTESIAN_POINT('',(-81.61120949929,66.606526769049,178.45625));
#4296 = CARTESIAN_POINT('',(-81.22691498329,66.749328452705,178.478125)
  );
#4297 = TRIMMED_CURVE('',#4298,(#4302,PARAMETER_VALUE(0.)),(#4303,
    PARAMETER_VALUE(0.410304261495)),.T.,.PARAMETER.);
#4298 = LINE('',#4299,#4300);
#4299 = CARTESIAN_POINT('',(-81.22691498329,66.749328452705,178.478125)
  );
#4300 = VECTOR('',#4301,1.);
#4301 = DIRECTION('',(0.927199996206,0.370752983006,5.331409408304E-02)
  );
#4302 = CARTESIAN_POINT('',(-81.22691498329,66.749328452705,178.478125)
  );
#4303 = CARTESIAN_POINT('',(-80.84648087359,66.901449981594,178.5));
#4304 = TRIMMED_CURVE('',#4305,(#4309,PARAMETER_VALUE(0.)),(#4310,
    PARAMETER_VALUE(0.410304261495)),.T.,.PARAMETER.);
#4305 = LINE('',#4306,#4307);
#4306 = CARTESIAN_POINT('',(-80.84648087359,66.901449981594,178.5));
#4307 = VECTOR('',#4308,1.);
#4308 = DIRECTION('',(0.917791353262,0.393467456405,5.331409408304E-02)
  );
#4309 = CARTESIAN_POINT('',(-80.84648087359,66.901449981594,178.5));
#4310 = CARTESIAN_POINT('',(-80.46990717019,67.062891355717,178.521875)
  );
#4311 = TRIMMED_CURVE('',#4312,(#4316,PARAMETER_VALUE(0.)),(#4317,
    PARAMETER_VALUE(0.410552203142)),.T.,.PARAMETER.);
#4312 = LINE('',#4313,#4314);
#4313 = CARTESIAN_POINT('',(-80.46990717019,67.062891355717,178.521875)
  );
#4314 = VECTOR('',#4315,1.);
#4315 = DIRECTION('',(0.907834117706,0.415930588239,5.328189651061E-02)
  );
#4316 = CARTESIAN_POINT('',(-80.46990717019,67.062891355717,178.521875)
  );
#4317 = CARTESIAN_POINT('',(-80.09719387307,67.233652575072,178.54375));
#4318 = TRIMMED_CURVE('',#4319,(#4323,PARAMETER_VALUE(0.)),(#4324,
    PARAMETER_VALUE(0.411047637765)),.T.,.PARAMETER.);
#4319 = LINE('',#4320,#4321);
#4320 = CARTESIAN_POINT('',(-80.09719387307,67.233652575072,178.54375));
#4321 = VECTOR('',#4322,1.);
#4322 = DIRECTION('',(0.897348280171,0.438102662669,5.321767598268E-02)
  );
#4323 = CARTESIAN_POINT('',(-80.09719387307,67.233652575072,178.54375));
#4324 = CARTESIAN_POINT('',(-79.72834098226,67.413733639661,178.565625)
  );
#4325 = TRIMMED_CURVE('',#4326,(#4330,PARAMETER_VALUE(0.)),(#4331,
    PARAMETER_VALUE(0.41178967207)),.T.,.PARAMETER.);
#4326 = LINE('',#4327,#4328);
#4327 = CARTESIAN_POINT('',(-79.72834098226,67.413733639661,178.565625)
  );
#4328 = VECTOR('',#4329,1.);
#4329 = DIRECTION('',(0.88635657783,0.459945750629,5.31217791112E-02));
#4330 = CARTESIAN_POINT('',(-79.72834098226,67.413733639661,178.565625)
  );
#4331 = CARTESIAN_POINT('',(-79.36334849774,67.603134549483,178.5875));
#4332 = TRIMMED_CURVE('',#4333,(#4337,PARAMETER_VALUE(0.)),(#4338,
    PARAMETER_VALUE(1.413438052337)),.T.,.PARAMETER.);
#4333 = LINE('',#4334,#4335);
#4334 = CARTESIAN_POINT('',(-79.36334849774,67.603134549483,178.5875));
#4335 = VECTOR('',#4336,1.);
#4336 = DIRECTION('',(0.880678826111,0.470732639752,5.306210617155E-02)
  );
#4337 = CARTESIAN_POINT('',(-79.36334849774,67.603134549483,178.5875));
#4338 = CARTESIAN_POINT('',(-78.11856353302,68.268485974985,178.6625));
#4339 = TRIMMED_CURVE('',#4340,(#4344,PARAMETER_VALUE(0.)),(#4345,
    PARAMETER_VALUE(0.41178967207)),.T.,.PARAMETER.);
#4340 = LINE('',#4341,#4342);
#4341 = CARTESIAN_POINT('',(-78.11856353302,68.268485974985,178.6625));
#4342 = VECTOR('',#4343,1.);
#4343 = DIRECTION('',(0.874864245439,0.481446392276,5.312177911121E-02)
  );
#4344 = CARTESIAN_POINT('',(-78.11856353302,68.268485974985,178.6625));
#4345 = CARTESIAN_POINT('',(-77.75830347229,68.46674062698,178.684375));
#4346 = TRIMMED_CURVE('',#4347,(#4351,PARAMETER_VALUE(0.)),(#4352,
    PARAMETER_VALUE(0.411047637765)),.T.,.PARAMETER.);
#4347 = LINE('',#4348,#4349);
#4348 = CARTESIAN_POINT('',(-77.75830347229,68.46674062698,178.684375));
#4349 = VECTOR('',#4350,1.);
#4350 = DIRECTION('',(0.862809044192,0.502721028228,5.321767598261E-02)
  );
#4351 = CARTESIAN_POINT('',(-77.75830347229,68.46674062698,178.684375));
#4352 = CARTESIAN_POINT('',(-77.40364785283,68.673382918089,178.70625));
#4353 = TRIMMED_CURVE('',#4354,(#4358,PARAMETER_VALUE(0.)),(#4359,
    PARAMETER_VALUE(0.410552203142)),.T.,.PARAMETER.);
#4354 = LINE('',#4355,#4356);
#4355 = CARTESIAN_POINT('',(-77.40364785283,68.673382918089,178.70625));
#4356 = VECTOR('',#4357,1.);
#4357 = DIRECTION('',(0.850199257265,0.523757828056,5.328189651067E-02)
  );
#4358 = CARTESIAN_POINT('',(-77.40364785283,68.673382918089,178.70625));
#4359 = CARTESIAN_POINT('',(-77.05459667465,68.88841284831,178.728125));
#4360 = TRIMMED_CURVE('',#4361,(#4365,PARAMETER_VALUE(0.)),(#4366,
    PARAMETER_VALUE(0.410304261495)),.T.,.PARAMETER.);
#4361 = LINE('',#4362,#4363);
#4362 = CARTESIAN_POINT('',(-77.05459667465,68.88841284831,178.728125));
#4363 = VECTOR('',#4364,1.);
#4364 = DIRECTION('',(0.837053789426,0.544516814231,5.331409408304E-02)
  );
#4365 = CARTESIAN_POINT('',(-77.05459667465,68.88841284831,178.728125));
#4366 = CARTESIAN_POINT('',(-76.71114993775,69.111830417644,178.75));
#4367 = TRIMMED_CURVE('',#4368,(#4372,PARAMETER_VALUE(0.)),(#4373,
    PARAMETER_VALUE(0.410304261495)),.T.,.PARAMETER.);
#4368 = LINE('',#4369,#4370);
#4369 = CARTESIAN_POINT('',(-76.71114993775,69.111830417644,178.75));
#4370 = VECTOR('',#4371,1.);
#4371 = DIRECTION('',(0.823394556988,0.564959300211,5.331409408304E-02)
  );
#4372 = CARTESIAN_POINT('',(-76.71114993775,69.111830417644,178.75));
#4373 = CARTESIAN_POINT('',(-76.37330764213,69.343635626092,178.771875)
  );
#4374 = TRIMMED_CURVE('',#4375,(#4379,PARAMETER_VALUE(0.)),(#4380,
    PARAMETER_VALUE(0.410552203142)),.T.,.PARAMETER.);
#4375 = LINE('',#4376,#4377);
#4376 = CARTESIAN_POINT('',(-76.37330764213,69.343635626092,178.771875)
  );
#4377 = VECTOR('',#4378,1.);
#4378 = DIRECTION('',(0.809246307298,0.585048248975,5.328189651061E-02)
  );
#4379 = CARTESIAN_POINT('',(-76.37330764213,69.343635626092,178.771875)
  );
#4380 = CARTESIAN_POINT('',(-76.04106978778,69.583828473652,178.79375));
#4381 = TRIMMED_CURVE('',#4382,(#4386,PARAMETER_VALUE(0.)),(#4387,
    PARAMETER_VALUE(0.411047637765)),.T.,.PARAMETER.);
#4382 = LINE('',#4383,#4384);
#4383 = CARTESIAN_POINT('',(-76.04106978778,69.583828473652,178.79375));
#4384 = VECTOR('',#4385,1.);
#4385 = DIRECTION('',(0.79463639505,0.60474860779,5.321767598268E-02));
#4386 = CARTESIAN_POINT('',(-76.04106978778,69.583828473652,178.79375));
#4387 = CARTESIAN_POINT('',(-75.71443637471,69.832408960326,178.815625)
  );
#4388 = TRIMMED_CURVE('',#4389,(#4393,PARAMETER_VALUE(0.)),(#4394,
    PARAMETER_VALUE(0.41178967207)),.T.,.PARAMETER.);
#4389 = LINE('',#4390,#4391);
#4390 = CARTESIAN_POINT('',(-75.71443637471,69.832408960326,178.815625)
  );
#4391 = VECTOR('',#4392,1.);
#4392 = DIRECTION('',(0.779594520124,0.624027612191,5.312177911121E-02)
  );
#4393 = CARTESIAN_POINT('',(-75.71443637471,69.832408960326,178.815625)
  );
#4394 = CARTESIAN_POINT('',(-75.39340740292,70.089377086113,178.8375));
#4395 = TRIMMED_CURVE('',#4396,(#4400,PARAMETER_VALUE(0.)),(#4401,
    PARAMETER_VALUE(1.413438052337)),.T.,.PARAMETER.);
#4396 = LINE('',#4397,#4398);
#4397 = CARTESIAN_POINT('',(-75.39340740292,70.089377086113,178.8375));
#4398 = VECTOR('',#4399,1.);
#4399 = DIRECTION('',(0.77192144714,0.633499559853,5.306210617155E-02));
#4400 = CARTESIAN_POINT('',(-75.39340740292,70.089377086113,178.8375));
#4401 = CARTESIAN_POINT('',(-74.30234425612,70.984789470148,178.9125));
#4402 = TRIMMED_CURVE('',#4403,(#4407,PARAMETER_VALUE(0.)),(#4408,
    PARAMETER_VALUE(0.41178967207)),.T.,.PARAMETER.);
#4403 = LINE('',#4404,#4405);
#4404 = CARTESIAN_POINT('',(-74.30234425612,70.984789470148,178.9125));
#4405 = VECTOR('',#4406,1.);
#4406 = DIRECTION('',(0.764128442575,0.642873082211,5.312177911121E-02)
  );
#4407 = CARTESIAN_POINT('',(-74.30234425612,70.984789470148,178.9125));
#4408 = CARTESIAN_POINT('',(-73.98768405533,71.249517965855,178.934375)
  );
#4409 = TRIMMED_CURVE('',#4410,(#4414,PARAMETER_VALUE(0.)),(#4415,
    PARAMETER_VALUE(0.411047637765)),.T.,.PARAMETER.);
#4410 = LINE('',#4411,#4412);
#4411 = CARTESIAN_POINT('',(-73.98768405533,71.249517965855,178.934375)
  );
#4412 = VECTOR('',#4413,1.);
#4413 = DIRECTION('',(0.748154403061,0.661387078906,5.321767598261E-02)
  );
#4414 = CARTESIAN_POINT('',(-73.98768405533,71.249517965855,178.934375)
  );
#4415 = CARTESIAN_POINT('',(-73.68015695527,71.521379562287,178.95625));
#4416 = TRIMMED_CURVE('',#4417,(#4421,PARAMETER_VALUE(0.)),(#4422,
    PARAMETER_VALUE(0.410552203142)),.T.,.PARAMETER.);
#4417 = LINE('',#4418,#4419);
#4418 = CARTESIAN_POINT('',(-73.68015695527,71.521379562287,178.95625));
#4419 = VECTOR('',#4420,1.);
#4420 = DIRECTION('',(0.731682833601,0.679559615131,5.328189651068E-02)
  );
#4421 = CARTESIAN_POINT('',(-73.68015695527,71.521379562287,178.95625));
#4422 = CARTESIAN_POINT('',(-73.37976295594,71.800374259446,178.978125)
  );
#4423 = TRIMMED_CURVE('',#4424,(#4428,PARAMETER_VALUE(0.)),(#4429,
    PARAMETER_VALUE(0.410304261495)),.T.,.PARAMETER.);
#4424 = LINE('',#4425,#4426);
#4425 = CARTESIAN_POINT('',(-73.37976295594,71.800374259446,178.978125)
  );
#4426 = VECTOR('',#4427,1.);
#4427 = DIRECTION('',(0.714740074943,0.697355169654,5.331409408304E-02)
  );
#4428 = CARTESIAN_POINT('',(-73.37976295594,71.800374259446,178.978125)
  );
#4429 = CARTESIAN_POINT('',(-73.08650205733,72.08650205733,179.));
#4430 = TRIMMED_CURVE('',#4431,(#4435,PARAMETER_VALUE(0.)),(#4436,
    PARAMETER_VALUE(0.410304261495)),.T.,.PARAMETER.);
#4431 = LINE('',#4432,#4433);
#4432 = CARTESIAN_POINT('',(-73.08650205733,72.08650205733,179.));
#4433 = VECTOR('',#4434,1.);
#4434 = DIRECTION('',(0.697355169654,0.714740074943,5.331409408304E-02)
  );
#4435 = CARTESIAN_POINT('',(-73.08650205733,72.08650205733,179.));
#4436 = CARTESIAN_POINT('',(-72.80037425944,72.37976295594,179.021875));
#4437 = TRIMMED_CURVE('',#4438,(#4442,PARAMETER_VALUE(0.)),(#4443,
    PARAMETER_VALUE(0.410552203142)),.T.,.PARAMETER.);
#4438 = LINE('',#4439,#4440);
#4439 = CARTESIAN_POINT('',(-72.80037425944,72.37976295594,179.021875));
#4440 = VECTOR('',#4441,1.);
#4441 = DIRECTION('',(0.679559615131,0.731682833601,5.32818965106E-02));
#4442 = CARTESIAN_POINT('',(-72.80037425944,72.37976295594,179.021875));
#4443 = CARTESIAN_POINT('',(-72.52137956228,72.680156955276,179.04375));
#4444 = TRIMMED_CURVE('',#4445,(#4449,PARAMETER_VALUE(0.)),(#4450,
    PARAMETER_VALUE(0.411047637765)),.T.,.PARAMETER.);
#4445 = LINE('',#4446,#4447);
#4446 = CARTESIAN_POINT('',(-72.52137956228,72.680156955276,179.04375));
#4447 = VECTOR('',#4448,1.);
#4448 = DIRECTION('',(0.661387078906,0.748154403061,5.321767598268E-02)
  );
#4449 = CARTESIAN_POINT('',(-72.52137956228,72.680156955276,179.04375));
#4450 = CARTESIAN_POINT('',(-72.24951796585,72.987684055338,179.065625)
  );
#4451 = TRIMMED_CURVE('',#4452,(#4456,PARAMETER_VALUE(0.)),(#4457,
    PARAMETER_VALUE(0.41178967207)),.T.,.PARAMETER.);
#4452 = LINE('',#4453,#4454);
#4453 = CARTESIAN_POINT('',(-72.24951796585,72.987684055338,179.065625)
  );
#4454 = VECTOR('',#4455,1.);
#4455 = DIRECTION('',(0.642873082211,0.764128442575,5.312177911121E-02)
  );
#4456 = CARTESIAN_POINT('',(-72.24951796585,72.987684055338,179.065625)
  );
#4457 = CARTESIAN_POINT('',(-71.98478947014,73.302344256125,179.0875));
#4458 = TRIMMED_CURVE('',#4459,(#4463,PARAMETER_VALUE(0.)),(#4464,
    PARAMETER_VALUE(1.413438052337)),.T.,.PARAMETER.);
#4459 = LINE('',#4460,#4461);
#4460 = CARTESIAN_POINT('',(-71.98478947014,73.302344256125,179.0875));
#4461 = VECTOR('',#4462,1.);
#4462 = DIRECTION('',(0.633499559853,0.77192144714,5.306210617155E-02));
#4463 = CARTESIAN_POINT('',(-71.98478947014,73.302344256125,179.0875));
#4464 = CARTESIAN_POINT('',(-71.08937708611,74.393407402927,179.1625));
#4465 = TRIMMED_CURVE('',#4466,(#4470,PARAMETER_VALUE(0.)),(#4471,
    PARAMETER_VALUE(0.41178967207)),.T.,.PARAMETER.);
#4466 = LINE('',#4467,#4468);
#4467 = CARTESIAN_POINT('',(-71.08937708611,74.393407402927,179.1625));
#4468 = VECTOR('',#4469,1.);
#4469 = DIRECTION('',(0.624027612191,0.779594520124,5.312177911121E-02)
  );
#4470 = CARTESIAN_POINT('',(-71.08937708611,74.393407402927,179.1625));
#4471 = CARTESIAN_POINT('',(-70.83240896032,74.714436374717,179.184375)
  );
#4472 = TRIMMED_CURVE('',#4473,(#4477,PARAMETER_VALUE(0.)),(#4478,
    PARAMETER_VALUE(0.411047637765)),.T.,.PARAMETER.);
#4473 = LINE('',#4474,#4475);
#4474 = CARTESIAN_POINT('',(-70.83240896032,74.714436374717,179.184375)
  );
#4475 = VECTOR('',#4476,1.);
#4476 = DIRECTION('',(0.60474860779,0.79463639505,5.321767598261E-02));
#4477 = CARTESIAN_POINT('',(-70.83240896032,74.714436374717,179.184375)
  );
#4478 = CARTESIAN_POINT('',(-70.58382847365,75.041069787784,179.20625));
#4479 = TRIMMED_CURVE('',#4480,(#4484,PARAMETER_VALUE(0.)),(#4485,
    PARAMETER_VALUE(0.410552203142)),.T.,.PARAMETER.);
#4480 = LINE('',#4481,#4482);
#4481 = CARTESIAN_POINT('',(-70.58382847365,75.041069787784,179.20625));
#4482 = VECTOR('',#4483,1.);
#4483 = DIRECTION('',(0.585048248975,0.809246307298,5.328189651068E-02)
  );
#4484 = CARTESIAN_POINT('',(-70.58382847365,75.041069787784,179.20625));
#4485 = CARTESIAN_POINT('',(-70.34363562609,75.37330764213,179.228125));
#4486 = TRIMMED_CURVE('',#4487,(#4491,PARAMETER_VALUE(0.)),(#4492,
    PARAMETER_VALUE(0.410304261495)),.T.,.PARAMETER.);
#4487 = LINE('',#4488,#4489);
#4488 = CARTESIAN_POINT('',(-70.34363562609,75.37330764213,179.228125));
#4489 = VECTOR('',#4490,1.);
#4490 = DIRECTION('',(0.564959300211,0.823394556988,5.331409408304E-02)
  );
#4491 = CARTESIAN_POINT('',(-70.34363562609,75.37330764213,179.228125));
#4492 = CARTESIAN_POINT('',(-70.11183041764,75.711149937753,179.25));
#4493 = TRIMMED_CURVE('',#4494,(#4498,PARAMETER_VALUE(0.)),(#4499,
    PARAMETER_VALUE(0.410304261495)),.T.,.PARAMETER.);
#4494 = LINE('',#4495,#4496);
#4495 = CARTESIAN_POINT('',(-70.11183041764,75.711149937753,179.25));
#4496 = VECTOR('',#4497,1.);
#4497 = DIRECTION('',(0.544516814231,0.837053789426,5.331409408304E-02)
  );
#4498 = CARTESIAN_POINT('',(-70.11183041764,75.711149937753,179.25));
#4499 = CARTESIAN_POINT('',(-69.88841284831,76.054596674655,179.271875)
  );
#4500 = TRIMMED_CURVE('',#4501,(#4505,PARAMETER_VALUE(0.)),(#4506,
    PARAMETER_VALUE(0.410552203142)),.T.,.PARAMETER.);
#4501 = LINE('',#4502,#4503);
#4502 = CARTESIAN_POINT('',(-69.88841284831,76.054596674655,179.271875)
  );
#4503 = VECTOR('',#4504,1.);
#4504 = DIRECTION('',(0.523757828056,0.850199257265,5.328189651061E-02)
  );
#4505 = CARTESIAN_POINT('',(-69.88841284831,76.054596674655,179.271875)
  );
#4506 = CARTESIAN_POINT('',(-69.67338291808,76.403647852834,179.29375));
#4507 = TRIMMED_CURVE('',#4508,(#4512,PARAMETER_VALUE(0.)),(#4513,
    PARAMETER_VALUE(0.411047637765)),.T.,.PARAMETER.);
#4508 = LINE('',#4509,#4510);
#4509 = CARTESIAN_POINT('',(-69.67338291808,76.403647852834,179.29375));
#4510 = VECTOR('',#4511,1.);
#4511 = DIRECTION('',(0.502721028228,0.862809044192,5.321767598268E-02)
  );
#4512 = CARTESIAN_POINT('',(-69.67338291808,76.403647852834,179.29375));
#4513 = CARTESIAN_POINT('',(-69.46674062698,76.758303472292,179.315625)
  );
#4514 = TRIMMED_CURVE('',#4515,(#4519,PARAMETER_VALUE(0.)),(#4520,
    PARAMETER_VALUE(0.41178967207)),.T.,.PARAMETER.);
#4515 = LINE('',#4516,#4517);
#4516 = CARTESIAN_POINT('',(-69.46674062698,76.758303472292,179.315625)
  );
#4517 = VECTOR('',#4518,1.);
#4518 = DIRECTION('',(0.481446392276,0.874864245439,5.312177911121E-02)
  );
#4519 = CARTESIAN_POINT('',(-69.46674062698,76.758303472292,179.315625)
  );
#4520 = CARTESIAN_POINT('',(-69.26848597498,77.118563533027,179.3375));
#4521 = TRIMMED_CURVE('',#4522,(#4526,PARAMETER_VALUE(0.)),(#4527,
    PARAMETER_VALUE(1.413438052337)),.T.,.PARAMETER.);
#4522 = LINE('',#4523,#4524);
#4523 = CARTESIAN_POINT('',(-69.26848597498,77.118563533027,179.3375));
#4524 = VECTOR('',#4525,1.);
#4525 = DIRECTION('',(0.470732639752,0.880678826111,5.306210617155E-02)
  );
#4526 = CARTESIAN_POINT('',(-69.26848597498,77.118563533027,179.3375));
#4527 = CARTESIAN_POINT('',(-68.60313454948,78.36334849774,179.4125));
#4528 = TRIMMED_CURVE('',#4529,(#4533,PARAMETER_VALUE(0.)),(#4534,
    PARAMETER_VALUE(0.41178967207)),.T.,.PARAMETER.);
#4529 = LINE('',#4530,#4531);
#4530 = CARTESIAN_POINT('',(-68.60313454948,78.36334849774,179.4125));
#4531 = VECTOR('',#4532,1.);
#4532 = DIRECTION('',(0.459945750629,0.88635657783,5.312177911121E-02));
#4533 = CARTESIAN_POINT('',(-68.60313454948,78.36334849774,179.4125));
#4534 = CARTESIAN_POINT('',(-68.41373363966,78.728340982262,179.434375)
  );
#4535 = TRIMMED_CURVE('',#4536,(#4540,PARAMETER_VALUE(0.)),(#4541,
    PARAMETER_VALUE(0.411047637765)),.T.,.PARAMETER.);
#4536 = LINE('',#4537,#4538);
#4537 = CARTESIAN_POINT('',(-68.41373363966,78.728340982262,179.434375)
  );
#4538 = VECTOR('',#4539,1.);
#4539 = DIRECTION('',(0.438102662669,0.897348280171,5.321767598261E-02)
  );
#4540 = CARTESIAN_POINT('',(-68.41373363966,78.728340982262,179.434375)
  );
#4541 = CARTESIAN_POINT('',(-68.23365257507,79.097193873078,179.45625));
#4542 = TRIMMED_CURVE('',#4543,(#4547,PARAMETER_VALUE(0.)),(#4548,
    PARAMETER_VALUE(0.410552203142)),.T.,.PARAMETER.);
#4543 = LINE('',#4544,#4545);
#4544 = CARTESIAN_POINT('',(-68.23365257507,79.097193873078,179.45625));
#4545 = VECTOR('',#4546,1.);
#4546 = DIRECTION('',(0.415930588239,0.907834117706,5.328189651068E-02)
  );
#4547 = CARTESIAN_POINT('',(-68.23365257507,79.097193873078,179.45625));
#4548 = CARTESIAN_POINT('',(-68.06289135571,79.46990717019,179.478125));
#4549 = TRIMMED_CURVE('',#4550,(#4554,PARAMETER_VALUE(0.)),(#4555,
    PARAMETER_VALUE(0.410304261495)),.T.,.PARAMETER.);
#4550 = LINE('',#4551,#4552);
#4551 = CARTESIAN_POINT('',(-68.06289135571,79.46990717019,179.478125));
#4552 = VECTOR('',#4553,1.);
#4553 = DIRECTION('',(0.393467456405,0.917791353262,5.331409408304E-02)
  );
#4554 = CARTESIAN_POINT('',(-68.06289135571,79.46990717019,179.478125));
#4555 = CARTESIAN_POINT('',(-67.90144998159,79.846480873596,179.5));
#4556 = TRIMMED_CURVE('',#4557,(#4561,PARAMETER_VALUE(0.)),(#4562,
    PARAMETER_VALUE(0.410304261495)),.T.,.PARAMETER.);
#4557 = LINE('',#4558,#4559);
#4558 = CARTESIAN_POINT('',(-67.90144998159,79.846480873596,179.5));
#4559 = VECTOR('',#4560,1.);
#4560 = DIRECTION('',(0.370752983006,0.927199996206,5.331409408304E-02)
  );
#4561 = CARTESIAN_POINT('',(-67.90144998159,79.846480873596,179.5));
#4562 = CARTESIAN_POINT('',(-67.7493284527,80.226914983297,179.521875));
#4563 = TRIMMED_CURVE('',#4564,(#4568,PARAMETER_VALUE(0.)),(#4569,
    PARAMETER_VALUE(0.410552203142)),.T.,.PARAMETER.);
#4564 = LINE('',#4565,#4566);
#4565 = CARTESIAN_POINT('',(-67.7493284527,80.226914983297,179.521875));
#4566 = VECTOR('',#4567,1.);
#4567 = DIRECTION('',(0.347828321376,0.936043000269,5.328189651061E-02)
  );
#4568 = CARTESIAN_POINT('',(-67.7493284527,80.226914983297,179.521875));
#4569 = CARTESIAN_POINT('',(-67.60652676904,80.611209499293,179.54375));
#4570 = TRIMMED_CURVE('',#4571,(#4575,PARAMETER_VALUE(0.)),(#4576,
    PARAMETER_VALUE(0.411047637765)),.T.,.PARAMETER.);
#4571 = LINE('',#4572,#4573);
#4572 = CARTESIAN_POINT('',(-67.60652676904,80.611209499293,179.54375));
#4573 = VECTOR('',#4574,1.);
#4574 = DIRECTION('',(0.324735690366,0.944306417624,5.321767598268E-02)
  );
#4575 = CARTESIAN_POINT('',(-67.60652676904,80.611209499293,179.54375));
#4576 = CARTESIAN_POINT('',(-67.47304493062,80.999364421584,179.565625)
  );
#4577 = TRIMMED_CURVE('',#4578,(#4582,PARAMETER_VALUE(0.)),(#4583,
    PARAMETER_VALUE(0.41178967207)),.T.,.PARAMETER.);
#4578 = LINE('',#4579,#4580);
#4579 = CARTESIAN_POINT('',(-67.47304493062,80.999364421584,179.565625)
  );
#4580 = VECTOR('',#4581,1.);
#4581 = DIRECTION('',(0.301517987485,0.951979505981,5.312177911121E-02)
  );
#4582 = CARTESIAN_POINT('',(-67.47304493062,80.999364421584,179.565625)
  );
#4583 = CARTESIAN_POINT('',(-67.34888293743,81.391379750169,179.5875));
#4584 = TRIMMED_CURVE('',#4585,(#4589,PARAMETER_VALUE(0.)),(#4590,
    PARAMETER_VALUE(1.413438052337)),.T.,.PARAMETER.);
#4585 = LINE('',#4586,#4587);
#4586 = CARTESIAN_POINT('',(-67.34888293743,81.391379750169,179.5875));
#4587 = VECTOR('',#4588,1.);
#4588 = DIRECTION('',(0.289875728296,0.955592211685,5.306210617155E-02)
  );
#4589 = CARTESIAN_POINT('',(-67.34888293743,81.391379750169,179.5875));
#4590 = CARTESIAN_POINT('',(-66.93916155261,82.742050144682,179.6625));
#4591 = TRIMMED_CURVE('',#4592,(#4596,PARAMETER_VALUE(0.)),(#4597,
    PARAMETER_VALUE(0.41178967207)),.T.,.PARAMETER.);
#4592 = LINE('',#4593,#4594);
#4593 = CARTESIAN_POINT('',(-66.93916155261,82.742050144682,179.6625));
#4594 = VECTOR('',#4595,1.);
#4595 = DIRECTION('',(0.278188431811,0.959056449324,5.312177911121E-02)
  );
#4596 = CARTESIAN_POINT('',(-66.93916155261,82.742050144682,179.6625));
#4597 = CARTESIAN_POINT('',(-66.8246064295,83.136979685446,179.684375));
#4598 = TRIMMED_CURVE('',#4599,(#4603,PARAMETER_VALUE(0.)),(#4604,
    PARAMETER_VALUE(0.411047637765)),.T.,.PARAMETER.);
#4599 = LINE('',#4600,#4601);
#4600 = CARTESIAN_POINT('',(-66.8246064295,83.136979685446,179.684375));
#4601 = VECTOR('',#4602,1.);
#4602 = DIRECTION('',(0.254620677912,0.965575574123,5.321767598261E-02)
  );
#4603 = CARTESIAN_POINT('',(-66.8246064295,83.136979685446,179.684375));
#4604 = CARTESIAN_POINT('',(-66.71994520132,83.533877244273,179.70625));
#4605 = TRIMMED_CURVE('',#4606,(#4610,PARAMETER_VALUE(0.)),(#4611,
    PARAMETER_VALUE(0.410552203142)),.T.,.PARAMETER.);
#4606 = LINE('',#4607,#4608);
#4607 = CARTESIAN_POINT('',(-66.71994520132,83.533877244273,179.70625));
#4608 = VECTOR('',#4609,1.);
#4609 = DIRECTION('',(0.230828948254,0.97153437209,5.328189651067E-02));
#4610 = CARTESIAN_POINT('',(-66.71994520132,83.533877244273,179.70625));
#4611 = CARTESIAN_POINT('',(-66.62517786806,83.932742821162,179.728125)
  );
#4612 = TRIMMED_CURVE('',#4613,(#4617,PARAMETER_VALUE(0.)),(#4618,
    PARAMETER_VALUE(0.410304261495)),.T.,.PARAMETER.);
#4613 = LINE('',#4614,#4615);
#4614 = CARTESIAN_POINT('',(-66.62517786806,83.932742821162,179.728125)
  );
#4615 = VECTOR('',#4616,1.);
#4616 = DIRECTION('',(0.206854878908,0.976917942534,5.331409408304E-02)
  );
#4617 = CARTESIAN_POINT('',(-66.62517786806,83.932742821162,179.728125)
  );
#4618 = CARTESIAN_POINT('',(-66.54030442974,84.333576416114,179.75));
#4619 = TRIMMED_CURVE('',#4620,(#4624,PARAMETER_VALUE(0.)),(#4625,
    PARAMETER_VALUE(0.410304261495)),.T.,.PARAMETER.);
#4620 = LINE('',#4621,#4622);
#4621 = CARTESIAN_POINT('',(-66.54030442974,84.333576416114,179.75));
#4622 = VECTOR('',#4623,1.);
#4623 = DIRECTION('',(0.182741322565,0.981714427112,5.331409408304E-02)
  );
#4624 = CARTESIAN_POINT('',(-66.54030442974,84.333576416114,179.75));
#4625 = CARTESIAN_POINT('',(-66.46532488634,84.736378029129,179.771875)
  );
#4626 = TRIMMED_CURVE('',#4627,(#4631,PARAMETER_VALUE(0.)),(#4632,
    PARAMETER_VALUE(0.410552203142)),.T.,.PARAMETER.);
#4627 = LINE('',#4628,#4629);
#4628 = CARTESIAN_POINT('',(-66.46532488634,84.736378029129,179.771875)
  );
#4629 = VECTOR('',#4630,1.);
#4630 = DIRECTION('',(0.158531967369,0.985915135712,5.32818965106E-02));
#4631 = CARTESIAN_POINT('',(-66.46532488634,84.736378029129,179.771875)
  );
#4632 = CARTESIAN_POINT('',(-66.40023923787,85.141147660206,179.79375));
#4633 = TRIMMED_CURVE('',#4634,(#4638,PARAMETER_VALUE(0.)),(#4639,
    PARAMETER_VALUE(0.411047637765)),.T.,.PARAMETER.);
#4634 = LINE('',#4635,#4636);
#4635 = CARTESIAN_POINT('',(-66.40023923787,85.141147660206,179.79375));
#4636 = VECTOR('',#4637,1.);
#4637 = DIRECTION('',(0.134270942036,0.989514624999,5.321767598268E-02)
  );
#4638 = CARTESIAN_POINT('',(-66.40023923787,85.141147660206,179.79375));
#4639 = CARTESIAN_POINT('',(-66.34504748432,85.547885309346,179.815625)
  );
#4640 = TRIMMED_CURVE('',#4641,(#4645,PARAMETER_VALUE(0.)),(#4646,
    PARAMETER_VALUE(0.41178967207)),.T.,.PARAMETER.);
#4641 = LINE('',#4642,#4643);
#4642 = CARTESIAN_POINT('',(-66.34504748432,85.547885309346,179.815625)
  );
#4643 = VECTOR('',#4644,1.);
#4644 = DIRECTION('',(0.110002415527,0.992510727983,5.312177911121E-02)
  );
#4645 = CARTESIAN_POINT('',(-66.34504748432,85.547885309346,179.815625)
  );
#4646 = CARTESIAN_POINT('',(-66.29974962571,85.956590976548,179.8375));
#4647 = TRIMMED_CURVE('',#4648,(#4652,PARAMETER_VALUE(0.)),(#4653,
    PARAMETER_VALUE(1.413438052337)),.T.,.PARAMETER.);
#4648 = LINE('',#4649,#4650);
#4649 = CARTESIAN_POINT('',(-66.29974962571,85.956590976548,179.8375));
#4650 = VECTOR('',#4651,1.);
#4651 = DIRECTION('',(9.787905516485E-02,0.993782724467,
    5.306210617155E-02));
#4652 = CARTESIAN_POINT('',(-66.29974962571,85.956590976548,179.8375));
#4653 = CARTESIAN_POINT('',(-66.16140364461,87.361241295065,179.9125));
#4654 = TRIMMED_CURVE('',#4655,(#4659,PARAMETER_VALUE(0.)),(#4660,
    PARAMETER_VALUE(0.41178967207)),.T.,.PARAMETER.);
#4655 = LINE('',#4656,#4657);
#4656 = CARTESIAN_POINT('',(-66.16140364461,87.361241295065,179.9125));
#4657 = VECTOR('',#4658,1.);
#4658 = DIRECTION('',(8.574048756871E-02,0.994900319316,
    5.31217791112E-02));
#4659 = CARTESIAN_POINT('',(-66.16140364461,87.361241295065,179.9125));
#4660 = CARTESIAN_POINT('',(-66.12609659735,87.770930971298,179.934375)
  );
#4661 = TRIMMED_CURVE('',#4662,(#4666,PARAMETER_VALUE(0.)),(#4667,
    PARAMETER_VALUE(0.411047637765)),.T.,.PARAMETER.);
#4662 = LINE('',#4663,#4664);
#4663 = CARTESIAN_POINT('',(-66.12609659735,87.770930971298,179.934375)
  );
#4664 = VECTOR('',#4665,1.);
#4665 = DIRECTION('',(6.135376329585E-02,0.996696340262,
    5.321767598261E-02));
#4666 = CARTESIAN_POINT('',(-66.12609659735,87.770930971298,179.934375)
  );
#4667 = CARTESIAN_POINT('',(-66.10087727788,88.180620647532,179.95625));
#4668 = TRIMMED_CURVE('',#4669,(#4673,PARAMETER_VALUE(0.)),(#4674,
    PARAMETER_VALUE(0.410552203142)),.T.,.PARAMETER.);
#4669 = LINE('',#4670,#4671);
#4670 = CARTESIAN_POINT('',(-66.10087727788,88.180620647532,179.95625));
#4671 = VECTOR('',#4672,1.);
#4672 = DIRECTION('',(3.68566812373E-02,0.997899105397,
    5.328189651068E-02));
#4673 = CARTESIAN_POINT('',(-66.10087727788,88.180620647532,179.95625));
#4674 = CARTESIAN_POINT('',(-66.0857456862,88.590310323766,179.978125));
#4675 = TRIMMED_CURVE('',#4676,(#4680,PARAMETER_VALUE(0.)),(#4681,
    PARAMETER_VALUE(0.410304261495)),.T.,.PARAMETER.);
#4676 = LINE('',#4677,#4678);
#4677 = CARTESIAN_POINT('',(-66.0857456862,88.590310323766,179.978125));
#4678 = VECTOR('',#4679,1.);
#4679 = DIRECTION('',(1.229298442036E-02,0.998502123136,
    5.331409408304E-02));
#4680 = CARTESIAN_POINT('',(-66.0857456862,88.590310323766,179.978125));
#4681 = CARTESIAN_POINT('',(-66.0807018223,89.,180.));
#4682 = TRIMMED_CURVE('',#4683,(#4687,PARAMETER_VALUE(0.)),(#4688,
    PARAMETER_VALUE(0.410304261495)),.T.,.PARAMETER.);
#4683 = LINE('',#4684,#4685);
#4684 = CARTESIAN_POINT('',(-66.0807018223,89.,180.));
#4685 = VECTOR('',#4686,1.);
#4686 = DIRECTION('',(-1.229298442036E-02,0.998502123136,
    5.331409408304E-02));
#4687 = CARTESIAN_POINT('',(-66.0807018223,89.,180.));
#4688 = CARTESIAN_POINT('',(-66.0857456862,89.409689676234,180.021875));
#4689 = TRIMMED_CURVE('',#4690,(#4694,PARAMETER_VALUE(0.)),(#4695,
    PARAMETER_VALUE(0.410552203142)),.T.,.PARAMETER.);
#4690 = LINE('',#4691,#4692);
#4691 = CARTESIAN_POINT('',(-66.0857456862,89.409689676234,180.021875));
#4692 = VECTOR('',#4693,1.);
#4693 = DIRECTION('',(-3.685668123726E-02,0.997899105397,
    5.328189651061E-02));
#4694 = CARTESIAN_POINT('',(-66.0857456862,89.409689676234,180.021875));
#4695 = CARTESIAN_POINT('',(-66.10087727788,89.819379352468,180.04375));
#4696 = TRIMMED_CURVE('',#4697,(#4701,PARAMETER_VALUE(0.)),(#4702,
    PARAMETER_VALUE(0.411047637765)),.T.,.PARAMETER.);
#4697 = LINE('',#4698,#4699);
#4698 = CARTESIAN_POINT('',(-66.10087727788,89.819379352468,180.04375));
#4699 = VECTOR('',#4700,1.);
#4700 = DIRECTION('',(-6.135376329588E-02,0.996696340262,
    5.321767598268E-02));
#4701 = CARTESIAN_POINT('',(-66.10087727788,89.819379352468,180.04375));
#4702 = CARTESIAN_POINT('',(-66.12609659735,90.229069028702,180.065625)
  );
#4703 = TRIMMED_CURVE('',#4704,(#4708,PARAMETER_VALUE(0.)),(#4709,
    PARAMETER_VALUE(0.41178967207)),.T.,.PARAMETER.);
#4704 = LINE('',#4705,#4706);
#4705 = CARTESIAN_POINT('',(-66.12609659735,90.229069028702,180.065625)
  );
#4706 = VECTOR('',#4707,1.);
#4707 = DIRECTION('',(-8.574048756871E-02,0.994900319316,
    5.312177911121E-02));
#4708 = CARTESIAN_POINT('',(-66.12609659735,90.229069028702,180.065625)
  );
#4709 = CARTESIAN_POINT('',(-66.16140364461,90.638758704935,180.0875));
#4710 = TRIMMED_CURVE('',#4711,(#4715,PARAMETER_VALUE(0.)),(#4716,
    PARAMETER_VALUE(1.413438052337)),.T.,.PARAMETER.);
#4711 = LINE('',#4712,#4713);
#4712 = CARTESIAN_POINT('',(-66.16140364461,90.638758704935,180.0875));
#4713 = VECTOR('',#4714,1.);
#4714 = DIRECTION('',(-9.787905516484E-02,0.993782724467,
    5.306210617155E-02));
#4715 = CARTESIAN_POINT('',(-66.16140364461,90.638758704935,180.0875));
#4716 = CARTESIAN_POINT('',(-66.29974962571,92.043409023452,180.1625));
#4717 = TRIMMED_CURVE('',#4718,(#4722,PARAMETER_VALUE(0.)),(#4723,
    PARAMETER_VALUE(0.41178967207)),.T.,.PARAMETER.);
#4718 = LINE('',#4719,#4720);
#4719 = CARTESIAN_POINT('',(-66.29974962571,92.043409023452,180.1625));
#4720 = VECTOR('',#4721,1.);
#4721 = DIRECTION('',(-0.110002415527,0.992510727983,5.31217791112E-02)
  );
#4722 = CARTESIAN_POINT('',(-66.29974962571,92.043409023452,180.1625));
#4723 = CARTESIAN_POINT('',(-66.34504748432,92.452114690654,180.184375)
  );
#4724 = TRIMMED_CURVE('',#4725,(#4729,PARAMETER_VALUE(0.)),(#4730,
    PARAMETER_VALUE(0.411047637765)),.T.,.PARAMETER.);
#4725 = LINE('',#4726,#4727);
#4726 = CARTESIAN_POINT('',(-66.34504748432,92.452114690654,180.184375)
  );
#4727 = VECTOR('',#4728,1.);
#4728 = DIRECTION('',(-0.134270942036,0.989514624999,5.321767598261E-02)
  );
#4729 = CARTESIAN_POINT('',(-66.34504748432,92.452114690654,180.184375)
  );
#4730 = CARTESIAN_POINT('',(-66.40023923787,92.858852339794,180.20625));
#4731 = TRIMMED_CURVE('',#4732,(#4736,PARAMETER_VALUE(0.)),(#4737,
    PARAMETER_VALUE(0.410552203142)),.T.,.PARAMETER.);
#4732 = LINE('',#4733,#4734);
#4733 = CARTESIAN_POINT('',(-66.40023923787,92.858852339794,180.20625));
#4734 = VECTOR('',#4735,1.);
#4735 = DIRECTION('',(-0.158531967369,0.985915135712,5.328189651068E-02)
  );
#4736 = CARTESIAN_POINT('',(-66.40023923787,92.858852339794,180.20625));
#4737 = CARTESIAN_POINT('',(-66.46532488634,93.263621970871,180.228125)
  );
#4738 = TRIMMED_CURVE('',#4739,(#4743,PARAMETER_VALUE(0.)),(#4744,
    PARAMETER_VALUE(0.410304261495)),.T.,.PARAMETER.);
#4739 = LINE('',#4740,#4741);
#4740 = CARTESIAN_POINT('',(-66.46532488634,93.263621970871,180.228125)
  );
#4741 = VECTOR('',#4742,1.);
#4742 = DIRECTION('',(-0.182741322565,0.981714427112,5.331409408304E-02)
  );
#4743 = CARTESIAN_POINT('',(-66.46532488634,93.263621970871,180.228125)
  );
#4744 = CARTESIAN_POINT('',(-66.54030442974,93.666423583886,180.25));
#4745 = TRIMMED_CURVE('',#4746,(#4750,PARAMETER_VALUE(0.)),(#4751,
    PARAMETER_VALUE(0.410304261495)),.T.,.PARAMETER.);
#4746 = LINE('',#4747,#4748);
#4747 = CARTESIAN_POINT('',(-66.54030442974,93.666423583886,180.25));
#4748 = VECTOR('',#4749,1.);
#4749 = DIRECTION('',(-0.206854878908,0.976917942534,5.331409408304E-02)
  );
#4750 = CARTESIAN_POINT('',(-66.54030442974,93.666423583886,180.25));
#4751 = CARTESIAN_POINT('',(-66.62517786806,94.067257178838,180.271875)
  );
#4752 = TRIMMED_CURVE('',#4753,(#4757,PARAMETER_VALUE(0.)),(#4758,
    PARAMETER_VALUE(0.410552203142)),.T.,.PARAMETER.);
#4753 = LINE('',#4754,#4755);
#4754 = CARTESIAN_POINT('',(-66.62517786806,94.067257178838,180.271875)
  );
#4755 = VECTOR('',#4756,1.);
#4756 = DIRECTION('',(-0.230828948254,0.97153437209,5.328189651061E-02)
  );
#4757 = CARTESIAN_POINT('',(-66.62517786806,94.067257178838,180.271875)
  );
#4758 = CARTESIAN_POINT('',(-66.71994520132,94.466122755727,180.29375));
#4759 = TRIMMED_CURVE('',#4760,(#4764,PARAMETER_VALUE(0.)),(#4765,
    PARAMETER_VALUE(0.411047637765)),.T.,.PARAMETER.);
#4760 = LINE('',#4761,#4762);
#4761 = CARTESIAN_POINT('',(-66.71994520132,94.466122755727,180.29375));
#4762 = VECTOR('',#4763,1.);
#4763 = DIRECTION('',(-0.254620677912,0.965575574123,5.321767598268E-02)
  );
#4764 = CARTESIAN_POINT('',(-66.71994520132,94.466122755727,180.29375));
#4765 = CARTESIAN_POINT('',(-66.8246064295,94.863020314554,180.315625));
#4766 = TRIMMED_CURVE('',#4767,(#4771,PARAMETER_VALUE(0.)),(#4772,
    PARAMETER_VALUE(0.41178967207)),.T.,.PARAMETER.);
#4767 = LINE('',#4768,#4769);
#4768 = CARTESIAN_POINT('',(-66.8246064295,94.863020314554,180.315625));
#4769 = VECTOR('',#4770,1.);
#4770 = DIRECTION('',(-0.278188431811,0.959056449324,5.312177911121E-02)
  );
#4771 = CARTESIAN_POINT('',(-66.8246064295,94.863020314554,180.315625));
#4772 = CARTESIAN_POINT('',(-66.93916155261,95.257949855318,180.3375));
#4773 = TRIMMED_CURVE('',#4774,(#4778,PARAMETER_VALUE(0.)),(#4779,
    PARAMETER_VALUE(1.413438052337)),.T.,.PARAMETER.);
#4774 = LINE('',#4775,#4776);
#4775 = CARTESIAN_POINT('',(-66.93916155261,95.257949855318,180.3375));
#4776 = VECTOR('',#4777,1.);
#4777 = DIRECTION('',(-0.289875728296,0.955592211685,5.306210617155E-02)
  );
#4778 = CARTESIAN_POINT('',(-66.93916155261,95.257949855318,180.3375));
#4779 = CARTESIAN_POINT('',(-67.34888293743,96.608620249831,180.4125));
#4780 = TRIMMED_CURVE('',#4781,(#4785,PARAMETER_VALUE(0.)),(#4786,
    PARAMETER_VALUE(0.41178967207)),.T.,.PARAMETER.);
#4781 = LINE('',#4782,#4783);
#4782 = CARTESIAN_POINT('',(-67.34888293743,96.608620249831,180.4125));
#4783 = VECTOR('',#4784,1.);
#4784 = DIRECTION('',(-0.301517987485,0.951979505981,5.312177911121E-02)
  );
#4785 = CARTESIAN_POINT('',(-67.34888293743,96.608620249831,180.4125));
#4786 = CARTESIAN_POINT('',(-67.47304493062,97.000635578416,180.434375)
  );
#4787 = TRIMMED_CURVE('',#4788,(#4792,PARAMETER_VALUE(0.)),(#4793,
    PARAMETER_VALUE(0.411047637765)),.T.,.PARAMETER.);
#4788 = LINE('',#4789,#4790);
#4789 = CARTESIAN_POINT('',(-67.47304493062,97.000635578416,180.434375)
  );
#4790 = VECTOR('',#4791,1.);
#4791 = DIRECTION('',(-0.324735690366,0.944306417624,5.321767598261E-02)
  );
#4792 = CARTESIAN_POINT('',(-67.47304493062,97.000635578416,180.434375)
  );
#4793 = CARTESIAN_POINT('',(-67.60652676904,97.388790500707,180.45625));
#4794 = TRIMMED_CURVE('',#4795,(#4799,PARAMETER_VALUE(0.)),(#4800,
    PARAMETER_VALUE(0.410552203142)),.T.,.PARAMETER.);
#4795 = LINE('',#4796,#4797);
#4796 = CARTESIAN_POINT('',(-67.60652676904,97.388790500707,180.45625));
#4797 = VECTOR('',#4798,1.);
#4798 = DIRECTION('',(-0.347828321376,0.936043000269,5.328189651068E-02)
  );
#4799 = CARTESIAN_POINT('',(-67.60652676904,97.388790500707,180.45625));
#4800 = CARTESIAN_POINT('',(-67.7493284527,97.773085016703,180.478125));
#4801 = TRIMMED_CURVE('',#4802,(#4806,PARAMETER_VALUE(0.)),(#4807,
    PARAMETER_VALUE(0.410304261495)),.T.,.PARAMETER.);
#4802 = LINE('',#4803,#4804);
#4803 = CARTESIAN_POINT('',(-67.7493284527,97.773085016703,180.478125));
#4804 = VECTOR('',#4805,1.);
#4805 = DIRECTION('',(-0.370752983006,0.927199996206,5.331409408304E-02)
  );
#4806 = CARTESIAN_POINT('',(-67.7493284527,97.773085016703,180.478125));
#4807 = CARTESIAN_POINT('',(-67.90144998159,98.153519126404,180.5));
#4808 = TRIMMED_CURVE('',#4809,(#4813,PARAMETER_VALUE(0.)),(#4814,
    PARAMETER_VALUE(0.410304261495)),.T.,.PARAMETER.);
#4809 = LINE('',#4810,#4811);
#4810 = CARTESIAN_POINT('',(-67.90144998159,98.153519126404,180.5));
#4811 = VECTOR('',#4812,1.);
#4812 = DIRECTION('',(-0.393467456405,0.917791353262,5.331409408304E-02)
  );
#4813 = CARTESIAN_POINT('',(-67.90144998159,98.153519126404,180.5));
#4814 = CARTESIAN_POINT('',(-68.06289135571,98.53009282981,180.521875));
#4815 = TRIMMED_CURVE('',#4816,(#4820,PARAMETER_VALUE(0.)),(#4821,
    PARAMETER_VALUE(0.410552203142)),.T.,.PARAMETER.);
#4816 = LINE('',#4817,#4818);
#4817 = CARTESIAN_POINT('',(-68.06289135571,98.53009282981,180.521875));
#4818 = VECTOR('',#4819,1.);
#4819 = DIRECTION('',(-0.415930588239,0.907834117706,5.328189651061E-02)
  );
#4820 = CARTESIAN_POINT('',(-68.06289135571,98.53009282981,180.521875));
#4821 = CARTESIAN_POINT('',(-68.23365257507,98.902806126922,180.54375));
#4822 = TRIMMED_CURVE('',#4823,(#4827,PARAMETER_VALUE(0.)),(#4828,
    PARAMETER_VALUE(0.411047637765)),.T.,.PARAMETER.);
#4823 = LINE('',#4824,#4825);
#4824 = CARTESIAN_POINT('',(-68.23365257507,98.902806126922,180.54375));
#4825 = VECTOR('',#4826,1.);
#4826 = DIRECTION('',(-0.438102662669,0.897348280171,5.321767598268E-02)
  );
#4827 = CARTESIAN_POINT('',(-68.23365257507,98.902806126922,180.54375));
#4828 = CARTESIAN_POINT('',(-68.41373363966,99.271659017738,180.565625)
  );
#4829 = TRIMMED_CURVE('',#4830,(#4834,PARAMETER_VALUE(0.)),(#4835,
    PARAMETER_VALUE(0.41178967207)),.T.,.PARAMETER.);
#4830 = LINE('',#4831,#4832);
#4831 = CARTESIAN_POINT('',(-68.41373363966,99.271659017738,180.565625)
  );
#4832 = VECTOR('',#4833,1.);
#4833 = DIRECTION('',(-0.459945750629,0.88635657783,5.31217791112E-02));
#4834 = CARTESIAN_POINT('',(-68.41373363966,99.271659017738,180.565625)
  );
#4835 = CARTESIAN_POINT('',(-68.60313454948,99.63665150226,180.5875));
#4836 = TRIMMED_CURVE('',#4837,(#4841,PARAMETER_VALUE(0.)),(#4842,
    PARAMETER_VALUE(1.413438052337)),.T.,.PARAMETER.);
#4837 = LINE('',#4838,#4839);
#4838 = CARTESIAN_POINT('',(-68.60313454948,99.63665150226,180.5875));
#4839 = VECTOR('',#4840,1.);
#4840 = DIRECTION('',(-0.470732639752,0.880678826111,5.306210617155E-02)
  );
#4841 = CARTESIAN_POINT('',(-68.60313454948,99.63665150226,180.5875));
#4842 = CARTESIAN_POINT('',(-69.26848597498,100.88143646697,180.6625));
#4843 = TRIMMED_CURVE('',#4844,(#4848,PARAMETER_VALUE(0.)),(#4849,
    PARAMETER_VALUE(0.41178967207)),.T.,.PARAMETER.);
#4844 = LINE('',#4845,#4846);
#4845 = CARTESIAN_POINT('',(-69.26848597498,100.88143646697,180.6625));
#4846 = VECTOR('',#4847,1.);
#4847 = DIRECTION('',(-0.481446392276,0.874864245439,5.312177911121E-02)
  );
#4848 = CARTESIAN_POINT('',(-69.26848597498,100.88143646697,180.6625));
#4849 = CARTESIAN_POINT('',(-69.46674062698,101.2416965277,180.684375));
#4850 = TRIMMED_CURVE('',#4851,(#4855,PARAMETER_VALUE(0.)),(#4856,
    PARAMETER_VALUE(0.411047637765)),.T.,.PARAMETER.);
#4851 = LINE('',#4852,#4853);
#4852 = CARTESIAN_POINT('',(-69.46674062698,101.2416965277,180.684375));
#4853 = VECTOR('',#4854,1.);
#4854 = DIRECTION('',(-0.502721028228,0.862809044192,5.321767598261E-02)
  );
#4855 = CARTESIAN_POINT('',(-69.46674062698,101.2416965277,180.684375));
#4856 = CARTESIAN_POINT('',(-69.67338291808,101.59635214716,180.70625));
#4857 = TRIMMED_CURVE('',#4858,(#4862,PARAMETER_VALUE(0.)),(#4863,
    PARAMETER_VALUE(0.410552203142)),.T.,.PARAMETER.);
#4858 = LINE('',#4859,#4860);
#4859 = CARTESIAN_POINT('',(-69.67338291808,101.59635214716,180.70625));
#4860 = VECTOR('',#4861,1.);
#4861 = DIRECTION('',(-0.523757828056,0.850199257265,5.328189651067E-02)
  );
#4862 = CARTESIAN_POINT('',(-69.67338291808,101.59635214716,180.70625));
#4863 = CARTESIAN_POINT('',(-69.88841284831,101.94540332534,180.728125)
  );
#4864 = TRIMMED_CURVE('',#4865,(#4869,PARAMETER_VALUE(0.)),(#4870,
    PARAMETER_VALUE(0.410304261495)),.T.,.PARAMETER.);
#4865 = LINE('',#4866,#4867);
#4866 = CARTESIAN_POINT('',(-69.88841284831,101.94540332534,180.728125)
  );
#4867 = VECTOR('',#4868,1.);
#4868 = DIRECTION('',(-0.544516814231,0.837053789426,5.331409408304E-02)
  );
#4869 = CARTESIAN_POINT('',(-69.88841284831,101.94540332534,180.728125)
  );
#4870 = CARTESIAN_POINT('',(-70.11183041764,102.28885006224,180.75));
#4871 = TRIMMED_CURVE('',#4872,(#4876,PARAMETER_VALUE(0.)),(#4877,
    PARAMETER_VALUE(0.410304261495)),.T.,.PARAMETER.);
#4872 = LINE('',#4873,#4874);
#4873 = CARTESIAN_POINT('',(-70.11183041764,102.28885006224,180.75));
#4874 = VECTOR('',#4875,1.);
#4875 = DIRECTION('',(-0.564959300211,0.823394556988,5.331409408304E-02)
  );
#4876 = CARTESIAN_POINT('',(-70.11183041764,102.28885006224,180.75));
#4877 = CARTESIAN_POINT('',(-70.34363562609,102.62669235787,180.771875)
  );
#4878 = TRIMMED_CURVE('',#4879,(#4883,PARAMETER_VALUE(0.)),(#4884,
    PARAMETER_VALUE(0.410552203142)),.T.,.PARAMETER.);
#4879 = LINE('',#4880,#4881);
#4880 = CARTESIAN_POINT('',(-70.34363562609,102.62669235787,180.771875)
  );
#4881 = VECTOR('',#4882,1.);
#4882 = DIRECTION('',(-0.585048248975,0.809246307298,5.328189651061E-02)
  );
#4883 = CARTESIAN_POINT('',(-70.34363562609,102.62669235787,180.771875)
  );
#4884 = CARTESIAN_POINT('',(-70.58382847365,102.95893021221,180.79375));
#4885 = TRIMMED_CURVE('',#4886,(#4890,PARAMETER_VALUE(0.)),(#4891,
    PARAMETER_VALUE(0.411047637765)),.T.,.PARAMETER.);
#4886 = LINE('',#4887,#4888);
#4887 = CARTESIAN_POINT('',(-70.58382847365,102.95893021221,180.79375));
#4888 = VECTOR('',#4889,1.);
#4889 = DIRECTION('',(-0.60474860779,0.79463639505,5.321767598268E-02));
#4890 = CARTESIAN_POINT('',(-70.58382847365,102.95893021221,180.79375));
#4891 = CARTESIAN_POINT('',(-70.83240896032,103.28556362528,180.815625)
  );
#4892 = TRIMMED_CURVE('',#4893,(#4897,PARAMETER_VALUE(0.)),(#4898,
    PARAMETER_VALUE(0.41178967207)),.T.,.PARAMETER.);
#4893 = LINE('',#4894,#4895);
#4894 = CARTESIAN_POINT('',(-70.83240896032,103.28556362528,180.815625)
  );
#4895 = VECTOR('',#4896,1.);
#4896 = DIRECTION('',(-0.624027612191,0.779594520124,5.312177911121E-02)
  );
#4897 = CARTESIAN_POINT('',(-70.83240896032,103.28556362528,180.815625)
  );
#4898 = CARTESIAN_POINT('',(-71.08937708611,103.60659259707,180.8375));
#4899 = TRIMMED_CURVE('',#4900,(#4904,PARAMETER_VALUE(0.)),(#4905,
    PARAMETER_VALUE(1.413438052337)),.T.,.PARAMETER.);
#4900 = LINE('',#4901,#4902);
#4901 = CARTESIAN_POINT('',(-71.08937708611,103.60659259707,180.8375));
#4902 = VECTOR('',#4903,1.);
#4903 = DIRECTION('',(-0.633499559853,0.77192144714,5.306210617155E-02)
  );
#4904 = CARTESIAN_POINT('',(-71.08937708611,103.60659259707,180.8375));
#4905 = CARTESIAN_POINT('',(-71.98478947014,104.69765574387,180.9125));
#4906 = TRIMMED_CURVE('',#4907,(#4911,PARAMETER_VALUE(0.)),(#4912,
    PARAMETER_VALUE(0.41178967207)),.T.,.PARAMETER.);
#4907 = LINE('',#4908,#4909);
#4908 = CARTESIAN_POINT('',(-71.98478947014,104.69765574387,180.9125));
#4909 = VECTOR('',#4910,1.);
#4910 = DIRECTION('',(-0.642873082211,0.764128442575,5.312177911121E-02)
  );
#4911 = CARTESIAN_POINT('',(-71.98478947014,104.69765574387,180.9125));
#4912 = CARTESIAN_POINT('',(-72.24951796585,105.01231594466,180.934375)
  );
#4913 = TRIMMED_CURVE('',#4914,(#4918,PARAMETER_VALUE(0.)),(#4919,
    PARAMETER_VALUE(0.411047637765)),.T.,.PARAMETER.);
#4914 = LINE('',#4915,#4916);
#4915 = CARTESIAN_POINT('',(-72.24951796585,105.01231594466,180.934375)
  );
#4916 = VECTOR('',#4917,1.);
#4917 = DIRECTION('',(-0.661387078906,0.748154403061,5.321767598261E-02)
  );
#4918 = CARTESIAN_POINT('',(-72.24951796585,105.01231594466,180.934375)
  );
#4919 = CARTESIAN_POINT('',(-72.52137956228,105.31984304472,180.95625));
#4920 = TRIMMED_CURVE('',#4921,(#4925,PARAMETER_VALUE(0.)),(#4926,
    PARAMETER_VALUE(0.410552203142)),.T.,.PARAMETER.);
#4921 = LINE('',#4922,#4923);
#4922 = CARTESIAN_POINT('',(-72.52137956228,105.31984304472,180.95625));
#4923 = VECTOR('',#4924,1.);
#4924 = DIRECTION('',(-0.679559615131,0.731682833601,5.328189651068E-02)
  );
#4925 = CARTESIAN_POINT('',(-72.52137956228,105.31984304472,180.95625));
#4926 = CARTESIAN_POINT('',(-72.80037425944,105.62023704406,180.978125)
  );
#4927 = TRIMMED_CURVE('',#4928,(#4932,PARAMETER_VALUE(0.)),(#4933,
    PARAMETER_VALUE(0.410304261495)),.T.,.PARAMETER.);
#4928 = LINE('',#4929,#4930);
#4929 = CARTESIAN_POINT('',(-72.80037425944,105.62023704406,180.978125)
  );
#4930 = VECTOR('',#4931,1.);
#4931 = DIRECTION('',(-0.697355169654,0.714740074943,5.331409408304E-02)
  );
#4932 = CARTESIAN_POINT('',(-72.80037425944,105.62023704406,180.978125)
  );
#4933 = CARTESIAN_POINT('',(-73.08650205733,105.91349794267,181.));
#4934 = TRIMMED_CURVE('',#4935,(#4939,PARAMETER_VALUE(0.)),(#4940,
    PARAMETER_VALUE(0.410304261495)),.T.,.PARAMETER.);
#4935 = LINE('',#4936,#4937);
#4936 = CARTESIAN_POINT('',(-73.08650205733,105.91349794267,181.));
#4937 = VECTOR('',#4938,1.);
#4938 = DIRECTION('',(-0.714740074943,0.697355169654,5.331409408304E-02)
  );
#4939 = CARTESIAN_POINT('',(-73.08650205733,105.91349794267,181.));
#4940 = CARTESIAN_POINT('',(-73.37976295594,106.19962574055,181.021875)
  );
#4941 = TRIMMED_CURVE('',#4942,(#4946,PARAMETER_VALUE(0.)),(#4947,
    PARAMETER_VALUE(0.410552203142)),.T.,.PARAMETER.);
#4942 = LINE('',#4943,#4944);
#4943 = CARTESIAN_POINT('',(-73.37976295594,106.19962574055,181.021875)
  );
#4944 = VECTOR('',#4945,1.);
#4945 = DIRECTION('',(-0.731682833601,0.679559615131,5.328189651061E-02)
  );
#4946 = CARTESIAN_POINT('',(-73.37976295594,106.19962574055,181.021875)
  );
#4947 = CARTESIAN_POINT('',(-73.68015695527,106.47862043771,181.04375));
#4948 = TRIMMED_CURVE('',#4949,(#4953,PARAMETER_VALUE(0.)),(#4954,
    PARAMETER_VALUE(0.411047637765)),.T.,.PARAMETER.);
#4949 = LINE('',#4950,#4951);
#4950 = CARTESIAN_POINT('',(-73.68015695527,106.47862043771,181.04375));
#4951 = VECTOR('',#4952,1.);
#4952 = DIRECTION('',(-0.748154403061,0.661387078906,5.321767598268E-02)
  );
#4953 = CARTESIAN_POINT('',(-73.68015695527,106.47862043771,181.04375));
#4954 = CARTESIAN_POINT('',(-73.98768405533,106.75048203414,181.065625)
  );
#4955 = TRIMMED_CURVE('',#4956,(#4960,PARAMETER_VALUE(0.)),(#4961,
    PARAMETER_VALUE(0.41178967207)),.T.,.PARAMETER.);
#4956 = LINE('',#4957,#4958);
#4957 = CARTESIAN_POINT('',(-73.98768405533,106.75048203414,181.065625)
  );
#4958 = VECTOR('',#4959,1.);
#4959 = DIRECTION('',(-0.764128442575,0.642873082211,5.312177911121E-02)
  );
#4960 = CARTESIAN_POINT('',(-73.98768405533,106.75048203414,181.065625)
  );
#4961 = CARTESIAN_POINT('',(-74.30234425612,107.01521052985,181.0875));
#4962 = TRIMMED_CURVE('',#4963,(#4967,PARAMETER_VALUE(0.)),(#4968,
    PARAMETER_VALUE(1.413438052337)),.T.,.PARAMETER.);
#4963 = LINE('',#4964,#4965);
#4964 = CARTESIAN_POINT('',(-74.30234425612,107.01521052985,181.0875));
#4965 = VECTOR('',#4966,1.);
#4966 = DIRECTION('',(-0.77192144714,0.633499559853,5.306210617155E-02)
  );
#4967 = CARTESIAN_POINT('',(-74.30234425612,107.01521052985,181.0875));
#4968 = CARTESIAN_POINT('',(-75.39340740292,107.91062291388,181.1625));
#4969 = TRIMMED_CURVE('',#4970,(#4974,PARAMETER_VALUE(0.)),(#4975,
    PARAMETER_VALUE(0.41178967207)),.T.,.PARAMETER.);
#4970 = LINE('',#4971,#4972);
#4971 = CARTESIAN_POINT('',(-75.39340740292,107.91062291388,181.1625));
#4972 = VECTOR('',#4973,1.);
#4973 = DIRECTION('',(-0.779594520124,0.624027612191,5.31217791112E-02)
  );
#4974 = CARTESIAN_POINT('',(-75.39340740292,107.91062291388,181.1625));
#4975 = CARTESIAN_POINT('',(-75.71443637471,108.16759103967,181.184375)
  );
#4976 = TRIMMED_CURVE('',#4977,(#4981,PARAMETER_VALUE(0.)),(#4982,
    PARAMETER_VALUE(0.411047637765)),.T.,.PARAMETER.);
#4977 = LINE('',#4978,#4979);
#4978 = CARTESIAN_POINT('',(-75.71443637471,108.16759103967,181.184375)
  );
#4979 = VECTOR('',#4980,1.);
#4980 = DIRECTION('',(-0.79463639505,0.60474860779,5.321767598261E-02));
#4981 = CARTESIAN_POINT('',(-75.71443637471,108.16759103967,181.184375)
  );
#4982 = CARTESIAN_POINT('',(-76.04106978778,108.41617152634,181.20625));
#4983 = TRIMMED_CURVE('',#4984,(#4988,PARAMETER_VALUE(0.)),(#4989,
    PARAMETER_VALUE(0.410552203142)),.T.,.PARAMETER.);
#4984 = LINE('',#4985,#4986);
#4985 = CARTESIAN_POINT('',(-76.04106978778,108.41617152634,181.20625));
#4986 = VECTOR('',#4987,1.);
#4987 = DIRECTION('',(-0.809246307298,0.585048248975,5.328189651068E-02)
  );
#4988 = CARTESIAN_POINT('',(-76.04106978778,108.41617152634,181.20625));
#4989 = CARTESIAN_POINT('',(-76.37330764213,108.6563643739,181.228125));
#4990 = TRIMMED_CURVE('',#4991,(#4995,PARAMETER_VALUE(0.)),(#4996,
    PARAMETER_VALUE(0.410304261495)),.T.,.PARAMETER.);
#4991 = LINE('',#4992,#4993);
#4992 = CARTESIAN_POINT('',(-76.37330764213,108.6563643739,181.228125));
#4993 = VECTOR('',#4994,1.);
#4994 = DIRECTION('',(-0.823394556988,0.564959300211,5.331409408304E-02)
  );
#4995 = CARTESIAN_POINT('',(-76.37330764213,108.6563643739,181.228125));
#4996 = CARTESIAN_POINT('',(-76.71114993775,108.88816958235,181.25));
#4997 = TRIMMED_CURVE('',#4998,(#5002,PARAMETER_VALUE(0.)),(#5003,
    PARAMETER_VALUE(0.410304261495)),.T.,.PARAMETER.);
#4998 = LINE('',#4999,#5000);
#4999 = CARTESIAN_POINT('',(-76.71114993775,108.88816958235,181.25));
#5000 = VECTOR('',#5001,1.);
#5001 = DIRECTION('',(-0.837053789426,0.544516814231,5.331409408304E-02)
  );
#5002 = CARTESIAN_POINT('',(-76.71114993775,108.88816958235,181.25));
#5003 = CARTESIAN_POINT('',(-77.05459667465,109.11158715169,181.271875)
  );
#5004 = TRIMMED_CURVE('',#5005,(#5009,PARAMETER_VALUE(0.)),(#5010,
    PARAMETER_VALUE(0.410552203142)),.T.,.PARAMETER.);
#5005 = LINE('',#5006,#5007);
#5006 = CARTESIAN_POINT('',(-77.05459667465,109.11158715169,181.271875)
  );
#5007 = VECTOR('',#5008,1.);
#5008 = DIRECTION('',(-0.850199257265,0.523757828056,5.328189651061E-02)
  );
#5009 = CARTESIAN_POINT('',(-77.05459667465,109.11158715169,181.271875)
  );
#5010 = CARTESIAN_POINT('',(-77.40364785283,109.32661708191,181.29375));
#5011 = TRIMMED_CURVE('',#5012,(#5016,PARAMETER_VALUE(0.)),(#5017,
    PARAMETER_VALUE(0.411047637765)),.T.,.PARAMETER.);
#5012 = LINE('',#5013,#5014);
#5013 = CARTESIAN_POINT('',(-77.40364785283,109.32661708191,181.29375));
#5014 = VECTOR('',#5015,1.);
#5015 = DIRECTION('',(-0.862809044192,0.502721028228,5.321767598268E-02)
  );
#5016 = CARTESIAN_POINT('',(-77.40364785283,109.32661708191,181.29375));
#5017 = CARTESIAN_POINT('',(-77.75830347229,109.53325937302,181.315625)
  );
#5018 = TRIMMED_CURVE('',#5019,(#5023,PARAMETER_VALUE(0.)),(#5024,
    PARAMETER_VALUE(0.41178967207)),.T.,.PARAMETER.);
#5019 = LINE('',#5020,#5021);
#5020 = CARTESIAN_POINT('',(-77.75830347229,109.53325937302,181.315625)
  );
#5021 = VECTOR('',#5022,1.);
#5022 = DIRECTION('',(-0.874864245439,0.481446392276,5.312177911121E-02)
  );
#5023 = CARTESIAN_POINT('',(-77.75830347229,109.53325937302,181.315625)
  );
#5024 = CARTESIAN_POINT('',(-78.11856353302,109.73151402501,181.3375));
#5025 = TRIMMED_CURVE('',#5026,(#5030,PARAMETER_VALUE(0.)),(#5031,
    PARAMETER_VALUE(1.413438052337)),.T.,.PARAMETER.);
#5026 = LINE('',#5027,#5028);
#5027 = CARTESIAN_POINT('',(-78.11856353302,109.73151402501,181.3375));
#5028 = VECTOR('',#5029,1.);
#5029 = DIRECTION('',(-0.880678826111,0.470732639752,5.306210617155E-02)
  );
#5030 = CARTESIAN_POINT('',(-78.11856353302,109.73151402501,181.3375));
#5031 = CARTESIAN_POINT('',(-79.36334849774,110.39686545051,181.4125));
#5032 = TRIMMED_CURVE('',#5033,(#5037,PARAMETER_VALUE(0.)),(#5038,
    PARAMETER_VALUE(0.41178967207)),.T.,.PARAMETER.);
#5033 = LINE('',#5034,#5035);
#5034 = CARTESIAN_POINT('',(-79.36334849774,110.39686545051,181.4125));
#5035 = VECTOR('',#5036,1.);
#5036 = DIRECTION('',(-0.88635657783,0.459945750629,5.312177911121E-02)
  );
#5037 = CARTESIAN_POINT('',(-79.36334849774,110.39686545051,181.4125));
#5038 = CARTESIAN_POINT('',(-79.72834098226,110.58626636033,181.434375)
  );
#5039 = TRIMMED_CURVE('',#5040,(#5044,PARAMETER_VALUE(0.)),(#5045,
    PARAMETER_VALUE(0.411047637765)),.T.,.PARAMETER.);
#5040 = LINE('',#5041,#5042);
#5041 = CARTESIAN_POINT('',(-79.72834098226,110.58626636033,181.434375)
  );
#5042 = VECTOR('',#5043,1.);
#5043 = DIRECTION('',(-0.897348280171,0.438102662669,5.321767598261E-02)
  );
#5044 = CARTESIAN_POINT('',(-79.72834098226,110.58626636033,181.434375)
  );
#5045 = CARTESIAN_POINT('',(-80.09719387307,110.76634742492,181.45625));
#5046 = TRIMMED_CURVE('',#5047,(#5051,PARAMETER_VALUE(0.)),(#5052,
    PARAMETER_VALUE(0.410552203142)),.T.,.PARAMETER.);
#5047 = LINE('',#5048,#5049);
#5048 = CARTESIAN_POINT('',(-80.09719387307,110.76634742492,181.45625));
#5049 = VECTOR('',#5050,1.);
#5050 = DIRECTION('',(-0.907834117706,0.415930588239,5.328189651068E-02)
  );
#5051 = CARTESIAN_POINT('',(-80.09719387307,110.76634742492,181.45625));
#5052 = CARTESIAN_POINT('',(-80.46990717019,110.93710864428,181.478125)
  );
#5053 = TRIMMED_CURVE('',#5054,(#5058,PARAMETER_VALUE(0.)),(#5059,
    PARAMETER_VALUE(0.410304261495)),.T.,.PARAMETER.);
#5054 = LINE('',#5055,#5056);
#5055 = CARTESIAN_POINT('',(-80.46990717019,110.93710864428,181.478125)
  );
#5056 = VECTOR('',#5057,1.);
#5057 = DIRECTION('',(-0.917791353262,0.393467456405,5.331409408304E-02)
  );
#5058 = CARTESIAN_POINT('',(-80.46990717019,110.93710864428,181.478125)
  );
#5059 = CARTESIAN_POINT('',(-80.84648087359,111.0985500184,181.5));
#5060 = TRIMMED_CURVE('',#5061,(#5065,PARAMETER_VALUE(0.)),(#5066,
    PARAMETER_VALUE(0.410304261495)),.T.,.PARAMETER.);
#5061 = LINE('',#5062,#5063);
#5062 = CARTESIAN_POINT('',(-80.84648087359,111.0985500184,181.5));
#5063 = VECTOR('',#5064,1.);
#5064 = DIRECTION('',(-0.927199996206,0.370752983006,5.331409408304E-02)
  );
#5065 = CARTESIAN_POINT('',(-80.84648087359,111.0985500184,181.5));
#5066 = CARTESIAN_POINT('',(-81.22691498329,111.25067154729,181.521875)
  );
#5067 = TRIMMED_CURVE('',#5068,(#5072,PARAMETER_VALUE(0.)),(#5073,
    PARAMETER_VALUE(0.410552203142)),.T.,.PARAMETER.);
#5068 = LINE('',#5069,#5070);
#5069 = CARTESIAN_POINT('',(-81.22691498329,111.25067154729,181.521875)
  );
#5070 = VECTOR('',#5071,1.);
#5071 = DIRECTION('',(-0.936043000269,0.347828321376,5.328189651061E-02)
  );
#5072 = CARTESIAN_POINT('',(-81.22691498329,111.25067154729,181.521875)
  );
#5073 = CARTESIAN_POINT('',(-81.61120949929,111.39347323095,181.54375));
#5074 = TRIMMED_CURVE('',#5075,(#5079,PARAMETER_VALUE(0.)),(#5080,
    PARAMETER_VALUE(0.411047637765)),.T.,.PARAMETER.);
#5075 = LINE('',#5076,#5077);
#5076 = CARTESIAN_POINT('',(-81.61120949929,111.39347323095,181.54375));
#5077 = VECTOR('',#5078,1.);
#5078 = DIRECTION('',(-0.944306417624,0.324735690366,5.321767598268E-02)
  );
#5079 = CARTESIAN_POINT('',(-81.61120949929,111.39347323095,181.54375));
#5080 = CARTESIAN_POINT('',(-81.99936442158,111.52695506937,181.565625)
  );
#5081 = TRIMMED_CURVE('',#5082,(#5086,PARAMETER_VALUE(0.)),(#5087,
    PARAMETER_VALUE(0.41178967207)),.T.,.PARAMETER.);
#5082 = LINE('',#5083,#5084);
#5083 = CARTESIAN_POINT('',(-81.99936442158,111.52695506937,181.565625)
  );
#5084 = VECTOR('',#5085,1.);
#5085 = DIRECTION('',(-0.951979505981,0.301517987485,5.312177911121E-02)
  );
#5086 = CARTESIAN_POINT('',(-81.99936442158,111.52695506937,181.565625)
  );
#5087 = CARTESIAN_POINT('',(-82.39137975016,111.65111706256,181.5875));
#5088 = TRIMMED_CURVE('',#5089,(#5093,PARAMETER_VALUE(0.)),(#5094,
    PARAMETER_VALUE(1.413438052337)),.T.,.PARAMETER.);
#5089 = LINE('',#5090,#5091);
#5090 = CARTESIAN_POINT('',(-82.39137975016,111.65111706256,181.5875));
#5091 = VECTOR('',#5092,1.);
#5092 = DIRECTION('',(-0.955592211685,0.289875728296,5.306210617155E-02)
  );
#5093 = CARTESIAN_POINT('',(-82.39137975016,111.65111706256,181.5875));
#5094 = CARTESIAN_POINT('',(-83.74205014468,112.06083844738,181.6625));
#5095 = TRIMMED_CURVE('',#5096,(#5100,PARAMETER_VALUE(0.)),(#5101,
    PARAMETER_VALUE(0.41178967207)),.T.,.PARAMETER.);
#5096 = LINE('',#5097,#5098);
#5097 = CARTESIAN_POINT('',(-83.74205014468,112.06083844738,181.6625));
#5098 = VECTOR('',#5099,1.);
#5099 = DIRECTION('',(-0.959056449324,0.278188431811,5.312177911121E-02)
  );
#5100 = CARTESIAN_POINT('',(-83.74205014468,112.06083844738,181.6625));
#5101 = CARTESIAN_POINT('',(-84.13697968544,112.17539357049,181.684375)
  );
#5102 = TRIMMED_CURVE('',#5103,(#5107,PARAMETER_VALUE(0.)),(#5108,
    PARAMETER_VALUE(0.411047637765)),.T.,.PARAMETER.);
#5103 = LINE('',#5104,#5105);
#5104 = CARTESIAN_POINT('',(-84.13697968544,112.17539357049,181.684375)
  );
#5105 = VECTOR('',#5106,1.);
#5106 = DIRECTION('',(-0.965575574123,0.254620677912,5.321767598261E-02)
  );
#5107 = CARTESIAN_POINT('',(-84.13697968544,112.17539357049,181.684375)
  );
#5108 = CARTESIAN_POINT('',(-84.53387724427,112.28005479867,181.70625));
#5109 = TRIMMED_CURVE('',#5110,(#5114,PARAMETER_VALUE(0.)),(#5115,
    PARAMETER_VALUE(0.410552203142)),.T.,.PARAMETER.);
#5110 = LINE('',#5111,#5112);
#5111 = CARTESIAN_POINT('',(-84.53387724427,112.28005479867,181.70625));
#5112 = VECTOR('',#5113,1.);
#5113 = DIRECTION('',(-0.97153437209,0.230828948254,5.328189651068E-02)
  );
#5114 = CARTESIAN_POINT('',(-84.53387724427,112.28005479867,181.70625));
#5115 = CARTESIAN_POINT('',(-84.93274282116,112.37482213193,181.728125)
  );
#5116 = TRIMMED_CURVE('',#5117,(#5121,PARAMETER_VALUE(0.)),(#5122,
    PARAMETER_VALUE(0.410304261495)),.T.,.PARAMETER.);
#5117 = LINE('',#5118,#5119);
#5118 = CARTESIAN_POINT('',(-84.93274282116,112.37482213193,181.728125)
  );
#5119 = VECTOR('',#5120,1.);
#5120 = DIRECTION('',(-0.976917942534,0.206854878908,5.331409408304E-02)
  );
#5121 = CARTESIAN_POINT('',(-84.93274282116,112.37482213193,181.728125)
  );
#5122 = CARTESIAN_POINT('',(-85.33357641611,112.45969557025,181.75));
#5123 = TRIMMED_CURVE('',#5124,(#5128,PARAMETER_VALUE(0.)),(#5129,
    PARAMETER_VALUE(0.410304261495)),.T.,.PARAMETER.);
#5124 = LINE('',#5125,#5126);
#5125 = CARTESIAN_POINT('',(-85.33357641611,112.45969557025,181.75));
#5126 = VECTOR('',#5127,1.);
#5127 = DIRECTION('',(-0.981714427112,0.182741322565,5.331409408304E-02)
  );
#5128 = CARTESIAN_POINT('',(-85.33357641611,112.45969557025,181.75));
#5129 = CARTESIAN_POINT('',(-85.73637802912,112.53467511365,181.771875)
  );
#5130 = TRIMMED_CURVE('',#5131,(#5135,PARAMETER_VALUE(0.)),(#5136,
    PARAMETER_VALUE(0.410552203142)),.T.,.PARAMETER.);
#5131 = LINE('',#5132,#5133);
#5132 = CARTESIAN_POINT('',(-85.73637802912,112.53467511365,181.771875)
  );
#5133 = VECTOR('',#5134,1.);
#5134 = DIRECTION('',(-0.985915135712,0.158531967369,5.328189651061E-02)
  );
#5135 = CARTESIAN_POINT('',(-85.73637802912,112.53467511365,181.771875)
  );
#5136 = CARTESIAN_POINT('',(-86.1411476602,112.59976076212,181.79375));
#5137 = TRIMMED_CURVE('',#5138,(#5142,PARAMETER_VALUE(0.)),(#5143,
    PARAMETER_VALUE(0.411047637765)),.T.,.PARAMETER.);
#5138 = LINE('',#5139,#5140);
#5139 = CARTESIAN_POINT('',(-86.1411476602,112.59976076212,181.79375));
#5140 = VECTOR('',#5141,1.);
#5141 = DIRECTION('',(-0.989514624999,0.134270942036,5.321767598268E-02)
  );
#5142 = CARTESIAN_POINT('',(-86.1411476602,112.59976076212,181.79375));
#5143 = CARTESIAN_POINT('',(-86.54788530934,112.65495251567,181.815625)
  );
#5144 = TRIMMED_CURVE('',#5145,(#5149,PARAMETER_VALUE(0.)),(#5150,
    PARAMETER_VALUE(0.41178967207)),.T.,.PARAMETER.);
#5145 = LINE('',#5146,#5147);
#5146 = CARTESIAN_POINT('',(-86.54788530934,112.65495251567,181.815625)
  );
#5147 = VECTOR('',#5148,1.);
#5148 = DIRECTION('',(-0.992510727983,0.110002415527,5.312177911121E-02)
  );
#5149 = CARTESIAN_POINT('',(-86.54788530934,112.65495251567,181.815625)
  );
#5150 = CARTESIAN_POINT('',(-86.95659097654,112.70025037429,181.8375));
#5151 = TRIMMED_CURVE('',#5152,(#5156,PARAMETER_VALUE(0.)),(#5157,
    PARAMETER_VALUE(1.413438052337)),.T.,.PARAMETER.);
#5152 = LINE('',#5153,#5154);
#5153 = CARTESIAN_POINT('',(-86.95659097654,112.70025037429,181.8375));
#5154 = VECTOR('',#5155,1.);
#5155 = DIRECTION('',(-0.993782724467,9.787905516485E-02,
    5.306210617155E-02));
#5156 = CARTESIAN_POINT('',(-86.95659097654,112.70025037429,181.8375));
#5157 = CARTESIAN_POINT('',(-88.36124129506,112.83859635538,181.9125));
#5158 = TRIMMED_CURVE('',#5159,(#5163,PARAMETER_VALUE(0.)),(#5164,
    PARAMETER_VALUE(0.41178967207)),.T.,.PARAMETER.);
#5159 = LINE('',#5160,#5161);
#5160 = CARTESIAN_POINT('',(-88.36124129506,112.83859635538,181.9125));
#5161 = VECTOR('',#5162,1.);
#5162 = DIRECTION('',(-0.994900319316,8.574048756871E-02,
    5.31217791112E-02));
#5163 = CARTESIAN_POINT('',(-88.36124129506,112.83859635538,181.9125));
#5164 = CARTESIAN_POINT('',(-88.77093097129,112.87390340264,181.934375)
  );
#5165 = TRIMMED_CURVE('',#5166,(#5170,PARAMETER_VALUE(0.)),(#5171,
    PARAMETER_VALUE(0.411047637765)),.T.,.PARAMETER.);
#5166 = LINE('',#5167,#5168);
#5167 = CARTESIAN_POINT('',(-88.77093097129,112.87390340264,181.934375)
  );
#5168 = VECTOR('',#5169,1.);
#5169 = DIRECTION('',(-0.996696340262,6.135376329585E-02,
    5.321767598261E-02));
#5170 = CARTESIAN_POINT('',(-88.77093097129,112.87390340264,181.934375)
  );
#5171 = CARTESIAN_POINT('',(-89.18062064753,112.89912272211,181.95625));
#5172 = TRIMMED_CURVE('',#5173,(#5177,PARAMETER_VALUE(0.)),(#5178,
    PARAMETER_VALUE(0.410552203142)),.T.,.PARAMETER.);
#5173 = LINE('',#5174,#5175);
#5174 = CARTESIAN_POINT('',(-89.18062064753,112.89912272211,181.95625));
#5175 = VECTOR('',#5176,1.);
#5176 = DIRECTION('',(-0.997899105397,3.68566812373E-02,
    5.328189651068E-02));
#5177 = CARTESIAN_POINT('',(-89.18062064753,112.89912272211,181.95625));
#5178 = CARTESIAN_POINT('',(-89.59031032376,112.91425431379,181.978125)
  );
#5179 = TRIMMED_CURVE('',#5180,(#5184,PARAMETER_VALUE(0.)),(#5185,
    PARAMETER_VALUE(0.410304261495)),.T.,.PARAMETER.);
#5180 = LINE('',#5181,#5182);
#5181 = CARTESIAN_POINT('',(-89.59031032376,112.91425431379,181.978125)
  );
#5182 = VECTOR('',#5183,1.);
#5183 = DIRECTION('',(-0.998502123136,1.229298442036E-02,
    5.331409408304E-02));
#5184 = CARTESIAN_POINT('',(-89.59031032376,112.91425431379,181.978125)
  );
#5185 = CARTESIAN_POINT('',(-90.,112.91929817769,182.));
#5186 = TRIMMED_CURVE('',#5187,(#5191,PARAMETER_VALUE(0.)),(#5192,
    PARAMETER_VALUE(0.410304261495)),.T.,.PARAMETER.);
#5187 = LINE('',#5188,#5189);
#5188 = CARTESIAN_POINT('',(-90.,112.91929817769,182.));
#5189 = VECTOR('',#5190,1.);
#5190 = DIRECTION('',(-0.998502123136,-1.229298442032E-02,
    5.331409408304E-02));
#5191 = CARTESIAN_POINT('',(-90.,112.91929817769,182.));
#5192 = CARTESIAN_POINT('',(-90.40968967623,112.91425431379,182.021875)
  );
#5193 = TRIMMED_CURVE('',#5194,(#5198,PARAMETER_VALUE(0.)),(#5199,
    PARAMETER_VALUE(0.410552203142)),.T.,.PARAMETER.);
#5194 = LINE('',#5195,#5196);
#5195 = CARTESIAN_POINT('',(-90.40968967623,112.91425431379,182.021875)
  );
#5196 = VECTOR('',#5197,1.);
#5197 = DIRECTION('',(-0.997899105397,-3.68566812373E-02,
    5.328189651061E-02));
#5198 = CARTESIAN_POINT('',(-90.40968967623,112.91425431379,182.021875)
  );
#5199 = CARTESIAN_POINT('',(-90.81937935246,112.89912272211,182.04375));
#5200 = TRIMMED_CURVE('',#5201,(#5205,PARAMETER_VALUE(0.)),(#5206,
    PARAMETER_VALUE(0.411047637765)),.T.,.PARAMETER.);
#5201 = LINE('',#5202,#5203);
#5202 = CARTESIAN_POINT('',(-90.81937935246,112.89912272211,182.04375));
#5203 = VECTOR('',#5204,1.);
#5204 = DIRECTION('',(-0.996696340262,-6.135376329588E-02,
    5.321767598268E-02));
#5205 = CARTESIAN_POINT('',(-90.81937935246,112.89912272211,182.04375));
#5206 = CARTESIAN_POINT('',(-91.2290690287,112.87390340264,182.065625));
#5207 = TRIMMED_CURVE('',#5208,(#5212,PARAMETER_VALUE(0.)),(#5213,
    PARAMETER_VALUE(0.41178967207)),.T.,.PARAMETER.);
#5208 = LINE('',#5209,#5210);
#5209 = CARTESIAN_POINT('',(-91.2290690287,112.87390340264,182.065625));
#5210 = VECTOR('',#5211,1.);
#5211 = DIRECTION('',(-0.994900319316,-8.574048756871E-02,
    5.312177911121E-02));
#5212 = CARTESIAN_POINT('',(-91.2290690287,112.87390340264,182.065625));
#5213 = CARTESIAN_POINT('',(-91.63875870493,112.83859635538,182.0875));
#5214 = TRIMMED_CURVE('',#5215,(#5219,PARAMETER_VALUE(0.)),(#5220,
    PARAMETER_VALUE(1.413438052337)),.T.,.PARAMETER.);
#5215 = LINE('',#5216,#5217);
#5216 = CARTESIAN_POINT('',(-91.63875870493,112.83859635538,182.0875));
#5217 = VECTOR('',#5218,1.);
#5218 = DIRECTION('',(-0.993782724467,-9.787905516484E-02,
    5.306210617155E-02));
#5219 = CARTESIAN_POINT('',(-91.63875870493,112.83859635538,182.0875));
#5220 = CARTESIAN_POINT('',(-93.04340902345,112.70025037429,182.1625));
#5221 = TRIMMED_CURVE('',#5222,(#5226,PARAMETER_VALUE(0.)),(#5227,
    PARAMETER_VALUE(0.41178967207)),.T.,.PARAMETER.);
#5222 = LINE('',#5223,#5224);
#5223 = CARTESIAN_POINT('',(-93.04340902345,112.70025037429,182.1625));
#5224 = VECTOR('',#5225,1.);
#5225 = DIRECTION('',(-0.992510727983,-0.110002415527,5.31217791112E-02)
  );
#5226 = CARTESIAN_POINT('',(-93.04340902345,112.70025037429,182.1625));
#5227 = CARTESIAN_POINT('',(-93.45211469065,112.65495251567,182.184375)
  );
#5228 = TRIMMED_CURVE('',#5229,(#5233,PARAMETER_VALUE(0.)),(#5234,
    PARAMETER_VALUE(0.411047637765)),.T.,.PARAMETER.);
#5229 = LINE('',#5230,#5231);
#5230 = CARTESIAN_POINT('',(-93.45211469065,112.65495251567,182.184375)
  );
#5231 = VECTOR('',#5232,1.);
#5232 = DIRECTION('',(-0.989514624999,-0.134270942036,5.321767598261E-02
    ));
#5233 = CARTESIAN_POINT('',(-93.45211469065,112.65495251567,182.184375)
  );
#5234 = CARTESIAN_POINT('',(-93.85885233979,112.59976076212,182.20625));
#5235 = TRIMMED_CURVE('',#5236,(#5240,PARAMETER_VALUE(0.)),(#5241,
    PARAMETER_VALUE(0.410552203142)),.T.,.PARAMETER.);
#5236 = LINE('',#5237,#5238);
#5237 = CARTESIAN_POINT('',(-93.85885233979,112.59976076212,182.20625));
#5238 = VECTOR('',#5239,1.);
#5239 = DIRECTION('',(-0.985915135712,-0.15853196737,5.328189651068E-02)
  );
#5240 = CARTESIAN_POINT('',(-93.85885233979,112.59976076212,182.20625));
#5241 = CARTESIAN_POINT('',(-94.26362197087,112.53467511365,182.228125)
  );
#5242 = TRIMMED_CURVE('',#5243,(#5247,PARAMETER_VALUE(0.)),(#5248,
    PARAMETER_VALUE(0.410304261495)),.T.,.PARAMETER.);
#5243 = LINE('',#5244,#5245);
#5244 = CARTESIAN_POINT('',(-94.26362197087,112.53467511365,182.228125)
  );
#5245 = VECTOR('',#5246,1.);
#5246 = DIRECTION('',(-0.981714427112,-0.182741322565,5.331409408304E-02
    ));
#5247 = CARTESIAN_POINT('',(-94.26362197087,112.53467511365,182.228125)
  );
#5248 = CARTESIAN_POINT('',(-94.66642358388,112.45969557025,182.25));
#5249 = TRIMMED_CURVE('',#5250,(#5254,PARAMETER_VALUE(0.)),(#5255,
    PARAMETER_VALUE(0.410304261495)),.T.,.PARAMETER.);
#5250 = LINE('',#5251,#5252);
#5251 = CARTESIAN_POINT('',(-94.66642358388,112.45969557025,182.25));
#5252 = VECTOR('',#5253,1.);
#5253 = DIRECTION('',(-0.976917942534,-0.206854878908,5.331409408304E-02
    ));
#5254 = CARTESIAN_POINT('',(-94.66642358388,112.45969557025,182.25));
#5255 = CARTESIAN_POINT('',(-95.06725717883,112.37482213193,182.271875)
  );
#5256 = TRIMMED_CURVE('',#5257,(#5261,PARAMETER_VALUE(0.)),(#5262,
    PARAMETER_VALUE(0.410552203142)),.T.,.PARAMETER.);
#5257 = LINE('',#5258,#5259);
#5258 = CARTESIAN_POINT('',(-95.06725717883,112.37482213193,182.271875)
  );
#5259 = VECTOR('',#5260,1.);
#5260 = DIRECTION('',(-0.97153437209,-0.230828948254,5.328189651061E-02)
  );
#5261 = CARTESIAN_POINT('',(-95.06725717883,112.37482213193,182.271875)
  );
#5262 = CARTESIAN_POINT('',(-95.46612275572,112.28005479867,182.29375));
#5263 = TRIMMED_CURVE('',#5264,(#5268,PARAMETER_VALUE(0.)),(#5269,
    PARAMETER_VALUE(0.411047637765)),.T.,.PARAMETER.);
#5264 = LINE('',#5265,#5266);
#5265 = CARTESIAN_POINT('',(-95.46612275572,112.28005479867,182.29375));
#5266 = VECTOR('',#5267,1.);
#5267 = DIRECTION('',(-0.965575574123,-0.254620677912,5.321767598268E-02
    ));
#5268 = CARTESIAN_POINT('',(-95.46612275572,112.28005479867,182.29375));
#5269 = CARTESIAN_POINT('',(-95.86302031455,112.17539357049,182.315625)
  );
#5270 = TRIMMED_CURVE('',#5271,(#5275,PARAMETER_VALUE(0.)),(#5276,
    PARAMETER_VALUE(0.41178967207)),.T.,.PARAMETER.);
#5271 = LINE('',#5272,#5273);
#5272 = CARTESIAN_POINT('',(-95.86302031455,112.17539357049,182.315625)
  );
#5273 = VECTOR('',#5274,1.);
#5274 = DIRECTION('',(-0.959056449324,-0.278188431811,5.312177911121E-02
    ));
#5275 = CARTESIAN_POINT('',(-95.86302031455,112.17539357049,182.315625)
  );
#5276 = CARTESIAN_POINT('',(-96.25794985531,112.06083844738,182.3375));
#5277 = TRIMMED_CURVE('',#5278,(#5282,PARAMETER_VALUE(0.)),(#5283,
    PARAMETER_VALUE(1.413438052337)),.T.,.PARAMETER.);
#5278 = LINE('',#5279,#5280);
#5279 = CARTESIAN_POINT('',(-96.25794985531,112.06083844738,182.3375));
#5280 = VECTOR('',#5281,1.);
#5281 = DIRECTION('',(-0.955592211685,-0.289875728296,5.306210617155E-02
    ));
#5282 = CARTESIAN_POINT('',(-96.25794985531,112.06083844738,182.3375));
#5283 = CARTESIAN_POINT('',(-97.60862024983,111.65111706256,182.4125));
#5284 = TRIMMED_CURVE('',#5285,(#5289,PARAMETER_VALUE(0.)),(#5290,
    PARAMETER_VALUE(0.41178967207)),.T.,.PARAMETER.);
#5285 = LINE('',#5286,#5287);
#5286 = CARTESIAN_POINT('',(-97.60862024983,111.65111706256,182.4125));
#5287 = VECTOR('',#5288,1.);
#5288 = DIRECTION('',(-0.951979505981,-0.301517987485,5.312177911121E-02
    ));
#5289 = CARTESIAN_POINT('',(-97.60862024983,111.65111706256,182.4125));
#5290 = CARTESIAN_POINT('',(-98.00063557841,111.52695506937,182.434375)
  );
#5291 = TRIMMED_CURVE('',#5292,(#5296,PARAMETER_VALUE(0.)),(#5297,
    PARAMETER_VALUE(0.411047637765)),.T.,.PARAMETER.);
#5292 = LINE('',#5293,#5294);
#5293 = CARTESIAN_POINT('',(-98.00063557841,111.52695506937,182.434375)
  );
#5294 = VECTOR('',#5295,1.);
#5295 = DIRECTION('',(-0.944306417624,-0.324735690366,5.321767598261E-02
    ));
#5296 = CARTESIAN_POINT('',(-98.00063557841,111.52695506937,182.434375)
  );
#5297 = CARTESIAN_POINT('',(-98.3887905007,111.39347323095,182.45625));
#5298 = TRIMMED_CURVE('',#5299,(#5303,PARAMETER_VALUE(0.)),(#5304,
    PARAMETER_VALUE(0.410552203142)),.T.,.PARAMETER.);
#5299 = LINE('',#5300,#5301);
#5300 = CARTESIAN_POINT('',(-98.3887905007,111.39347323095,182.45625));
#5301 = VECTOR('',#5302,1.);
#5302 = DIRECTION('',(-0.936043000269,-0.347828321376,5.328189651067E-02
    ));
#5303 = CARTESIAN_POINT('',(-98.3887905007,111.39347323095,182.45625));
#5304 = CARTESIAN_POINT('',(-98.7730850167,111.25067154729,182.478125));
#5305 = TRIMMED_CURVE('',#5306,(#5310,PARAMETER_VALUE(0.)),(#5311,
    PARAMETER_VALUE(0.410304261495)),.T.,.PARAMETER.);
#5306 = LINE('',#5307,#5308);
#5307 = CARTESIAN_POINT('',(-98.7730850167,111.25067154729,182.478125));
#5308 = VECTOR('',#5309,1.);
#5309 = DIRECTION('',(-0.927199996206,-0.370752983006,5.331409408304E-02
    ));
#5310 = CARTESIAN_POINT('',(-98.7730850167,111.25067154729,182.478125));
#5311 = CARTESIAN_POINT('',(-99.1535191264,111.0985500184,182.5));
#5312 = TRIMMED_CURVE('',#5313,(#5317,PARAMETER_VALUE(0.)),(#5318,
    PARAMETER_VALUE(0.410304261495)),.T.,.PARAMETER.);
#5313 = LINE('',#5314,#5315);
#5314 = CARTESIAN_POINT('',(-99.1535191264,111.0985500184,182.5));
#5315 = VECTOR('',#5316,1.);
#5316 = DIRECTION('',(-0.917791353262,-0.393467456405,5.331409408304E-02
    ));
#5317 = CARTESIAN_POINT('',(-99.1535191264,111.0985500184,182.5));
#5318 = CARTESIAN_POINT('',(-99.53009282981,110.93710864428,182.521875)
  );
#5319 = TRIMMED_CURVE('',#5320,(#5324,PARAMETER_VALUE(0.)),(#5325,
    PARAMETER_VALUE(0.410552203142)),.T.,.PARAMETER.);
#5320 = LINE('',#5321,#5322);
#5321 = CARTESIAN_POINT('',(-99.53009282981,110.93710864428,182.521875)
  );
#5322 = VECTOR('',#5323,1.);
#5323 = DIRECTION('',(-0.907834117706,-0.415930588239,5.328189651061E-02
    ));
#5324 = CARTESIAN_POINT('',(-99.53009282981,110.93710864428,182.521875)
  );
#5325 = CARTESIAN_POINT('',(-99.90280612692,110.76634742492,182.54375));
#5326 = TRIMMED_CURVE('',#5327,(#5331,PARAMETER_VALUE(0.)),(#5332,
    PARAMETER_VALUE(0.411047637765)),.T.,.PARAMETER.);
#5327 = LINE('',#5328,#5329);
#5328 = CARTESIAN_POINT('',(-99.90280612692,110.76634742492,182.54375));
#5329 = VECTOR('',#5330,1.);
#5330 = DIRECTION('',(-0.897348280171,-0.438102662669,5.321767598268E-02
    ));
#5331 = CARTESIAN_POINT('',(-99.90280612692,110.76634742492,182.54375));
#5332 = CARTESIAN_POINT('',(-100.2716590177,110.58626636033,182.565625)
  );
#5333 = TRIMMED_CURVE('',#5334,(#5338,PARAMETER_VALUE(0.)),(#5339,
    PARAMETER_VALUE(0.41178967207)),.T.,.PARAMETER.);
#5334 = LINE('',#5335,#5336);
#5335 = CARTESIAN_POINT('',(-100.2716590177,110.58626636033,182.565625)
  );
#5336 = VECTOR('',#5337,1.);
#5337 = DIRECTION('',(-0.88635657783,-0.459945750629,5.312177911121E-02)
  );
#5338 = CARTESIAN_POINT('',(-100.2716590177,110.58626636033,182.565625)
  );
#5339 = CARTESIAN_POINT('',(-100.6366515022,110.39686545051,182.5875));
#5340 = TRIMMED_CURVE('',#5341,(#5345,PARAMETER_VALUE(0.)),(#5346,
    PARAMETER_VALUE(1.413438052337)),.T.,.PARAMETER.);
#5341 = LINE('',#5342,#5343);
#5342 = CARTESIAN_POINT('',(-100.6366515022,110.39686545051,182.5875));
#5343 = VECTOR('',#5344,1.);
#5344 = DIRECTION('',(-0.880678826111,-0.470732639752,5.306210617155E-02
    ));
#5345 = CARTESIAN_POINT('',(-100.6366515022,110.39686545051,182.5875));
#5346 = CARTESIAN_POINT('',(-101.8814364669,109.73151402501,182.6625));
#5347 = TRIMMED_CURVE('',#5348,(#5352,PARAMETER_VALUE(0.)),(#5353,
    PARAMETER_VALUE(0.41178967207)),.T.,.PARAMETER.);
#5348 = LINE('',#5349,#5350);
#5349 = CARTESIAN_POINT('',(-101.8814364669,109.73151402501,182.6625));
#5350 = VECTOR('',#5351,1.);
#5351 = DIRECTION('',(-0.874864245439,-0.481446392276,5.312177911121E-02
    ));
#5352 = CARTESIAN_POINT('',(-101.8814364669,109.73151402501,182.6625));
#5353 = CARTESIAN_POINT('',(-102.2416965277,109.53325937302,182.684375)
  );
#5354 = TRIMMED_CURVE('',#5355,(#5359,PARAMETER_VALUE(0.)),(#5360,
    PARAMETER_VALUE(0.411047637765)),.T.,.PARAMETER.);
#5355 = LINE('',#5356,#5357);
#5356 = CARTESIAN_POINT('',(-102.2416965277,109.53325937302,182.684375)
  );
#5357 = VECTOR('',#5358,1.);
#5358 = DIRECTION('',(-0.862809044192,-0.502721028228,5.321767598261E-02
    ));
#5359 = CARTESIAN_POINT('',(-102.2416965277,109.53325937302,182.684375)
  );
#5360 = CARTESIAN_POINT('',(-102.5963521471,109.32661708191,182.70625));
#5361 = TRIMMED_CURVE('',#5362,(#5366,PARAMETER_VALUE(0.)),(#5367,
    PARAMETER_VALUE(0.410552203142)),.T.,.PARAMETER.);
#5362 = LINE('',#5363,#5364);
#5363 = CARTESIAN_POINT('',(-102.5963521471,109.32661708191,182.70625));
#5364 = VECTOR('',#5365,1.);
#5365 = DIRECTION('',(-0.850199257265,-0.523757828056,5.328189651068E-02
    ));
#5366 = CARTESIAN_POINT('',(-102.5963521471,109.32661708191,182.70625));
#5367 = CARTESIAN_POINT('',(-102.9454033253,109.11158715169,182.728125)
  );
#5368 = TRIMMED_CURVE('',#5369,(#5373,PARAMETER_VALUE(0.)),(#5374,
    PARAMETER_VALUE(0.410304261495)),.T.,.PARAMETER.);
#5369 = LINE('',#5370,#5371);
#5370 = CARTESIAN_POINT('',(-102.9454033253,109.11158715169,182.728125)
  );
#5371 = VECTOR('',#5372,1.);
#5372 = DIRECTION('',(-0.837053789426,-0.544516814231,5.331409408304E-02
    ));
#5373 = CARTESIAN_POINT('',(-102.9454033253,109.11158715169,182.728125)
  );
#5374 = CARTESIAN_POINT('',(-103.2888500622,108.88816958235,182.75));
#5375 = TRIMMED_CURVE('',#5376,(#5380,PARAMETER_VALUE(0.)),(#5381,
    PARAMETER_VALUE(0.410304261495)),.T.,.PARAMETER.);
#5376 = LINE('',#5377,#5378);
#5377 = CARTESIAN_POINT('',(-103.2888500622,108.88816958235,182.75));
#5378 = VECTOR('',#5379,1.);
#5379 = DIRECTION('',(-0.823394556988,-0.564959300211,5.331409408304E-02
    ));
#5380 = CARTESIAN_POINT('',(-103.2888500622,108.88816958235,182.75));
#5381 = CARTESIAN_POINT('',(-103.6266923578,108.6563643739,182.771875));
#5382 = TRIMMED_CURVE('',#5383,(#5387,PARAMETER_VALUE(0.)),(#5388,
    PARAMETER_VALUE(0.410552203142)),.T.,.PARAMETER.);
#5383 = LINE('',#5384,#5385);
#5384 = CARTESIAN_POINT('',(-103.6266923578,108.6563643739,182.771875));
#5385 = VECTOR('',#5386,1.);
#5386 = DIRECTION('',(-0.809246307298,-0.585048248975,5.328189651061E-02
    ));
#5387 = CARTESIAN_POINT('',(-103.6266923578,108.6563643739,182.771875));
#5388 = CARTESIAN_POINT('',(-103.9589302122,108.41617152634,182.79375));
#5389 = TRIMMED_CURVE('',#5390,(#5394,PARAMETER_VALUE(0.)),(#5395,
    PARAMETER_VALUE(0.411047637765)),.T.,.PARAMETER.);
#5390 = LINE('',#5391,#5392);
#5391 = CARTESIAN_POINT('',(-103.9589302122,108.41617152634,182.79375));
#5392 = VECTOR('',#5393,1.);
#5393 = DIRECTION('',(-0.79463639505,-0.60474860779,5.321767598268E-02)
  );
#5394 = CARTESIAN_POINT('',(-103.9589302122,108.41617152634,182.79375));
#5395 = CARTESIAN_POINT('',(-104.2855636252,108.16759103967,182.815625)
  );
#5396 = TRIMMED_CURVE('',#5397,(#5401,PARAMETER_VALUE(0.)),(#5402,
    PARAMETER_VALUE(0.41178967207)),.T.,.PARAMETER.);
#5397 = LINE('',#5398,#5399);
#5398 = CARTESIAN_POINT('',(-104.2855636252,108.16759103967,182.815625)
  );
#5399 = VECTOR('',#5400,1.);
#5400 = DIRECTION('',(-0.779594520124,-0.624027612191,5.312177911121E-02
    ));
#5401 = CARTESIAN_POINT('',(-104.2855636252,108.16759103967,182.815625)
  );
#5402 = CARTESIAN_POINT('',(-104.606592597,107.91062291388,182.8375));
#5403 = TRIMMED_CURVE('',#5404,(#5408,PARAMETER_VALUE(0.)),(#5409,
    PARAMETER_VALUE(1.413438052337)),.T.,.PARAMETER.);
#5404 = LINE('',#5405,#5406);
#5405 = CARTESIAN_POINT('',(-104.606592597,107.91062291388,182.8375));
#5406 = VECTOR('',#5407,1.);
#5407 = DIRECTION('',(-0.77192144714,-0.633499559853,5.306210617155E-02)
  );
#5408 = CARTESIAN_POINT('',(-104.606592597,107.91062291388,182.8375));
#5409 = CARTESIAN_POINT('',(-105.6976557438,107.01521052985,182.9125));
#5410 = TRIMMED_CURVE('',#5411,(#5415,PARAMETER_VALUE(0.)),(#5416,
    PARAMETER_VALUE(0.41178967207)),.T.,.PARAMETER.);
#5411 = LINE('',#5412,#5413);
#5412 = CARTESIAN_POINT('',(-105.6976557438,107.01521052985,182.9125));
#5413 = VECTOR('',#5414,1.);
#5414 = DIRECTION('',(-0.764128442575,-0.642873082211,5.312177911121E-02
    ));
#5415 = CARTESIAN_POINT('',(-105.6976557438,107.01521052985,182.9125));
#5416 = CARTESIAN_POINT('',(-106.0123159446,106.75048203414,182.934375)
  );
#5417 = TRIMMED_CURVE('',#5418,(#5422,PARAMETER_VALUE(0.)),(#5423,
    PARAMETER_VALUE(0.411047637765)),.T.,.PARAMETER.);
#5418 = LINE('',#5419,#5420);
#5419 = CARTESIAN_POINT('',(-106.0123159446,106.75048203414,182.934375)
  );
#5420 = VECTOR('',#5421,1.);
#5421 = DIRECTION('',(-0.748154403061,-0.661387078906,5.321767598261E-02
    ));
#5422 = CARTESIAN_POINT('',(-106.0123159446,106.75048203414,182.934375)
  );
#5423 = CARTESIAN_POINT('',(-106.3198430447,106.47862043771,182.95625));
#5424 = TRIMMED_CURVE('',#5425,(#5429,PARAMETER_VALUE(0.)),(#5430,
    PARAMETER_VALUE(0.410552203142)),.T.,.PARAMETER.);
#5425 = LINE('',#5426,#5427);
#5426 = CARTESIAN_POINT('',(-106.3198430447,106.47862043771,182.95625));
#5427 = VECTOR('',#5428,1.);
#5428 = DIRECTION('',(-0.731682833601,-0.679559615131,5.328189651068E-02
    ));
#5429 = CARTESIAN_POINT('',(-106.3198430447,106.47862043771,182.95625));
#5430 = CARTESIAN_POINT('',(-106.620237044,106.19962574055,182.978125));
#5431 = TRIMMED_CURVE('',#5432,(#5436,PARAMETER_VALUE(0.)),(#5437,
    PARAMETER_VALUE(0.410304261495)),.T.,.PARAMETER.);
#5432 = LINE('',#5433,#5434);
#5433 = CARTESIAN_POINT('',(-106.620237044,106.19962574055,182.978125));
#5434 = VECTOR('',#5435,1.);
#5435 = DIRECTION('',(-0.714740074943,-0.697355169654,5.331409408304E-02
    ));
#5436 = CARTESIAN_POINT('',(-106.620237044,106.19962574055,182.978125));
#5437 = CARTESIAN_POINT('',(-106.9134979426,105.91349794267,183.));
#5438 = TRIMMED_CURVE('',#5439,(#5443,PARAMETER_VALUE(0.)),(#5444,
    PARAMETER_VALUE(0.410304261495)),.T.,.PARAMETER.);
#5439 = LINE('',#5440,#5441);
#5440 = CARTESIAN_POINT('',(-106.9134979426,105.91349794267,183.));
#5441 = VECTOR('',#5442,1.);
#5442 = DIRECTION('',(-0.697355169654,-0.714740074943,5.331409408304E-02
    ));
#5443 = CARTESIAN_POINT('',(-106.9134979426,105.91349794267,183.));
#5444 = CARTESIAN_POINT('',(-107.1996257405,105.62023704406,183.021875)
  );
#5445 = TRIMMED_CURVE('',#5446,(#5450,PARAMETER_VALUE(0.)),(#5451,
    PARAMETER_VALUE(0.410552203142)),.T.,.PARAMETER.);
#5446 = LINE('',#5447,#5448);
#5447 = CARTESIAN_POINT('',(-107.1996257405,105.62023704406,183.021875)
  );
#5448 = VECTOR('',#5449,1.);
#5449 = DIRECTION('',(-0.679559615131,-0.731682833601,5.328189651061E-02
    ));
#5450 = CARTESIAN_POINT('',(-107.1996257405,105.62023704406,183.021875)
  );
#5451 = CARTESIAN_POINT('',(-107.4786204377,105.31984304472,183.04375));
#5452 = TRIMMED_CURVE('',#5453,(#5457,PARAMETER_VALUE(0.)),(#5458,
    PARAMETER_VALUE(0.411047637765)),.T.,.PARAMETER.);
#5453 = LINE('',#5454,#5455);
#5454 = CARTESIAN_POINT('',(-107.4786204377,105.31984304472,183.04375));
#5455 = VECTOR('',#5456,1.);
#5456 = DIRECTION('',(-0.661387078906,-0.748154403061,5.321767598268E-02
    ));
#5457 = CARTESIAN_POINT('',(-107.4786204377,105.31984304472,183.04375));
#5458 = CARTESIAN_POINT('',(-107.7504820341,105.01231594466,183.065625)
  );
#5459 = TRIMMED_CURVE('',#5460,(#5464,PARAMETER_VALUE(0.)),(#5465,
    PARAMETER_VALUE(0.41178967207)),.T.,.PARAMETER.);
#5460 = LINE('',#5461,#5462);
#5461 = CARTESIAN_POINT('',(-107.7504820341,105.01231594466,183.065625)
  );
#5462 = VECTOR('',#5463,1.);
#5463 = DIRECTION('',(-0.642873082211,-0.764128442575,5.312177911121E-02
    ));
#5464 = CARTESIAN_POINT('',(-107.7504820341,105.01231594466,183.065625)
  );
#5465 = CARTESIAN_POINT('',(-108.0152105298,104.69765574387,183.0875));
#5466 = TRIMMED_CURVE('',#5467,(#5471,PARAMETER_VALUE(0.)),(#5472,
    PARAMETER_VALUE(1.413438052337)),.T.,.PARAMETER.);
#5467 = LINE('',#5468,#5469);
#5468 = CARTESIAN_POINT('',(-108.0152105298,104.69765574387,183.0875));
#5469 = VECTOR('',#5470,1.);
#5470 = DIRECTION('',(-0.633499559853,-0.77192144714,5.306210617155E-02)
  );
#5471 = CARTESIAN_POINT('',(-108.0152105298,104.69765574387,183.0875));
#5472 = CARTESIAN_POINT('',(-108.9106229138,103.60659259707,183.1625));
#5473 = TRIMMED_CURVE('',#5474,(#5478,PARAMETER_VALUE(0.)),(#5479,
    PARAMETER_VALUE(0.41178967207)),.T.,.PARAMETER.);
#5474 = LINE('',#5475,#5476);
#5475 = CARTESIAN_POINT('',(-108.9106229138,103.60659259707,183.1625));
#5476 = VECTOR('',#5477,1.);
#5477 = DIRECTION('',(-0.624027612191,-0.779594520124,5.31217791112E-02)
  );
#5478 = CARTESIAN_POINT('',(-108.9106229138,103.60659259707,183.1625));
#5479 = CARTESIAN_POINT('',(-109.1675910396,103.28556362528,183.184375)
  );
#5480 = TRIMMED_CURVE('',#5481,(#5485,PARAMETER_VALUE(0.)),(#5486,
    PARAMETER_VALUE(0.411047637765)),.T.,.PARAMETER.);
#5481 = LINE('',#5482,#5483);
#5482 = CARTESIAN_POINT('',(-109.1675910396,103.28556362528,183.184375)
  );
#5483 = VECTOR('',#5484,1.);
#5484 = DIRECTION('',(-0.60474860779,-0.79463639505,5.321767598261E-02)
  );
#5485 = CARTESIAN_POINT('',(-109.1675910396,103.28556362528,183.184375)
  );
#5486 = CARTESIAN_POINT('',(-109.4161715263,102.95893021221,183.20625));
#5487 = TRIMMED_CURVE('',#5488,(#5492,PARAMETER_VALUE(0.)),(#5493,
    PARAMETER_VALUE(0.410552203142)),.T.,.PARAMETER.);
#5488 = LINE('',#5489,#5490);
#5489 = CARTESIAN_POINT('',(-109.4161715263,102.95893021221,183.20625));
#5490 = VECTOR('',#5491,1.);
#5491 = DIRECTION('',(-0.585048248975,-0.809246307298,5.328189651068E-02
    ));
#5492 = CARTESIAN_POINT('',(-109.4161715263,102.95893021221,183.20625));
#5493 = CARTESIAN_POINT('',(-109.6563643739,102.62669235787,183.228125)
  );
#5494 = TRIMMED_CURVE('',#5495,(#5499,PARAMETER_VALUE(0.)),(#5500,
    PARAMETER_VALUE(0.410304261495)),.T.,.PARAMETER.);
#5495 = LINE('',#5496,#5497);
#5496 = CARTESIAN_POINT('',(-109.6563643739,102.62669235787,183.228125)
  );
#5497 = VECTOR('',#5498,1.);
#5498 = DIRECTION('',(-0.564959300211,-0.823394556988,5.331409408304E-02
    ));
#5499 = CARTESIAN_POINT('',(-109.6563643739,102.62669235787,183.228125)
  );
#5500 = CARTESIAN_POINT('',(-109.8881695823,102.28885006224,183.25));
#5501 = TRIMMED_CURVE('',#5502,(#5506,PARAMETER_VALUE(0.)),(#5507,
    PARAMETER_VALUE(0.410304261495)),.T.,.PARAMETER.);
#5502 = LINE('',#5503,#5504);
#5503 = CARTESIAN_POINT('',(-109.8881695823,102.28885006224,183.25));
#5504 = VECTOR('',#5505,1.);
#5505 = DIRECTION('',(-0.544516814231,-0.837053789426,5.331409408304E-02
    ));
#5506 = CARTESIAN_POINT('',(-109.8881695823,102.28885006224,183.25));
#5507 = CARTESIAN_POINT('',(-110.1115871516,101.94540332534,183.271875)
  );
#5508 = TRIMMED_CURVE('',#5509,(#5513,PARAMETER_VALUE(0.)),(#5514,
    PARAMETER_VALUE(0.410552203142)),.T.,.PARAMETER.);
#5509 = LINE('',#5510,#5511);
#5510 = CARTESIAN_POINT('',(-110.1115871516,101.94540332534,183.271875)
  );
#5511 = VECTOR('',#5512,1.);
#5512 = DIRECTION('',(-0.523757828056,-0.850199257265,5.328189651061E-02
    ));
#5513 = CARTESIAN_POINT('',(-110.1115871516,101.94540332534,183.271875)
  );
#5514 = CARTESIAN_POINT('',(-110.3266170819,101.59635214716,183.29375));
#5515 = TRIMMED_CURVE('',#5516,(#5520,PARAMETER_VALUE(0.)),(#5521,
    PARAMETER_VALUE(0.411047637765)),.T.,.PARAMETER.);
#5516 = LINE('',#5517,#5518);
#5517 = CARTESIAN_POINT('',(-110.3266170819,101.59635214716,183.29375));
#5518 = VECTOR('',#5519,1.);
#5519 = DIRECTION('',(-0.502721028228,-0.862809044192,5.321767598268E-02
    ));
#5520 = CARTESIAN_POINT('',(-110.3266170819,101.59635214716,183.29375));
#5521 = CARTESIAN_POINT('',(-110.533259373,101.2416965277,183.315625));
#5522 = TRIMMED_CURVE('',#5523,(#5527,PARAMETER_VALUE(0.)),(#5528,
    PARAMETER_VALUE(0.41178967207)),.T.,.PARAMETER.);
#5523 = LINE('',#5524,#5525);
#5524 = CARTESIAN_POINT('',(-110.533259373,101.2416965277,183.315625));
#5525 = VECTOR('',#5526,1.);
#5526 = DIRECTION('',(-0.481446392276,-0.874864245439,5.312177911121E-02
    ));
#5527 = CARTESIAN_POINT('',(-110.533259373,101.2416965277,183.315625));
#5528 = CARTESIAN_POINT('',(-110.731514025,100.88143646697,183.3375));
#5529 = TRIMMED_CURVE('',#5530,(#5534,PARAMETER_VALUE(0.)),(#5535,
    PARAMETER_VALUE(1.413438052337)),.T.,.PARAMETER.);
#5530 = LINE('',#5531,#5532);
#5531 = CARTESIAN_POINT('',(-110.731514025,100.88143646697,183.3375));
#5532 = VECTOR('',#5533,1.);
#5533 = DIRECTION('',(-0.470732639752,-0.880678826111,5.306210617155E-02
    ));
#5534 = CARTESIAN_POINT('',(-110.731514025,100.88143646697,183.3375));
#5535 = CARTESIAN_POINT('',(-111.3968654505,99.63665150226,183.4125));
#5536 = TRIMMED_CURVE('',#5537,(#5541,PARAMETER_VALUE(0.)),(#5542,
    PARAMETER_VALUE(0.41178967207)),.T.,.PARAMETER.);
#5537 = LINE('',#5538,#5539);
#5538 = CARTESIAN_POINT('',(-111.3968654505,99.63665150226,183.4125));
#5539 = VECTOR('',#5540,1.);
#5540 = DIRECTION('',(-0.459945750629,-0.88635657783,5.312177911121E-02)
  );
#5541 = CARTESIAN_POINT('',(-111.3968654505,99.63665150226,183.4125));
#5542 = CARTESIAN_POINT('',(-111.5862663603,99.271659017738,183.434375)
  );
#5543 = TRIMMED_CURVE('',#5544,(#5548,PARAMETER_VALUE(0.)),(#5549,
    PARAMETER_VALUE(0.411047637765)),.T.,.PARAMETER.);
#5544 = LINE('',#5545,#5546);
#5545 = CARTESIAN_POINT('',(-111.5862663603,99.271659017738,183.434375)
  );
#5546 = VECTOR('',#5547,1.);
#5547 = DIRECTION('',(-0.438102662669,-0.897348280171,5.321767598261E-02
    ));
#5548 = CARTESIAN_POINT('',(-111.5862663603,99.271659017738,183.434375)
  );
#5549 = CARTESIAN_POINT('',(-111.7663474249,98.902806126922,183.45625));
#5550 = TRIMMED_CURVE('',#5551,(#5555,PARAMETER_VALUE(0.)),(#5556,
    PARAMETER_VALUE(0.410552203142)),.T.,.PARAMETER.);
#5551 = LINE('',#5552,#5553);
#5552 = CARTESIAN_POINT('',(-111.7663474249,98.902806126922,183.45625));
#5553 = VECTOR('',#5554,1.);
#5554 = DIRECTION('',(-0.415930588239,-0.907834117706,5.328189651068E-02
    ));
#5555 = CARTESIAN_POINT('',(-111.7663474249,98.902806126922,183.45625));
#5556 = CARTESIAN_POINT('',(-111.9371086442,98.53009282981,183.478125));
#5557 = TRIMMED_CURVE('',#5558,(#5562,PARAMETER_VALUE(0.)),(#5563,
    PARAMETER_VALUE(0.410304261495)),.T.,.PARAMETER.);
#5558 = LINE('',#5559,#5560);
#5559 = CARTESIAN_POINT('',(-111.9371086442,98.53009282981,183.478125));
#5560 = VECTOR('',#5561,1.);
#5561 = DIRECTION('',(-0.393467456405,-0.917791353262,5.331409408304E-02
    ));
#5562 = CARTESIAN_POINT('',(-111.9371086442,98.53009282981,183.478125));
#5563 = CARTESIAN_POINT('',(-112.0985500184,98.153519126404,183.5));
#5564 = TRIMMED_CURVE('',#5565,(#5569,PARAMETER_VALUE(0.)),(#5570,
    PARAMETER_VALUE(0.410304261495)),.T.,.PARAMETER.);
#5565 = LINE('',#5566,#5567);
#5566 = CARTESIAN_POINT('',(-112.0985500184,98.153519126404,183.5));
#5567 = VECTOR('',#5568,1.);
#5568 = DIRECTION('',(-0.370752983006,-0.927199996206,5.331409408304E-02
    ));
#5569 = CARTESIAN_POINT('',(-112.0985500184,98.153519126404,183.5));
#5570 = CARTESIAN_POINT('',(-112.2506715472,97.773085016703,183.521875)
  );
#5571 = TRIMMED_CURVE('',#5572,(#5576,PARAMETER_VALUE(0.)),(#5577,
    PARAMETER_VALUE(0.410552203142)),.T.,.PARAMETER.);
#5572 = LINE('',#5573,#5574);
#5573 = CARTESIAN_POINT('',(-112.2506715472,97.773085016703,183.521875)
  );
#5574 = VECTOR('',#5575,1.);
#5575 = DIRECTION('',(-0.347828321376,-0.936043000269,5.328189651061E-02
    ));
#5576 = CARTESIAN_POINT('',(-112.2506715472,97.773085016703,183.521875)
  );
#5577 = CARTESIAN_POINT('',(-112.3934732309,97.388790500707,183.54375));
#5578 = TRIMMED_CURVE('',#5579,(#5583,PARAMETER_VALUE(0.)),(#5584,
    PARAMETER_VALUE(0.411047637765)),.T.,.PARAMETER.);
#5579 = LINE('',#5580,#5581);
#5580 = CARTESIAN_POINT('',(-112.3934732309,97.388790500707,183.54375));
#5581 = VECTOR('',#5582,1.);
#5582 = DIRECTION('',(-0.324735690366,-0.944306417624,5.321767598268E-02
    ));
#5583 = CARTESIAN_POINT('',(-112.3934732309,97.388790500707,183.54375));
#5584 = CARTESIAN_POINT('',(-112.5269550693,97.000635578416,183.565625)
  );
#5585 = TRIMMED_CURVE('',#5586,(#5590,PARAMETER_VALUE(0.)),(#5591,
    PARAMETER_VALUE(0.41178967207)),.T.,.PARAMETER.);
#5586 = LINE('',#5587,#5588);
#5587 = CARTESIAN_POINT('',(-112.5269550693,97.000635578416,183.565625)
  );
#5588 = VECTOR('',#5589,1.);
#5589 = DIRECTION('',(-0.301517987485,-0.951979505981,5.31217791112E-02)
  );
#5590 = CARTESIAN_POINT('',(-112.5269550693,97.000635578416,183.565625)
  );
#5591 = CARTESIAN_POINT('',(-112.6511170625,96.608620249831,183.5875));
#5592 = TRIMMED_CURVE('',#5593,(#5597,PARAMETER_VALUE(0.)),(#5598,
    PARAMETER_VALUE(1.413438052337)),.T.,.PARAMETER.);
#5593 = LINE('',#5594,#5595);
#5594 = CARTESIAN_POINT('',(-112.6511170625,96.608620249831,183.5875));
#5595 = VECTOR('',#5596,1.);
#5596 = DIRECTION('',(-0.289875728296,-0.955592211685,5.306210617155E-02
    ));
#5597 = CARTESIAN_POINT('',(-112.6511170625,96.608620249831,183.5875));
#5598 = CARTESIAN_POINT('',(-113.0608384473,95.257949855318,183.6625));
#5599 = TRIMMED_CURVE('',#5600,(#5604,PARAMETER_VALUE(0.)),(#5605,
    PARAMETER_VALUE(0.41178967207)),.T.,.PARAMETER.);
#5600 = LINE('',#5601,#5602);
#5601 = CARTESIAN_POINT('',(-113.0608384473,95.257949855318,183.6625));
#5602 = VECTOR('',#5603,1.);
#5603 = DIRECTION('',(-0.278188431811,-0.959056449324,5.312177911121E-02
    ));
#5604 = CARTESIAN_POINT('',(-113.0608384473,95.257949855318,183.6625));
#5605 = CARTESIAN_POINT('',(-113.1753935704,94.863020314554,183.684375)
  );
#5606 = TRIMMED_CURVE('',#5607,(#5611,PARAMETER_VALUE(0.)),(#5612,
    PARAMETER_VALUE(0.411047637765)),.T.,.PARAMETER.);
#5607 = LINE('',#5608,#5609);
#5608 = CARTESIAN_POINT('',(-113.1753935704,94.863020314554,183.684375)
  );
#5609 = VECTOR('',#5610,1.);
#5610 = DIRECTION('',(-0.254620677912,-0.965575574123,5.321767598261E-02
    ));
#5611 = CARTESIAN_POINT('',(-113.1753935704,94.863020314554,183.684375)
  );
#5612 = CARTESIAN_POINT('',(-113.2800547986,94.466122755727,183.70625));
#5613 = TRIMMED_CURVE('',#5614,(#5618,PARAMETER_VALUE(0.)),(#5619,
    PARAMETER_VALUE(0.410552203142)),.T.,.PARAMETER.);
#5614 = LINE('',#5615,#5616);
#5615 = CARTESIAN_POINT('',(-113.2800547986,94.466122755727,183.70625));
#5616 = VECTOR('',#5617,1.);
#5617 = DIRECTION('',(-0.230828948254,-0.97153437209,5.328189651068E-02)
  );
#5618 = CARTESIAN_POINT('',(-113.2800547986,94.466122755727,183.70625));
#5619 = CARTESIAN_POINT('',(-113.3748221319,94.067257178838,183.728125)
  );
#5620 = TRIMMED_CURVE('',#5621,(#5625,PARAMETER_VALUE(0.)),(#5626,
    PARAMETER_VALUE(0.410304261495)),.T.,.PARAMETER.);
#5621 = LINE('',#5622,#5623);
#5622 = CARTESIAN_POINT('',(-113.3748221319,94.067257178838,183.728125)
  );
#5623 = VECTOR('',#5624,1.);
#5624 = DIRECTION('',(-0.206854878908,-0.976917942534,5.331409408304E-02
    ));
#5625 = CARTESIAN_POINT('',(-113.3748221319,94.067257178838,183.728125)
  );
#5626 = CARTESIAN_POINT('',(-113.4596955702,93.666423583886,183.75));
#5627 = TRIMMED_CURVE('',#5628,(#5632,PARAMETER_VALUE(0.)),(#5633,
    PARAMETER_VALUE(0.410304261495)),.T.,.PARAMETER.);
#5628 = LINE('',#5629,#5630);
#5629 = CARTESIAN_POINT('',(-113.4596955702,93.666423583886,183.75));
#5630 = VECTOR('',#5631,1.);
#5631 = DIRECTION('',(-0.182741322565,-0.981714427112,5.331409408304E-02
    ));
#5632 = CARTESIAN_POINT('',(-113.4596955702,93.666423583886,183.75));
#5633 = CARTESIAN_POINT('',(-113.5346751136,93.263621970871,183.771875)
  );
#5634 = TRIMMED_CURVE('',#5635,(#5639,PARAMETER_VALUE(0.)),(#5640,
    PARAMETER_VALUE(0.410552203142)),.T.,.PARAMETER.);
#5635 = LINE('',#5636,#5637);
#5636 = CARTESIAN_POINT('',(-113.5346751136,93.263621970871,183.771875)
  );
#5637 = VECTOR('',#5638,1.);
#5638 = DIRECTION('',(-0.158531967369,-0.985915135712,5.328189651061E-02
    ));
#5639 = CARTESIAN_POINT('',(-113.5346751136,93.263621970871,183.771875)
  );
#5640 = CARTESIAN_POINT('',(-113.5997607621,92.858852339794,183.79375));
#5641 = TRIMMED_CURVE('',#5642,(#5646,PARAMETER_VALUE(0.)),(#5647,
    PARAMETER_VALUE(0.411047637765)),.T.,.PARAMETER.);
#5642 = LINE('',#5643,#5644);
#5643 = CARTESIAN_POINT('',(-113.5997607621,92.858852339794,183.79375));
#5644 = VECTOR('',#5645,1.);
#5645 = DIRECTION('',(-0.134270942036,-0.989514624999,5.321767598268E-02
    ));
#5646 = CARTESIAN_POINT('',(-113.5997607621,92.858852339794,183.79375));
#5647 = CARTESIAN_POINT('',(-113.6549525156,92.452114690654,183.815625)
  );
#5648 = TRIMMED_CURVE('',#5649,(#5653,PARAMETER_VALUE(0.)),(#5654,
    PARAMETER_VALUE(0.41178967207)),.T.,.PARAMETER.);
#5649 = LINE('',#5650,#5651);
#5650 = CARTESIAN_POINT('',(-113.6549525156,92.452114690654,183.815625)
  );
#5651 = VECTOR('',#5652,1.);
#5652 = DIRECTION('',(-0.110002415527,-0.992510727983,5.312177911121E-02
    ));
#5653 = CARTESIAN_POINT('',(-113.6549525156,92.452114690654,183.815625)
  );
#5654 = CARTESIAN_POINT('',(-113.7002503742,92.043409023452,183.8375));
#5655 = TRIMMED_CURVE('',#5656,(#5660,PARAMETER_VALUE(0.)),(#5661,
    PARAMETER_VALUE(1.413438052337)),.T.,.PARAMETER.);
#5656 = LINE('',#5657,#5658);
#5657 = CARTESIAN_POINT('',(-113.7002503742,92.043409023452,183.8375));
#5658 = VECTOR('',#5659,1.);
#5659 = DIRECTION('',(-9.787905516485E-02,-0.993782724467,
    5.306210617155E-02));
#5660 = CARTESIAN_POINT('',(-113.7002503742,92.043409023452,183.8375));
#5661 = CARTESIAN_POINT('',(-113.8385963553,90.638758704935,183.9125));
#5662 = TRIMMED_CURVE('',#5663,(#5667,PARAMETER_VALUE(0.)),(#5668,
    PARAMETER_VALUE(0.41178967207)),.T.,.PARAMETER.);
#5663 = LINE('',#5664,#5665);
#5664 = CARTESIAN_POINT('',(-113.8385963553,90.638758704935,183.9125));
#5665 = VECTOR('',#5666,1.);
#5666 = DIRECTION('',(-8.574048756871E-02,-0.994900319316,
    5.31217791112E-02));
#5667 = CARTESIAN_POINT('',(-113.8385963553,90.638758704935,183.9125));
#5668 = CARTESIAN_POINT('',(-113.8739034026,90.229069028702,183.934375)
  );
#5669 = TRIMMED_CURVE('',#5670,(#5674,PARAMETER_VALUE(0.)),(#5675,
    PARAMETER_VALUE(0.411047637765)),.T.,.PARAMETER.);
#5670 = LINE('',#5671,#5672);
#5671 = CARTESIAN_POINT('',(-113.8739034026,90.229069028702,183.934375)
  );
#5672 = VECTOR('',#5673,1.);
#5673 = DIRECTION('',(-6.135376329585E-02,-0.996696340262,
    5.321767598261E-02));
#5674 = CARTESIAN_POINT('',(-113.8739034026,90.229069028702,183.934375)
  );
#5675 = CARTESIAN_POINT('',(-113.8991227221,89.819379352468,183.95625));
#5676 = TRIMMED_CURVE('',#5677,(#5681,PARAMETER_VALUE(0.)),(#5682,
    PARAMETER_VALUE(0.410552203142)),.T.,.PARAMETER.);
#5677 = LINE('',#5678,#5679);
#5678 = CARTESIAN_POINT('',(-113.8991227221,89.819379352468,183.95625));
#5679 = VECTOR('',#5680,1.);
#5680 = DIRECTION('',(-3.685668123726E-02,-0.997899105397,
    5.328189651068E-02));
#5681 = CARTESIAN_POINT('',(-113.8991227221,89.819379352468,183.95625));
#5682 = CARTESIAN_POINT('',(-113.9142543137,89.409689676234,183.978125)
  );
#5683 = TRIMMED_CURVE('',#5684,(#5688,PARAMETER_VALUE(0.)),(#5689,
    PARAMETER_VALUE(0.410304261495)),.T.,.PARAMETER.);
#5684 = LINE('',#5685,#5686);
#5685 = CARTESIAN_POINT('',(-113.9142543137,89.409689676234,183.978125)
  );
#5686 = VECTOR('',#5687,1.);
#5687 = DIRECTION('',(-1.229298442039E-02,-0.998502123136,
    5.331409408304E-02));
#5688 = CARTESIAN_POINT('',(-113.9142543137,89.409689676234,183.978125)
  );
#5689 = CARTESIAN_POINT('',(-113.9192981776,89.,184.));
#5690 = TRIMMED_CURVE('',#5691,(#5695,PARAMETER_VALUE(0.)),(#5696,
    PARAMETER_VALUE(0.410304261495)),.T.,.PARAMETER.);
#5691 = LINE('',#5692,#5693);
#5692 = CARTESIAN_POINT('',(-113.9192981776,89.,184.));
#5693 = VECTOR('',#5694,1.);
#5694 = DIRECTION('',(1.229298442039E-02,-0.998502123136,
    5.331409408304E-02));
#5695 = CARTESIAN_POINT('',(-113.9192981776,89.,184.));
#5696 = CARTESIAN_POINT('',(-113.9142543137,88.590310323766,184.021875)
  );
#5697 = TRIMMED_CURVE('',#5698,(#5702,PARAMETER_VALUE(0.)),(#5703,
    PARAMETER_VALUE(0.410552203142)),.T.,.PARAMETER.);
#5698 = LINE('',#5699,#5700);
#5699 = CARTESIAN_POINT('',(-113.9142543137,88.590310323766,184.021875)
  );
#5700 = VECTOR('',#5701,1.);
#5701 = DIRECTION('',(3.685668123726E-02,-0.997899105397,
    5.328189651061E-02));
#5702 = CARTESIAN_POINT('',(-113.9142543137,88.590310323766,184.021875)
  );
#5703 = CARTESIAN_POINT('',(-113.8991227221,88.180620647532,184.04375));
#5704 = TRIMMED_CURVE('',#5705,(#5709,PARAMETER_VALUE(0.)),(#5710,
    PARAMETER_VALUE(0.411047637765)),.T.,.PARAMETER.);
#5705 = LINE('',#5706,#5707);
#5706 = CARTESIAN_POINT('',(-113.8991227221,88.180620647532,184.04375));
#5707 = VECTOR('',#5708,1.);
#5708 = DIRECTION('',(6.135376329584E-02,-0.996696340262,
    5.321767598268E-02));
#5709 = CARTESIAN_POINT('',(-113.8991227221,88.180620647532,184.04375));
#5710 = CARTESIAN_POINT('',(-113.8739034026,87.770930971298,184.065625)
  );
#5711 = TRIMMED_CURVE('',#5712,(#5716,PARAMETER_VALUE(0.)),(#5717,
    PARAMETER_VALUE(0.41178967207)),.T.,.PARAMETER.);
#5712 = LINE('',#5713,#5714);
#5713 = CARTESIAN_POINT('',(-113.8739034026,87.770930971298,184.065625)
  );
#5714 = VECTOR('',#5715,1.);
#5715 = DIRECTION('',(8.574048756871E-02,-0.994900319316,
    5.312177911121E-02));
#5716 = CARTESIAN_POINT('',(-113.8739034026,87.770930971298,184.065625)
  );
#5717 = CARTESIAN_POINT('',(-113.8385963553,87.361241295065,184.0875));
#5718 = TRIMMED_CURVE('',#5719,(#5723,PARAMETER_VALUE(0.)),(#5724,
    PARAMETER_VALUE(1.413438052337)),.T.,.PARAMETER.);
#5719 = LINE('',#5720,#5721);
#5720 = CARTESIAN_POINT('',(-113.8385963553,87.361241295065,184.0875));
#5721 = VECTOR('',#5722,1.);
#5722 = DIRECTION('',(9.787905516484E-02,-0.993782724467,
    5.306210617155E-02));
#5723 = CARTESIAN_POINT('',(-113.8385963553,87.361241295065,184.0875));
#5724 = CARTESIAN_POINT('',(-113.7002503742,85.956590976548,184.1625));
#5725 = TRIMMED_CURVE('',#5726,(#5730,PARAMETER_VALUE(0.)),(#5731,
    PARAMETER_VALUE(0.41178967207)),.T.,.PARAMETER.);
#5726 = LINE('',#5727,#5728);
#5727 = CARTESIAN_POINT('',(-113.7002503742,85.956590976548,184.1625));
#5728 = VECTOR('',#5729,1.);
#5729 = DIRECTION('',(0.110002415527,-0.992510727983,5.31217791112E-02)
  );
#5730 = CARTESIAN_POINT('',(-113.7002503742,85.956590976548,184.1625));
#5731 = CARTESIAN_POINT('',(-113.6549525156,85.547885309346,184.184375)
  );
#5732 = TRIMMED_CURVE('',#5733,(#5737,PARAMETER_VALUE(0.)),(#5738,
    PARAMETER_VALUE(0.411047637765)),.T.,.PARAMETER.);
#5733 = LINE('',#5734,#5735);
#5734 = CARTESIAN_POINT('',(-113.6549525156,85.547885309346,184.184375)
  );
#5735 = VECTOR('',#5736,1.);
#5736 = DIRECTION('',(0.134270942036,-0.989514624999,5.321767598261E-02)
  );
#5737 = CARTESIAN_POINT('',(-113.6549525156,85.547885309346,184.184375)
  );
#5738 = CARTESIAN_POINT('',(-113.5997607621,85.141147660206,184.20625));
#5739 = TRIMMED_CURVE('',#5740,(#5744,PARAMETER_VALUE(0.)),(#5745,
    PARAMETER_VALUE(0.410552203142)),.T.,.PARAMETER.);
#5740 = LINE('',#5741,#5742);
#5741 = CARTESIAN_POINT('',(-113.5997607621,85.141147660206,184.20625));
#5742 = VECTOR('',#5743,1.);
#5743 = DIRECTION('',(0.15853196737,-0.985915135712,5.328189651068E-02)
  );
#5744 = CARTESIAN_POINT('',(-113.5997607621,85.141147660206,184.20625));
#5745 = CARTESIAN_POINT('',(-113.5346751136,84.736378029129,184.228125)
  );
#5746 = TRIMMED_CURVE('',#5747,(#5751,PARAMETER_VALUE(0.)),(#5752,
    PARAMETER_VALUE(0.410304261495)),.T.,.PARAMETER.);
#5747 = LINE('',#5748,#5749);
#5748 = CARTESIAN_POINT('',(-113.5346751136,84.736378029129,184.228125)
  );
#5749 = VECTOR('',#5750,1.);
#5750 = DIRECTION('',(0.182741322565,-0.981714427112,5.331409408304E-02)
  );
#5751 = CARTESIAN_POINT('',(-113.5346751136,84.736378029129,184.228125)
  );
#5752 = CARTESIAN_POINT('',(-113.4596955702,84.333576416114,184.25));
#5753 = TRIMMED_CURVE('',#5754,(#5758,PARAMETER_VALUE(0.)),(#5759,
    PARAMETER_VALUE(0.410304261495)),.T.,.PARAMETER.);
#5754 = LINE('',#5755,#5756);
#5755 = CARTESIAN_POINT('',(-113.4596955702,84.333576416114,184.25));
#5756 = VECTOR('',#5757,1.);
#5757 = DIRECTION('',(0.206854878908,-0.976917942534,5.331409408304E-02)
  );
#5758 = CARTESIAN_POINT('',(-113.4596955702,84.333576416114,184.25));
#5759 = CARTESIAN_POINT('',(-113.3748221319,83.932742821162,184.271875)
  );
#5760 = TRIMMED_CURVE('',#5761,(#5765,PARAMETER_VALUE(0.)),(#5766,
    PARAMETER_VALUE(0.410552203142)),.T.,.PARAMETER.);
#5761 = LINE('',#5762,#5763);
#5762 = CARTESIAN_POINT('',(-113.3748221319,83.932742821162,184.271875)
  );
#5763 = VECTOR('',#5764,1.);
#5764 = DIRECTION('',(0.230828948254,-0.97153437209,5.328189651061E-02)
  );
#5765 = CARTESIAN_POINT('',(-113.3748221319,83.932742821162,184.271875)
  );
#5766 = CARTESIAN_POINT('',(-113.2800547986,83.533877244273,184.29375));
#5767 = TRIMMED_CURVE('',#5768,(#5772,PARAMETER_VALUE(0.)),(#5773,
    PARAMETER_VALUE(0.411047637765)),.T.,.PARAMETER.);
#5768 = LINE('',#5769,#5770);
#5769 = CARTESIAN_POINT('',(-113.2800547986,83.533877244273,184.29375));
#5770 = VECTOR('',#5771,1.);
#5771 = DIRECTION('',(0.254620677912,-0.965575574123,5.321767598268E-02)
  );
#5772 = CARTESIAN_POINT('',(-113.2800547986,83.533877244273,184.29375));
#5773 = CARTESIAN_POINT('',(-113.1753935704,83.136979685446,184.315625)
  );
#5774 = TRIMMED_CURVE('',#5775,(#5779,PARAMETER_VALUE(0.)),(#5780,
    PARAMETER_VALUE(0.41178967207)),.T.,.PARAMETER.);
#5775 = LINE('',#5776,#5777);
#5776 = CARTESIAN_POINT('',(-113.1753935704,83.136979685446,184.315625)
  );
#5777 = VECTOR('',#5778,1.);
#5778 = DIRECTION('',(0.278188431811,-0.959056449324,5.312177911121E-02)
  );
#5779 = CARTESIAN_POINT('',(-113.1753935704,83.136979685446,184.315625)
  );
#5780 = CARTESIAN_POINT('',(-113.0608384473,82.742050144682,184.3375));
#5781 = TRIMMED_CURVE('',#5782,(#5786,PARAMETER_VALUE(0.)),(#5787,
    PARAMETER_VALUE(1.413438052337)),.T.,.PARAMETER.);
#5782 = LINE('',#5783,#5784);
#5783 = CARTESIAN_POINT('',(-113.0608384473,82.742050144682,184.3375));
#5784 = VECTOR('',#5785,1.);
#5785 = DIRECTION('',(0.289875728296,-0.955592211685,5.306210617155E-02)
  );
#5786 = CARTESIAN_POINT('',(-113.0608384473,82.742050144682,184.3375));
#5787 = CARTESIAN_POINT('',(-112.6511170625,81.391379750169,184.4125));
#5788 = TRIMMED_CURVE('',#5789,(#5793,PARAMETER_VALUE(0.)),(#5794,
    PARAMETER_VALUE(0.41178967207)),.T.,.PARAMETER.);
#5789 = LINE('',#5790,#5791);
#5790 = CARTESIAN_POINT('',(-112.6511170625,81.391379750169,184.4125));
#5791 = VECTOR('',#5792,1.);
#5792 = DIRECTION('',(0.301517987485,-0.951979505981,5.312177911121E-02)
  );
#5793 = CARTESIAN_POINT('',(-112.6511170625,81.391379750169,184.4125));
#5794 = CARTESIAN_POINT('',(-112.5269550693,80.999364421584,184.434375)
  );
#5795 = TRIMMED_CURVE('',#5796,(#5800,PARAMETER_VALUE(0.)),(#5801,
    PARAMETER_VALUE(0.411047637765)),.T.,.PARAMETER.);
#5796 = LINE('',#5797,#5798);
#5797 = CARTESIAN_POINT('',(-112.5269550693,80.999364421584,184.434375)
  );
#5798 = VECTOR('',#5799,1.);
#5799 = DIRECTION('',(0.324735690366,-0.944306417624,5.321767598261E-02)
  );
#5800 = CARTESIAN_POINT('',(-112.5269550693,80.999364421584,184.434375)
  );
#5801 = CARTESIAN_POINT('',(-112.3934732309,80.611209499293,184.45625));
#5802 = TRIMMED_CURVE('',#5803,(#5807,PARAMETER_VALUE(0.)),(#5808,
    PARAMETER_VALUE(0.410552203142)),.T.,.PARAMETER.);
#5803 = LINE('',#5804,#5805);
#5804 = CARTESIAN_POINT('',(-112.3934732309,80.611209499293,184.45625));
#5805 = VECTOR('',#5806,1.);
#5806 = DIRECTION('',(0.347828321376,-0.936043000269,5.328189651068E-02)
  );
#5807 = CARTESIAN_POINT('',(-112.3934732309,80.611209499293,184.45625));
#5808 = CARTESIAN_POINT('',(-112.2506715472,80.226914983297,184.478125)
  );
#5809 = TRIMMED_CURVE('',#5810,(#5814,PARAMETER_VALUE(0.)),(#5815,
    PARAMETER_VALUE(0.410304261495)),.T.,.PARAMETER.);
#5810 = LINE('',#5811,#5812);
#5811 = CARTESIAN_POINT('',(-112.2506715472,80.226914983297,184.478125)
  );
#5812 = VECTOR('',#5813,1.);
#5813 = DIRECTION('',(0.370752983006,-0.927199996206,5.331409408304E-02)
  );
#5814 = CARTESIAN_POINT('',(-112.2506715472,80.226914983297,184.478125)
  );
#5815 = CARTESIAN_POINT('',(-112.0985500184,79.846480873596,184.5));
#5816 = TRIMMED_CURVE('',#5817,(#5821,PARAMETER_VALUE(0.)),(#5822,
    PARAMETER_VALUE(0.410304261495)),.T.,.PARAMETER.);
#5817 = LINE('',#5818,#5819);
#5818 = CARTESIAN_POINT('',(-112.0985500184,79.846480873596,184.5));
#5819 = VECTOR('',#5820,1.);
#5820 = DIRECTION('',(0.393467456405,-0.917791353262,5.331409408304E-02)
  );
#5821 = CARTESIAN_POINT('',(-112.0985500184,79.846480873596,184.5));
#5822 = CARTESIAN_POINT('',(-111.9371086442,79.46990717019,184.521875));
#5823 = TRIMMED_CURVE('',#5824,(#5828,PARAMETER_VALUE(0.)),(#5829,
    PARAMETER_VALUE(0.410552203142)),.T.,.PARAMETER.);
#5824 = LINE('',#5825,#5826);
#5825 = CARTESIAN_POINT('',(-111.9371086442,79.46990717019,184.521875));
#5826 = VECTOR('',#5827,1.);
#5827 = DIRECTION('',(0.415930588239,-0.907834117706,5.328189651061E-02)
  );
#5828 = CARTESIAN_POINT('',(-111.9371086442,79.46990717019,184.521875));
#5829 = CARTESIAN_POINT('',(-111.7663474249,79.097193873078,184.54375));
#5830 = TRIMMED_CURVE('',#5831,(#5835,PARAMETER_VALUE(0.)),(#5836,
    PARAMETER_VALUE(0.411047637765)),.T.,.PARAMETER.);
#5831 = LINE('',#5832,#5833);
#5832 = CARTESIAN_POINT('',(-111.7663474249,79.097193873078,184.54375));
#5833 = VECTOR('',#5834,1.);
#5834 = DIRECTION('',(0.438102662669,-0.897348280171,5.321767598268E-02)
  );
#5835 = CARTESIAN_POINT('',(-111.7663474249,79.097193873078,184.54375));
#5836 = CARTESIAN_POINT('',(-111.5862663603,78.728340982262,184.565625)
  );
#5837 = TRIMMED_CURVE('',#5838,(#5842,PARAMETER_VALUE(0.)),(#5843,
    PARAMETER_VALUE(0.41178967207)),.T.,.PARAMETER.);
#5838 = LINE('',#5839,#5840);
#5839 = CARTESIAN_POINT('',(-111.5862663603,78.728340982262,184.565625)
  );
#5840 = VECTOR('',#5841,1.);
#5841 = DIRECTION('',(0.459945750629,-0.88635657783,5.312177911121E-02)
  );
#5842 = CARTESIAN_POINT('',(-111.5862663603,78.728340982262,184.565625)
  );
#5843 = CARTESIAN_POINT('',(-111.3968654505,78.36334849774,184.5875));
#5844 = TRIMMED_CURVE('',#5845,(#5849,PARAMETER_VALUE(0.)),(#5850,
    PARAMETER_VALUE(1.413438052337)),.T.,.PARAMETER.);
#5845 = LINE('',#5846,#5847);
#5846 = CARTESIAN_POINT('',(-111.3968654505,78.36334849774,184.5875));
#5847 = VECTOR('',#5848,1.);
#5848 = DIRECTION('',(0.470732639752,-0.880678826111,5.306210617155E-02)
  );
#5849 = CARTESIAN_POINT('',(-111.3968654505,78.36334849774,184.5875));
#5850 = CARTESIAN_POINT('',(-110.731514025,77.118563533027,184.6625));
#5851 = TRIMMED_CURVE('',#5852,(#5856,PARAMETER_VALUE(0.)),(#5857,
    PARAMETER_VALUE(0.41178967207)),.T.,.PARAMETER.);
#5852 = LINE('',#5853,#5854);
#5853 = CARTESIAN_POINT('',(-110.731514025,77.118563533027,184.6625));
#5854 = VECTOR('',#5855,1.);
#5855 = DIRECTION('',(0.481446392276,-0.874864245439,5.312177911121E-02)
  );
#5856 = CARTESIAN_POINT('',(-110.731514025,77.118563533027,184.6625));
#5857 = CARTESIAN_POINT('',(-110.533259373,76.758303472292,184.684375));
#5858 = TRIMMED_CURVE('',#5859,(#5863,PARAMETER_VALUE(0.)),(#5864,
    PARAMETER_VALUE(0.411047637765)),.T.,.PARAMETER.);
#5859 = LINE('',#5860,#5861);
#5860 = CARTESIAN_POINT('',(-110.533259373,76.758303472292,184.684375));
#5861 = VECTOR('',#5862,1.);
#5862 = DIRECTION('',(0.502721028228,-0.862809044192,5.321767598261E-02)
  );
#5863 = CARTESIAN_POINT('',(-110.533259373,76.758303472292,184.684375));
#5864 = CARTESIAN_POINT('',(-110.3266170819,76.403647852834,184.70625));
#5865 = TRIMMED_CURVE('',#5866,(#5870,PARAMETER_VALUE(0.)),(#5871,
    PARAMETER_VALUE(0.410552203142)),.T.,.PARAMETER.);
#5866 = LINE('',#5867,#5868);
#5867 = CARTESIAN_POINT('',(-110.3266170819,76.403647852834,184.70625));
#5868 = VECTOR('',#5869,1.);
#5869 = DIRECTION('',(0.523757828056,-0.850199257265,5.328189651068E-02)
  );
#5870 = CARTESIAN_POINT('',(-110.3266170819,76.403647852834,184.70625));
#5871 = CARTESIAN_POINT('',(-110.1115871516,76.054596674655,184.728125)
  );
#5872 = TRIMMED_CURVE('',#5873,(#5877,PARAMETER_VALUE(0.)),(#5878,
    PARAMETER_VALUE(0.410304261495)),.T.,.PARAMETER.);
#5873 = LINE('',#5874,#5875);
#5874 = CARTESIAN_POINT('',(-110.1115871516,76.054596674655,184.728125)
  );
#5875 = VECTOR('',#5876,1.);
#5876 = DIRECTION('',(0.544516814231,-0.837053789426,5.331409408304E-02)
  );
#5877 = CARTESIAN_POINT('',(-110.1115871516,76.054596674655,184.728125)
  );
#5878 = CARTESIAN_POINT('',(-109.8881695823,75.711149937753,184.75));
#5879 = TRIMMED_CURVE('',#5880,(#5884,PARAMETER_VALUE(0.)),(#5885,
    PARAMETER_VALUE(0.410304261495)),.T.,.PARAMETER.);
#5880 = LINE('',#5881,#5882);
#5881 = CARTESIAN_POINT('',(-109.8881695823,75.711149937753,184.75));
#5882 = VECTOR('',#5883,1.);
#5883 = DIRECTION('',(0.564959300211,-0.823394556988,5.331409408304E-02)
  );
#5884 = CARTESIAN_POINT('',(-109.8881695823,75.711149937753,184.75));
#5885 = CARTESIAN_POINT('',(-109.6563643739,75.37330764213,184.771875));
#5886 = TRIMMED_CURVE('',#5887,(#5891,PARAMETER_VALUE(0.)),(#5892,
    PARAMETER_VALUE(0.410552203142)),.T.,.PARAMETER.);
#5887 = LINE('',#5888,#5889);
#5888 = CARTESIAN_POINT('',(-109.6563643739,75.37330764213,184.771875));
#5889 = VECTOR('',#5890,1.);
#5890 = DIRECTION('',(0.585048248975,-0.809246307298,5.328189651061E-02)
  );
#5891 = CARTESIAN_POINT('',(-109.6563643739,75.37330764213,184.771875));
#5892 = CARTESIAN_POINT('',(-109.4161715263,75.041069787784,184.79375));
#5893 = TRIMMED_CURVE('',#5894,(#5898,PARAMETER_VALUE(0.)),(#5899,
    PARAMETER_VALUE(0.411047637765)),.T.,.PARAMETER.);
#5894 = LINE('',#5895,#5896);
#5895 = CARTESIAN_POINT('',(-109.4161715263,75.041069787784,184.79375));
#5896 = VECTOR('',#5897,1.);
#5897 = DIRECTION('',(0.60474860779,-0.79463639505,5.321767598268E-02));
#5898 = CARTESIAN_POINT('',(-109.4161715263,75.041069787784,184.79375));
#5899 = CARTESIAN_POINT('',(-109.1675910396,74.714436374717,184.815625)
  );
#5900 = TRIMMED_CURVE('',#5901,(#5905,PARAMETER_VALUE(0.)),(#5906,
    PARAMETER_VALUE(0.41178967207)),.T.,.PARAMETER.);
#5901 = LINE('',#5902,#5903);
#5902 = CARTESIAN_POINT('',(-109.1675910396,74.714436374717,184.815625)
  );
#5903 = VECTOR('',#5904,1.);
#5904 = DIRECTION('',(0.624027612191,-0.779594520124,5.312177911121E-02)
  );
#5905 = CARTESIAN_POINT('',(-109.1675910396,74.714436374717,184.815625)
  );
#5906 = CARTESIAN_POINT('',(-108.9106229138,74.393407402927,184.8375));
#5907 = TRIMMED_CURVE('',#5908,(#5912,PARAMETER_VALUE(0.)),(#5913,
    PARAMETER_VALUE(1.413438052337)),.T.,.PARAMETER.);
#5908 = LINE('',#5909,#5910);
#5909 = CARTESIAN_POINT('',(-108.9106229138,74.393407402927,184.8375));
#5910 = VECTOR('',#5911,1.);
#5911 = DIRECTION('',(0.633499559853,-0.77192144714,5.306210617155E-02)
  );
#5912 = CARTESIAN_POINT('',(-108.9106229138,74.393407402927,184.8375));
#5913 = CARTESIAN_POINT('',(-108.0152105298,73.302344256125,184.9125));
#5914 = TRIMMED_CURVE('',#5915,(#5919,PARAMETER_VALUE(0.)),(#5920,
    PARAMETER_VALUE(0.41178967207)),.T.,.PARAMETER.);
#5915 = LINE('',#5916,#5917);
#5916 = CARTESIAN_POINT('',(-108.0152105298,73.302344256125,184.9125));
#5917 = VECTOR('',#5918,1.);
#5918 = DIRECTION('',(0.642873082211,-0.764128442575,5.312177911121E-02)
  );
#5919 = CARTESIAN_POINT('',(-108.0152105298,73.302344256125,184.9125));
#5920 = CARTESIAN_POINT('',(-107.7504820341,72.987684055338,184.934375)
  );
#5921 = TRIMMED_CURVE('',#5922,(#5926,PARAMETER_VALUE(0.)),(#5927,
    PARAMETER_VALUE(0.411047637765)),.T.,.PARAMETER.);
#5922 = LINE('',#5923,#5924);
#5923 = CARTESIAN_POINT('',(-107.7504820341,72.987684055338,184.934375)
  );
#5924 = VECTOR('',#5925,1.);
#5925 = DIRECTION('',(0.661387078906,-0.748154403061,5.321767598261E-02)
  );
#5926 = CARTESIAN_POINT('',(-107.7504820341,72.987684055338,184.934375)
  );
#5927 = CARTESIAN_POINT('',(-107.4786204377,72.680156955276,184.95625));
#5928 = TRIMMED_CURVE('',#5929,(#5933,PARAMETER_VALUE(0.)),(#5934,
    PARAMETER_VALUE(0.410552203142)),.T.,.PARAMETER.);
#5929 = LINE('',#5930,#5931);
#5930 = CARTESIAN_POINT('',(-107.4786204377,72.680156955276,184.95625));
#5931 = VECTOR('',#5932,1.);
#5932 = DIRECTION('',(0.679559615131,-0.731682833601,5.328189651067E-02)
  );
#5933 = CARTESIAN_POINT('',(-107.4786204377,72.680156955276,184.95625));
#5934 = CARTESIAN_POINT('',(-107.1996257405,72.37976295594,184.978125));
#5935 = TRIMMED_CURVE('',#5936,(#5940,PARAMETER_VALUE(0.)),(#5941,
    PARAMETER_VALUE(0.410304261495)),.T.,.PARAMETER.);
#5936 = LINE('',#5937,#5938);
#5937 = CARTESIAN_POINT('',(-107.1996257405,72.37976295594,184.978125));
#5938 = VECTOR('',#5939,1.);
#5939 = DIRECTION('',(0.697355169654,-0.714740074943,5.331409408304E-02)
  );
#5940 = CARTESIAN_POINT('',(-107.1996257405,72.37976295594,184.978125));
#5941 = CARTESIAN_POINT('',(-106.9134979426,72.08650205733,185.));
#5942 = TRIMMED_CURVE('',#5943,(#5947,PARAMETER_VALUE(0.)),(#5948,
    PARAMETER_VALUE(0.410304261495)),.T.,.PARAMETER.);
#5943 = LINE('',#5944,#5945);
#5944 = CARTESIAN_POINT('',(-106.9134979426,72.08650205733,185.));
#5945 = VECTOR('',#5946,1.);
#5946 = DIRECTION('',(0.714740074943,-0.697355169654,5.331409408304E-02)
  );
#5947 = CARTESIAN_POINT('',(-106.9134979426,72.08650205733,185.));
#5948 = CARTESIAN_POINT('',(-106.620237044,71.800374259446,185.021875));
#5949 = TRIMMED_CURVE('',#5950,(#5954,PARAMETER_VALUE(0.)),(#5955,
    PARAMETER_VALUE(0.410552203142)),.T.,.PARAMETER.);
#5950 = LINE('',#5951,#5952);
#5951 = CARTESIAN_POINT('',(-106.620237044,71.800374259446,185.021875));
#5952 = VECTOR('',#5953,1.);
#5953 = DIRECTION('',(0.731682833601,-0.679559615131,5.328189651061E-02)
  );
#5954 = CARTESIAN_POINT('',(-106.620237044,71.800374259446,185.021875));
#5955 = CARTESIAN_POINT('',(-106.3198430447,71.521379562287,185.04375));
#5956 = TRIMMED_CURVE('',#5957,(#5961,PARAMETER_VALUE(0.)),(#5962,
    PARAMETER_VALUE(0.411047637765)),.T.,.PARAMETER.);
#5957 = LINE('',#5958,#5959);
#5958 = CARTESIAN_POINT('',(-106.3198430447,71.521379562287,185.04375));
#5959 = VECTOR('',#5960,1.);
#5960 = DIRECTION('',(0.748154403061,-0.661387078906,5.321767598268E-02)
  );
#5961 = CARTESIAN_POINT('',(-106.3198430447,71.521379562287,185.04375));
#5962 = CARTESIAN_POINT('',(-106.0123159446,71.249517965855,185.065625)
  );
#5963 = TRIMMED_CURVE('',#5964,(#5968,PARAMETER_VALUE(0.)),(#5969,
    PARAMETER_VALUE(0.41178967207)),.T.,.PARAMETER.);
#5964 = LINE('',#5965,#5966);
#5965 = CARTESIAN_POINT('',(-106.0123159446,71.249517965855,185.065625)
  );
#5966 = VECTOR('',#5967,1.);
#5967 = DIRECTION('',(0.764128442575,-0.642873082211,5.31217791112E-02)
  );
#5968 = CARTESIAN_POINT('',(-106.0123159446,71.249517965855,185.065625)
  );
#5969 = CARTESIAN_POINT('',(-105.6976557438,70.984789470148,185.0875));
#5970 = TRIMMED_CURVE('',#5971,(#5975,PARAMETER_VALUE(0.)),(#5976,
    PARAMETER_VALUE(1.413438052337)),.T.,.PARAMETER.);
#5971 = LINE('',#5972,#5973);
#5972 = CARTESIAN_POINT('',(-105.6976557438,70.984789470148,185.0875));
#5973 = VECTOR('',#5974,1.);
#5974 = DIRECTION('',(0.77192144714,-0.633499559853,5.306210617155E-02)
  );
#5975 = CARTESIAN_POINT('',(-105.6976557438,70.984789470148,185.0875));
#5976 = CARTESIAN_POINT('',(-104.606592597,70.089377086113,185.1625));
#5977 = TRIMMED_CURVE('',#5978,(#5982,PARAMETER_VALUE(0.)),(#5983,
    PARAMETER_VALUE(0.41178967207)),.T.,.PARAMETER.);
#5978 = LINE('',#5979,#5980);
#5979 = CARTESIAN_POINT('',(-104.606592597,70.089377086113,185.1625));
#5980 = VECTOR('',#5981,1.);
#5981 = DIRECTION('',(0.779594520124,-0.624027612191,5.31217791112E-02)
  );
#5982 = CARTESIAN_POINT('',(-104.606592597,70.089377086113,185.1625));
#5983 = CARTESIAN_POINT('',(-104.2855636252,69.832408960326,185.184375)
  );
#5984 = TRIMMED_CURVE('',#5985,(#5989,PARAMETER_VALUE(0.)),(#5990,
    PARAMETER_VALUE(0.411047637765)),.T.,.PARAMETER.);
#5985 = LINE('',#5986,#5987);
#5986 = CARTESIAN_POINT('',(-104.2855636252,69.832408960326,185.184375)
  );
#5987 = VECTOR('',#5988,1.);
#5988 = DIRECTION('',(0.79463639505,-0.60474860779,5.321767598261E-02));
#5989 = CARTESIAN_POINT('',(-104.2855636252,69.832408960326,185.184375)
  );
#5990 = CARTESIAN_POINT('',(-103.9589302122,69.583828473652,185.20625));
#5991 = TRIMMED_CURVE('',#5992,(#5996,PARAMETER_VALUE(0.)),(#5997,
    PARAMETER_VALUE(0.410552203142)),.T.,.PARAMETER.);
#5992 = LINE('',#5993,#5994);
#5993 = CARTESIAN_POINT('',(-103.9589302122,69.583828473652,185.20625));
#5994 = VECTOR('',#5995,1.);
#5995 = DIRECTION('',(0.809246307298,-0.585048248975,5.328189651068E-02)
  );
#5996 = CARTESIAN_POINT('',(-103.9589302122,69.583828473652,185.20625));
#5997 = CARTESIAN_POINT('',(-103.6266923578,69.343635626092,185.228125)
  );
#5998 = TRIMMED_CURVE('',#5999,(#6003,PARAMETER_VALUE(0.)),(#6004,
    PARAMETER_VALUE(0.410304261495)),.T.,.PARAMETER.);
#5999 = LINE('',#6000,#6001);
#6000 = CARTESIAN_POINT('',(-103.6266923578,69.343635626092,185.228125)
  );
#6001 = VECTOR('',#6002,1.);
#6002 = DIRECTION('',(0.823394556988,-0.564959300211,5.331409408304E-02)
  );
#6003 = CARTESIAN_POINT('',(-103.6266923578,69.343635626092,185.228125)
  );
#6004 = CARTESIAN_POINT('',(-103.2888500622,69.111830417644,185.25));
#6005 = TRIMMED_CURVE('',#6006,(#6010,PARAMETER_VALUE(0.)),(#6011,
    PARAMETER_VALUE(0.410304261495)),.T.,.PARAMETER.);
#6006 = LINE('',#6007,#6008);
#6007 = CARTESIAN_POINT('',(-103.2888500622,69.111830417644,185.25));
#6008 = VECTOR('',#6009,1.);
#6009 = DIRECTION('',(0.837053789426,-0.544516814231,5.331409408304E-02)
  );
#6010 = CARTESIAN_POINT('',(-103.2888500622,69.111830417644,185.25));
#6011 = CARTESIAN_POINT('',(-102.9454033253,68.88841284831,185.271875));
#6012 = TRIMMED_CURVE('',#6013,(#6017,PARAMETER_VALUE(0.)),(#6018,
    PARAMETER_VALUE(0.410552203142)),.T.,.PARAMETER.);
#6013 = LINE('',#6014,#6015);
#6014 = CARTESIAN_POINT('',(-102.9454033253,68.88841284831,185.271875));
#6015 = VECTOR('',#6016,1.);
#6016 = DIRECTION('',(0.850199257265,-0.523757828056,5.328189651061E-02)
  );
#6017 = CARTESIAN_POINT('',(-102.9454033253,68.88841284831,185.271875));
#6018 = CARTESIAN_POINT('',(-102.5963521471,68.673382918089,185.29375));
#6019 = TRIMMED_CURVE('',#6020,(#6024,PARAMETER_VALUE(0.)),(#6025,
    PARAMETER_VALUE(0.411047637765)),.T.,.PARAMETER.);
#6020 = LINE('',#6021,#6022);
#6021 = CARTESIAN_POINT('',(-102.5963521471,68.673382918089,185.29375));
#6022 = VECTOR('',#6023,1.);
#6023 = DIRECTION('',(0.862809044192,-0.502721028228,5.321767598268E-02)
  );
#6024 = CARTESIAN_POINT('',(-102.5963521471,68.673382918089,185.29375));
#6025 = CARTESIAN_POINT('',(-102.2416965277,68.46674062698,185.315625));
#6026 = TRIMMED_CURVE('',#6027,(#6031,PARAMETER_VALUE(0.)),(#6032,
    PARAMETER_VALUE(0.41178967207)),.T.,.PARAMETER.);
#6027 = LINE('',#6028,#6029);
#6028 = CARTESIAN_POINT('',(-102.2416965277,68.46674062698,185.315625));
#6029 = VECTOR('',#6030,1.);
#6030 = DIRECTION('',(0.874864245439,-0.481446392276,5.312177911121E-02)
  );
#6031 = CARTESIAN_POINT('',(-102.2416965277,68.46674062698,185.315625));
#6032 = CARTESIAN_POINT('',(-101.8814364669,68.268485974985,185.3375));
#6033 = TRIMMED_CURVE('',#6034,(#6038,PARAMETER_VALUE(0.)),(#6039,
    PARAMETER_VALUE(1.413438052337)),.T.,.PARAMETER.);
#6034 = LINE('',#6035,#6036);
#6035 = CARTESIAN_POINT('',(-101.8814364669,68.268485974985,185.3375));
#6036 = VECTOR('',#6037,1.);
#6037 = DIRECTION('',(0.880678826111,-0.470732639752,5.306210617155E-02)
  );
#6038 = CARTESIAN_POINT('',(-101.8814364669,68.268485974985,185.3375));
#6039 = CARTESIAN_POINT('',(-100.6366515022,67.603134549483,185.4125));
#6040 = TRIMMED_CURVE('',#6041,(#6045,PARAMETER_VALUE(0.)),(#6046,
    PARAMETER_VALUE(0.41178967207)),.T.,.PARAMETER.);
#6041 = LINE('',#6042,#6043);
#6042 = CARTESIAN_POINT('',(-100.6366515022,67.603134549483,185.4125));
#6043 = VECTOR('',#6044,1.);
#6044 = DIRECTION('',(0.88635657783,-0.459945750629,5.312177911121E-02)
  );
#6045 = CARTESIAN_POINT('',(-100.6366515022,67.603134549483,185.4125));
#6046 = CARTESIAN_POINT('',(-100.2716590177,67.413733639661,185.434375)
  );
#6047 = TRIMMED_CURVE('',#6048,(#6052,PARAMETER_VALUE(0.)),(#6053,
    PARAMETER_VALUE(0.411047637765)),.T.,.PARAMETER.);
#6048 = LINE('',#6049,#6050);
#6049 = CARTESIAN_POINT('',(-100.2716590177,67.413733639661,185.434375)
  );
#6050 = VECTOR('',#6051,1.);
#6051 = DIRECTION('',(0.897348280171,-0.438102662669,5.321767598261E-02)
  );
#6052 = CARTESIAN_POINT('',(-100.2716590177,67.413733639661,185.434375)
  );
#6053 = CARTESIAN_POINT('',(-99.90280612692,67.233652575072,185.45625));
#6054 = TRIMMED_CURVE('',#6055,(#6059,PARAMETER_VALUE(0.)),(#6060,
    PARAMETER_VALUE(0.410552203142)),.T.,.PARAMETER.);
#6055 = LINE('',#6056,#6057);
#6056 = CARTESIAN_POINT('',(-99.90280612692,67.233652575072,185.45625));
#6057 = VECTOR('',#6058,1.);
#6058 = DIRECTION('',(0.907834117706,-0.415930588239,5.328189651068E-02)
  );
#6059 = CARTESIAN_POINT('',(-99.90280612692,67.233652575072,185.45625));
#6060 = CARTESIAN_POINT('',(-99.53009282981,67.062891355717,185.478125)
  );
#6061 = TRIMMED_CURVE('',#6062,(#6066,PARAMETER_VALUE(0.)),(#6067,
    PARAMETER_VALUE(0.410304261495)),.T.,.PARAMETER.);
#6062 = LINE('',#6063,#6064);
#6063 = CARTESIAN_POINT('',(-99.53009282981,67.062891355717,185.478125)
  );
#6064 = VECTOR('',#6065,1.);
#6065 = DIRECTION('',(0.917791353262,-0.393467456405,5.331409408304E-02)
  );
#6066 = CARTESIAN_POINT('',(-99.53009282981,67.062891355717,185.478125)
  );
#6067 = CARTESIAN_POINT('',(-99.1535191264,66.901449981594,185.5));
#6068 = TRIMMED_CURVE('',#6069,(#6073,PARAMETER_VALUE(0.)),(#6074,
    PARAMETER_VALUE(0.410304261495)),.T.,.PARAMETER.);
#6069 = LINE('',#6070,#6071);
#6070 = CARTESIAN_POINT('',(-99.1535191264,66.901449981594,185.5));
#6071 = VECTOR('',#6072,1.);
#6072 = DIRECTION('',(0.927199996206,-0.370752983006,5.331409408304E-02)
  );
#6073 = CARTESIAN_POINT('',(-99.1535191264,66.901449981594,185.5));
#6074 = CARTESIAN_POINT('',(-98.7730850167,66.749328452705,185.521875));
#6075 = TRIMMED_CURVE('',#6076,(#6080,PARAMETER_VALUE(0.)),(#6081,
    PARAMETER_VALUE(0.410552203142)),.T.,.PARAMETER.);
#6076 = LINE('',#6077,#6078);
#6077 = CARTESIAN_POINT('',(-98.7730850167,66.749328452705,185.521875));
#6078 = VECTOR('',#6079,1.);
#6079 = DIRECTION('',(0.936043000269,-0.347828321376,5.328189651061E-02)
  );
#6080 = CARTESIAN_POINT('',(-98.7730850167,66.749328452705,185.521875));
#6081 = CARTESIAN_POINT('',(-98.3887905007,66.606526769049,185.54375));
#6082 = TRIMMED_CURVE('',#6083,(#6087,PARAMETER_VALUE(0.)),(#6088,
    PARAMETER_VALUE(0.411047637765)),.T.,.PARAMETER.);
#6083 = LINE('',#6084,#6085);
#6084 = CARTESIAN_POINT('',(-98.3887905007,66.606526769049,185.54375));
#6085 = VECTOR('',#6086,1.);
#6086 = DIRECTION('',(0.944306417624,-0.324735690366,5.321767598268E-02)
  );
#6087 = CARTESIAN_POINT('',(-98.3887905007,66.606526769049,185.54375));
#6088 = CARTESIAN_POINT('',(-98.00063557841,66.473044930626,185.565625)
  );
#6089 = TRIMMED_CURVE('',#6090,(#6094,PARAMETER_VALUE(0.)),(#6095,
    PARAMETER_VALUE(0.41178967207)),.T.,.PARAMETER.);
#6090 = LINE('',#6091,#6092);
#6091 = CARTESIAN_POINT('',(-98.00063557841,66.473044930626,185.565625)
  );
#6092 = VECTOR('',#6093,1.);
#6093 = DIRECTION('',(0.951979505981,-0.301517987485,5.31217791112E-02)
  );
#6094 = CARTESIAN_POINT('',(-98.00063557841,66.473044930626,185.565625)
  );
#6095 = CARTESIAN_POINT('',(-97.60862024983,66.348882937437,185.5875));
#6096 = TRIMMED_CURVE('',#6097,(#6101,PARAMETER_VALUE(0.)),(#6102,
    PARAMETER_VALUE(1.413438052337)),.T.,.PARAMETER.);
#6097 = LINE('',#6098,#6099);
#6098 = CARTESIAN_POINT('',(-97.60862024983,66.348882937437,185.5875));
#6099 = VECTOR('',#6100,1.);
#6100 = DIRECTION('',(0.955592211685,-0.289875728296,5.306210617155E-02)
  );
#6101 = CARTESIAN_POINT('',(-97.60862024983,66.348882937437,185.5875));
#6102 = CARTESIAN_POINT('',(-96.25794985531,65.939161552615,185.6625));
#6103 = TRIMMED_CURVE('',#6104,(#6108,PARAMETER_VALUE(0.)),(#6109,
    PARAMETER_VALUE(0.41178967207)),.T.,.PARAMETER.);
#6104 = LINE('',#6105,#6106);
#6105 = CARTESIAN_POINT('',(-96.25794985531,65.939161552615,185.6625));
#6106 = VECTOR('',#6107,1.);
#6107 = DIRECTION('',(0.959056449324,-0.278188431811,5.312177911121E-02)
  );
#6108 = CARTESIAN_POINT('',(-96.25794985531,65.939161552615,185.6625));
#6109 = CARTESIAN_POINT('',(-95.86302031455,65.824606429505,185.684375)
  );
#6110 = TRIMMED_CURVE('',#6111,(#6115,PARAMETER_VALUE(0.)),(#6116,
    PARAMETER_VALUE(0.411047637765)),.T.,.PARAMETER.);
#6111 = LINE('',#6112,#6113);
#6112 = CARTESIAN_POINT('',(-95.86302031455,65.824606429505,185.684375)
  );
#6113 = VECTOR('',#6114,1.);
#6114 = DIRECTION('',(0.965575574123,-0.254620677912,5.321767598261E-02)
  );
#6115 = CARTESIAN_POINT('',(-95.86302031455,65.824606429505,185.684375)
  );
#6116 = CARTESIAN_POINT('',(-95.46612275572,65.719945201324,185.70625));
#6117 = TRIMMED_CURVE('',#6118,(#6122,PARAMETER_VALUE(0.)),(#6123,
    PARAMETER_VALUE(0.410552203142)),.T.,.PARAMETER.);
#6118 = LINE('',#6119,#6120);
#6119 = CARTESIAN_POINT('',(-95.46612275572,65.719945201324,185.70625));
#6120 = VECTOR('',#6121,1.);
#6121 = DIRECTION('',(0.97153437209,-0.230828948254,5.328189651068E-02)
  );
#6122 = CARTESIAN_POINT('',(-95.46612275572,65.719945201324,185.70625));
#6123 = CARTESIAN_POINT('',(-95.06725717883,65.625177868069,185.728125)
  );
#6124 = TRIMMED_CURVE('',#6125,(#6129,PARAMETER_VALUE(0.)),(#6130,
    PARAMETER_VALUE(0.410304261495)),.T.,.PARAMETER.);
#6125 = LINE('',#6126,#6127);
#6126 = CARTESIAN_POINT('',(-95.06725717883,65.625177868069,185.728125)
  );
#6127 = VECTOR('',#6128,1.);
#6128 = DIRECTION('',(0.976917942534,-0.206854878908,5.331409408304E-02)
  );
#6129 = CARTESIAN_POINT('',(-95.06725717883,65.625177868069,185.728125)
  );
#6130 = CARTESIAN_POINT('',(-94.66642358388,65.540304429742,185.75));
#6131 = TRIMMED_CURVE('',#6132,(#6136,PARAMETER_VALUE(0.)),(#6137,
    PARAMETER_VALUE(0.410304261495)),.T.,.PARAMETER.);
#6132 = LINE('',#6133,#6134);
#6133 = CARTESIAN_POINT('',(-94.66642358388,65.540304429742,185.75));
#6134 = VECTOR('',#6135,1.);
#6135 = DIRECTION('',(0.981714427112,-0.182741322565,5.331409408304E-02)
  );
#6136 = CARTESIAN_POINT('',(-94.66642358388,65.540304429742,185.75));
#6137 = CARTESIAN_POINT('',(-94.26362197087,65.465324886343,185.771875)
  );
#6138 = TRIMMED_CURVE('',#6139,(#6143,PARAMETER_VALUE(0.)),(#6144,
    PARAMETER_VALUE(0.410552203142)),.T.,.PARAMETER.);
#6139 = LINE('',#6140,#6141);
#6140 = CARTESIAN_POINT('',(-94.26362197087,65.465324886343,185.771875)
  );
#6141 = VECTOR('',#6142,1.);
#6142 = DIRECTION('',(0.985915135712,-0.158531967369,5.328189651061E-02)
  );
#6143 = CARTESIAN_POINT('',(-94.26362197087,65.465324886343,185.771875)
  );
#6144 = CARTESIAN_POINT('',(-93.85885233979,65.400239237871,185.79375));
#6145 = TRIMMED_CURVE('',#6146,(#6150,PARAMETER_VALUE(0.)),(#6151,
    PARAMETER_VALUE(0.411047637765)),.T.,.PARAMETER.);
#6146 = LINE('',#6147,#6148);
#6147 = CARTESIAN_POINT('',(-93.85885233979,65.400239237871,185.79375));
#6148 = VECTOR('',#6149,1.);
#6149 = DIRECTION('',(0.989514624999,-0.134270942036,5.321767598268E-02)
  );
#6150 = CARTESIAN_POINT('',(-93.85885233979,65.400239237871,185.79375));
#6151 = CARTESIAN_POINT('',(-93.45211469065,65.345047484327,185.815625)
  );
#6152 = TRIMMED_CURVE('',#6153,(#6157,PARAMETER_VALUE(0.)),(#6158,
    PARAMETER_VALUE(0.41178967207)),.T.,.PARAMETER.);
#6153 = LINE('',#6154,#6155);
#6154 = CARTESIAN_POINT('',(-93.45211469065,65.345047484327,185.815625)
  );
#6155 = VECTOR('',#6156,1.);
#6156 = DIRECTION('',(0.992510727983,-0.110002415527,5.312177911121E-02)
  );
#6157 = CARTESIAN_POINT('',(-93.45211469065,65.345047484327,185.815625)
  );
#6158 = CARTESIAN_POINT('',(-93.04340902345,65.29974962571,185.8375));
#6159 = TRIMMED_CURVE('',#6160,(#6164,PARAMETER_VALUE(0.)),(#6165,
    PARAMETER_VALUE(1.413438052337)),.T.,.PARAMETER.);
#6160 = LINE('',#6161,#6162);
#6161 = CARTESIAN_POINT('',(-93.04340902345,65.29974962571,185.8375));
#6162 = VECTOR('',#6163,1.);
#6163 = DIRECTION('',(0.993782724467,-9.787905516485E-02,
    5.306210617155E-02));
#6164 = CARTESIAN_POINT('',(-93.04340902345,65.29974962571,185.8375));
#6165 = CARTESIAN_POINT('',(-91.63875870493,65.161403644613,185.9125));
#6166 = TRIMMED_CURVE('',#6167,(#6171,PARAMETER_VALUE(0.)),(#6172,
    PARAMETER_VALUE(0.41178967207)),.T.,.PARAMETER.);
#6167 = LINE('',#6168,#6169);
#6168 = CARTESIAN_POINT('',(-91.63875870493,65.161403644613,185.9125));
#6169 = VECTOR('',#6170,1.);
#6170 = DIRECTION('',(0.994900319316,-8.574048756871E-02,
    5.31217791112E-02));
#6171 = CARTESIAN_POINT('',(-91.63875870493,65.161403644613,185.9125));
#6172 = CARTESIAN_POINT('',(-91.2290690287,65.126096597354,185.934375));
#6173 = TRIMMED_CURVE('',#6174,(#6178,PARAMETER_VALUE(0.)),(#6179,
    PARAMETER_VALUE(0.411047637765)),.T.,.PARAMETER.);
#6174 = LINE('',#6175,#6176);
#6175 = CARTESIAN_POINT('',(-91.2290690287,65.126096597354,185.934375));
#6176 = VECTOR('',#6177,1.);
#6177 = DIRECTION('',(0.996696340262,-6.135376329585E-02,
    5.321767598261E-02));
#6178 = CARTESIAN_POINT('',(-91.2290690287,65.126096597354,185.934375));
#6179 = CARTESIAN_POINT('',(-90.81937935246,65.100877277883,185.95625));
#6180 = TRIMMED_CURVE('',#6181,(#6185,PARAMETER_VALUE(0.)),(#6186,
    PARAMETER_VALUE(0.410552203142)),.T.,.PARAMETER.);
#6181 = LINE('',#6182,#6183);
#6182 = CARTESIAN_POINT('',(-90.81937935246,65.100877277883,185.95625));
#6183 = VECTOR('',#6184,1.);
#6184 = DIRECTION('',(0.997899105397,-3.68566812373E-02,
    5.328189651068E-02));
#6185 = CARTESIAN_POINT('',(-90.81937935246,65.100877277883,185.95625));
#6186 = CARTESIAN_POINT('',(-90.40968967623,65.085745686201,185.978125)
  );
#6187 = TRIMMED_CURVE('',#6188,(#6192,PARAMETER_VALUE(0.)),(#6193,
    PARAMETER_VALUE(0.410304261495)),.T.,.PARAMETER.);
#6188 = LINE('',#6189,#6190);
#6189 = CARTESIAN_POINT('',(-90.40968967623,65.085745686201,185.978125)
  );
#6190 = VECTOR('',#6191,1.);
#6191 = DIRECTION('',(0.998502123136,-1.229298442036E-02,
    5.331409408304E-02));
#6192 = CARTESIAN_POINT('',(-90.40968967623,65.085745686201,185.978125)
  );
#6193 = CARTESIAN_POINT('',(-90.,65.080701822306,186.));
#6194 = TRIMMED_CURVE('',#6195,(#6199,PARAMETER_VALUE(0.)),(#6200,
    PARAMETER_VALUE(0.410304261495)),.T.,.PARAMETER.);
#6195 = LINE('',#6196,#6197);
#6196 = CARTESIAN_POINT('',(-90.,65.080701822306,186.));
#6197 = VECTOR('',#6198,1.);
#6198 = DIRECTION('',(0.998502123136,1.229298442036E-02,
    5.331409408304E-02));
#6199 = CARTESIAN_POINT('',(-90.,65.080701822306,186.));
#6200 = CARTESIAN_POINT('',(-89.59031032376,65.085745686201,186.021875)
  );
#6201 = TRIMMED_CURVE('',#6202,(#6206,PARAMETER_VALUE(0.)),(#6207,
    PARAMETER_VALUE(0.410552203142)),.T.,.PARAMETER.);
#6202 = LINE('',#6203,#6204);
#6203 = CARTESIAN_POINT('',(-89.59031032376,65.085745686201,186.021875)
  );
#6204 = VECTOR('',#6205,1.);
#6205 = DIRECTION('',(0.997899105397,3.685668123726E-02,
    5.328189651061E-02));
#6206 = CARTESIAN_POINT('',(-89.59031032376,65.085745686201,186.021875)
  );
#6207 = CARTESIAN_POINT('',(-89.18062064753,65.100877277883,186.04375));
#6208 = TRIMMED_CURVE('',#6209,(#6213,PARAMETER_VALUE(0.)),(#6214,
    PARAMETER_VALUE(0.411047637765)),.T.,.PARAMETER.);
#6209 = LINE('',#6210,#6211);
#6210 = CARTESIAN_POINT('',(-89.18062064753,65.100877277883,186.04375));
#6211 = VECTOR('',#6212,1.);
#6212 = DIRECTION('',(0.996696340262,6.135376329588E-02,
    5.321767598268E-02));
#6213 = CARTESIAN_POINT('',(-89.18062064753,65.100877277883,186.04375));
#6214 = CARTESIAN_POINT('',(-88.77093097129,65.126096597354,186.065625)
  );
#6215 = TRIMMED_CURVE('',#6216,(#6220,PARAMETER_VALUE(0.)),(#6221,
    PARAMETER_VALUE(0.41178967207)),.T.,.PARAMETER.);
#6216 = LINE('',#6217,#6218);
#6217 = CARTESIAN_POINT('',(-88.77093097129,65.126096597354,186.065625)
  );
#6218 = VECTOR('',#6219,1.);
#6219 = DIRECTION('',(0.994900319316,8.574048756871E-02,
    5.312177911121E-02));
#6220 = CARTESIAN_POINT('',(-88.77093097129,65.126096597354,186.065625)
  );
#6221 = CARTESIAN_POINT('',(-88.36124129506,65.161403644613,186.0875));
#6222 = TRIMMED_CURVE('',#6223,(#6227,PARAMETER_VALUE(0.)),(#6228,
    PARAMETER_VALUE(1.413438052337)),.T.,.PARAMETER.);
#6223 = LINE('',#6224,#6225);
#6224 = CARTESIAN_POINT('',(-88.36124129506,65.161403644613,186.0875));
#6225 = VECTOR('',#6226,1.);
#6226 = DIRECTION('',(0.993782724467,9.787905516484E-02,
    5.306210617155E-02));
#6227 = CARTESIAN_POINT('',(-88.36124129506,65.161403644613,186.0875));
#6228 = CARTESIAN_POINT('',(-86.95659097654,65.29974962571,186.1625));
#6229 = TRIMMED_CURVE('',#6230,(#6234,PARAMETER_VALUE(0.)),(#6235,
    PARAMETER_VALUE(0.41178967207)),.T.,.PARAMETER.);
#6230 = LINE('',#6231,#6232);
#6231 = CARTESIAN_POINT('',(-86.95659097654,65.29974962571,186.1625));
#6232 = VECTOR('',#6233,1.);
#6233 = DIRECTION('',(0.992510727983,0.110002415527,5.31217791112E-02));
#6234 = CARTESIAN_POINT('',(-86.95659097654,65.29974962571,186.1625));
#6235 = CARTESIAN_POINT('',(-86.54788530934,65.345047484327,186.184375)
  );
#6236 = TRIMMED_CURVE('',#6237,(#6241,PARAMETER_VALUE(0.)),(#6242,
    PARAMETER_VALUE(0.411047637765)),.T.,.PARAMETER.);
#6237 = LINE('',#6238,#6239);
#6238 = CARTESIAN_POINT('',(-86.54788530934,65.345047484327,186.184375)
  );
#6239 = VECTOR('',#6240,1.);
#6240 = DIRECTION('',(0.989514624999,0.134270942036,5.321767598261E-02)
  );
#6241 = CARTESIAN_POINT('',(-86.54788530934,65.345047484327,186.184375)
  );
#6242 = CARTESIAN_POINT('',(-86.1411476602,65.400239237871,186.20625));
#6243 = TRIMMED_CURVE('',#6244,(#6248,PARAMETER_VALUE(0.)),(#6249,
    PARAMETER_VALUE(0.410552203142)),.T.,.PARAMETER.);
#6244 = LINE('',#6245,#6246);
#6245 = CARTESIAN_POINT('',(-86.1411476602,65.400239237871,186.20625));
#6246 = VECTOR('',#6247,1.);
#6247 = DIRECTION('',(0.985915135712,0.158531967369,5.328189651068E-02)
  );
#6248 = CARTESIAN_POINT('',(-86.1411476602,65.400239237871,186.20625));
#6249 = CARTESIAN_POINT('',(-85.73637802912,65.465324886343,186.228125)
  );
#6250 = TRIMMED_CURVE('',#6251,(#6255,PARAMETER_VALUE(0.)),(#6256,
    PARAMETER_VALUE(0.410304261495)),.T.,.PARAMETER.);
#6251 = LINE('',#6252,#6253);
#6252 = CARTESIAN_POINT('',(-85.73637802912,65.465324886343,186.228125)
  );
#6253 = VECTOR('',#6254,1.);
#6254 = DIRECTION('',(0.981714427112,0.182741322565,5.331409408304E-02)
  );
#6255 = CARTESIAN_POINT('',(-85.73637802912,65.465324886343,186.228125)
  );
#6256 = CARTESIAN_POINT('',(-85.33357641611,65.540304429742,186.25));
#6257 = TRIMMED_CURVE('',#6258,(#6262,PARAMETER_VALUE(0.)),(#6263,
    PARAMETER_VALUE(0.410304261495)),.T.,.PARAMETER.);
#6258 = LINE('',#6259,#6260);
#6259 = CARTESIAN_POINT('',(-85.33357641611,65.540304429742,186.25));
#6260 = VECTOR('',#6261,1.);
#6261 = DIRECTION('',(0.976917942534,0.206854878908,5.331409408304E-02)
  );
#6262 = CARTESIAN_POINT('',(-85.33357641611,65.540304429742,186.25));
#6263 = CARTESIAN_POINT('',(-84.93274282116,65.625177868069,186.271875)
  );
#6264 = TRIMMED_CURVE('',#6265,(#6269,PARAMETER_VALUE(0.)),(#6270,
    PARAMETER_VALUE(0.410552203142)),.T.,.PARAMETER.);
#6265 = LINE('',#6266,#6267);
#6266 = CARTESIAN_POINT('',(-84.93274282116,65.625177868069,186.271875)
  );
#6267 = VECTOR('',#6268,1.);
#6268 = DIRECTION('',(0.97153437209,0.230828948254,5.328189651061E-02));
#6269 = CARTESIAN_POINT('',(-84.93274282116,65.625177868069,186.271875)
  );
#6270 = CARTESIAN_POINT('',(-84.53387724427,65.719945201324,186.29375));
#6271 = TRIMMED_CURVE('',#6272,(#6276,PARAMETER_VALUE(0.)),(#6277,
    PARAMETER_VALUE(0.411047637765)),.T.,.PARAMETER.);
#6272 = LINE('',#6273,#6274);
#6273 = CARTESIAN_POINT('',(-84.53387724427,65.719945201324,186.29375));
#6274 = VECTOR('',#6275,1.);
#6275 = DIRECTION('',(0.965575574123,0.254620677912,5.321767598268E-02)
  );
#6276 = CARTESIAN_POINT('',(-84.53387724427,65.719945201324,186.29375));
#6277 = CARTESIAN_POINT('',(-84.13697968544,65.824606429505,186.315625)
  );
#6278 = TRIMMED_CURVE('',#6279,(#6283,PARAMETER_VALUE(0.)),(#6284,
    PARAMETER_VALUE(0.41178967207)),.T.,.PARAMETER.);
#6279 = LINE('',#6280,#6281);
#6280 = CARTESIAN_POINT('',(-84.13697968544,65.824606429505,186.315625)
  );
#6281 = VECTOR('',#6282,1.);
#6282 = DIRECTION('',(0.959056449324,0.278188431811,5.312177911121E-02)
  );
#6283 = CARTESIAN_POINT('',(-84.13697968544,65.824606429505,186.315625)
  );
#6284 = CARTESIAN_POINT('',(-83.74205014468,65.939161552615,186.3375));
#6285 = TRIMMED_CURVE('',#6286,(#6290,PARAMETER_VALUE(0.)),(#6291,
    PARAMETER_VALUE(1.413438052337)),.T.,.PARAMETER.);
#6286 = LINE('',#6287,#6288);
#6287 = CARTESIAN_POINT('',(-83.74205014468,65.939161552615,186.3375));
#6288 = VECTOR('',#6289,1.);
#6289 = DIRECTION('',(0.955592211685,0.289875728296,5.306210617155E-02)
  );
#6290 = CARTESIAN_POINT('',(-83.74205014468,65.939161552615,186.3375));
#6291 = CARTESIAN_POINT('',(-82.39137975016,66.348882937437,186.4125));
#6292 = TRIMMED_CURVE('',#6293,(#6297,PARAMETER_VALUE(0.)),(#6298,
    PARAMETER_VALUE(0.41178967207)),.T.,.PARAMETER.);
#6293 = LINE('',#6294,#6295);
#6294 = CARTESIAN_POINT('',(-82.39137975016,66.348882937437,186.4125));
#6295 = VECTOR('',#6296,1.);
#6296 = DIRECTION('',(0.951979505981,0.301517987485,5.312177911121E-02)
  );
#6297 = CARTESIAN_POINT('',(-82.39137975016,66.348882937437,186.4125));
#6298 = CARTESIAN_POINT('',(-81.99936442158,66.473044930626,186.434375)
  );
#6299 = TRIMMED_CURVE('',#6300,(#6304,PARAMETER_VALUE(0.)),(#6305,
    PARAMETER_VALUE(0.411047637765)),.T.,.PARAMETER.);
#6300 = LINE('',#6301,#6302);
#6301 = CARTESIAN_POINT('',(-81.99936442158,66.473044930626,186.434375)
  );
#6302 = VECTOR('',#6303,1.);
#6303 = DIRECTION('',(0.944306417624,0.324735690366,5.321767598261E-02)
  );
#6304 = CARTESIAN_POINT('',(-81.99936442158,66.473044930626,186.434375)
  );
#6305 = CARTESIAN_POINT('',(-81.61120949929,66.606526769049,186.45625));
#6306 = TRIMMED_CURVE('',#6307,(#6311,PARAMETER_VALUE(0.)),(#6312,
    PARAMETER_VALUE(0.410552203142)),.T.,.PARAMETER.);
#6307 = LINE('',#6308,#6309);
#6308 = CARTESIAN_POINT('',(-81.61120949929,66.606526769049,186.45625));
#6309 = VECTOR('',#6310,1.);
#6310 = DIRECTION('',(0.936043000269,0.347828321376,5.328189651068E-02)
  );
#6311 = CARTESIAN_POINT('',(-81.61120949929,66.606526769049,186.45625));
#6312 = CARTESIAN_POINT('',(-81.22691498329,66.749328452705,186.478125)
  );
#6313 = TRIMMED_CURVE('',#6314,(#6318,PARAMETER_VALUE(0.)),(#6319,
    PARAMETER_VALUE(0.410304261495)),.T.,.PARAMETER.);
#6314 = LINE('',#6315,#6316);
#6315 = CARTESIAN_POINT('',(-81.22691498329,66.749328452705,186.478125)
  );
#6316 = VECTOR('',#6317,1.);
#6317 = DIRECTION('',(0.927199996206,0.370752983006,5.331409408304E-02)
  );
#6318 = CARTESIAN_POINT('',(-81.22691498329,66.749328452705,186.478125)
  );
#6319 = CARTESIAN_POINT('',(-80.84648087359,66.901449981594,186.5));
#6320 = TRIMMED_CURVE('',#6321,(#6325,PARAMETER_VALUE(0.)),(#6326,
    PARAMETER_VALUE(0.410304261495)),.T.,.PARAMETER.);
#6321 = LINE('',#6322,#6323);
#6322 = CARTESIAN_POINT('',(-80.84648087359,66.901449981594,186.5));
#6323 = VECTOR('',#6324,1.);
#6324 = DIRECTION('',(0.917791353262,0.393467456405,5.331409408304E-02)
  );
#6325 = CARTESIAN_POINT('',(-80.84648087359,66.901449981594,186.5));
#6326 = CARTESIAN_POINT('',(-80.46990717019,67.062891355717,186.521875)
  );
#6327 = TRIMMED_CURVE('',#6328,(#6332,PARAMETER_VALUE(0.)),(#6333,
    PARAMETER_VALUE(0.410552203142)),.T.,.PARAMETER.);
#6328 = LINE('',#6329,#6330);
#6329 = CARTESIAN_POINT('',(-80.46990717019,67.062891355717,186.521875)
  );
#6330 = VECTOR('',#6331,1.);
#6331 = DIRECTION('',(0.907834117706,0.415930588239,5.328189651061E-02)
  );
#6332 = CARTESIAN_POINT('',(-80.46990717019,67.062891355717,186.521875)
  );
#6333 = CARTESIAN_POINT('',(-80.09719387307,67.233652575072,186.54375));
#6334 = TRIMMED_CURVE('',#6335,(#6339,PARAMETER_VALUE(0.)),(#6340,
    PARAMETER_VALUE(0.411047637765)),.T.,.PARAMETER.);
#6335 = LINE('',#6336,#6337);
#6336 = CARTESIAN_POINT('',(-80.09719387307,67.233652575072,186.54375));
#6337 = VECTOR('',#6338,1.);
#6338 = DIRECTION('',(0.897348280171,0.438102662669,5.321767598268E-02)
  );
#6339 = CARTESIAN_POINT('',(-80.09719387307,67.233652575072,186.54375));
#6340 = CARTESIAN_POINT('',(-79.72834098226,67.413733639661,186.565625)
  );
#6341 = TRIMMED_CURVE('',#6342,(#6346,PARAMETER_VALUE(0.)),(#6347,
    PARAMETER_VALUE(0.41178967207)),.T.,.PARAMETER.);
#6342 = LINE('',#6343,#6344);
#6343 = CARTESIAN_POINT('',(-79.72834098226,67.413733639661,186.565625)
  );
#6344 = VECTOR('',#6345,1.);
#6345 = DIRECTION('',(0.88635657783,0.459945750629,5.31217791112E-02));
#6346 = CARTESIAN_POINT('',(-79.72834098226,67.413733639661,186.565625)
  );
#6347 = CARTESIAN_POINT('',(-79.36334849774,67.603134549483,186.5875));
#6348 = TRIMMED_CURVE('',#6349,(#6353,PARAMETER_VALUE(0.)),(#6354,
    PARAMETER_VALUE(1.413438052337)),.T.,.PARAMETER.);
#6349 = LINE('',#6350,#6351);
#6350 = CARTESIAN_POINT('',(-79.36334849774,67.603134549483,186.5875));
#6351 = VECTOR('',#6352,1.);
#6352 = DIRECTION('',(0.880678826111,0.470732639752,5.306210617155E-02)
  );
#6353 = CARTESIAN_POINT('',(-79.36334849774,67.603134549483,186.5875));
#6354 = CARTESIAN_POINT('',(-78.11856353302,68.268485974985,186.6625));
#6355 = TRIMMED_CURVE('',#6356,(#6360,PARAMETER_VALUE(0.)),(#6361,
    PARAMETER_VALUE(0.41178967207)),.T.,.PARAMETER.);
#6356 = LINE('',#6357,#6358);
#6357 = CARTESIAN_POINT('',(-78.11856353302,68.268485974985,186.6625));
#6358 = VECTOR('',#6359,1.);
#6359 = DIRECTION('',(0.874864245439,0.481446392276,5.312177911121E-02)
  );
#6360 = CARTESIAN_POINT('',(-78.11856353302,68.268485974985,186.6625));
#6361 = CARTESIAN_POINT('',(-77.75830347229,68.46674062698,186.684375));
#6362 = TRIMMED_CURVE('',#6363,(#6367,PARAMETER_VALUE(0.)),(#6368,
    PARAMETER_VALUE(0.411047637765)),.T.,.PARAMETER.);
#6363 = LINE('',#6364,#6365);
#6364 = CARTESIAN_POINT('',(-77.75830347229,68.46674062698,186.684375));
#6365 = VECTOR('',#6366,1.);
#6366 = DIRECTION('',(0.862809044192,0.502721028228,5.321767598261E-02)
  );
#6367 = CARTESIAN_POINT('',(-77.75830347229,68.46674062698,186.684375));
#6368 = CARTESIAN_POINT('',(-77.40364785283,68.673382918089,186.70625));
#6369 = TRIMMED_CURVE('',#6370,(#6374,PARAMETER_VALUE(0.)),(#6375,
    PARAMETER_VALUE(0.410552203142)),.T.,.PARAMETER.);
#6370 = LINE('',#6371,#6372);
#6371 = CARTESIAN_POINT('',(-77.40364785283,68.673382918089,186.70625));
#6372 = VECTOR('',#6373,1.);
#6373 = DIRECTION('',(0.850199257265,0.523757828056,5.328189651067E-02)
  );
#6374 = CARTESIAN_POINT('',(-77.40364785283,68.673382918089,186.70625));
#6375 = CARTESIAN_POINT('',(-77.05459667465,68.88841284831,186.728125));
#6376 = TRIMMED_CURVE('',#6377,(#6381,PARAMETER_VALUE(0.)),(#6382,
    PARAMETER_VALUE(0.410304261495)),.T.,.PARAMETER.);
#6377 = LINE('',#6378,#6379);
#6378 = CARTESIAN_POINT('',(-77.05459667465,68.88841284831,186.728125));
#6379 = VECTOR('',#6380,1.);
#6380 = DIRECTION('',(0.837053789426,0.544516814231,5.331409408304E-02)
  );
#6381 = CARTESIAN_POINT('',(-77.05459667465,68.88841284831,186.728125));
#6382 = CARTESIAN_POINT('',(-76.71114993775,69.111830417644,186.75));
#6383 = TRIMMED_CURVE('',#6384,(#6388,PARAMETER_VALUE(0.)),(#6389,
    PARAMETER_VALUE(0.410304261495)),.T.,.PARAMETER.);
#6384 = LINE('',#6385,#6386);
#6385 = CARTESIAN_POINT('',(-76.71114993775,69.111830417644,186.75));
#6386 = VECTOR('',#6387,1.);
#6387 = DIRECTION('',(0.823394556988,0.564959300211,5.331409408304E-02)
  );
#6388 = CARTESIAN_POINT('',(-76.71114993775,69.111830417644,186.75));
#6389 = CARTESIAN_POINT('',(-76.37330764213,69.343635626092,186.771875)
  );
#6390 = TRIMMED_CURVE('',#6391,(#6395,PARAMETER_VALUE(0.)),(#6396,
    PARAMETER_VALUE(0.410552203142)),.T.,.PARAMETER.);
#6391 = LINE('',#6392,#6393);
#6392 = CARTESIAN_POINT('',(-76.37330764213,69.343635626092,186.771875)
  );
#6393 = VECTOR('',#6394,1.);
#6394 = DIRECTION('',(0.809246307298,0.585048248975,5.328189651061E-02)
  );
#6395 = CARTESIAN_POINT('',(-76.37330764213,69.343635626092,186.771875)
  );
#6396 = CARTESIAN_POINT('',(-76.04106978778,69.583828473652,186.79375));
#6397 = TRIMMED_CURVE('',#6398,(#6402,PARAMETER_VALUE(0.)),(#6403,
    PARAMETER_VALUE(0.411047637765)),.T.,.PARAMETER.);
#6398 = LINE('',#6399,#6400);
#6399 = CARTESIAN_POINT('',(-76.04106978778,69.583828473652,186.79375));
#6400 = VECTOR('',#6401,1.);
#6401 = DIRECTION('',(0.79463639505,0.60474860779,5.321767598268E-02));
#6402 = CARTESIAN_POINT('',(-76.04106978778,69.583828473652,186.79375));
#6403 = CARTESIAN_POINT('',(-75.71443637471,69.832408960326,186.815625)
  );
#6404 = TRIMMED_CURVE('',#6405,(#6409,PARAMETER_VALUE(0.)),(#6410,
    PARAMETER_VALUE(0.41178967207)),.T.,.PARAMETER.);
#6405 = LINE('',#6406,#6407);
#6406 = CARTESIAN_POINT('',(-75.71443637471,69.832408960326,186.815625)
  );
#6407 = VECTOR('',#6408,1.);
#6408 = DIRECTION('',(0.779594520124,0.624027612191,5.312177911121E-02)
  );
#6409 = CARTESIAN_POINT('',(-75.71443637471,69.832408960326,186.815625)
  );
#6410 = CARTESIAN_POINT('',(-75.39340740292,70.089377086113,186.8375));
#6411 = TRIMMED_CURVE('',#6412,(#6416,PARAMETER_VALUE(0.)),(#6417,
    PARAMETER_VALUE(1.413438052337)),.T.,.PARAMETER.);
#6412 = LINE('',#6413,#6414);
#6413 = CARTESIAN_POINT('',(-75.39340740292,70.089377086113,186.8375));
#6414 = VECTOR('',#6415,1.);
#6415 = DIRECTION('',(0.77192144714,0.633499559853,5.306210617154E-02));
#6416 = CARTESIAN_POINT('',(-75.39340740292,70.089377086113,186.8375));
#6417 = CARTESIAN_POINT('',(-74.30234425612,70.984789470148,186.9125));
#6418 = TRIMMED_CURVE('',#6419,(#6423,PARAMETER_VALUE(0.)),(#6424,
    PARAMETER_VALUE(0.41178967207)),.T.,.PARAMETER.);
#6419 = LINE('',#6420,#6421);
#6420 = CARTESIAN_POINT('',(-74.30234425612,70.984789470148,186.9125));
#6421 = VECTOR('',#6422,1.);
#6422 = DIRECTION('',(0.764128442575,0.642873082211,5.312177911121E-02)
  );
#6423 = CARTESIAN_POINT('',(-74.30234425612,70.984789470148,186.9125));
#6424 = CARTESIAN_POINT('',(-73.98768405533,71.249517965855,186.934375)
  );
#6425 = TRIMMED_CURVE('',#6426,(#6430,PARAMETER_VALUE(0.)),(#6431,
    PARAMETER_VALUE(0.411047637765)),.T.,.PARAMETER.);
#6426 = LINE('',#6427,#6428);
#6427 = CARTESIAN_POINT('',(-73.98768405533,71.249517965855,186.934375)
  );
#6428 = VECTOR('',#6429,1.);
#6429 = DIRECTION('',(0.748154403061,0.661387078906,5.321767598261E-02)
  );
#6430 = CARTESIAN_POINT('',(-73.98768405533,71.249517965855,186.934375)
  );
#6431 = CARTESIAN_POINT('',(-73.68015695527,71.521379562287,186.95625));
#6432 = TRIMMED_CURVE('',#6433,(#6437,PARAMETER_VALUE(0.)),(#6438,
    PARAMETER_VALUE(0.410552203142)),.T.,.PARAMETER.);
#6433 = LINE('',#6434,#6435);
#6434 = CARTESIAN_POINT('',(-73.68015695527,71.521379562287,186.95625));
#6435 = VECTOR('',#6436,1.);
#6436 = DIRECTION('',(0.731682833601,0.679559615131,5.328189651068E-02)
  );
#6437 = CARTESIAN_POINT('',(-73.68015695527,71.521379562287,186.95625));
#6438 = CARTESIAN_POINT('',(-73.37976295594,71.800374259446,186.978125)
  );
#6439 = TRIMMED_CURVE('',#6440,(#6444,PARAMETER_VALUE(0.)),(#6445,
    PARAMETER_VALUE(0.410304261495)),.T.,.PARAMETER.);
#6440 = LINE('',#6441,#6442);
#6441 = CARTESIAN_POINT('',(-73.37976295594,71.800374259446,186.978125)
  );
#6442 = VECTOR('',#6443,1.);
#6443 = DIRECTION('',(0.714740074943,0.697355169654,5.331409408304E-02)
  );
#6444 = CARTESIAN_POINT('',(-73.37976295594,71.800374259446,186.978125)
  );
#6445 = CARTESIAN_POINT('',(-73.08650205733,72.08650205733,187.));
#6446 = TRIMMED_CURVE('',#6447,(#6451,PARAMETER_VALUE(0.)),(#6452,
    PARAMETER_VALUE(0.410304261495)),.T.,.PARAMETER.);
#6447 = LINE('',#6448,#6449);
#6448 = CARTESIAN_POINT('',(-73.08650205733,72.08650205733,187.));
#6449 = VECTOR('',#6450,1.);
#6450 = DIRECTION('',(0.697355169654,0.714740074943,5.331409408304E-02)
  );
#6451 = CARTESIAN_POINT('',(-73.08650205733,72.08650205733,187.));
#6452 = CARTESIAN_POINT('',(-72.80037425944,72.37976295594,187.021875));
#6453 = TRIMMED_CURVE('',#6454,(#6458,PARAMETER_VALUE(0.)),(#6459,
    PARAMETER_VALUE(0.410552203142)),.T.,.PARAMETER.);
#6454 = LINE('',#6455,#6456);
#6455 = CARTESIAN_POINT('',(-72.80037425944,72.37976295594,187.021875));
#6456 = VECTOR('',#6457,1.);
#6457 = DIRECTION('',(0.679559615131,0.731682833601,5.328189651061E-02)
  );
#6458 = CARTESIAN_POINT('',(-72.80037425944,72.37976295594,187.021875));
#6459 = CARTESIAN_POINT('',(-72.52137956228,72.680156955276,187.04375));
#6460 = TRIMMED_CURVE('',#6461,(#6465,PARAMETER_VALUE(0.)),(#6466,
    PARAMETER_VALUE(0.411047637765)),.T.,.PARAMETER.);
#6461 = LINE('',#6462,#6463);
#6462 = CARTESIAN_POINT('',(-72.52137956228,72.680156955276,187.04375));
#6463 = VECTOR('',#6464,1.);
#6464 = DIRECTION('',(0.661387078906,0.748154403061,5.321767598268E-02)
  );
#6465 = CARTESIAN_POINT('',(-72.52137956228,72.680156955276,187.04375));
#6466 = CARTESIAN_POINT('',(-72.24951796585,72.987684055338,187.065625)
  );
#6467 = TRIMMED_CURVE('',#6468,(#6472,PARAMETER_VALUE(0.)),(#6473,
    PARAMETER_VALUE(0.41178967207)),.T.,.PARAMETER.);
#6468 = LINE('',#6469,#6470);
#6469 = CARTESIAN_POINT('',(-72.24951796585,72.987684055338,187.065625)
  );
#6470 = VECTOR('',#6471,1.);
#6471 = DIRECTION('',(0.642873082211,0.764128442575,5.312177911121E-02)
  );
#6472 = CARTESIAN_POINT('',(-72.24951796585,72.987684055338,187.065625)
  );
#6473 = CARTESIAN_POINT('',(-71.98478947014,73.302344256125,187.0875));
#6474 = TRIMMED_CURVE('',#6475,(#6479,PARAMETER_VALUE(0.)),(#6480,
    PARAMETER_VALUE(1.413438052337)),.T.,.PARAMETER.);
#6475 = LINE('',#6476,#6477);
#6476 = CARTESIAN_POINT('',(-71.98478947014,73.302344256125,187.0875));
#6477 = VECTOR('',#6478,1.);
#6478 = DIRECTION('',(0.633499559853,0.77192144714,5.306210617155E-02));
#6479 = CARTESIAN_POINT('',(-71.98478947014,73.302344256125,187.0875));
#6480 = CARTESIAN_POINT('',(-71.08937708611,74.393407402927,187.1625));
#6481 = TRIMMED_CURVE('',#6482,(#6486,PARAMETER_VALUE(0.)),(#6487,
    PARAMETER_VALUE(0.41178967207)),.T.,.PARAMETER.);
#6482 = LINE('',#6483,#6484);
#6483 = CARTESIAN_POINT('',(-71.08937708611,74.393407402927,187.1625));
#6484 = VECTOR('',#6485,1.);
#6485 = DIRECTION('',(0.624027612191,0.779594520124,5.312177911121E-02)
  );
#6486 = CARTESIAN_POINT('',(-71.08937708611,74.393407402927,187.1625));
#6487 = CARTESIAN_POINT('',(-70.83240896032,74.714436374717,187.184375)
  );
#6488 = TRIMMED_CURVE('',#6489,(#6493,PARAMETER_VALUE(0.)),(#6494,
    PARAMETER_VALUE(0.411047637765)),.T.,.PARAMETER.);
#6489 = LINE('',#6490,#6491);
#6490 = CARTESIAN_POINT('',(-70.83240896032,74.714436374717,187.184375)
  );
#6491 = VECTOR('',#6492,1.);
#6492 = DIRECTION('',(0.60474860779,0.79463639505,5.321767598261E-02));
#6493 = CARTESIAN_POINT('',(-70.83240896032,74.714436374717,187.184375)
  );
#6494 = CARTESIAN_POINT('',(-70.58382847365,75.041069787784,187.20625));
#6495 = TRIMMED_CURVE('',#6496,(#6500,PARAMETER_VALUE(0.)),(#6501,
    PARAMETER_VALUE(0.410552203142)),.T.,.PARAMETER.);
#6496 = LINE('',#6497,#6498);
#6497 = CARTESIAN_POINT('',(-70.58382847365,75.041069787784,187.20625));
#6498 = VECTOR('',#6499,1.);
#6499 = DIRECTION('',(0.585048248975,0.809246307298,5.328189651068E-02)
  );
#6500 = CARTESIAN_POINT('',(-70.58382847365,75.041069787784,187.20625));
#6501 = CARTESIAN_POINT('',(-70.34363562609,75.37330764213,187.228125));
#6502 = TRIMMED_CURVE('',#6503,(#6507,PARAMETER_VALUE(0.)),(#6508,
    PARAMETER_VALUE(0.410304261495)),.T.,.PARAMETER.);
#6503 = LINE('',#6504,#6505);
#6504 = CARTESIAN_POINT('',(-70.34363562609,75.37330764213,187.228125));
#6505 = VECTOR('',#6506,1.);
#6506 = DIRECTION('',(0.564959300211,0.823394556988,5.331409408304E-02)
  );
#6507 = CARTESIAN_POINT('',(-70.34363562609,75.37330764213,187.228125));
#6508 = CARTESIAN_POINT('',(-70.11183041764,75.711149937753,187.25));
#6509 = TRIMMED_CURVE('',#6510,(#6514,PARAMETER_VALUE(0.)),(#6515,
    PARAMETER_VALUE(0.410304261495)),.T.,.PARAMETER.);
#6510 = LINE('',#6511,#6512);
#6511 = CARTESIAN_POINT('',(-70.11183041764,75.711149937753,187.25));
#6512 = VECTOR('',#6513,1.);
#6513 = DIRECTION('',(0.544516814231,0.837053789426,5.331409408304E-02)
  );
#6514 = CARTESIAN_POINT('',(-70.11183041764,75.711149937753,187.25));
#6515 = CARTESIAN_POINT('',(-69.88841284831,76.054596674655,187.271875)
  );
#6516 = TRIMMED_CURVE('',#6517,(#6521,PARAMETER_VALUE(0.)),(#6522,
    PARAMETER_VALUE(0.410552203142)),.T.,.PARAMETER.);
#6517 = LINE('',#6518,#6519);
#6518 = CARTESIAN_POINT('',(-69.88841284831,76.054596674655,187.271875)
  );
#6519 = VECTOR('',#6520,1.);
#6520 = DIRECTION('',(0.523757828056,0.850199257265,5.328189651061E-02)
  );
#6521 = CARTESIAN_POINT('',(-69.88841284831,76.054596674655,187.271875)
  );
#6522 = CARTESIAN_POINT('',(-69.67338291808,76.403647852834,187.29375));
#6523 = TRIMMED_CURVE('',#6524,(#6528,PARAMETER_VALUE(0.)),(#6529,
    PARAMETER_VALUE(0.411047637765)),.T.,.PARAMETER.);
#6524 = LINE('',#6525,#6526);
#6525 = CARTESIAN_POINT('',(-69.67338291808,76.403647852834,187.29375));
#6526 = VECTOR('',#6527,1.);
#6527 = DIRECTION('',(0.502721028228,0.862809044192,5.321767598268E-02)
  );
#6528 = CARTESIAN_POINT('',(-69.67338291808,76.403647852834,187.29375));
#6529 = CARTESIAN_POINT('',(-69.46674062698,76.758303472292,187.315625)
  );
#6530 = TRIMMED_CURVE('',#6531,(#6535,PARAMETER_VALUE(0.)),(#6536,
    PARAMETER_VALUE(0.41178967207)),.T.,.PARAMETER.);
#6531 = LINE('',#6532,#6533);
#6532 = CARTESIAN_POINT('',(-69.46674062698,76.758303472292,187.315625)
  );
#6533 = VECTOR('',#6534,1.);
#6534 = DIRECTION('',(0.481446392276,0.874864245439,5.312177911121E-02)
  );
#6535 = CARTESIAN_POINT('',(-69.46674062698,76.758303472292,187.315625)
  );
#6536 = CARTESIAN_POINT('',(-69.26848597498,77.118563533027,187.3375));
#6537 = TRIMMED_CURVE('',#6538,(#6542,PARAMETER_VALUE(0.)),(#6543,
    PARAMETER_VALUE(1.413438052337)),.T.,.PARAMETER.);
#6538 = LINE('',#6539,#6540);
#6539 = CARTESIAN_POINT('',(-69.26848597498,77.118563533027,187.3375));
#6540 = VECTOR('',#6541,1.);
#6541 = DIRECTION('',(0.470732639752,0.880678826111,5.306210617155E-02)
  );
#6542 = CARTESIAN_POINT('',(-69.26848597498,77.118563533027,187.3375));
#6543 = CARTESIAN_POINT('',(-68.60313454948,78.36334849774,187.4125));
#6544 = TRIMMED_CURVE('',#6545,(#6549,PARAMETER_VALUE(0.)),(#6550,
    PARAMETER_VALUE(0.41178967207)),.T.,.PARAMETER.);
#6545 = LINE('',#6546,#6547);
#6546 = CARTESIAN_POINT('',(-68.60313454948,78.36334849774,187.4125));
#6547 = VECTOR('',#6548,1.);
#6548 = DIRECTION('',(0.459945750629,0.88635657783,5.312177911121E-02));
#6549 = CARTESIAN_POINT('',(-68.60313454948,78.36334849774,187.4125));
#6550 = CARTESIAN_POINT('',(-68.41373363966,78.728340982262,187.434375)
  );
#6551 = TRIMMED_CURVE('',#6552,(#6556,PARAMETER_VALUE(0.)),(#6557,
    PARAMETER_VALUE(0.411047637765)),.T.,.PARAMETER.);
#6552 = LINE('',#6553,#6554);
#6553 = CARTESIAN_POINT('',(-68.41373363966,78.728340982262,187.434375)
  );
#6554 = VECTOR('',#6555,1.);
#6555 = DIRECTION('',(0.438102662669,0.897348280171,5.321767598261E-02)
  );
#6556 = CARTESIAN_POINT('',(-68.41373363966,78.728340982262,187.434375)
  );
#6557 = CARTESIAN_POINT('',(-68.23365257507,79.097193873078,187.45625));
#6558 = TRIMMED_CURVE('',#6559,(#6563,PARAMETER_VALUE(0.)),(#6564,
    PARAMETER_VALUE(0.410552203142)),.T.,.PARAMETER.);
#6559 = LINE('',#6560,#6561);
#6560 = CARTESIAN_POINT('',(-68.23365257507,79.097193873078,187.45625));
#6561 = VECTOR('',#6562,1.);
#6562 = DIRECTION('',(0.415930588239,0.907834117706,5.328189651068E-02)
  );
#6563 = CARTESIAN_POINT('',(-68.23365257507,79.097193873078,187.45625));
#6564 = CARTESIAN_POINT('',(-68.06289135571,79.46990717019,187.478125));
#6565 = TRIMMED_CURVE('',#6566,(#6570,PARAMETER_VALUE(0.)),(#6571,
    PARAMETER_VALUE(0.410304261495)),.T.,.PARAMETER.);
#6566 = LINE('',#6567,#6568);
#6567 = CARTESIAN_POINT('',(-68.06289135571,79.46990717019,187.478125));
#6568 = VECTOR('',#6569,1.);
#6569 = DIRECTION('',(0.393467456405,0.917791353262,5.331409408304E-02)
  );
#6570 = CARTESIAN_POINT('',(-68.06289135571,79.46990717019,187.478125));
#6571 = CARTESIAN_POINT('',(-67.90144998159,79.846480873596,187.5));
#6572 = TRIMMED_CURVE('',#6573,(#6577,PARAMETER_VALUE(0.)),(#6578,
    PARAMETER_VALUE(0.410304261495)),.T.,.PARAMETER.);
#6573 = LINE('',#6574,#6575);
#6574 = CARTESIAN_POINT('',(-67.90144998159,79.846480873596,187.5));
#6575 = VECTOR('',#6576,1.);
#6576 = DIRECTION('',(0.370752983006,0.927199996206,5.331409408304E-02)
  );
#6577 = CARTESIAN_POINT('',(-67.90144998159,79.846480873596,187.5));
#6578 = CARTESIAN_POINT('',(-67.7493284527,80.226914983297,187.521875));
#6579 = TRIMMED_CURVE('',#6580,(#6584,PARAMETER_VALUE(0.)),(#6585,
    PARAMETER_VALUE(0.410552203142)),.T.,.PARAMETER.);
#6580 = LINE('',#6581,#6582);
#6581 = CARTESIAN_POINT('',(-67.7493284527,80.226914983297,187.521875));
#6582 = VECTOR('',#6583,1.);
#6583 = DIRECTION('',(0.347828321376,0.936043000269,5.328189651061E-02)
  );
#6584 = CARTESIAN_POINT('',(-67.7493284527,80.226914983297,187.521875));
#6585 = CARTESIAN_POINT('',(-67.60652676904,80.611209499293,187.54375));
#6586 = TRIMMED_CURVE('',#6587,(#6591,PARAMETER_VALUE(0.)),(#6592,
    PARAMETER_VALUE(0.411047637765)),.T.,.PARAMETER.);
#6587 = LINE('',#6588,#6589);
#6588 = CARTESIAN_POINT('',(-67.60652676904,80.611209499293,187.54375));
#6589 = VECTOR('',#6590,1.);
#6590 = DIRECTION('',(0.324735690366,0.944306417624,5.321767598268E-02)
  );
#6591 = CARTESIAN_POINT('',(-67.60652676904,80.611209499293,187.54375));
#6592 = CARTESIAN_POINT('',(-67.47304493062,80.999364421584,187.565625)
  );
#6593 = TRIMMED_CURVE('',#6594,(#6598,PARAMETER_VALUE(0.)),(#6599,
    PARAMETER_VALUE(0.41178967207)),.T.,.PARAMETER.);
#6594 = LINE('',#6595,#6596);
#6595 = CARTESIAN_POINT('',(-67.47304493062,80.999364421584,187.565625)
  );
#6596 = VECTOR('',#6597,1.);
#6597 = DIRECTION('',(0.301517987485,0.951979505981,5.31217791112E-02));
#6598 = CARTESIAN_POINT('',(-67.47304493062,80.999364421584,187.565625)
  );
#6599 = CARTESIAN_POINT('',(-67.34888293743,81.391379750169,187.5875));
#6600 = TRIMMED_CURVE('',#6601,(#6605,PARAMETER_VALUE(0.)),(#6606,
    PARAMETER_VALUE(1.413438052337)),.T.,.PARAMETER.);
#6601 = LINE('',#6602,#6603);
#6602 = CARTESIAN_POINT('',(-67.34888293743,81.391379750169,187.5875));
#6603 = VECTOR('',#6604,1.);
#6604 = DIRECTION('',(0.289875728296,0.955592211685,5.306210617155E-02)
  );
#6605 = CARTESIAN_POINT('',(-67.34888293743,81.391379750169,187.5875));
#6606 = CARTESIAN_POINT('',(-66.93916155261,82.742050144682,187.6625));
#6607 = TRIMMED_CURVE('',#6608,(#6612,PARAMETER_VALUE(0.)),(#6613,
    PARAMETER_VALUE(0.41178967207)),.T.,.PARAMETER.);
#6608 = LINE('',#6609,#6610);
#6609 = CARTESIAN_POINT('',(-66.93916155261,82.742050144682,187.6625));
#6610 = VECTOR('',#6611,1.);
#6611 = DIRECTION('',(0.278188431811,0.959056449324,5.312177911121E-02)
  );
#6612 = CARTESIAN_POINT('',(-66.93916155261,82.742050144682,187.6625));
#6613 = CARTESIAN_POINT('',(-66.8246064295,83.136979685446,187.684375));
#6614 = TRIMMED_CURVE('',#6615,(#6619,PARAMETER_VALUE(0.)),(#6620,
    PARAMETER_VALUE(0.411047637765)),.T.,.PARAMETER.);
#6615 = LINE('',#6616,#6617);
#6616 = CARTESIAN_POINT('',(-66.8246064295,83.136979685446,187.684375));
#6617 = VECTOR('',#6618,1.);
#6618 = DIRECTION('',(0.254620677912,0.965575574123,5.321767598261E-02)
  );
#6619 = CARTESIAN_POINT('',(-66.8246064295,83.136979685446,187.684375));
#6620 = CARTESIAN_POINT('',(-66.71994520132,83.533877244273,187.70625));
#6621 = TRIMMED_CURVE('',#6622,(#6626,PARAMETER_VALUE(0.)),(#6627,
    PARAMETER_VALUE(0.410552203142)),.T.,.PARAMETER.);
#6622 = LINE('',#6623,#6624);
#6623 = CARTESIAN_POINT('',(-66.71994520132,83.533877244273,187.70625));
#6624 = VECTOR('',#6625,1.);
#6625 = DIRECTION('',(0.230828948254,0.97153437209,5.328189651068E-02));
#6626 = CARTESIAN_POINT('',(-66.71994520132,83.533877244273,187.70625));
#6627 = CARTESIAN_POINT('',(-66.62517786806,83.932742821162,187.728125)
  );
#6628 = TRIMMED_CURVE('',#6629,(#6633,PARAMETER_VALUE(0.)),(#6634,
    PARAMETER_VALUE(0.410304261495)),.T.,.PARAMETER.);
#6629 = LINE('',#6630,#6631);
#6630 = CARTESIAN_POINT('',(-66.62517786806,83.932742821162,187.728125)
  );
#6631 = VECTOR('',#6632,1.);
#6632 = DIRECTION('',(0.206854878908,0.976917942534,5.331409408304E-02)
  );
#6633 = CARTESIAN_POINT('',(-66.62517786806,83.932742821162,187.728125)
  );
#6634 = CARTESIAN_POINT('',(-66.54030442974,84.333576416114,187.75));
#6635 = TRIMMED_CURVE('',#6636,(#6640,PARAMETER_VALUE(0.)),(#6641,
    PARAMETER_VALUE(0.410304261495)),.T.,.PARAMETER.);
#6636 = LINE('',#6637,#6638);
#6637 = CARTESIAN_POINT('',(-66.54030442974,84.333576416114,187.75));
#6638 = VECTOR('',#6639,1.);
#6639 = DIRECTION('',(0.182741322565,0.981714427112,5.331409408304E-02)
  );
#6640 = CARTESIAN_POINT('',(-66.54030442974,84.333576416114,187.75));
#6641 = CARTESIAN_POINT('',(-66.46532488634,84.736378029129,187.771875)
  );
#6642 = TRIMMED_CURVE('',#6643,(#6647,PARAMETER_VALUE(0.)),(#6648,
    PARAMETER_VALUE(0.410552203142)),.T.,.PARAMETER.);
#6643 = LINE('',#6644,#6645);
#6644 = CARTESIAN_POINT('',(-66.46532488634,84.736378029129,187.771875)
  );
#6645 = VECTOR('',#6646,1.);
#6646 = DIRECTION('',(0.158531967369,0.985915135712,5.328189651061E-02)
  );
#6647 = CARTESIAN_POINT('',(-66.46532488634,84.736378029129,187.771875)
  );
#6648 = CARTESIAN_POINT('',(-66.40023923787,85.141147660206,187.79375));
#6649 = TRIMMED_CURVE('',#6650,(#6654,PARAMETER_VALUE(0.)),(#6655,
    PARAMETER_VALUE(0.411047637765)),.T.,.PARAMETER.);
#6650 = LINE('',#6651,#6652);
#6651 = CARTESIAN_POINT('',(-66.40023923787,85.141147660206,187.79375));
#6652 = VECTOR('',#6653,1.);
#6653 = DIRECTION('',(0.134270942036,0.989514624999,5.321767598268E-02)
  );
#6654 = CARTESIAN_POINT('',(-66.40023923787,85.141147660206,187.79375));
#6655 = CARTESIAN_POINT('',(-66.34504748432,85.547885309346,187.815625)
  );
#6656 = TRIMMED_CURVE('',#6657,(#6661,PARAMETER_VALUE(0.)),(#6662,
    PARAMETER_VALUE(0.41178967207)),.T.,.PARAMETER.);
#6657 = LINE('',#6658,#6659);
#6658 = CARTESIAN_POINT('',(-66.34504748432,85.547885309346,187.815625)
  );
#6659 = VECTOR('',#6660,1.);
#6660 = DIRECTION('',(0.110002415527,0.992510727983,5.312177911121E-02)
  );
#6661 = CARTESIAN_POINT('',(-66.34504748432,85.547885309346,187.815625)
  );
#6662 = CARTESIAN_POINT('',(-66.29974962571,85.956590976548,187.8375));
#6663 = TRIMMED_CURVE('',#6664,(#6668,PARAMETER_VALUE(0.)),(#6669,
    PARAMETER_VALUE(1.413438052337)),.T.,.PARAMETER.);
#6664 = LINE('',#6665,#6666);
#6665 = CARTESIAN_POINT('',(-66.29974962571,85.956590976548,187.8375));
#6666 = VECTOR('',#6667,1.);
#6667 = DIRECTION('',(9.787905516485E-02,0.993782724467,
    5.306210617155E-02));
#6668 = CARTESIAN_POINT('',(-66.29974962571,85.956590976548,187.8375));
#6669 = CARTESIAN_POINT('',(-66.16140364461,87.361241295065,187.9125));
#6670 = TRIMMED_CURVE('',#6671,(#6675,PARAMETER_VALUE(0.)),(#6676,
    PARAMETER_VALUE(0.41178967207)),.T.,.PARAMETER.);
#6671 = LINE('',#6672,#6673);
#6672 = CARTESIAN_POINT('',(-66.16140364461,87.361241295065,187.9125));
#6673 = VECTOR('',#6674,1.);
#6674 = DIRECTION('',(8.574048756871E-02,0.994900319316,
    5.31217791112E-02));
#6675 = CARTESIAN_POINT('',(-66.16140364461,87.361241295065,187.9125));
#6676 = CARTESIAN_POINT('',(-66.12609659735,87.770930971298,187.934375)
  );
#6677 = TRIMMED_CURVE('',#6678,(#6682,PARAMETER_VALUE(0.)),(#6683,
    PARAMETER_VALUE(0.411047637765)),.T.,.PARAMETER.);
#6678 = LINE('',#6679,#6680);
#6679 = CARTESIAN_POINT('',(-66.12609659735,87.770930971298,187.934375)
  );
#6680 = VECTOR('',#6681,1.);
#6681 = DIRECTION('',(6.135376329585E-02,0.996696340262,
    5.321767598261E-02));
#6682 = CARTESIAN_POINT('',(-66.12609659735,87.770930971298,187.934375)
  );
#6683 = CARTESIAN_POINT('',(-66.10087727788,88.180620647532,187.95625));
#6684 = TRIMMED_CURVE('',#6685,(#6689,PARAMETER_VALUE(0.)),(#6690,
    PARAMETER_VALUE(0.410552203142)),.T.,.PARAMETER.);
#6685 = LINE('',#6686,#6687);
#6686 = CARTESIAN_POINT('',(-66.10087727788,88.180620647532,187.95625));
#6687 = VECTOR('',#6688,1.);
#6688 = DIRECTION('',(3.68566812373E-02,0.997899105397,
    5.328189651068E-02));
#6689 = CARTESIAN_POINT('',(-66.10087727788,88.180620647532,187.95625));
#6690 = CARTESIAN_POINT('',(-66.0857456862,88.590310323766,187.978125));
#6691 = TRIMMED_CURVE('',#6692,(#6696,PARAMETER_VALUE(0.)),(#6697,
    PARAMETER_VALUE(0.410304261495)),.T.,.PARAMETER.);
#6692 = LINE('',#6693,#6694);
#6693 = CARTESIAN_POINT('',(-66.0857456862,88.590310323766,187.978125));
#6694 = VECTOR('',#6695,1.);
#6695 = DIRECTION('',(1.229298442036E-02,0.998502123136,
    5.331409408304E-02));
#6696 = CARTESIAN_POINT('',(-66.0857456862,88.590310323766,187.978125));
#6697 = CARTESIAN_POINT('',(-66.0807018223,89.,188.));
#6698 = TRIMMED_CURVE('',#6699,(#6703,PARAMETER_VALUE(0.)),(#6704,
    PARAMETER_VALUE(0.410304261495)),.T.,.PARAMETER.);
#6699 = LINE('',#6700,#6701);
#6700 = CARTESIAN_POINT('',(-66.0807018223,89.,188.));
#6701 = VECTOR('',#6702,1.);
#6702 = DIRECTION('',(-1.229298442036E-02,0.998502123136,
    5.331409408304E-02));
#6703 = CARTESIAN_POINT('',(-66.0807018223,89.,188.));
#6704 = CARTESIAN_POINT('',(-66.0857456862,89.409689676234,188.021875));
#6705 = TRIMMED_CURVE('',#6706,(#6710,PARAMETER_VALUE(0.)),(#6711,
    PARAMETER_VALUE(0.410552203142)),.T.,.PARAMETER.);
#6706 = LINE('',#6707,#6708);
#6707 = CARTESIAN_POINT('',(-66.0857456862,89.409689676234,188.021875));
#6708 = VECTOR('',#6709,1.);
#6709 = DIRECTION('',(-3.685668123726E-02,0.997899105397,
    5.328189651061E-02));
#6710 = CARTESIAN_POINT('',(-66.0857456862,89.409689676234,188.021875));
#6711 = CARTESIAN_POINT('',(-66.10087727788,89.819379352468,188.04375));
#6712 = TRIMMED_CURVE('',#6713,(#6717,PARAMETER_VALUE(0.)),(#6718,
    PARAMETER_VALUE(0.411047637765)),.T.,.PARAMETER.);
#6713 = LINE('',#6714,#6715);
#6714 = CARTESIAN_POINT('',(-66.10087727788,89.819379352468,188.04375));
#6715 = VECTOR('',#6716,1.);
#6716 = DIRECTION('',(-6.135376329588E-02,0.996696340262,
    5.321767598268E-02));
#6717 = CARTESIAN_POINT('',(-66.10087727788,89.819379352468,188.04375));
#6718 = CARTESIAN_POINT('',(-66.12609659735,90.229069028702,188.065625)
  );
#6719 = TRIMMED_CURVE('',#6720,(#6724,PARAMETER_VALUE(0.)),(#6725,
    PARAMETER_VALUE(0.41178967207)),.T.,.PARAMETER.);
#6720 = LINE('',#6721,#6722);
#6721 = CARTESIAN_POINT('',(-66.12609659735,90.229069028702,188.065625)
  );
#6722 = VECTOR('',#6723,1.);
#6723 = DIRECTION('',(-8.574048756871E-02,0.994900319316,
    5.312177911121E-02));
#6724 = CARTESIAN_POINT('',(-66.12609659735,90.229069028702,188.065625)
  );
#6725 = CARTESIAN_POINT('',(-66.16140364461,90.638758704935,188.0875));
#6726 = TRIMMED_CURVE('',#6727,(#6731,PARAMETER_VALUE(0.)),(#6732,
    PARAMETER_VALUE(1.413438052337)),.T.,.PARAMETER.);
#6727 = LINE('',#6728,#6729);
#6728 = CARTESIAN_POINT('',(-66.16140364461,90.638758704935,188.0875));
#6729 = VECTOR('',#6730,1.);
#6730 = DIRECTION('',(-9.787905516484E-02,0.993782724467,
    5.306210617155E-02));
#6731 = CARTESIAN_POINT('',(-66.16140364461,90.638758704935,188.0875));
#6732 = CARTESIAN_POINT('',(-66.29974962571,92.043409023452,188.1625));
#6733 = TRIMMED_CURVE('',#6734,(#6738,PARAMETER_VALUE(0.)),(#6739,
    PARAMETER_VALUE(0.41178967207)),.T.,.PARAMETER.);
#6734 = LINE('',#6735,#6736);
#6735 = CARTESIAN_POINT('',(-66.29974962571,92.043409023452,188.1625));
#6736 = VECTOR('',#6737,1.);
#6737 = DIRECTION('',(-0.110002415527,0.992510727983,5.312177911121E-02)
  );
#6738 = CARTESIAN_POINT('',(-66.29974962571,92.043409023452,188.1625));
#6739 = CARTESIAN_POINT('',(-66.34504748432,92.452114690654,188.184375)
  );
#6740 = TRIMMED_CURVE('',#6741,(#6745,PARAMETER_VALUE(0.)),(#6746,
    PARAMETER_VALUE(0.411047637765)),.T.,.PARAMETER.);
#6741 = LINE('',#6742,#6743);
#6742 = CARTESIAN_POINT('',(-66.34504748432,92.452114690654,188.184375)
  );
#6743 = VECTOR('',#6744,1.);
#6744 = DIRECTION('',(-0.134270942036,0.989514624999,5.321767598261E-02)
  );
#6745 = CARTESIAN_POINT('',(-66.34504748432,92.452114690654,188.184375)
  );
#6746 = CARTESIAN_POINT('',(-66.40023923787,92.858852339794,188.20625));
#6747 = TRIMMED_CURVE('',#6748,(#6752,PARAMETER_VALUE(0.)),(#6753,
    PARAMETER_VALUE(0.410552203142)),.T.,.PARAMETER.);
#6748 = LINE('',#6749,#6750);
#6749 = CARTESIAN_POINT('',(-66.40023923787,92.858852339794,188.20625));
#6750 = VECTOR('',#6751,1.);
#6751 = DIRECTION('',(-0.158531967369,0.985915135712,5.328189651067E-02)
  );
#6752 = CARTESIAN_POINT('',(-66.40023923787,92.858852339794,188.20625));
#6753 = CARTESIAN_POINT('',(-66.46532488634,93.263621970871,188.228125)
  );
#6754 = TRIMMED_CURVE('',#6755,(#6759,PARAMETER_VALUE(0.)),(#6760,
    PARAMETER_VALUE(0.410304261495)),.T.,.PARAMETER.);
#6755 = LINE('',#6756,#6757);
#6756 = CARTESIAN_POINT('',(-66.46532488634,93.263621970871,188.228125)
  );
#6757 = VECTOR('',#6758,1.);
#6758 = DIRECTION('',(-0.182741322565,0.981714427112,5.331409408304E-02)
  );
#6759 = CARTESIAN_POINT('',(-66.46532488634,93.263621970871,188.228125)
  );
#6760 = CARTESIAN_POINT('',(-66.54030442974,93.666423583886,188.25));
#6761 = TRIMMED_CURVE('',#6762,(#6766,PARAMETER_VALUE(0.)),(#6767,
    PARAMETER_VALUE(0.410304261495)),.T.,.PARAMETER.);
#6762 = LINE('',#6763,#6764);
#6763 = CARTESIAN_POINT('',(-66.54030442974,93.666423583886,188.25));
#6764 = VECTOR('',#6765,1.);
#6765 = DIRECTION('',(-0.206854878908,0.976917942534,5.331409408304E-02)
  );
#6766 = CARTESIAN_POINT('',(-66.54030442974,93.666423583886,188.25));
#6767 = CARTESIAN_POINT('',(-66.62517786806,94.067257178838,188.271875)
  );
#6768 = TRIMMED_CURVE('',#6769,(#6773,PARAMETER_VALUE(0.)),(#6774,
    PARAMETER_VALUE(0.410552203142)),.T.,.PARAMETER.);
#6769 = LINE('',#6770,#6771);
#6770 = CARTESIAN_POINT('',(-66.62517786806,94.067257178838,188.271875)
  );
#6771 = VECTOR('',#6772,1.);
#6772 = DIRECTION('',(-0.230828948254,0.97153437209,5.328189651061E-02)
  );
#6773 = CARTESIAN_POINT('',(-66.62517786806,94.067257178838,188.271875)
  );
#6774 = CARTESIAN_POINT('',(-66.71994520132,94.466122755727,188.29375));
#6775 = TRIMMED_CURVE('',#6776,(#6780,PARAMETER_VALUE(0.)),(#6781,
    PARAMETER_VALUE(0.411047637765)),.T.,.PARAMETER.);
#6776 = LINE('',#6777,#6778);
#6777 = CARTESIAN_POINT('',(-66.71994520132,94.466122755727,188.29375));
#6778 = VECTOR('',#6779,1.);
#6779 = DIRECTION('',(-0.254620677912,0.965575574123,5.321767598268E-02)
  );
#6780 = CARTESIAN_POINT('',(-66.71994520132,94.466122755727,188.29375));
#6781 = CARTESIAN_POINT('',(-66.8246064295,94.863020314554,188.315625));
#6782 = TRIMMED_CURVE('',#6783,(#6787,PARAMETER_VALUE(0.)),(#6788,
    PARAMETER_VALUE(0.41178967207)),.T.,.PARAMETER.);
#6783 = LINE('',#6784,#6785);
#6784 = CARTESIAN_POINT('',(-66.8246064295,94.863020314554,188.315625));
#6785 = VECTOR('',#6786,1.);
#6786 = DIRECTION('',(-0.278188431811,0.959056449324,5.312177911121E-02)
  );
#6787 = CARTESIAN_POINT('',(-66.8246064295,94.863020314554,188.315625));
#6788 = CARTESIAN_POINT('',(-66.93916155261,95.257949855318,188.3375));
#6789 = TRIMMED_CURVE('',#6790,(#6794,PARAMETER_VALUE(0.)),(#6795,
    PARAMETER_VALUE(1.413438052337)),.T.,.PARAMETER.);
#6790 = LINE('',#6791,#6792);
#6791 = CARTESIAN_POINT('',(-66.93916155261,95.257949855318,188.3375));
#6792 = VECTOR('',#6793,1.);
#6793 = DIRECTION('',(-0.289875728296,0.955592211685,5.306210617155E-02)
  );
#6794 = CARTESIAN_POINT('',(-66.93916155261,95.257949855318,188.3375));
#6795 = CARTESIAN_POINT('',(-67.34888293743,96.608620249831,188.4125));
#6796 = TRIMMED_CURVE('',#6797,(#6801,PARAMETER_VALUE(0.)),(#6802,
    PARAMETER_VALUE(0.41178967207)),.T.,.PARAMETER.);
#6797 = LINE('',#6798,#6799);
#6798 = CARTESIAN_POINT('',(-67.34888293743,96.608620249831,188.4125));
#6799 = VECTOR('',#6800,1.);
#6800 = DIRECTION('',(-0.301517987485,0.951979505981,5.312177911121E-02)
  );
#6801 = CARTESIAN_POINT('',(-67.34888293743,96.608620249831,188.4125));
#6802 = CARTESIAN_POINT('',(-67.47304493062,97.000635578416,188.434375)
  );
#6803 = TRIMMED_CURVE('',#6804,(#6808,PARAMETER_VALUE(0.)),(#6809,
    PARAMETER_VALUE(0.411047637765)),.T.,.PARAMETER.);
#6804 = LINE('',#6805,#6806);
#6805 = CARTESIAN_POINT('',(-67.47304493062,97.000635578416,188.434375)
  );
#6806 = VECTOR('',#6807,1.);
#6807 = DIRECTION('',(-0.324735690366,0.944306417624,5.321767598261E-02)
  );
#6808 = CARTESIAN_POINT('',(-67.47304493062,97.000635578416,188.434375)
  );
#6809 = CARTESIAN_POINT('',(-67.60652676904,97.388790500707,188.45625));
#6810 = TRIMMED_CURVE('',#6811,(#6815,PARAMETER_VALUE(0.)),(#6816,
    PARAMETER_VALUE(0.410552203142)),.T.,.PARAMETER.);
#6811 = LINE('',#6812,#6813);
#6812 = CARTESIAN_POINT('',(-67.60652676904,97.388790500707,188.45625));
#6813 = VECTOR('',#6814,1.);
#6814 = DIRECTION('',(-0.347828321376,0.936043000269,5.328189651068E-02)
  );
#6815 = CARTESIAN_POINT('',(-67.60652676904,97.388790500707,188.45625));
#6816 = CARTESIAN_POINT('',(-67.7493284527,97.773085016703,188.478125));
#6817 = TRIMMED_CURVE('',#6818,(#6822,PARAMETER_VALUE(0.)),(#6823,
    PARAMETER_VALUE(0.410304261495)),.T.,.PARAMETER.);
#6818 = LINE('',#6819,#6820);
#6819 = CARTESIAN_POINT('',(-67.7493284527,97.773085016703,188.478125));
#6820 = VECTOR('',#6821,1.);
#6821 = DIRECTION('',(-0.370752983006,0.927199996206,5.331409408304E-02)
  );
#6822 = CARTESIAN_POINT('',(-67.7493284527,97.773085016703,188.478125));
#6823 = CARTESIAN_POINT('',(-67.90144998159,98.153519126404,188.5));
#6824 = TRIMMED_CURVE('',#6825,(#6829,PARAMETER_VALUE(0.)),(#6830,
    PARAMETER_VALUE(0.410304261495)),.T.,.PARAMETER.);
#6825 = LINE('',#6826,#6827);
#6826 = CARTESIAN_POINT('',(-67.90144998159,98.153519126404,188.5));
#6827 = VECTOR('',#6828,1.);
#6828 = DIRECTION('',(-0.393467456405,0.917791353262,5.331409408304E-02)
  );
#6829 = CARTESIAN_POINT('',(-67.90144998159,98.153519126404,188.5));
#6830 = CARTESIAN_POINT('',(-68.06289135571,98.53009282981,188.521875));
#6831 = TRIMMED_CURVE('',#6832,(#6836,PARAMETER_VALUE(0.)),(#6837,
    PARAMETER_VALUE(0.410552203142)),.T.,.PARAMETER.);
#6832 = LINE('',#6833,#6834);
#6833 = CARTESIAN_POINT('',(-68.06289135571,98.53009282981,188.521875));
#6834 = VECTOR('',#6835,1.);
#6835 = DIRECTION('',(-0.415930588239,0.907834117706,5.328189651061E-02)
  );
#6836 = CARTESIAN_POINT('',(-68.06289135571,98.53009282981,188.521875));
#6837 = CARTESIAN_POINT('',(-68.23365257507,98.902806126922,188.54375));
#6838 = TRIMMED_CURVE('',#6839,(#6843,PARAMETER_VALUE(0.)),(#6844,
    PARAMETER_VALUE(0.411047637765)),.T.,.PARAMETER.);
#6839 = LINE('',#6840,#6841);
#6840 = CARTESIAN_POINT('',(-68.23365257507,98.902806126922,188.54375));
#6841 = VECTOR('',#6842,1.);
#6842 = DIRECTION('',(-0.438102662669,0.897348280171,5.321767598268E-02)
  );
#6843 = CARTESIAN_POINT('',(-68.23365257507,98.902806126922,188.54375));
#6844 = CARTESIAN_POINT('',(-68.41373363966,99.271659017738,188.565625)
  );
#6845 = TRIMMED_CURVE('',#6846,(#6850,PARAMETER_VALUE(0.)),(#6851,
    PARAMETER_VALUE(0.41178967207)),.T.,.PARAMETER.);
#6846 = LINE('',#6847,#6848);
#6847 = CARTESIAN_POINT('',(-68.41373363966,99.271659017738,188.565625)
  );
#6848 = VECTOR('',#6849,1.);
#6849 = DIRECTION('',(-0.459945750629,0.88635657783,5.31217791112E-02));
#6850 = CARTESIAN_POINT('',(-68.41373363966,99.271659017738,188.565625)
  );
#6851 = CARTESIAN_POINT('',(-68.60313454948,99.63665150226,188.5875));
#6852 = TRIMMED_CURVE('',#6853,(#6857,PARAMETER_VALUE(0.)),(#6858,
    PARAMETER_VALUE(1.413438052337)),.T.,.PARAMETER.);
#6853 = LINE('',#6854,#6855);
#6854 = CARTESIAN_POINT('',(-68.60313454948,99.63665150226,188.5875));
#6855 = VECTOR('',#6856,1.);
#6856 = DIRECTION('',(-0.470732639752,0.880678826111,5.306210617155E-02)
  );
#6857 = CARTESIAN_POINT('',(-68.60313454948,99.63665150226,188.5875));
#6858 = CARTESIAN_POINT('',(-69.26848597498,100.88143646697,188.6625));
#6859 = TRIMMED_CURVE('',#6860,(#6864,PARAMETER_VALUE(0.)),(#6865,
    PARAMETER_VALUE(0.41178967207)),.T.,.PARAMETER.);
#6860 = LINE('',#6861,#6862);
#6861 = CARTESIAN_POINT('',(-69.26848597498,100.88143646697,188.6625));
#6862 = VECTOR('',#6863,1.);
#6863 = DIRECTION('',(-0.481446392276,0.874864245439,5.312177911121E-02)
  );
#6864 = CARTESIAN_POINT('',(-69.26848597498,100.88143646697,188.6625));
#6865 = CARTESIAN_POINT('',(-69.46674062698,101.2416965277,188.684375));
#6866 = TRIMMED_CURVE('',#6867,(#6871,PARAMETER_VALUE(0.)),(#6872,
    PARAMETER_VALUE(0.411047637765)),.T.,.PARAMETER.);
#6867 = LINE('',#6868,#6869);
#6868 = CARTESIAN_POINT('',(-69.46674062698,101.2416965277,188.684375));
#6869 = VECTOR('',#6870,1.);
#6870 = DIRECTION('',(-0.502721028228,0.862809044192,5.321767598261E-02)
  );
#6871 = CARTESIAN_POINT('',(-69.46674062698,101.2416965277,188.684375));
#6872 = CARTESIAN_POINT('',(-69.67338291808,101.59635214716,188.70625));
#6873 = TRIMMED_CURVE('',#6874,(#6878,PARAMETER_VALUE(0.)),(#6879,
    PARAMETER_VALUE(0.410552203142)),.T.,.PARAMETER.);
#6874 = LINE('',#6875,#6876);
#6875 = CARTESIAN_POINT('',(-69.67338291808,101.59635214716,188.70625));
#6876 = VECTOR('',#6877,1.);
#6877 = DIRECTION('',(-0.523757828056,0.850199257265,5.328189651067E-02)
  );
#6878 = CARTESIAN_POINT('',(-69.67338291808,101.59635214716,188.70625));
#6879 = CARTESIAN_POINT('',(-69.88841284831,101.94540332534,188.728125)
  );
#6880 = TRIMMED_CURVE('',#6881,(#6885,PARAMETER_VALUE(0.)),(#6886,
    PARAMETER_VALUE(0.410304261495)),.T.,.PARAMETER.);
#6881 = LINE('',#6882,#6883);
#6882 = CARTESIAN_POINT('',(-69.88841284831,101.94540332534,188.728125)
  );
#6883 = VECTOR('',#6884,1.);
#6884 = DIRECTION('',(-0.544516814231,0.837053789426,5.331409408304E-02)
  );
#6885 = CARTESIAN_POINT('',(-69.88841284831,101.94540332534,188.728125)
  );
#6886 = CARTESIAN_POINT('',(-70.11183041764,102.28885006224,188.75));
#6887 = TRIMMED_CURVE('',#6888,(#6892,PARAMETER_VALUE(0.)),(#6893,
    PARAMETER_VALUE(0.410304261495)),.T.,.PARAMETER.);
#6888 = LINE('',#6889,#6890);
#6889 = CARTESIAN_POINT('',(-70.11183041764,102.28885006224,188.75));
#6890 = VECTOR('',#6891,1.);
#6891 = DIRECTION('',(-0.564959300211,0.823394556988,5.331409408305E-02)
  );
#6892 = CARTESIAN_POINT('',(-70.11183041764,102.28885006224,188.75));
#6893 = CARTESIAN_POINT('',(-70.34363562609,102.62669235787,188.771875)
  );
#6894 = TRIMMED_CURVE('',#6895,(#6899,PARAMETER_VALUE(0.)),(#6900,
    PARAMETER_VALUE(0.410552203142)),.T.,.PARAMETER.);
#6895 = LINE('',#6896,#6897);
#6896 = CARTESIAN_POINT('',(-70.34363562609,102.62669235787,188.771875)
  );
#6897 = VECTOR('',#6898,1.);
#6898 = DIRECTION('',(-0.585048248975,0.809246307298,5.328189651061E-02)
  );
#6899 = CARTESIAN_POINT('',(-70.34363562609,102.62669235787,188.771875)
  );
#6900 = CARTESIAN_POINT('',(-70.58382847365,102.95893021221,188.79375));
#6901 = TRIMMED_CURVE('',#6902,(#6906,PARAMETER_VALUE(0.)),(#6907,
    PARAMETER_VALUE(0.411047637765)),.T.,.PARAMETER.);
#6902 = LINE('',#6903,#6904);
#6903 = CARTESIAN_POINT('',(-70.58382847365,102.95893021221,188.79375));
#6904 = VECTOR('',#6905,1.);
#6905 = DIRECTION('',(-0.60474860779,0.79463639505,5.321767598268E-02));
#6906 = CARTESIAN_POINT('',(-70.58382847365,102.95893021221,188.79375));
#6907 = CARTESIAN_POINT('',(-70.83240896032,103.28556362528,188.815625)
  );
#6908 = TRIMMED_CURVE('',#6909,(#6913,PARAMETER_VALUE(0.)),(#6914,
    PARAMETER_VALUE(0.41178967207)),.T.,.PARAMETER.);
#6909 = LINE('',#6910,#6911);
#6910 = CARTESIAN_POINT('',(-70.83240896032,103.28556362528,188.815625)
  );
#6911 = VECTOR('',#6912,1.);
#6912 = DIRECTION('',(-0.624027612191,0.779594520124,5.312177911121E-02)
  );
#6913 = CARTESIAN_POINT('',(-70.83240896032,103.28556362528,188.815625)
  );
#6914 = CARTESIAN_POINT('',(-71.08937708611,103.60659259707,188.8375));
#6915 = TRIMMED_CURVE('',#6916,(#6920,PARAMETER_VALUE(0.)),(#6921,
    PARAMETER_VALUE(1.413438052337)),.T.,.PARAMETER.);
#6916 = LINE('',#6917,#6918);
#6917 = CARTESIAN_POINT('',(-71.08937708611,103.60659259707,188.8375));
#6918 = VECTOR('',#6919,1.);
#6919 = DIRECTION('',(-0.633499559853,0.77192144714,5.306210617155E-02)
  );
#6920 = CARTESIAN_POINT('',(-71.08937708611,103.60659259707,188.8375));
#6921 = CARTESIAN_POINT('',(-71.98478947014,104.69765574387,188.9125));
#6922 = TRIMMED_CURVE('',#6923,(#6927,PARAMETER_VALUE(0.)),(#6928,
    PARAMETER_VALUE(0.41178967207)),.T.,.PARAMETER.);
#6923 = LINE('',#6924,#6925);
#6924 = CARTESIAN_POINT('',(-71.98478947014,104.69765574387,188.9125));
#6925 = VECTOR('',#6926,1.);
#6926 = DIRECTION('',(-0.642873082211,0.764128442575,5.312177911121E-02)
  );
#6927 = CARTESIAN_POINT('',(-71.98478947014,104.69765574387,188.9125));
#6928 = CARTESIAN_POINT('',(-72.24951796585,105.01231594466,188.934375)
  );
#6929 = TRIMMED_CURVE('',#6930,(#6934,PARAMETER_VALUE(0.)),(#6935,
    PARAMETER_VALUE(0.411047637765)),.T.,.PARAMETER.);
#6930 = LINE('',#6931,#6932);
#6931 = CARTESIAN_POINT('',(-72.24951796585,105.01231594466,188.934375)
  );
#6932 = VECTOR('',#6933,1.);
#6933 = DIRECTION('',(-0.661387078906,0.748154403061,5.321767598261E-02)
  );
#6934 = CARTESIAN_POINT('',(-72.24951796585,105.01231594466,188.934375)
  );
#6935 = CARTESIAN_POINT('',(-72.52137956228,105.31984304472,188.95625));
#6936 = TRIMMED_CURVE('',#6937,(#6941,PARAMETER_VALUE(0.)),(#6942,
    PARAMETER_VALUE(0.410552203142)),.T.,.PARAMETER.);
#6937 = LINE('',#6938,#6939);
#6938 = CARTESIAN_POINT('',(-72.52137956228,105.31984304472,188.95625));
#6939 = VECTOR('',#6940,1.);
#6940 = DIRECTION('',(-0.679559615131,0.731682833601,5.328189651067E-02)
  );
#6941 = CARTESIAN_POINT('',(-72.52137956228,105.31984304472,188.95625));
#6942 = CARTESIAN_POINT('',(-72.80037425944,105.62023704406,188.978125)
  );
#6943 = TRIMMED_CURVE('',#6944,(#6948,PARAMETER_VALUE(0.)),(#6949,
    PARAMETER_VALUE(0.410304261495)),.T.,.PARAMETER.);
#6944 = LINE('',#6945,#6946);
#6945 = CARTESIAN_POINT('',(-72.80037425944,105.62023704406,188.978125)
  );
#6946 = VECTOR('',#6947,1.);
#6947 = DIRECTION('',(-0.697355169654,0.714740074943,5.331409408304E-02)
  );
#6948 = CARTESIAN_POINT('',(-72.80037425944,105.62023704406,188.978125)
  );
#6949 = CARTESIAN_POINT('',(-73.08650205733,105.91349794267,189.));
#6950 = TRIMMED_CURVE('',#6951,(#6955,PARAMETER_VALUE(0.)),(#6956,
    PARAMETER_VALUE(0.410304261495)),.T.,.PARAMETER.);
#6951 = LINE('',#6952,#6953);
#6952 = CARTESIAN_POINT('',(-73.08650205733,105.91349794267,189.));
#6953 = VECTOR('',#6954,1.);
#6954 = DIRECTION('',(-0.714740074943,0.697355169654,5.331409408304E-02)
  );
#6955 = CARTESIAN_POINT('',(-73.08650205733,105.91349794267,189.));
#6956 = CARTESIAN_POINT('',(-73.37976295594,106.19962574055,189.021875)
  );
#6957 = TRIMMED_CURVE('',#6958,(#6962,PARAMETER_VALUE(0.)),(#6963,
    PARAMETER_VALUE(0.410552203142)),.T.,.PARAMETER.);
#6958 = LINE('',#6959,#6960);
#6959 = CARTESIAN_POINT('',(-73.37976295594,106.19962574055,189.021875)
  );
#6960 = VECTOR('',#6961,1.);
#6961 = DIRECTION('',(-0.731682833601,0.679559615131,5.328189651061E-02)
  );
#6962 = CARTESIAN_POINT('',(-73.37976295594,106.19962574055,189.021875)
  );
#6963 = CARTESIAN_POINT('',(-73.68015695527,106.47862043771,189.04375));
#6964 = TRIMMED_CURVE('',#6965,(#6969,PARAMETER_VALUE(0.)),(#6970,
    PARAMETER_VALUE(0.411047637765)),.T.,.PARAMETER.);
#6965 = LINE('',#6966,#6967);
#6966 = CARTESIAN_POINT('',(-73.68015695527,106.47862043771,189.04375));
#6967 = VECTOR('',#6968,1.);
#6968 = DIRECTION('',(-0.748154403061,0.661387078906,5.321767598268E-02)
  );
#6969 = CARTESIAN_POINT('',(-73.68015695527,106.47862043771,189.04375));
#6970 = CARTESIAN_POINT('',(-73.98768405533,106.75048203414,189.065625)
  );
#6971 = TRIMMED_CURVE('',#6972,(#6976,PARAMETER_VALUE(0.)),(#6977,
    PARAMETER_VALUE(0.41178967207)),.T.,.PARAMETER.);
#6972 = LINE('',#6973,#6974);
#6973 = CARTESIAN_POINT('',(-73.98768405533,106.75048203414,189.065625)
  );
#6974 = VECTOR('',#6975,1.);
#6975 = DIRECTION('',(-0.764128442575,0.642873082211,5.312177911121E-02)
  );
#6976 = CARTESIAN_POINT('',(-73.98768405533,106.75048203414,189.065625)
  );
#6977 = CARTESIAN_POINT('',(-74.30234425612,107.01521052985,189.0875));
#6978 = TRIMMED_CURVE('',#6979,(#6983,PARAMETER_VALUE(0.)),(#6984,
    PARAMETER_VALUE(1.413438052337)),.T.,.PARAMETER.);
#6979 = LINE('',#6980,#6981);
#6980 = CARTESIAN_POINT('',(-74.30234425612,107.01521052985,189.0875));
#6981 = VECTOR('',#6982,1.);
#6982 = DIRECTION('',(-0.77192144714,0.633499559853,5.306210617155E-02)
  );
#6983 = CARTESIAN_POINT('',(-74.30234425612,107.01521052985,189.0875));
#6984 = CARTESIAN_POINT('',(-75.39340740292,107.91062291388,189.1625));
#6985 = TRIMMED_CURVE('',#6986,(#6990,PARAMETER_VALUE(0.)),(#6991,
    PARAMETER_VALUE(0.41178967207)),.T.,.PARAMETER.);
#6986 = LINE('',#6987,#6988);
#6987 = CARTESIAN_POINT('',(-75.39340740292,107.91062291388,189.1625));
#6988 = VECTOR('',#6989,1.);
#6989 = DIRECTION('',(-0.779594520124,0.624027612191,5.312177911121E-02)
  );
#6990 = CARTESIAN_POINT('',(-75.39340740292,107.91062291388,189.1625));
#6991 = CARTESIAN_POINT('',(-75.71443637471,108.16759103967,189.184375)
  );
#6992 = TRIMMED_CURVE('',#6993,(#6997,PARAMETER_VALUE(0.)),(#6998,
    PARAMETER_VALUE(0.411047637765)),.T.,.PARAMETER.);
#6993 = LINE('',#6994,#6995);
#6994 = CARTESIAN_POINT('',(-75.71443637471,108.16759103967,189.184375)
  );
#6995 = VECTOR('',#6996,1.);
#6996 = DIRECTION('',(-0.79463639505,0.60474860779,5.321767598261E-02));
#6997 = CARTESIAN_POINT('',(-75.71443637471,108.16759103967,189.184375)
  );
#6998 = CARTESIAN_POINT('',(-76.04106978778,108.41617152634,189.20625));
#6999 = TRIMMED_CURVE('',#7000,(#7004,PARAMETER_VALUE(0.)),(#7005,
    PARAMETER_VALUE(0.410552203142)),.T.,.PARAMETER.);
#7000 = LINE('',#7001,#7002);
#7001 = CARTESIAN_POINT('',(-76.04106978778,108.41617152634,189.20625));
#7002 = VECTOR('',#7003,1.);
#7003 = DIRECTION('',(-0.809246307298,0.585048248975,5.328189651068E-02)
  );
#7004 = CARTESIAN_POINT('',(-76.04106978778,108.41617152634,189.20625));
#7005 = CARTESIAN_POINT('',(-76.37330764213,108.6563643739,189.228125));
#7006 = TRIMMED_CURVE('',#7007,(#7011,PARAMETER_VALUE(0.)),(#7012,
    PARAMETER_VALUE(0.410304261495)),.T.,.PARAMETER.);
#7007 = LINE('',#7008,#7009);
#7008 = CARTESIAN_POINT('',(-76.37330764213,108.6563643739,189.228125));
#7009 = VECTOR('',#7010,1.);
#7010 = DIRECTION('',(-0.823394556988,0.564959300211,5.331409408304E-02)
  );
#7011 = CARTESIAN_POINT('',(-76.37330764213,108.6563643739,189.228125));
#7012 = CARTESIAN_POINT('',(-76.71114993775,108.88816958235,189.25));
#7013 = TRIMMED_CURVE('',#7014,(#7018,PARAMETER_VALUE(0.)),(#7019,
    PARAMETER_VALUE(0.410304261495)),.T.,.PARAMETER.);
#7014 = LINE('',#7015,#7016);
#7015 = CARTESIAN_POINT('',(-76.71114993775,108.88816958235,189.25));
#7016 = VECTOR('',#7017,1.);
#7017 = DIRECTION('',(-0.837053789426,0.544516814231,5.331409408304E-02)
  );
#7018 = CARTESIAN_POINT('',(-76.71114993775,108.88816958235,189.25));
#7019 = CARTESIAN_POINT('',(-77.05459667465,109.11158715169,189.271875)
  );
#7020 = TRIMMED_CURVE('',#7021,(#7025,PARAMETER_VALUE(0.)),(#7026,
    PARAMETER_VALUE(0.410552203142)),.T.,.PARAMETER.);
#7021 = LINE('',#7022,#7023);
#7022 = CARTESIAN_POINT('',(-77.05459667465,109.11158715169,189.271875)
  );
#7023 = VECTOR('',#7024,1.);
#7024 = DIRECTION('',(-0.850199257265,0.523757828056,5.328189651061E-02)
  );
#7025 = CARTESIAN_POINT('',(-77.05459667465,109.11158715169,189.271875)
  );
#7026 = CARTESIAN_POINT('',(-77.40364785283,109.32661708191,189.29375));
#7027 = TRIMMED_CURVE('',#7028,(#7032,PARAMETER_VALUE(0.)),(#7033,
    PARAMETER_VALUE(0.411047637765)),.T.,.PARAMETER.);
#7028 = LINE('',#7029,#7030);
#7029 = CARTESIAN_POINT('',(-77.40364785283,109.32661708191,189.29375));
#7030 = VECTOR('',#7031,1.);
#7031 = DIRECTION('',(-0.862809044192,0.502721028228,5.321767598268E-02)
  );
#7032 = CARTESIAN_POINT('',(-77.40364785283,109.32661708191,189.29375));
#7033 = CARTESIAN_POINT('',(-77.75830347229,109.53325937302,189.315625)
  );
#7034 = TRIMMED_CURVE('',#7035,(#7039,PARAMETER_VALUE(0.)),(#7040,
    PARAMETER_VALUE(0.41178967207)),.T.,.PARAMETER.);
#7035 = LINE('',#7036,#7037);
#7036 = CARTESIAN_POINT('',(-77.75830347229,109.53325937302,189.315625)
  );
#7037 = VECTOR('',#7038,1.);
#7038 = DIRECTION('',(-0.874864245439,0.481446392276,5.312177911121E-02)
  );
#7039 = CARTESIAN_POINT('',(-77.75830347229,109.53325937302,189.315625)
  );
#7040 = CARTESIAN_POINT('',(-78.11856353302,109.73151402501,189.3375));
#7041 = TRIMMED_CURVE('',#7042,(#7046,PARAMETER_VALUE(0.)),(#7047,
    PARAMETER_VALUE(1.413438052337)),.T.,.PARAMETER.);
#7042 = LINE('',#7043,#7044);
#7043 = CARTESIAN_POINT('',(-78.11856353302,109.73151402501,189.3375));
#7044 = VECTOR('',#7045,1.);
#7045 = DIRECTION('',(-0.880678826111,0.470732639752,5.306210617155E-02)
  );
#7046 = CARTESIAN_POINT('',(-78.11856353302,109.73151402501,189.3375));
#7047 = CARTESIAN_POINT('',(-79.36334849774,110.39686545051,189.4125));
#7048 = TRIMMED_CURVE('',#7049,(#7053,PARAMETER_VALUE(0.)),(#7054,
    PARAMETER_VALUE(0.41178967207)),.T.,.PARAMETER.);
#7049 = LINE('',#7050,#7051);
#7050 = CARTESIAN_POINT('',(-79.36334849774,110.39686545051,189.4125));
#7051 = VECTOR('',#7052,1.);
#7052 = DIRECTION('',(-0.88635657783,0.459945750629,5.312177911121E-02)
  );
#7053 = CARTESIAN_POINT('',(-79.36334849774,110.39686545051,189.4125));
#7054 = CARTESIAN_POINT('',(-79.72834098226,110.58626636033,189.434375)
  );
#7055 = TRIMMED_CURVE('',#7056,(#7060,PARAMETER_VALUE(0.)),(#7061,
    PARAMETER_VALUE(0.411047637765)),.T.,.PARAMETER.);
#7056 = LINE('',#7057,#7058);
#7057 = CARTESIAN_POINT('',(-79.72834098226,110.58626636033,189.434375)
  );
#7058 = VECTOR('',#7059,1.);
#7059 = DIRECTION('',(-0.897348280171,0.438102662669,5.321767598261E-02)
  );
#7060 = CARTESIAN_POINT('',(-79.72834098226,110.58626636033,189.434375)
  );
#7061 = CARTESIAN_POINT('',(-80.09719387307,110.76634742492,189.45625));
#7062 = TRIMMED_CURVE('',#7063,(#7067,PARAMETER_VALUE(0.)),(#7068,
    PARAMETER_VALUE(0.410552203142)),.T.,.PARAMETER.);
#7063 = LINE('',#7064,#7065);
#7064 = CARTESIAN_POINT('',(-80.09719387307,110.76634742492,189.45625));
#7065 = VECTOR('',#7066,1.);
#7066 = DIRECTION('',(-0.907834117706,0.415930588239,5.328189651068E-02)
  );
#7067 = CARTESIAN_POINT('',(-80.09719387307,110.76634742492,189.45625));
#7068 = CARTESIAN_POINT('',(-80.46990717019,110.93710864428,189.478125)
  );
#7069 = TRIMMED_CURVE('',#7070,(#7074,PARAMETER_VALUE(0.)),(#7075,
    PARAMETER_VALUE(0.410304261495)),.T.,.PARAMETER.);
#7070 = LINE('',#7071,#7072);
#7071 = CARTESIAN_POINT('',(-80.46990717019,110.93710864428,189.478125)
  );
#7072 = VECTOR('',#7073,1.);
#7073 = DIRECTION('',(-0.917791353262,0.393467456405,5.331409408304E-02)
  );
#7074 = CARTESIAN_POINT('',(-80.46990717019,110.93710864428,189.478125)
  );
#7075 = CARTESIAN_POINT('',(-80.84648087359,111.0985500184,189.5));
#7076 = TRIMMED_CURVE('',#7077,(#7081,PARAMETER_VALUE(0.)),(#7082,
    PARAMETER_VALUE(0.410304261495)),.T.,.PARAMETER.);
#7077 = LINE('',#7078,#7079);
#7078 = CARTESIAN_POINT('',(-80.84648087359,111.0985500184,189.5));
#7079 = VECTOR('',#7080,1.);
#7080 = DIRECTION('',(-0.927199996206,0.370752983006,5.331409408304E-02)
  );
#7081 = CARTESIAN_POINT('',(-80.84648087359,111.0985500184,189.5));
#7082 = CARTESIAN_POINT('',(-81.22691498329,111.25067154729,189.521875)
  );
#7083 = TRIMMED_CURVE('',#7084,(#7088,PARAMETER_VALUE(0.)),(#7089,
    PARAMETER_VALUE(0.410552203142)),.T.,.PARAMETER.);
#7084 = LINE('',#7085,#7086);
#7085 = CARTESIAN_POINT('',(-81.22691498329,111.25067154729,189.521875)
  );
#7086 = VECTOR('',#7087,1.);
#7087 = DIRECTION('',(-0.936043000269,0.347828321376,5.328189651061E-02)
  );
#7088 = CARTESIAN_POINT('',(-81.22691498329,111.25067154729,189.521875)
  );
#7089 = CARTESIAN_POINT('',(-81.61120949929,111.39347323095,189.54375));
#7090 = TRIMMED_CURVE('',#7091,(#7095,PARAMETER_VALUE(0.)),(#7096,
    PARAMETER_VALUE(0.411047637765)),.T.,.PARAMETER.);
#7091 = LINE('',#7092,#7093);
#7092 = CARTESIAN_POINT('',(-81.61120949929,111.39347323095,189.54375));
#7093 = VECTOR('',#7094,1.);
#7094 = DIRECTION('',(-0.944306417624,0.324735690366,5.321767598268E-02)
  );
#7095 = CARTESIAN_POINT('',(-81.61120949929,111.39347323095,189.54375));
#7096 = CARTESIAN_POINT('',(-81.99936442158,111.52695506937,189.565625)
  );
#7097 = TRIMMED_CURVE('',#7098,(#7102,PARAMETER_VALUE(0.)),(#7103,
    PARAMETER_VALUE(0.41178967207)),.T.,.PARAMETER.);
#7098 = LINE('',#7099,#7100);
#7099 = CARTESIAN_POINT('',(-81.99936442158,111.52695506937,189.565625)
  );
#7100 = VECTOR('',#7101,1.);
#7101 = DIRECTION('',(-0.951979505981,0.301517987485,5.31217791112E-02)
  );
#7102 = CARTESIAN_POINT('',(-81.99936442158,111.52695506937,189.565625)
  );
#7103 = CARTESIAN_POINT('',(-82.39137975016,111.65111706256,189.5875));
#7104 = TRIMMED_CURVE('',#7105,(#7109,PARAMETER_VALUE(0.)),(#7110,
    PARAMETER_VALUE(1.413438052337)),.T.,.PARAMETER.);
#7105 = LINE('',#7106,#7107);
#7106 = CARTESIAN_POINT('',(-82.39137975016,111.65111706256,189.5875));
#7107 = VECTOR('',#7108,1.);
#7108 = DIRECTION('',(-0.955592211685,0.289875728296,5.306210617155E-02)
  );
#7109 = CARTESIAN_POINT('',(-82.39137975016,111.65111706256,189.5875));
#7110 = CARTESIAN_POINT('',(-83.74205014468,112.06083844738,189.6625));
#7111 = TRIMMED_CURVE('',#7112,(#7116,PARAMETER_VALUE(0.)),(#7117,
    PARAMETER_VALUE(0.41178967207)),.T.,.PARAMETER.);
#7112 = LINE('',#7113,#7114);
#7113 = CARTESIAN_POINT('',(-83.74205014468,112.06083844738,189.6625));
#7114 = VECTOR('',#7115,1.);
#7115 = DIRECTION('',(-0.959056449324,0.278188431811,5.312177911121E-02)
  );
#7116 = CARTESIAN_POINT('',(-83.74205014468,112.06083844738,189.6625));
#7117 = CARTESIAN_POINT('',(-84.13697968544,112.17539357049,189.684375)
  );
#7118 = TRIMMED_CURVE('',#7119,(#7123,PARAMETER_VALUE(0.)),(#7124,
    PARAMETER_VALUE(0.411047637765)),.T.,.PARAMETER.);
#7119 = LINE('',#7120,#7121);
#7120 = CARTESIAN_POINT('',(-84.13697968544,112.17539357049,189.684375)
  );
#7121 = VECTOR('',#7122,1.);
#7122 = DIRECTION('',(-0.965575574123,0.254620677912,5.321767598261E-02)
  );
#7123 = CARTESIAN_POINT('',(-84.13697968544,112.17539357049,189.684375)
  );
#7124 = CARTESIAN_POINT('',(-84.53387724427,112.28005479867,189.70625));
#7125 = TRIMMED_CURVE('',#7126,(#7130,PARAMETER_VALUE(0.)),(#7131,
    PARAMETER_VALUE(0.410552203142)),.T.,.PARAMETER.);
#7126 = LINE('',#7127,#7128);
#7127 = CARTESIAN_POINT('',(-84.53387724427,112.28005479867,189.70625));
#7128 = VECTOR('',#7129,1.);
#7129 = DIRECTION('',(-0.97153437209,0.230828948254,5.328189651068E-02)
  );
#7130 = CARTESIAN_POINT('',(-84.53387724427,112.28005479867,189.70625));
#7131 = CARTESIAN_POINT('',(-84.93274282116,112.37482213193,189.728125)
  );
#7132 = TRIMMED_CURVE('',#7133,(#7137,PARAMETER_VALUE(0.)),(#7138,
    PARAMETER_VALUE(0.410304261495)),.T.,.PARAMETER.);
#7133 = LINE('',#7134,#7135);
#7134 = CARTESIAN_POINT('',(-84.93274282116,112.37482213193,189.728125)
  );
#7135 = VECTOR('',#7136,1.);
#7136 = DIRECTION('',(-0.976917942534,0.206854878908,5.331409408304E-02)
  );
#7137 = CARTESIAN_POINT('',(-84.93274282116,112.37482213193,189.728125)
  );
#7138 = CARTESIAN_POINT('',(-85.33357641611,112.45969557025,189.75));
#7139 = TRIMMED_CURVE('',#7140,(#7144,PARAMETER_VALUE(0.)),(#7145,
    PARAMETER_VALUE(0.410304261495)),.T.,.PARAMETER.);
#7140 = LINE('',#7141,#7142);
#7141 = CARTESIAN_POINT('',(-85.33357641611,112.45969557025,189.75));
#7142 = VECTOR('',#7143,1.);
#7143 = DIRECTION('',(-0.981714427112,0.182741322565,5.331409408304E-02)
  );
#7144 = CARTESIAN_POINT('',(-85.33357641611,112.45969557025,189.75));
#7145 = CARTESIAN_POINT('',(-85.73637802912,112.53467511365,189.771875)
  );
#7146 = TRIMMED_CURVE('',#7147,(#7151,PARAMETER_VALUE(0.)),(#7152,
    PARAMETER_VALUE(0.410552203142)),.T.,.PARAMETER.);
#7147 = LINE('',#7148,#7149);
#7148 = CARTESIAN_POINT('',(-85.73637802912,112.53467511365,189.771875)
  );
#7149 = VECTOR('',#7150,1.);
#7150 = DIRECTION('',(-0.985915135712,0.158531967369,5.328189651061E-02)
  );
#7151 = CARTESIAN_POINT('',(-85.73637802912,112.53467511365,189.771875)
  );
#7152 = CARTESIAN_POINT('',(-86.1411476602,112.59976076212,189.79375));
#7153 = TRIMMED_CURVE('',#7154,(#7158,PARAMETER_VALUE(0.)),(#7159,
    PARAMETER_VALUE(0.411047637765)),.T.,.PARAMETER.);
#7154 = LINE('',#7155,#7156);
#7155 = CARTESIAN_POINT('',(-86.1411476602,112.59976076212,189.79375));
#7156 = VECTOR('',#7157,1.);
#7157 = DIRECTION('',(-0.989514624999,0.134270942036,5.321767598268E-02)
  );
#7158 = CARTESIAN_POINT('',(-86.1411476602,112.59976076212,189.79375));
#7159 = CARTESIAN_POINT('',(-86.54788530934,112.65495251567,189.815625)
  );
#7160 = TRIMMED_CURVE('',#7161,(#7165,PARAMETER_VALUE(0.)),(#7166,
    PARAMETER_VALUE(0.41178967207)),.T.,.PARAMETER.);
#7161 = LINE('',#7162,#7163);
#7162 = CARTESIAN_POINT('',(-86.54788530934,112.65495251567,189.815625)
  );
#7163 = VECTOR('',#7164,1.);
#7164 = DIRECTION('',(-0.992510727983,0.110002415527,5.312177911121E-02)
  );
#7165 = CARTESIAN_POINT('',(-86.54788530934,112.65495251567,189.815625)
  );
#7166 = CARTESIAN_POINT('',(-86.95659097654,112.70025037429,189.8375));
#7167 = TRIMMED_CURVE('',#7168,(#7172,PARAMETER_VALUE(0.)),(#7173,
    PARAMETER_VALUE(1.413438052337)),.T.,.PARAMETER.);
#7168 = LINE('',#7169,#7170);
#7169 = CARTESIAN_POINT('',(-86.95659097654,112.70025037429,189.8375));
#7170 = VECTOR('',#7171,1.);
#7171 = DIRECTION('',(-0.993782724467,9.787905516485E-02,
    5.306210617155E-02));
#7172 = CARTESIAN_POINT('',(-86.95659097654,112.70025037429,189.8375));
#7173 = CARTESIAN_POINT('',(-88.36124129506,112.83859635538,189.9125));
#7174 = TRIMMED_CURVE('',#7175,(#7179,PARAMETER_VALUE(0.)),(#7180,
    PARAMETER_VALUE(0.41178967207)),.T.,.PARAMETER.);
#7175 = LINE('',#7176,#7177);
#7176 = CARTESIAN_POINT('',(-88.36124129506,112.83859635538,189.9125));
#7177 = VECTOR('',#7178,1.);
#7178 = DIRECTION('',(-0.994900319316,8.574048756871E-02,
    5.31217791112E-02));
#7179 = CARTESIAN_POINT('',(-88.36124129506,112.83859635538,189.9125));
#7180 = CARTESIAN_POINT('',(-88.77093097129,112.87390340264,189.934375)
  );
#7181 = TRIMMED_CURVE('',#7182,(#7186,PARAMETER_VALUE(0.)),(#7187,
    PARAMETER_VALUE(0.411047637765)),.T.,.PARAMETER.);
#7182 = LINE('',#7183,#7184);
#7183 = CARTESIAN_POINT('',(-88.77093097129,112.87390340264,189.934375)
  );
#7184 = VECTOR('',#7185,1.);
#7185 = DIRECTION('',(-0.996696340262,6.135376329585E-02,
    5.321767598261E-02));
#7186 = CARTESIAN_POINT('',(-88.77093097129,112.87390340264,189.934375)
  );
#7187 = CARTESIAN_POINT('',(-89.18062064753,112.89912272211,189.95625));
#7188 = TRIMMED_CURVE('',#7189,(#7193,PARAMETER_VALUE(0.)),(#7194,
    PARAMETER_VALUE(0.410552203142)),.T.,.PARAMETER.);
#7189 = LINE('',#7190,#7191);
#7190 = CARTESIAN_POINT('',(-89.18062064753,112.89912272211,189.95625));
#7191 = VECTOR('',#7192,1.);
#7192 = DIRECTION('',(-0.997899105397,3.68566812373E-02,
    5.328189651068E-02));
#7193 = CARTESIAN_POINT('',(-89.18062064753,112.89912272211,189.95625));
#7194 = CARTESIAN_POINT('',(-89.59031032376,112.91425431379,189.978125)
  );
#7195 = TRIMMED_CURVE('',#7196,(#7200,PARAMETER_VALUE(0.)),(#7201,
    PARAMETER_VALUE(0.410304261495)),.T.,.PARAMETER.);
#7196 = LINE('',#7197,#7198);
#7197 = CARTESIAN_POINT('',(-89.59031032376,112.91425431379,189.978125)
  );
#7198 = VECTOR('',#7199,1.);
#7199 = DIRECTION('',(-0.998502123136,1.229298442036E-02,
    5.331409408304E-02));
#7200 = CARTESIAN_POINT('',(-89.59031032376,112.91425431379,189.978125)
  );
#7201 = CARTESIAN_POINT('',(-90.,112.91929817769,190.));
#7202 = TRIMMED_CURVE('',#7203,(#7207,PARAMETER_VALUE(0.)),(#7208,
    PARAMETER_VALUE(0.410304261495)),.T.,.PARAMETER.);
#7203 = LINE('',#7204,#7205);
#7204 = CARTESIAN_POINT('',(-90.,112.91929817769,190.));
#7205 = VECTOR('',#7206,1.);
#7206 = DIRECTION('',(-0.998502123136,-1.229298442032E-02,
    5.331409408304E-02));
#7207 = CARTESIAN_POINT('',(-90.,112.91929817769,190.));
#7208 = CARTESIAN_POINT('',(-90.40968967623,112.91425431379,190.021875)
  );
#7209 = TRIMMED_CURVE('',#7210,(#7214,PARAMETER_VALUE(0.)),(#7215,
    PARAMETER_VALUE(0.410552203142)),.T.,.PARAMETER.);
#7210 = LINE('',#7211,#7212);
#7211 = CARTESIAN_POINT('',(-90.40968967623,112.91425431379,190.021875)
  );
#7212 = VECTOR('',#7213,1.);
#7213 = DIRECTION('',(-0.997899105397,-3.68566812373E-02,
    5.328189651061E-02));
#7214 = CARTESIAN_POINT('',(-90.40968967623,112.91425431379,190.021875)
  );
#7215 = CARTESIAN_POINT('',(-90.81937935246,112.89912272211,190.04375));
#7216 = TRIMMED_CURVE('',#7217,(#7221,PARAMETER_VALUE(0.)),(#7222,
    PARAMETER_VALUE(0.411047637765)),.T.,.PARAMETER.);
#7217 = LINE('',#7218,#7219);
#7218 = CARTESIAN_POINT('',(-90.81937935246,112.89912272211,190.04375));
#7219 = VECTOR('',#7220,1.);
#7220 = DIRECTION('',(-0.996696340262,-6.135376329588E-02,
    5.321767598268E-02));
#7221 = CARTESIAN_POINT('',(-90.81937935246,112.89912272211,190.04375));
#7222 = CARTESIAN_POINT('',(-91.2290690287,112.87390340264,190.065625));
#7223 = TRIMMED_CURVE('',#7224,(#7228,PARAMETER_VALUE(0.)),(#7229,
    PARAMETER_VALUE(0.41178967207)),.T.,.PARAMETER.);
#7224 = LINE('',#7225,#7226);
#7225 = CARTESIAN_POINT('',(-91.2290690287,112.87390340264,190.065625));
#7226 = VECTOR('',#7227,1.);
#7227 = DIRECTION('',(-0.994900319316,-8.574048756871E-02,
    5.312177911121E-02));
#7228 = CARTESIAN_POINT('',(-91.2290690287,112.87390340264,190.065625));
#7229 = CARTESIAN_POINT('',(-91.63875870493,112.83859635538,190.0875));
#7230 = TRIMMED_CURVE('',#7231,(#7235,PARAMETER_VALUE(0.)),(#7236,
    PARAMETER_VALUE(1.413438052337)),.T.,.PARAMETER.);
#7231 = LINE('',#7232,#7233);
#7232 = CARTESIAN_POINT('',(-91.63875870493,112.83859635538,190.0875));
#7233 = VECTOR('',#7234,1.);
#7234 = DIRECTION('',(-0.993782724467,-9.787905516484E-02,
    5.306210617155E-02));
#7235 = CARTESIAN_POINT('',(-91.63875870493,112.83859635538,190.0875));
#7236 = CARTESIAN_POINT('',(-93.04340902345,112.70025037429,190.1625));
#7237 = TRIMMED_CURVE('',#7238,(#7242,PARAMETER_VALUE(0.)),(#7243,
    PARAMETER_VALUE(0.41178967207)),.T.,.PARAMETER.);
#7238 = LINE('',#7239,#7240);
#7239 = CARTESIAN_POINT('',(-93.04340902345,112.70025037429,190.1625));
#7240 = VECTOR('',#7241,1.);
#7241 = DIRECTION('',(-0.992510727983,-0.110002415527,5.312177911121E-02
    ));
#7242 = CARTESIAN_POINT('',(-93.04340902345,112.70025037429,190.1625));
#7243 = CARTESIAN_POINT('',(-93.45211469065,112.65495251567,190.184375)
  );
#7244 = TRIMMED_CURVE('',#7245,(#7249,PARAMETER_VALUE(0.)),(#7250,
    PARAMETER_VALUE(0.411047637765)),.T.,.PARAMETER.);
#7245 = LINE('',#7246,#7247);
#7246 = CARTESIAN_POINT('',(-93.45211469065,112.65495251567,190.184375)
  );
#7247 = VECTOR('',#7248,1.);
#7248 = DIRECTION('',(-0.989514624999,-0.134270942036,5.321767598261E-02
    ));
#7249 = CARTESIAN_POINT('',(-93.45211469065,112.65495251567,190.184375)
  );
#7250 = CARTESIAN_POINT('',(-93.85885233979,112.59976076212,190.20625));
#7251 = TRIMMED_CURVE('',#7252,(#7256,PARAMETER_VALUE(0.)),(#7257,
    PARAMETER_VALUE(0.410552203142)),.T.,.PARAMETER.);
#7252 = LINE('',#7253,#7254);
#7253 = CARTESIAN_POINT('',(-93.85885233979,112.59976076212,190.20625));
#7254 = VECTOR('',#7255,1.);
#7255 = DIRECTION('',(-0.985915135712,-0.15853196737,5.328189651067E-02)
  );
#7256 = CARTESIAN_POINT('',(-93.85885233979,112.59976076212,190.20625));
#7257 = CARTESIAN_POINT('',(-94.26362197087,112.53467511365,190.228125)
  );
#7258 = TRIMMED_CURVE('',#7259,(#7263,PARAMETER_VALUE(0.)),(#7264,
    PARAMETER_VALUE(0.410304261495)),.T.,.PARAMETER.);
#7259 = LINE('',#7260,#7261);
#7260 = CARTESIAN_POINT('',(-94.26362197087,112.53467511365,190.228125)
  );
#7261 = VECTOR('',#7262,1.);
#7262 = DIRECTION('',(-0.981714427112,-0.182741322565,5.331409408304E-02
    ));
#7263 = CARTESIAN_POINT('',(-94.26362197087,112.53467511365,190.228125)
  );
#7264 = CARTESIAN_POINT('',(-94.66642358388,112.45969557025,190.25));
#7265 = TRIMMED_CURVE('',#7266,(#7270,PARAMETER_VALUE(0.)),(#7271,
    PARAMETER_VALUE(0.410304261495)),.T.,.PARAMETER.);
#7266 = LINE('',#7267,#7268);
#7267 = CARTESIAN_POINT('',(-94.66642358388,112.45969557025,190.25));
#7268 = VECTOR('',#7269,1.);
#7269 = DIRECTION('',(-0.976917942534,-0.206854878908,5.331409408304E-02
    ));
#7270 = CARTESIAN_POINT('',(-94.66642358388,112.45969557025,190.25));
#7271 = CARTESIAN_POINT('',(-95.06725717883,112.37482213193,190.271875)
  );
#7272 = TRIMMED_CURVE('',#7273,(#7277,PARAMETER_VALUE(0.)),(#7278,
    PARAMETER_VALUE(0.410552203142)),.T.,.PARAMETER.);
#7273 = LINE('',#7274,#7275);
#7274 = CARTESIAN_POINT('',(-95.06725717883,112.37482213193,190.271875)
  );
#7275 = VECTOR('',#7276,1.);
#7276 = DIRECTION('',(-0.97153437209,-0.230828948254,5.328189651061E-02)
  );
#7277 = CARTESIAN_POINT('',(-95.06725717883,112.37482213193,190.271875)
  );
#7278 = CARTESIAN_POINT('',(-95.46612275572,112.28005479867,190.29375));
#7279 = TRIMMED_CURVE('',#7280,(#7284,PARAMETER_VALUE(0.)),(#7285,
    PARAMETER_VALUE(0.411047637765)),.T.,.PARAMETER.);
#7280 = LINE('',#7281,#7282);
#7281 = CARTESIAN_POINT('',(-95.46612275572,112.28005479867,190.29375));
#7282 = VECTOR('',#7283,1.);
#7283 = DIRECTION('',(-0.965575574123,-0.254620677912,5.321767598268E-02
    ));
#7284 = CARTESIAN_POINT('',(-95.46612275572,112.28005479867,190.29375));
#7285 = CARTESIAN_POINT('',(-95.86302031455,112.17539357049,190.315625)
  );
#7286 = TRIMMED_CURVE('',#7287,(#7291,PARAMETER_VALUE(0.)),(#7292,
    PARAMETER_VALUE(0.41178967207)),.T.,.PARAMETER.);
#7287 = LINE('',#7288,#7289);
#7288 = CARTESIAN_POINT('',(-95.86302031455,112.17539357049,190.315625)
  );
#7289 = VECTOR('',#7290,1.);
#7290 = DIRECTION('',(-0.959056449324,-0.278188431811,5.312177911121E-02
    ));
#7291 = CARTESIAN_POINT('',(-95.86302031455,112.17539357049,190.315625)
  );
#7292 = CARTESIAN_POINT('',(-96.25794985531,112.06083844738,190.3375));
#7293 = TRIMMED_CURVE('',#7294,(#7298,PARAMETER_VALUE(0.)),(#7299,
    PARAMETER_VALUE(1.413438052337)),.T.,.PARAMETER.);
#7294 = LINE('',#7295,#7296);
#7295 = CARTESIAN_POINT('',(-96.25794985531,112.06083844738,190.3375));
#7296 = VECTOR('',#7297,1.);
#7297 = DIRECTION('',(-0.955592211685,-0.289875728296,5.306210617155E-02
    ));
#7298 = CARTESIAN_POINT('',(-96.25794985531,112.06083844738,190.3375));
#7299 = CARTESIAN_POINT('',(-97.60862024983,111.65111706256,190.4125));
#7300 = TRIMMED_CURVE('',#7301,(#7305,PARAMETER_VALUE(0.)),(#7306,
    PARAMETER_VALUE(0.41178967207)),.T.,.PARAMETER.);
#7301 = LINE('',#7302,#7303);
#7302 = CARTESIAN_POINT('',(-97.60862024983,111.65111706256,190.4125));
#7303 = VECTOR('',#7304,1.);
#7304 = DIRECTION('',(-0.951979505981,-0.301517987485,5.312177911121E-02
    ));
#7305 = CARTESIAN_POINT('',(-97.60862024983,111.65111706256,190.4125));
#7306 = CARTESIAN_POINT('',(-98.00063557841,111.52695506937,190.434375)
  );
#7307 = TRIMMED_CURVE('',#7308,(#7312,PARAMETER_VALUE(0.)),(#7313,
    PARAMETER_VALUE(0.411047637765)),.T.,.PARAMETER.);
#7308 = LINE('',#7309,#7310);
#7309 = CARTESIAN_POINT('',(-98.00063557841,111.52695506937,190.434375)
  );
#7310 = VECTOR('',#7311,1.);
#7311 = DIRECTION('',(-0.944306417624,-0.324735690366,5.321767598261E-02
    ));
#7312 = CARTESIAN_POINT('',(-98.00063557841,111.52695506937,190.434375)
  );
#7313 = CARTESIAN_POINT('',(-98.3887905007,111.39347323095,190.45625));
#7314 = TRIMMED_CURVE('',#7315,(#7319,PARAMETER_VALUE(0.)),(#7320,
    PARAMETER_VALUE(0.410552203142)),.T.,.PARAMETER.);
#7315 = LINE('',#7316,#7317);
#7316 = CARTESIAN_POINT('',(-98.3887905007,111.39347323095,190.45625));
#7317 = VECTOR('',#7318,1.);
#7318 = DIRECTION('',(-0.936043000269,-0.347828321376,5.328189651067E-02
    ));
#7319 = CARTESIAN_POINT('',(-98.3887905007,111.39347323095,190.45625));
#7320 = CARTESIAN_POINT('',(-98.7730850167,111.25067154729,190.478125));
#7321 = TRIMMED_CURVE('',#7322,(#7326,PARAMETER_VALUE(0.)),(#7327,
    PARAMETER_VALUE(0.410304261495)),.T.,.PARAMETER.);
#7322 = LINE('',#7323,#7324);
#7323 = CARTESIAN_POINT('',(-98.7730850167,111.25067154729,190.478125));
#7324 = VECTOR('',#7325,1.);
#7325 = DIRECTION('',(-0.927199996206,-0.370752983006,5.331409408304E-02
    ));
#7326 = CARTESIAN_POINT('',(-98.7730850167,111.25067154729,190.478125));
#7327 = CARTESIAN_POINT('',(-99.1535191264,111.0985500184,190.5));
#7328 = TRIMMED_CURVE('',#7329,(#7333,PARAMETER_VALUE(0.)),(#7334,
    PARAMETER_VALUE(0.410304261495)),.T.,.PARAMETER.);
#7329 = LINE('',#7330,#7331);
#7330 = CARTESIAN_POINT('',(-99.1535191264,111.0985500184,190.5));
#7331 = VECTOR('',#7332,1.);
#7332 = DIRECTION('',(-0.917791353262,-0.393467456405,5.331409408304E-02
    ));
#7333 = CARTESIAN_POINT('',(-99.1535191264,111.0985500184,190.5));
#7334 = CARTESIAN_POINT('',(-99.53009282981,110.93710864428,190.521875)
  );
#7335 = TRIMMED_CURVE('',#7336,(#7340,PARAMETER_VALUE(0.)),(#7341,
    PARAMETER_VALUE(0.410552203142)),.T.,.PARAMETER.);
#7336 = LINE('',#7337,#7338);
#7337 = CARTESIAN_POINT('',(-99.53009282981,110.93710864428,190.521875)
  );
#7338 = VECTOR('',#7339,1.);
#7339 = DIRECTION('',(-0.907834117706,-0.415930588239,5.328189651061E-02
    ));
#7340 = CARTESIAN_POINT('',(-99.53009282981,110.93710864428,190.521875)
  );
#7341 = CARTESIAN_POINT('',(-99.90280612692,110.76634742492,190.54375));
#7342 = TRIMMED_CURVE('',#7343,(#7347,PARAMETER_VALUE(0.)),(#7348,
    PARAMETER_VALUE(0.411047637765)),.T.,.PARAMETER.);
#7343 = LINE('',#7344,#7345);
#7344 = CARTESIAN_POINT('',(-99.90280612692,110.76634742492,190.54375));
#7345 = VECTOR('',#7346,1.);
#7346 = DIRECTION('',(-0.897348280171,-0.438102662669,5.321767598268E-02
    ));
#7347 = CARTESIAN_POINT('',(-99.90280612692,110.76634742492,190.54375));
#7348 = CARTESIAN_POINT('',(-100.2716590177,110.58626636033,190.565625)
  );
#7349 = TRIMMED_CURVE('',#7350,(#7354,PARAMETER_VALUE(0.)),(#7355,
    PARAMETER_VALUE(0.41178967207)),.T.,.PARAMETER.);
#7350 = LINE('',#7351,#7352);
#7351 = CARTESIAN_POINT('',(-100.2716590177,110.58626636033,190.565625)
  );
#7352 = VECTOR('',#7353,1.);
#7353 = DIRECTION('',(-0.88635657783,-0.459945750629,5.312177911121E-02)
  );
#7354 = CARTESIAN_POINT('',(-100.2716590177,110.58626636033,190.565625)
  );
#7355 = CARTESIAN_POINT('',(-100.6366515022,110.39686545051,190.5875));
#7356 = TRIMMED_CURVE('',#7357,(#7361,PARAMETER_VALUE(0.)),(#7362,
    PARAMETER_VALUE(1.413438052337)),.T.,.PARAMETER.);
#7357 = LINE('',#7358,#7359);
#7358 = CARTESIAN_POINT('',(-100.6366515022,110.39686545051,190.5875));
#7359 = VECTOR('',#7360,1.);
#7360 = DIRECTION('',(-0.880678826111,-0.470732639752,5.306210617154E-02
    ));
#7361 = CARTESIAN_POINT('',(-100.6366515022,110.39686545051,190.5875));
#7362 = CARTESIAN_POINT('',(-101.8814364669,109.73151402501,190.6625));
#7363 = TRIMMED_CURVE('',#7364,(#7368,PARAMETER_VALUE(0.)),(#7369,
    PARAMETER_VALUE(0.41178967207)),.T.,.PARAMETER.);
#7364 = LINE('',#7365,#7366);
#7365 = CARTESIAN_POINT('',(-101.8814364669,109.73151402501,190.6625));
#7366 = VECTOR('',#7367,1.);
#7367 = DIRECTION('',(-0.874864245439,-0.481446392276,5.312177911121E-02
    ));
#7368 = CARTESIAN_POINT('',(-101.8814364669,109.73151402501,190.6625));
#7369 = CARTESIAN_POINT('',(-102.2416965277,109.53325937302,190.684375)
  );
#7370 = TRIMMED_CURVE('',#7371,(#7375,PARAMETER_VALUE(0.)),(#7376,
    PARAMETER_VALUE(0.411047637765)),.T.,.PARAMETER.);
#7371 = LINE('',#7372,#7373);
#7372 = CARTESIAN_POINT('',(-102.2416965277,109.53325937302,190.684375)
  );
#7373 = VECTOR('',#7374,1.);
#7374 = DIRECTION('',(-0.862809044192,-0.502721028228,5.321767598261E-02
    ));
#7375 = CARTESIAN_POINT('',(-102.2416965277,109.53325937302,190.684375)
  );
#7376 = CARTESIAN_POINT('',(-102.5963521471,109.32661708191,190.70625));
#7377 = TRIMMED_CURVE('',#7378,(#7382,PARAMETER_VALUE(0.)),(#7383,
    PARAMETER_VALUE(0.410552203142)),.T.,.PARAMETER.);
#7378 = LINE('',#7379,#7380);
#7379 = CARTESIAN_POINT('',(-102.5963521471,109.32661708191,190.70625));
#7380 = VECTOR('',#7381,1.);
#7381 = DIRECTION('',(-0.850199257265,-0.523757828056,5.328189651068E-02
    ));
#7382 = CARTESIAN_POINT('',(-102.5963521471,109.32661708191,190.70625));
#7383 = CARTESIAN_POINT('',(-102.9454033253,109.11158715169,190.728125)
  );
#7384 = TRIMMED_CURVE('',#7385,(#7389,PARAMETER_VALUE(0.)),(#7390,
    PARAMETER_VALUE(0.410304261495)),.T.,.PARAMETER.);
#7385 = LINE('',#7386,#7387);
#7386 = CARTESIAN_POINT('',(-102.9454033253,109.11158715169,190.728125)
  );
#7387 = VECTOR('',#7388,1.);
#7388 = DIRECTION('',(-0.837053789426,-0.544516814231,5.331409408304E-02
    ));
#7389 = CARTESIAN_POINT('',(-102.9454033253,109.11158715169,190.728125)
  );
#7390 = CARTESIAN_POINT('',(-103.2888500622,108.88816958235,190.75));
#7391 = TRIMMED_CURVE('',#7392,(#7396,PARAMETER_VALUE(0.)),(#7397,
    PARAMETER_VALUE(0.410304261495)),.T.,.PARAMETER.);
#7392 = LINE('',#7393,#7394);
#7393 = CARTESIAN_POINT('',(-103.2888500622,108.88816958235,190.75));
#7394 = VECTOR('',#7395,1.);
#7395 = DIRECTION('',(-0.823394556988,-0.564959300211,5.331409408304E-02
    ));
#7396 = CARTESIAN_POINT('',(-103.2888500622,108.88816958235,190.75));
#7397 = CARTESIAN_POINT('',(-103.6266923578,108.6563643739,190.771875));
#7398 = TRIMMED_CURVE('',#7399,(#7403,PARAMETER_VALUE(0.)),(#7404,
    PARAMETER_VALUE(0.410552203142)),.T.,.PARAMETER.);
#7399 = LINE('',#7400,#7401);
#7400 = CARTESIAN_POINT('',(-103.6266923578,108.6563643739,190.771875));
#7401 = VECTOR('',#7402,1.);
#7402 = DIRECTION('',(-0.809246307298,-0.585048248975,5.328189651061E-02
    ));
#7403 = CARTESIAN_POINT('',(-103.6266923578,108.6563643739,190.771875));
#7404 = CARTESIAN_POINT('',(-103.9589302122,108.41617152634,190.79375));
#7405 = TRIMMED_CURVE('',#7406,(#7410,PARAMETER_VALUE(0.)),(#7411,
    PARAMETER_VALUE(0.411047637765)),.T.,.PARAMETER.);
#7406 = LINE('',#7407,#7408);
#7407 = CARTESIAN_POINT('',(-103.9589302122,108.41617152634,190.79375));
#7408 = VECTOR('',#7409,1.);
#7409 = DIRECTION('',(-0.79463639505,-0.60474860779,5.321767598268E-02)
  );
#7410 = CARTESIAN_POINT('',(-103.9589302122,108.41617152634,190.79375));
#7411 = CARTESIAN_POINT('',(-104.2855636252,108.16759103967,190.815625)
  );
#7412 = TRIMMED_CURVE('',#7413,(#7417,PARAMETER_VALUE(0.)),(#7418,
    PARAMETER_VALUE(0.41178967207)),.T.,.PARAMETER.);
#7413 = LINE('',#7414,#7415);
#7414 = CARTESIAN_POINT('',(-104.2855636252,108.16759103967,190.815625)
  );
#7415 = VECTOR('',#7416,1.);
#7416 = DIRECTION('',(-0.779594520124,-0.624027612191,5.312177911121E-02
    ));
#7417 = CARTESIAN_POINT('',(-104.2855636252,108.16759103967,190.815625)
  );
#7418 = CARTESIAN_POINT('',(-104.606592597,107.91062291388,190.8375));
#7419 = TRIMMED_CURVE('',#7420,(#7424,PARAMETER_VALUE(0.)),(#7425,
    PARAMETER_VALUE(1.413438052337)),.T.,.PARAMETER.);
#7420 = LINE('',#7421,#7422);
#7421 = CARTESIAN_POINT('',(-104.606592597,107.91062291388,190.8375));
#7422 = VECTOR('',#7423,1.);
#7423 = DIRECTION('',(-0.77192144714,-0.633499559853,5.306210617155E-02)
  );
#7424 = CARTESIAN_POINT('',(-104.606592597,107.91062291388,190.8375));
#7425 = CARTESIAN_POINT('',(-105.6976557438,107.01521052985,190.9125));
#7426 = TRIMMED_CURVE('',#7427,(#7431,PARAMETER_VALUE(0.)),(#7432,
    PARAMETER_VALUE(0.41178967207)),.T.,.PARAMETER.);
#7427 = LINE('',#7428,#7429);
#7428 = CARTESIAN_POINT('',(-105.6976557438,107.01521052985,190.9125));
#7429 = VECTOR('',#7430,1.);
#7430 = DIRECTION('',(-0.764128442575,-0.642873082211,5.312177911121E-02
    ));
#7431 = CARTESIAN_POINT('',(-105.6976557438,107.01521052985,190.9125));
#7432 = CARTESIAN_POINT('',(-106.0123159446,106.75048203414,190.934375)
  );
#7433 = TRIMMED_CURVE('',#7434,(#7438,PARAMETER_VALUE(0.)),(#7439,
    PARAMETER_VALUE(0.411047637765)),.T.,.PARAMETER.);
#7434 = LINE('',#7435,#7436);
#7435 = CARTESIAN_POINT('',(-106.0123159446,106.75048203414,190.934375)
  );
#7436 = VECTOR('',#7437,1.);
#7437 = DIRECTION('',(-0.748154403061,-0.661387078906,5.321767598261E-02
    ));
#7438 = CARTESIAN_POINT('',(-106.0123159446,106.75048203414,190.934375)
  );
#7439 = CARTESIAN_POINT('',(-106.3198430447,106.47862043771,190.95625));
#7440 = TRIMMED_CURVE('',#7441,(#7445,PARAMETER_VALUE(0.)),(#7446,
    PARAMETER_VALUE(0.410552203142)),.T.,.PARAMETER.);
#7441 = LINE('',#7442,#7443);
#7442 = CARTESIAN_POINT('',(-106.3198430447,106.47862043771,190.95625));
#7443 = VECTOR('',#7444,1.);
#7444 = DIRECTION('',(-0.731682833601,-0.679559615131,5.328189651068E-02
    ));
#7445 = CARTESIAN_POINT('',(-106.3198430447,106.47862043771,190.95625));
#7446 = CARTESIAN_POINT('',(-106.620237044,106.19962574055,190.978125));
#7447 = TRIMMED_CURVE('',#7448,(#7452,PARAMETER_VALUE(0.)),(#7453,
    PARAMETER_VALUE(0.410304261495)),.T.,.PARAMETER.);
#7448 = LINE('',#7449,#7450);
#7449 = CARTESIAN_POINT('',(-106.620237044,106.19962574055,190.978125));
#7450 = VECTOR('',#7451,1.);
#7451 = DIRECTION('',(-0.714740074943,-0.697355169654,5.331409408304E-02
    ));
#7452 = CARTESIAN_POINT('',(-106.620237044,106.19962574055,190.978125));
#7453 = CARTESIAN_POINT('',(-106.9134979426,105.91349794267,191.));
#7454 = TRIMMED_CURVE('',#7455,(#7459,PARAMETER_VALUE(0.)),(#7460,
    PARAMETER_VALUE(0.410304261495)),.T.,.PARAMETER.);
#7455 = LINE('',#7456,#7457);
#7456 = CARTESIAN_POINT('',(-106.9134979426,105.91349794267,191.));
#7457 = VECTOR('',#7458,1.);
#7458 = DIRECTION('',(-0.697355169654,-0.714740074943,5.331409408304E-02
    ));
#7459 = CARTESIAN_POINT('',(-106.9134979426,105.91349794267,191.));
#7460 = CARTESIAN_POINT('',(-107.1996257405,105.62023704406,191.021875)
  );
#7461 = TRIMMED_CURVE('',#7462,(#7466,PARAMETER_VALUE(0.)),(#7467,
    PARAMETER_VALUE(0.410552203142)),.T.,.PARAMETER.);
#7462 = LINE('',#7463,#7464);
#7463 = CARTESIAN_POINT('',(-107.1996257405,105.62023704406,191.021875)
  );
#7464 = VECTOR('',#7465,1.);
#7465 = DIRECTION('',(-0.679559615131,-0.731682833601,5.32818965106E-02)
  );
#7466 = CARTESIAN_POINT('',(-107.1996257405,105.62023704406,191.021875)
  );
#7467 = CARTESIAN_POINT('',(-107.4786204377,105.31984304472,191.04375));
#7468 = TRIMMED_CURVE('',#7469,(#7473,PARAMETER_VALUE(0.)),(#7474,
    PARAMETER_VALUE(0.411047637765)),.T.,.PARAMETER.);
#7469 = LINE('',#7470,#7471);
#7470 = CARTESIAN_POINT('',(-107.4786204377,105.31984304472,191.04375));
#7471 = VECTOR('',#7472,1.);
#7472 = DIRECTION('',(-0.661387078906,-0.748154403061,5.321767598268E-02
    ));
#7473 = CARTESIAN_POINT('',(-107.4786204377,105.31984304472,191.04375));
#7474 = CARTESIAN_POINT('',(-107.7504820341,105.01231594466,191.065625)
  );
#7475 = TRIMMED_CURVE('',#7476,(#7480,PARAMETER_VALUE(0.)),(#7481,
    PARAMETER_VALUE(0.41178967207)),.T.,.PARAMETER.);
#7476 = LINE('',#7477,#7478);
#7477 = CARTESIAN_POINT('',(-107.7504820341,105.01231594466,191.065625)
  );
#7478 = VECTOR('',#7479,1.);
#7479 = DIRECTION('',(-0.642873082211,-0.764128442575,5.312177911121E-02
    ));
#7480 = CARTESIAN_POINT('',(-107.7504820341,105.01231594466,191.065625)
  );
#7481 = CARTESIAN_POINT('',(-108.0152105298,104.69765574387,191.0875));
#7482 = TRIMMED_CURVE('',#7483,(#7487,PARAMETER_VALUE(0.)),(#7488,
    PARAMETER_VALUE(1.413438052337)),.T.,.PARAMETER.);
#7483 = LINE('',#7484,#7485);
#7484 = CARTESIAN_POINT('',(-108.0152105298,104.69765574387,191.0875));
#7485 = VECTOR('',#7486,1.);
#7486 = DIRECTION('',(-0.633499559853,-0.77192144714,5.306210617155E-02)
  );
#7487 = CARTESIAN_POINT('',(-108.0152105298,104.69765574387,191.0875));
#7488 = CARTESIAN_POINT('',(-108.9106229138,103.60659259707,191.1625));
#7489 = TRIMMED_CURVE('',#7490,(#7494,PARAMETER_VALUE(0.)),(#7495,
    PARAMETER_VALUE(0.41178967207)),.T.,.PARAMETER.);
#7490 = LINE('',#7491,#7492);
#7491 = CARTESIAN_POINT('',(-108.9106229138,103.60659259707,191.1625));
#7492 = VECTOR('',#7493,1.);
#7493 = DIRECTION('',(-0.624027612191,-0.779594520124,5.31217791112E-02)
  );
#7494 = CARTESIAN_POINT('',(-108.9106229138,103.60659259707,191.1625));
#7495 = CARTESIAN_POINT('',(-109.1675910396,103.28556362528,191.184375)
  );
#7496 = TRIMMED_CURVE('',#7497,(#7501,PARAMETER_VALUE(0.)),(#7502,
    PARAMETER_VALUE(0.411047637765)),.T.,.PARAMETER.);
#7497 = LINE('',#7498,#7499);
#7498 = CARTESIAN_POINT('',(-109.1675910396,103.28556362528,191.184375)
  );
#7499 = VECTOR('',#7500,1.);
#7500 = DIRECTION('',(-0.60474860779,-0.79463639505,5.321767598261E-02)
  );
#7501 = CARTESIAN_POINT('',(-109.1675910396,103.28556362528,191.184375)
  );
#7502 = CARTESIAN_POINT('',(-109.4161715263,102.95893021221,191.20625));
#7503 = TRIMMED_CURVE('',#7504,(#7508,PARAMETER_VALUE(0.)),(#7509,
    PARAMETER_VALUE(0.410552203142)),.T.,.PARAMETER.);
#7504 = LINE('',#7505,#7506);
#7505 = CARTESIAN_POINT('',(-109.4161715263,102.95893021221,191.20625));
#7506 = VECTOR('',#7507,1.);
#7507 = DIRECTION('',(-0.585048248975,-0.809246307298,5.328189651068E-02
    ));
#7508 = CARTESIAN_POINT('',(-109.4161715263,102.95893021221,191.20625));
#7509 = CARTESIAN_POINT('',(-109.6563643739,102.62669235787,191.228125)
  );
#7510 = TRIMMED_CURVE('',#7511,(#7515,PARAMETER_VALUE(0.)),(#7516,
    PARAMETER_VALUE(0.410304261495)),.T.,.PARAMETER.);
#7511 = LINE('',#7512,#7513);
#7512 = CARTESIAN_POINT('',(-109.6563643739,102.62669235787,191.228125)
  );
#7513 = VECTOR('',#7514,1.);
#7514 = DIRECTION('',(-0.564959300211,-0.823394556988,5.331409408304E-02
    ));
#7515 = CARTESIAN_POINT('',(-109.6563643739,102.62669235787,191.228125)
  );
#7516 = CARTESIAN_POINT('',(-109.8881695823,102.28885006224,191.25));
#7517 = TRIMMED_CURVE('',#7518,(#7522,PARAMETER_VALUE(0.)),(#7523,
    PARAMETER_VALUE(0.410304261495)),.T.,.PARAMETER.);
#7518 = LINE('',#7519,#7520);
#7519 = CARTESIAN_POINT('',(-109.8881695823,102.28885006224,191.25));
#7520 = VECTOR('',#7521,1.);
#7521 = DIRECTION('',(-0.544516814231,-0.837053789426,5.331409408304E-02
    ));
#7522 = CARTESIAN_POINT('',(-109.8881695823,102.28885006224,191.25));
#7523 = CARTESIAN_POINT('',(-110.1115871516,101.94540332534,191.271875)
  );
#7524 = TRIMMED_CURVE('',#7525,(#7529,PARAMETER_VALUE(0.)),(#7530,
    PARAMETER_VALUE(0.410552203142)),.T.,.PARAMETER.);
#7525 = LINE('',#7526,#7527);
#7526 = CARTESIAN_POINT('',(-110.1115871516,101.94540332534,191.271875)
  );
#7527 = VECTOR('',#7528,1.);
#7528 = DIRECTION('',(-0.523757828056,-0.850199257265,5.328189651061E-02
    ));
#7529 = CARTESIAN_POINT('',(-110.1115871516,101.94540332534,191.271875)
  );
#7530 = CARTESIAN_POINT('',(-110.3266170819,101.59635214716,191.29375));
#7531 = TRIMMED_CURVE('',#7532,(#7536,PARAMETER_VALUE(0.)),(#7537,
    PARAMETER_VALUE(0.411047637765)),.T.,.PARAMETER.);
#7532 = LINE('',#7533,#7534);
#7533 = CARTESIAN_POINT('',(-110.3266170819,101.59635214716,191.29375));
#7534 = VECTOR('',#7535,1.);
#7535 = DIRECTION('',(-0.502721028228,-0.862809044192,5.321767598268E-02
    ));
#7536 = CARTESIAN_POINT('',(-110.3266170819,101.59635214716,191.29375));
#7537 = CARTESIAN_POINT('',(-110.533259373,101.2416965277,191.315625));
#7538 = TRIMMED_CURVE('',#7539,(#7543,PARAMETER_VALUE(0.)),(#7544,
    PARAMETER_VALUE(0.41178967207)),.T.,.PARAMETER.);
#7539 = LINE('',#7540,#7541);
#7540 = CARTESIAN_POINT('',(-110.533259373,101.2416965277,191.315625));
#7541 = VECTOR('',#7542,1.);
#7542 = DIRECTION('',(-0.481446392276,-0.874864245439,5.312177911121E-02
    ));
#7543 = CARTESIAN_POINT('',(-110.533259373,101.2416965277,191.315625));
#7544 = CARTESIAN_POINT('',(-110.731514025,100.88143646697,191.3375));
#7545 = TRIMMED_CURVE('',#7546,(#7550,PARAMETER_VALUE(0.)),(#7551,
    PARAMETER_VALUE(1.413438052337)),.T.,.PARAMETER.);
#7546 = LINE('',#7547,#7548);
#7547 = CARTESIAN_POINT('',(-110.731514025,100.88143646697,191.3375));
#7548 = VECTOR('',#7549,1.);
#7549 = DIRECTION('',(-0.470732639752,-0.880678826111,5.306210617155E-02
    ));
#7550 = CARTESIAN_POINT('',(-110.731514025,100.88143646697,191.3375));
#7551 = CARTESIAN_POINT('',(-111.3968654505,99.63665150226,191.4125));
#7552 = TRIMMED_CURVE('',#7553,(#7557,PARAMETER_VALUE(0.)),(#7558,
    PARAMETER_VALUE(0.41178967207)),.T.,.PARAMETER.);
#7553 = LINE('',#7554,#7555);
#7554 = CARTESIAN_POINT('',(-111.3968654505,99.63665150226,191.4125));
#7555 = VECTOR('',#7556,1.);
#7556 = DIRECTION('',(-0.459945750629,-0.88635657783,5.312177911121E-02)
  );
#7557 = CARTESIAN_POINT('',(-111.3968654505,99.63665150226,191.4125));
#7558 = CARTESIAN_POINT('',(-111.5862663603,99.271659017738,191.434375)
  );
#7559 = TRIMMED_CURVE('',#7560,(#7564,PARAMETER_VALUE(0.)),(#7565,
    PARAMETER_VALUE(0.411047637765)),.T.,.PARAMETER.);
#7560 = LINE('',#7561,#7562);
#7561 = CARTESIAN_POINT('',(-111.5862663603,99.271659017738,191.434375)
  );
#7562 = VECTOR('',#7563,1.);
#7563 = DIRECTION('',(-0.438102662669,-0.897348280171,5.321767598261E-02
    ));
#7564 = CARTESIAN_POINT('',(-111.5862663603,99.271659017738,191.434375)
  );
#7565 = CARTESIAN_POINT('',(-111.7663474249,98.902806126922,191.45625));
#7566 = TRIMMED_CURVE('',#7567,(#7571,PARAMETER_VALUE(0.)),(#7572,
    PARAMETER_VALUE(0.410552203142)),.T.,.PARAMETER.);
#7567 = LINE('',#7568,#7569);
#7568 = CARTESIAN_POINT('',(-111.7663474249,98.902806126922,191.45625));
#7569 = VECTOR('',#7570,1.);
#7570 = DIRECTION('',(-0.415930588239,-0.907834117706,5.328189651068E-02
    ));
#7571 = CARTESIAN_POINT('',(-111.7663474249,98.902806126922,191.45625));
#7572 = CARTESIAN_POINT('',(-111.9371086442,98.53009282981,191.478125));
#7573 = TRIMMED_CURVE('',#7574,(#7578,PARAMETER_VALUE(0.)),(#7579,
    PARAMETER_VALUE(0.410304261495)),.T.,.PARAMETER.);
#7574 = LINE('',#7575,#7576);
#7575 = CARTESIAN_POINT('',(-111.9371086442,98.53009282981,191.478125));
#7576 = VECTOR('',#7577,1.);
#7577 = DIRECTION('',(-0.393467456405,-0.917791353262,5.331409408304E-02
    ));
#7578 = CARTESIAN_POINT('',(-111.9371086442,98.53009282981,191.478125));
#7579 = CARTESIAN_POINT('',(-112.0985500184,98.153519126404,191.5));
#7580 = TRIMMED_CURVE('',#7581,(#7585,PARAMETER_VALUE(0.)),(#7586,
    PARAMETER_VALUE(0.410304261495)),.T.,.PARAMETER.);
#7581 = LINE('',#7582,#7583);
#7582 = CARTESIAN_POINT('',(-112.0985500184,98.153519126404,191.5));
#7583 = VECTOR('',#7584,1.);
#7584 = DIRECTION('',(-0.370752983006,-0.927199996206,5.331409408304E-02
    ));
#7585 = CARTESIAN_POINT('',(-112.0985500184,98.153519126404,191.5));
#7586 = CARTESIAN_POINT('',(-112.2506715472,97.773085016703,191.521875)
  );
#7587 = TRIMMED_CURVE('',#7588,(#7592,PARAMETER_VALUE(0.)),(#7593,
    PARAMETER_VALUE(0.410552203142)),.T.,.PARAMETER.);
#7588 = LINE('',#7589,#7590);
#7589 = CARTESIAN_POINT('',(-112.2506715472,97.773085016703,191.521875)
  );
#7590 = VECTOR('',#7591,1.);
#7591 = DIRECTION('',(-0.347828321376,-0.936043000269,5.328189651061E-02
    ));
#7592 = CARTESIAN_POINT('',(-112.2506715472,97.773085016703,191.521875)
  );
#7593 = CARTESIAN_POINT('',(-112.3934732309,97.388790500707,191.54375));
#7594 = TRIMMED_CURVE('',#7595,(#7599,PARAMETER_VALUE(0.)),(#7600,
    PARAMETER_VALUE(0.411047637765)),.T.,.PARAMETER.);
#7595 = LINE('',#7596,#7597);
#7596 = CARTESIAN_POINT('',(-112.3934732309,97.388790500707,191.54375));
#7597 = VECTOR('',#7598,1.);
#7598 = DIRECTION('',(-0.324735690366,-0.944306417624,5.321767598268E-02
    ));
#7599 = CARTESIAN_POINT('',(-112.3934732309,97.388790500707,191.54375));
#7600 = CARTESIAN_POINT('',(-112.5269550693,97.000635578416,191.565625)
  );
#7601 = TRIMMED_CURVE('',#7602,(#7606,PARAMETER_VALUE(0.)),(#7607,
    PARAMETER_VALUE(0.41178967207)),.T.,.PARAMETER.);
#7602 = LINE('',#7603,#7604);
#7603 = CARTESIAN_POINT('',(-112.5269550693,97.000635578416,191.565625)
  );
#7604 = VECTOR('',#7605,1.);
#7605 = DIRECTION('',(-0.301517987485,-0.951979505981,5.31217791112E-02)
  );
#7606 = CARTESIAN_POINT('',(-112.5269550693,97.000635578416,191.565625)
  );
#7607 = CARTESIAN_POINT('',(-112.6511170625,96.608620249831,191.5875));
#7608 = TRIMMED_CURVE('',#7609,(#7613,PARAMETER_VALUE(0.)),(#7614,
    PARAMETER_VALUE(1.413438052337)),.T.,.PARAMETER.);
#7609 = LINE('',#7610,#7611);
#7610 = CARTESIAN_POINT('',(-112.6511170625,96.608620249831,191.5875));
#7611 = VECTOR('',#7612,1.);
#7612 = DIRECTION('',(-0.289875728296,-0.955592211685,5.306210617155E-02
    ));
#7613 = CARTESIAN_POINT('',(-112.6511170625,96.608620249831,191.5875));
#7614 = CARTESIAN_POINT('',(-113.0608384473,95.257949855318,191.6625));
#7615 = TRIMMED_CURVE('',#7616,(#7620,PARAMETER_VALUE(0.)),(#7621,
    PARAMETER_VALUE(0.41178967207)),.T.,.PARAMETER.);
#7616 = LINE('',#7617,#7618);
#7617 = CARTESIAN_POINT('',(-113.0608384473,95.257949855318,191.6625));
#7618 = VECTOR('',#7619,1.);
#7619 = DIRECTION('',(-0.278188431811,-0.959056449324,5.312177911121E-02
    ));
#7620 = CARTESIAN_POINT('',(-113.0608384473,95.257949855318,191.6625));
#7621 = CARTESIAN_POINT('',(-113.1753935704,94.863020314554,191.684375)
  );
#7622 = TRIMMED_CURVE('',#7623,(#7627,PARAMETER_VALUE(0.)),(#7628,
    PARAMETER_VALUE(0.411047637765)),.T.,.PARAMETER.);
#7623 = LINE('',#7624,#7625);
#7624 = CARTESIAN_POINT('',(-113.1753935704,94.863020314554,191.684375)
  );
#7625 = VECTOR('',#7626,1.);
#7626 = DIRECTION('',(-0.254620677912,-0.965575574123,5.321767598261E-02
    ));
#7627 = CARTESIAN_POINT('',(-113.1753935704,94.863020314554,191.684375)
  );
#7628 = CARTESIAN_POINT('',(-113.2800547986,94.466122755727,191.70625));
#7629 = TRIMMED_CURVE('',#7630,(#7634,PARAMETER_VALUE(0.)),(#7635,
    PARAMETER_VALUE(0.410552203142)),.T.,.PARAMETER.);
#7630 = LINE('',#7631,#7632);
#7631 = CARTESIAN_POINT('',(-113.2800547986,94.466122755727,191.70625));
#7632 = VECTOR('',#7633,1.);
#7633 = DIRECTION('',(-0.230828948254,-0.97153437209,5.328189651067E-02)
  );
#7634 = CARTESIAN_POINT('',(-113.2800547986,94.466122755727,191.70625));
#7635 = CARTESIAN_POINT('',(-113.3748221319,94.067257178838,191.728125)
  );
#7636 = TRIMMED_CURVE('',#7637,(#7641,PARAMETER_VALUE(0.)),(#7642,
    PARAMETER_VALUE(0.410304261495)),.T.,.PARAMETER.);
#7637 = LINE('',#7638,#7639);
#7638 = CARTESIAN_POINT('',(-113.3748221319,94.067257178838,191.728125)
  );
#7639 = VECTOR('',#7640,1.);
#7640 = DIRECTION('',(-0.206854878908,-0.976917942534,5.331409408304E-02
    ));
#7641 = CARTESIAN_POINT('',(-113.3748221319,94.067257178838,191.728125)
  );
#7642 = CARTESIAN_POINT('',(-113.4596955702,93.666423583886,191.75));
#7643 = TRIMMED_CURVE('',#7644,(#7648,PARAMETER_VALUE(0.)),(#7649,
    PARAMETER_VALUE(0.410304261495)),.T.,.PARAMETER.);
#7644 = LINE('',#7645,#7646);
#7645 = CARTESIAN_POINT('',(-113.4596955702,93.666423583886,191.75));
#7646 = VECTOR('',#7647,1.);
#7647 = DIRECTION('',(-0.182741322565,-0.981714427112,5.331409408304E-02
    ));
#7648 = CARTESIAN_POINT('',(-113.4596955702,93.666423583886,191.75));
#7649 = CARTESIAN_POINT('',(-113.5346751136,93.263621970871,191.771875)
  );
#7650 = TRIMMED_CURVE('',#7651,(#7655,PARAMETER_VALUE(0.)),(#7656,
    PARAMETER_VALUE(0.410552203142)),.T.,.PARAMETER.);
#7651 = LINE('',#7652,#7653);
#7652 = CARTESIAN_POINT('',(-113.5346751136,93.263621970871,191.771875)
  );
#7653 = VECTOR('',#7654,1.);
#7654 = DIRECTION('',(-0.158531967369,-0.985915135712,5.32818965106E-02)
  );
#7655 = CARTESIAN_POINT('',(-113.5346751136,93.263621970871,191.771875)
  );
#7656 = CARTESIAN_POINT('',(-113.5997607621,92.858852339794,191.79375));
#7657 = TRIMMED_CURVE('',#7658,(#7662,PARAMETER_VALUE(0.)),(#7663,
    PARAMETER_VALUE(0.411047637765)),.T.,.PARAMETER.);
#7658 = LINE('',#7659,#7660);
#7659 = CARTESIAN_POINT('',(-113.5997607621,92.858852339794,191.79375));
#7660 = VECTOR('',#7661,1.);
#7661 = DIRECTION('',(-0.134270942036,-0.989514624999,5.321767598268E-02
    ));
#7662 = CARTESIAN_POINT('',(-113.5997607621,92.858852339794,191.79375));
#7663 = CARTESIAN_POINT('',(-113.6549525156,92.452114690654,191.815625)
  );
#7664 = TRIMMED_CURVE('',#7665,(#7669,PARAMETER_VALUE(0.)),(#7670,
    PARAMETER_VALUE(0.41178967207)),.T.,.PARAMETER.);
#7665 = LINE('',#7666,#7667);
#7666 = CARTESIAN_POINT('',(-113.6549525156,92.452114690654,191.815625)
  );
#7667 = VECTOR('',#7668,1.);
#7668 = DIRECTION('',(-0.110002415527,-0.992510727983,5.312177911121E-02
    ));
#7669 = CARTESIAN_POINT('',(-113.6549525156,92.452114690654,191.815625)
  );
#7670 = CARTESIAN_POINT('',(-113.7002503742,92.043409023452,191.8375));
#7671 = TRIMMED_CURVE('',#7672,(#7676,PARAMETER_VALUE(0.)),(#7677,
    PARAMETER_VALUE(1.413438052337)),.T.,.PARAMETER.);
#7672 = LINE('',#7673,#7674);
#7673 = CARTESIAN_POINT('',(-113.7002503742,92.043409023452,191.8375));
#7674 = VECTOR('',#7675,1.);
#7675 = DIRECTION('',(-9.787905516484E-02,-0.993782724467,
    5.306210617155E-02));
#7676 = CARTESIAN_POINT('',(-113.7002503742,92.043409023452,191.8375));
#7677 = CARTESIAN_POINT('',(-113.8385963553,90.638758704936,191.9125));
#7678 = TRIMMED_CURVE('',#7679,(#7683,PARAMETER_VALUE(0.)),(#7684,
    PARAMETER_VALUE(0.41178967207)),.T.,.PARAMETER.);
#7679 = LINE('',#7680,#7681);
#7680 = CARTESIAN_POINT('',(-113.8385963553,90.638758704936,191.9125));
#7681 = VECTOR('',#7682,1.);
#7682 = DIRECTION('',(-8.574048756871E-02,-0.994900319316,
    5.312177911121E-02));
#7683 = CARTESIAN_POINT('',(-113.8385963553,90.638758704936,191.9125));
#7684 = CARTESIAN_POINT('',(-113.8739034026,90.229069028702,191.934375)
  );
#7685 = TRIMMED_CURVE('',#7686,(#7690,PARAMETER_VALUE(0.)),(#7691,
    PARAMETER_VALUE(0.411047637765)),.T.,.PARAMETER.);
#7686 = LINE('',#7687,#7688);
#7687 = CARTESIAN_POINT('',(-113.8739034026,90.229069028702,191.934375)
  );
#7688 = VECTOR('',#7689,1.);
#7689 = DIRECTION('',(-6.135376329588E-02,-0.996696340262,
    5.321767598261E-02));
#7690 = CARTESIAN_POINT('',(-113.8739034026,90.229069028702,191.934375)
  );
#7691 = CARTESIAN_POINT('',(-113.8991227221,89.819379352468,191.95625));
#7692 = TRIMMED_CURVE('',#7693,(#7697,PARAMETER_VALUE(0.)),(#7698,
    PARAMETER_VALUE(0.410552203142)),.T.,.PARAMETER.);
#7693 = LINE('',#7694,#7695);
#7694 = CARTESIAN_POINT('',(-113.8991227221,89.819379352468,191.95625));
#7695 = VECTOR('',#7696,1.);
#7696 = DIRECTION('',(-3.685668123726E-02,-0.997899105397,
    5.328189651068E-02));
#7697 = CARTESIAN_POINT('',(-113.8991227221,89.819379352468,191.95625));
#7698 = CARTESIAN_POINT('',(-113.9142543137,89.409689676234,191.978125)
  );
#7699 = TRIMMED_CURVE('',#7700,(#7704,PARAMETER_VALUE(0.)),(#7705,
    PARAMETER_VALUE(0.410304261495)),.T.,.PARAMETER.);
#7700 = LINE('',#7701,#7702);
#7701 = CARTESIAN_POINT('',(-113.9142543137,89.409689676234,191.978125)
  );
#7702 = VECTOR('',#7703,1.);
#7703 = DIRECTION('',(-1.229298442039E-02,-0.998502123136,
    5.331409408304E-02));
#7704 = CARTESIAN_POINT('',(-113.9142543137,89.409689676234,191.978125)
  );
#7705 = CARTESIAN_POINT('',(-113.9192981776,89.,192.));
#7706 = TRIMMED_CURVE('',#7707,(#7711,PARAMETER_VALUE(0.)),(#7712,
    PARAMETER_VALUE(0.410304261495)),.T.,.PARAMETER.);
#7707 = LINE('',#7708,#7709);
#7708 = CARTESIAN_POINT('',(-113.9192981776,89.,192.));
#7709 = VECTOR('',#7710,1.);
#7710 = DIRECTION('',(1.229298442039E-02,-0.998502123136,
    5.331409408304E-02));
#7711 = CARTESIAN_POINT('',(-113.9192981776,89.,192.));
#7712 = CARTESIAN_POINT('',(-113.9142543137,88.590310323766,192.021875)
  );
#7713 = TRIMMED_CURVE('',#7714,(#7718,PARAMETER_VALUE(0.)),(#7719,
    PARAMETER_VALUE(0.410552203142)),.T.,.PARAMETER.);
#7714 = LINE('',#7715,#7716);
#7715 = CARTESIAN_POINT('',(-113.9142543137,88.590310323766,192.021875)
  );
#7716 = VECTOR('',#7717,1.);
#7717 = DIRECTION('',(3.685668123726E-02,-0.997899105397,
    5.32818965106E-02));
#7718 = CARTESIAN_POINT('',(-113.9142543137,88.590310323766,192.021875)
  );
#7719 = CARTESIAN_POINT('',(-113.8991227221,88.180620647532,192.04375));
#7720 = TRIMMED_CURVE('',#7721,(#7725,PARAMETER_VALUE(0.)),(#7726,
    PARAMETER_VALUE(0.411047637765)),.T.,.PARAMETER.);
#7721 = LINE('',#7722,#7723);
#7722 = CARTESIAN_POINT('',(-113.8991227221,88.180620647532,192.04375));
#7723 = VECTOR('',#7724,1.);
#7724 = DIRECTION('',(6.135376329585E-02,-0.996696340262,
    5.321767598268E-02));
#7725 = CARTESIAN_POINT('',(-113.8991227221,88.180620647532,192.04375));
#7726 = CARTESIAN_POINT('',(-113.8739034026,87.770930971298,192.065625)
  );
#7727 = TRIMMED_CURVE('',#7728,(#7732,PARAMETER_VALUE(0.)),(#7733,
    PARAMETER_VALUE(0.41178967207)),.T.,.PARAMETER.);
#7728 = LINE('',#7729,#7730);
#7729 = CARTESIAN_POINT('',(-113.8739034026,87.770930971298,192.065625)
  );
#7730 = VECTOR('',#7731,1.);
#7731 = DIRECTION('',(8.574048756871E-02,-0.994900319316,
    5.312177911121E-02));
#7732 = CARTESIAN_POINT('',(-113.8739034026,87.770930971298,192.065625)
  );
#7733 = CARTESIAN_POINT('',(-113.8385963553,87.361241295065,192.0875));
#7734 = TRIMMED_CURVE('',#7735,(#7739,PARAMETER_VALUE(0.)),(#7740,
    PARAMETER_VALUE(1.413438052337)),.T.,.PARAMETER.);
#7735 = LINE('',#7736,#7737);
#7736 = CARTESIAN_POINT('',(-113.8385963553,87.361241295065,192.0875));
#7737 = VECTOR('',#7738,1.);
#7738 = DIRECTION('',(9.787905516484E-02,-0.993782724467,
    5.306210617154E-02));
#7739 = CARTESIAN_POINT('',(-113.8385963553,87.361241295065,192.0875));
#7740 = CARTESIAN_POINT('',(-113.7002503742,85.956590976548,192.1625));
#7741 = TRIMMED_CURVE('',#7742,(#7746,PARAMETER_VALUE(0.)),(#7747,
    PARAMETER_VALUE(0.41178967207)),.T.,.PARAMETER.);
#7742 = LINE('',#7743,#7744);
#7743 = CARTESIAN_POINT('',(-113.7002503742,85.956590976548,192.1625));
#7744 = VECTOR('',#7745,1.);
#7745 = DIRECTION('',(0.110002415527,-0.992510727983,5.312177911121E-02)
  );
#7746 = CARTESIAN_POINT('',(-113.7002503742,85.956590976548,192.1625));
#7747 = CARTESIAN_POINT('',(-113.6549525156,85.547885309346,192.184375)
  );
#7748 = TRIMMED_CURVE('',#7749,(#7753,PARAMETER_VALUE(0.)),(#7754,
    PARAMETER_VALUE(0.411047637765)),.T.,.PARAMETER.);
#7749 = LINE('',#7750,#7751);
#7750 = CARTESIAN_POINT('',(-113.6549525156,85.547885309346,192.184375)
  );
#7751 = VECTOR('',#7752,1.);
#7752 = DIRECTION('',(0.134270942036,-0.989514624999,5.321767598261E-02)
  );
#7753 = CARTESIAN_POINT('',(-113.6549525156,85.547885309346,192.184375)
  );
#7754 = CARTESIAN_POINT('',(-113.5997607621,85.141147660206,192.20625));
#7755 = TRIMMED_CURVE('',#7756,(#7760,PARAMETER_VALUE(0.)),(#7761,
    PARAMETER_VALUE(0.410552203142)),.T.,.PARAMETER.);
#7756 = LINE('',#7757,#7758);
#7757 = CARTESIAN_POINT('',(-113.5997607621,85.141147660206,192.20625));
#7758 = VECTOR('',#7759,1.);
#7759 = DIRECTION('',(0.158531967369,-0.985915135712,5.328189651068E-02)
  );
#7760 = CARTESIAN_POINT('',(-113.5997607621,85.141147660206,192.20625));
#7761 = CARTESIAN_POINT('',(-113.5346751136,84.736378029129,192.228125)
  );
#7762 = TRIMMED_CURVE('',#7763,(#7767,PARAMETER_VALUE(0.)),(#7768,
    PARAMETER_VALUE(0.410304261495)),.T.,.PARAMETER.);
#7763 = LINE('',#7764,#7765);
#7764 = CARTESIAN_POINT('',(-113.5346751136,84.736378029129,192.228125)
  );
#7765 = VECTOR('',#7766,1.);
#7766 = DIRECTION('',(0.182741322565,-0.981714427112,5.331409408304E-02)
  );
#7767 = CARTESIAN_POINT('',(-113.5346751136,84.736378029129,192.228125)
  );
#7768 = CARTESIAN_POINT('',(-113.4596955702,84.333576416114,192.25));
#7769 = TRIMMED_CURVE('',#7770,(#7774,PARAMETER_VALUE(0.)),(#7775,
    PARAMETER_VALUE(0.410304261495)),.T.,.PARAMETER.);
#7770 = LINE('',#7771,#7772);
#7771 = CARTESIAN_POINT('',(-113.4596955702,84.333576416114,192.25));
#7772 = VECTOR('',#7773,1.);
#7773 = DIRECTION('',(0.206854878908,-0.976917942534,5.331409408304E-02)
  );
#7774 = CARTESIAN_POINT('',(-113.4596955702,84.333576416114,192.25));
#7775 = CARTESIAN_POINT('',(-113.3748221319,83.932742821162,192.271875)
  );
#7776 = TRIMMED_CURVE('',#7777,(#7781,PARAMETER_VALUE(0.)),(#7782,
    PARAMETER_VALUE(0.410552203142)),.T.,.PARAMETER.);
#7777 = LINE('',#7778,#7779);
#7778 = CARTESIAN_POINT('',(-113.3748221319,83.932742821162,192.271875)
  );
#7779 = VECTOR('',#7780,1.);
#7780 = DIRECTION('',(0.230828948254,-0.97153437209,5.328189651061E-02)
  );
#7781 = CARTESIAN_POINT('',(-113.3748221319,83.932742821162,192.271875)
  );
#7782 = CARTESIAN_POINT('',(-113.2800547986,83.533877244273,192.29375));
#7783 = TRIMMED_CURVE('',#7784,(#7788,PARAMETER_VALUE(0.)),(#7789,
    PARAMETER_VALUE(0.411047637765)),.T.,.PARAMETER.);
#7784 = LINE('',#7785,#7786);
#7785 = CARTESIAN_POINT('',(-113.2800547986,83.533877244273,192.29375));
#7786 = VECTOR('',#7787,1.);
#7787 = DIRECTION('',(0.254620677912,-0.965575574123,5.321767598268E-02)
  );
#7788 = CARTESIAN_POINT('',(-113.2800547986,83.533877244273,192.29375));
#7789 = CARTESIAN_POINT('',(-113.1753935704,83.136979685446,192.315625)
  );
#7790 = TRIMMED_CURVE('',#7791,(#7795,PARAMETER_VALUE(0.)),(#7796,
    PARAMETER_VALUE(0.41178967207)),.T.,.PARAMETER.);
#7791 = LINE('',#7792,#7793);
#7792 = CARTESIAN_POINT('',(-113.1753935704,83.136979685446,192.315625)
  );
#7793 = VECTOR('',#7794,1.);
#7794 = DIRECTION('',(0.278188431811,-0.959056449324,5.312177911121E-02)
  );
#7795 = CARTESIAN_POINT('',(-113.1753935704,83.136979685446,192.315625)
  );
#7796 = CARTESIAN_POINT('',(-113.0608384473,82.742050144682,192.3375));
#7797 = TRIMMED_CURVE('',#7798,(#7802,PARAMETER_VALUE(0.)),(#7803,
    PARAMETER_VALUE(1.413438052337)),.T.,.PARAMETER.);
#7798 = LINE('',#7799,#7800);
#7799 = CARTESIAN_POINT('',(-113.0608384473,82.742050144682,192.3375));
#7800 = VECTOR('',#7801,1.);
#7801 = DIRECTION('',(0.289875728296,-0.955592211685,5.306210617155E-02)
  );
#7802 = CARTESIAN_POINT('',(-113.0608384473,82.742050144682,192.3375));
#7803 = CARTESIAN_POINT('',(-112.6511170625,81.391379750169,192.4125));
#7804 = TRIMMED_CURVE('',#7805,(#7809,PARAMETER_VALUE(0.)),(#7810,
    PARAMETER_VALUE(0.41178967207)),.T.,.PARAMETER.);
#7805 = LINE('',#7806,#7807);
#7806 = CARTESIAN_POINT('',(-112.6511170625,81.391379750169,192.4125));
#7807 = VECTOR('',#7808,1.);
#7808 = DIRECTION('',(0.301517987485,-0.951979505981,5.312177911121E-02)
  );
#7809 = CARTESIAN_POINT('',(-112.6511170625,81.391379750169,192.4125));
#7810 = CARTESIAN_POINT('',(-112.5269550693,80.999364421584,192.434375)
  );
#7811 = TRIMMED_CURVE('',#7812,(#7816,PARAMETER_VALUE(0.)),(#7817,
    PARAMETER_VALUE(0.411047637765)),.T.,.PARAMETER.);
#7812 = LINE('',#7813,#7814);
#7813 = CARTESIAN_POINT('',(-112.5269550693,80.999364421584,192.434375)
  );
#7814 = VECTOR('',#7815,1.);
#7815 = DIRECTION('',(0.324735690366,-0.944306417624,5.321767598261E-02)
  );
#7816 = CARTESIAN_POINT('',(-112.5269550693,80.999364421584,192.434375)
  );
#7817 = CARTESIAN_POINT('',(-112.3934732309,80.611209499293,192.45625));
#7818 = TRIMMED_CURVE('',#7819,(#7823,PARAMETER_VALUE(0.)),(#7824,
    PARAMETER_VALUE(0.410552203142)),.T.,.PARAMETER.);
#7819 = LINE('',#7820,#7821);
#7820 = CARTESIAN_POINT('',(-112.3934732309,80.611209499293,192.45625));
#7821 = VECTOR('',#7822,1.);
#7822 = DIRECTION('',(0.347828321376,-0.936043000269,5.328189651068E-02)
  );
#7823 = CARTESIAN_POINT('',(-112.3934732309,80.611209499293,192.45625));
#7824 = CARTESIAN_POINT('',(-112.2506715472,80.226914983297,192.478125)
  );
#7825 = TRIMMED_CURVE('',#7826,(#7830,PARAMETER_VALUE(0.)),(#7831,
    PARAMETER_VALUE(0.410304261495)),.T.,.PARAMETER.);
#7826 = LINE('',#7827,#7828);
#7827 = CARTESIAN_POINT('',(-112.2506715472,80.226914983297,192.478125)
  );
#7828 = VECTOR('',#7829,1.);
#7829 = DIRECTION('',(0.370752983006,-0.927199996206,5.331409408304E-02)
  );
#7830 = CARTESIAN_POINT('',(-112.2506715472,80.226914983297,192.478125)
  );
#7831 = CARTESIAN_POINT('',(-112.0985500184,79.846480873596,192.5));
#7832 = TRIMMED_CURVE('',#7833,(#7837,PARAMETER_VALUE(0.)),(#7838,
    PARAMETER_VALUE(0.410304261495)),.T.,.PARAMETER.);
#7833 = LINE('',#7834,#7835);
#7834 = CARTESIAN_POINT('',(-112.0985500184,79.846480873596,192.5));
#7835 = VECTOR('',#7836,1.);
#7836 = DIRECTION('',(0.393467456405,-0.917791353262,5.331409408304E-02)
  );
#7837 = CARTESIAN_POINT('',(-112.0985500184,79.846480873596,192.5));
#7838 = CARTESIAN_POINT('',(-111.9371086442,79.46990717019,192.521875));
#7839 = TRIMMED_CURVE('',#7840,(#7844,PARAMETER_VALUE(0.)),(#7845,
    PARAMETER_VALUE(0.410552203142)),.T.,.PARAMETER.);
#7840 = LINE('',#7841,#7842);
#7841 = CARTESIAN_POINT('',(-111.9371086442,79.46990717019,192.521875));
#7842 = VECTOR('',#7843,1.);
#7843 = DIRECTION('',(0.415930588239,-0.907834117706,5.328189651061E-02)
  );
#7844 = CARTESIAN_POINT('',(-111.9371086442,79.46990717019,192.521875));
#7845 = CARTESIAN_POINT('',(-111.7663474249,79.097193873078,192.54375));
#7846 = TRIMMED_CURVE('',#7847,(#7851,PARAMETER_VALUE(0.)),(#7852,
    PARAMETER_VALUE(0.411047637765)),.T.,.PARAMETER.);
#7847 = LINE('',#7848,#7849);
#7848 = CARTESIAN_POINT('',(-111.7663474249,79.097193873078,192.54375));
#7849 = VECTOR('',#7850,1.);
#7850 = DIRECTION('',(0.438102662669,-0.897348280171,5.321767598268E-02)
  );
#7851 = CARTESIAN_POINT('',(-111.7663474249,79.097193873078,192.54375));
#7852 = CARTESIAN_POINT('',(-111.5862663603,78.728340982262,192.565625)
  );
#7853 = TRIMMED_CURVE('',#7854,(#7858,PARAMETER_VALUE(0.)),(#7859,
    PARAMETER_VALUE(0.41178967207)),.T.,.PARAMETER.);
#7854 = LINE('',#7855,#7856);
#7855 = CARTESIAN_POINT('',(-111.5862663603,78.728340982262,192.565625)
  );
#7856 = VECTOR('',#7857,1.);
#7857 = DIRECTION('',(0.459945750629,-0.88635657783,5.312177911121E-02)
  );
#7858 = CARTESIAN_POINT('',(-111.5862663603,78.728340982262,192.565625)
  );
#7859 = CARTESIAN_POINT('',(-111.3968654505,78.36334849774,192.5875));
#7860 = TRIMMED_CURVE('',#7861,(#7865,PARAMETER_VALUE(0.)),(#7866,
    PARAMETER_VALUE(1.413438052337)),.T.,.PARAMETER.);
#7861 = LINE('',#7862,#7863);
#7862 = CARTESIAN_POINT('',(-111.3968654505,78.36334849774,192.5875));
#7863 = VECTOR('',#7864,1.);
#7864 = DIRECTION('',(0.470732639752,-0.880678826111,5.306210617155E-02)
  );
#7865 = CARTESIAN_POINT('',(-111.3968654505,78.36334849774,192.5875));
#7866 = CARTESIAN_POINT('',(-110.731514025,77.118563533027,192.6625));
#7867 = TRIMMED_CURVE('',#7868,(#7872,PARAMETER_VALUE(0.)),(#7873,
    PARAMETER_VALUE(0.41178967207)),.T.,.PARAMETER.);
#7868 = LINE('',#7869,#7870);
#7869 = CARTESIAN_POINT('',(-110.731514025,77.118563533027,192.6625));
#7870 = VECTOR('',#7871,1.);
#7871 = DIRECTION('',(0.481446392276,-0.874864245439,5.312177911121E-02)
  );
#7872 = CARTESIAN_POINT('',(-110.731514025,77.118563533027,192.6625));
#7873 = CARTESIAN_POINT('',(-110.533259373,76.758303472292,192.684375));
#7874 = TRIMMED_CURVE('',#7875,(#7879,PARAMETER_VALUE(0.)),(#7880,
    PARAMETER_VALUE(0.411047637765)),.T.,.PARAMETER.);
#7875 = LINE('',#7876,#7877);
#7876 = CARTESIAN_POINT('',(-110.533259373,76.758303472292,192.684375));
#7877 = VECTOR('',#7878,1.);
#7878 = DIRECTION('',(0.502721028228,-0.862809044192,5.321767598261E-02)
  );
#7879 = CARTESIAN_POINT('',(-110.533259373,76.758303472292,192.684375));
#7880 = CARTESIAN_POINT('',(-110.3266170819,76.403647852834,192.70625));
#7881 = TRIMMED_CURVE('',#7882,(#7886,PARAMETER_VALUE(0.)),(#7887,
    PARAMETER_VALUE(0.410552203142)),.T.,.PARAMETER.);
#7882 = LINE('',#7883,#7884);
#7883 = CARTESIAN_POINT('',(-110.3266170819,76.403647852834,192.70625));
#7884 = VECTOR('',#7885,1.);
#7885 = DIRECTION('',(0.523757828056,-0.850199257265,5.328189651067E-02)
  );
#7886 = CARTESIAN_POINT('',(-110.3266170819,76.403647852834,192.70625));
#7887 = CARTESIAN_POINT('',(-110.1115871516,76.054596674655,192.728125)
  );
#7888 = TRIMMED_CURVE('',#7889,(#7893,PARAMETER_VALUE(0.)),(#7894,
    PARAMETER_VALUE(0.410304261495)),.T.,.PARAMETER.);
#7889 = LINE('',#7890,#7891);
#7890 = CARTESIAN_POINT('',(-110.1115871516,76.054596674655,192.728125)
  );
#7891 = VECTOR('',#7892,1.);
#7892 = DIRECTION('',(0.544516814231,-0.837053789426,5.331409408304E-02)
  );
#7893 = CARTESIAN_POINT('',(-110.1115871516,76.054596674655,192.728125)
  );
#7894 = CARTESIAN_POINT('',(-109.8881695823,75.711149937753,192.75));
#7895 = TRIMMED_CURVE('',#7896,(#7900,PARAMETER_VALUE(0.)),(#7901,
    PARAMETER_VALUE(0.410304261495)),.T.,.PARAMETER.);
#7896 = LINE('',#7897,#7898);
#7897 = CARTESIAN_POINT('',(-109.8881695823,75.711149937753,192.75));
#7898 = VECTOR('',#7899,1.);
#7899 = DIRECTION('',(0.564959300211,-0.823394556988,5.331409408304E-02)
  );
#7900 = CARTESIAN_POINT('',(-109.8881695823,75.711149937753,192.75));
#7901 = CARTESIAN_POINT('',(-109.6563643739,75.37330764213,192.771875));
#7902 = TRIMMED_CURVE('',#7903,(#7907,PARAMETER_VALUE(0.)),(#7908,
    PARAMETER_VALUE(0.410552203142)),.T.,.PARAMETER.);
#7903 = LINE('',#7904,#7905);
#7904 = CARTESIAN_POINT('',(-109.6563643739,75.37330764213,192.771875));
#7905 = VECTOR('',#7906,1.);
#7906 = DIRECTION('',(0.585048248975,-0.809246307298,5.328189651061E-02)
  );
#7907 = CARTESIAN_POINT('',(-109.6563643739,75.37330764213,192.771875));
#7908 = CARTESIAN_POINT('',(-109.4161715263,75.041069787784,192.79375));
#7909 = TRIMMED_CURVE('',#7910,(#7914,PARAMETER_VALUE(0.)),(#7915,
    PARAMETER_VALUE(0.411047637765)),.T.,.PARAMETER.);
#7910 = LINE('',#7911,#7912);
#7911 = CARTESIAN_POINT('',(-109.4161715263,75.041069787784,192.79375));
#7912 = VECTOR('',#7913,1.);
#7913 = DIRECTION('',(0.60474860779,-0.79463639505,5.321767598268E-02));
#7914 = CARTESIAN_POINT('',(-109.4161715263,75.041069787784,192.79375));
#7915 = CARTESIAN_POINT('',(-109.1675910396,74.714436374717,192.815625)
  );
#7916 = TRIMMED_CURVE('',#7917,(#7921,PARAMETER_VALUE(0.)),(#7922,
    PARAMETER_VALUE(0.41178967207)),.T.,.PARAMETER.);
#7917 = LINE('',#7918,#7919);
#7918 = CARTESIAN_POINT('',(-109.1675910396,74.714436374717,192.815625)
  );
#7919 = VECTOR('',#7920,1.);
#7920 = DIRECTION('',(0.624027612191,-0.779594520124,5.312177911121E-02)
  );
#7921 = CARTESIAN_POINT('',(-109.1675910396,74.714436374717,192.815625)
  );
#7922 = CARTESIAN_POINT('',(-108.9106229138,74.393407402927,192.8375));
#7923 = TRIMMED_CURVE('',#7924,(#7928,PARAMETER_VALUE(0.)),(#7929,
    PARAMETER_VALUE(1.413438052337)),.T.,.PARAMETER.);
#7924 = LINE('',#7925,#7926);
#7925 = CARTESIAN_POINT('',(-108.9106229138,74.393407402927,192.8375));
#7926 = VECTOR('',#7927,1.);
#7927 = DIRECTION('',(0.633499559853,-0.77192144714,5.306210617155E-02)
  );
#7928 = CARTESIAN_POINT('',(-108.9106229138,74.393407402927,192.8375));
#7929 = CARTESIAN_POINT('',(-108.0152105298,73.302344256125,192.9125));
#7930 = TRIMMED_CURVE('',#7931,(#7935,PARAMETER_VALUE(0.)),(#7936,
    PARAMETER_VALUE(0.41178967207)),.T.,.PARAMETER.);
#7931 = LINE('',#7932,#7933);
#7932 = CARTESIAN_POINT('',(-108.0152105298,73.302344256125,192.9125));
#7933 = VECTOR('',#7934,1.);
#7934 = DIRECTION('',(0.642873082211,-0.764128442575,5.312177911121E-02)
  );
#7935 = CARTESIAN_POINT('',(-108.0152105298,73.302344256125,192.9125));
#7936 = CARTESIAN_POINT('',(-107.7504820341,72.987684055338,192.934375)
  );
#7937 = TRIMMED_CURVE('',#7938,(#7942,PARAMETER_VALUE(0.)),(#7943,
    PARAMETER_VALUE(0.411047637765)),.T.,.PARAMETER.);
#7938 = LINE('',#7939,#7940);
#7939 = CARTESIAN_POINT('',(-107.7504820341,72.987684055338,192.934375)
  );
#7940 = VECTOR('',#7941,1.);
#7941 = DIRECTION('',(0.661387078906,-0.748154403061,5.321767598261E-02)
  );
#7942 = CARTESIAN_POINT('',(-107.7504820341,72.987684055338,192.934375)
  );
#7943 = CARTESIAN_POINT('',(-107.4786204377,72.680156955276,192.95625));
#7944 = TRIMMED_CURVE('',#7945,(#7949,PARAMETER_VALUE(0.)),(#7950,
    PARAMETER_VALUE(0.410552203142)),.T.,.PARAMETER.);
#7945 = LINE('',#7946,#7947);
#7946 = CARTESIAN_POINT('',(-107.4786204377,72.680156955276,192.95625));
#7947 = VECTOR('',#7948,1.);
#7948 = DIRECTION('',(0.679559615131,-0.731682833601,5.328189651067E-02)
  );
#7949 = CARTESIAN_POINT('',(-107.4786204377,72.680156955276,192.95625));
#7950 = CARTESIAN_POINT('',(-107.1996257405,72.37976295594,192.978125));
#7951 = TRIMMED_CURVE('',#7952,(#7956,PARAMETER_VALUE(0.)),(#7957,
    PARAMETER_VALUE(0.410304261495)),.T.,.PARAMETER.);
#7952 = LINE('',#7953,#7954);
#7953 = CARTESIAN_POINT('',(-107.1996257405,72.37976295594,192.978125));
#7954 = VECTOR('',#7955,1.);
#7955 = DIRECTION('',(0.697355169654,-0.714740074943,5.331409408304E-02)
  );
#7956 = CARTESIAN_POINT('',(-107.1996257405,72.37976295594,192.978125));
#7957 = CARTESIAN_POINT('',(-106.9134979426,72.08650205733,193.));
#7958 = TRIMMED_CURVE('',#7959,(#7963,PARAMETER_VALUE(0.)),(#7964,
    PARAMETER_VALUE(0.410304261495)),.T.,.PARAMETER.);
#7959 = LINE('',#7960,#7961);
#7960 = CARTESIAN_POINT('',(-106.9134979426,72.08650205733,193.));
#7961 = VECTOR('',#7962,1.);
#7962 = DIRECTION('',(0.714740074943,-0.697355169654,5.331409408304E-02)
  );
#7963 = CARTESIAN_POINT('',(-106.9134979426,72.08650205733,193.));
#7964 = CARTESIAN_POINT('',(-106.620237044,71.800374259446,193.021875));
#7965 = TRIMMED_CURVE('',#7966,(#7970,PARAMETER_VALUE(0.)),(#7971,
    PARAMETER_VALUE(0.410552203142)),.T.,.PARAMETER.);
#7966 = LINE('',#7967,#7968);
#7967 = CARTESIAN_POINT('',(-106.620237044,71.800374259446,193.021875));
#7968 = VECTOR('',#7969,1.);
#7969 = DIRECTION('',(0.731682833601,-0.679559615131,5.32818965106E-02)
  );
#7970 = CARTESIAN_POINT('',(-106.620237044,71.800374259446,193.021875));
#7971 = CARTESIAN_POINT('',(-106.3198430447,71.521379562287,193.04375));
#7972 = TRIMMED_CURVE('',#7973,(#7977,PARAMETER_VALUE(0.)),(#7978,
    PARAMETER_VALUE(0.411047637765)),.T.,.PARAMETER.);
#7973 = LINE('',#7974,#7975);
#7974 = CARTESIAN_POINT('',(-106.3198430447,71.521379562287,193.04375));
#7975 = VECTOR('',#7976,1.);
#7976 = DIRECTION('',(0.748154403061,-0.661387078906,5.321767598268E-02)
  );
#7977 = CARTESIAN_POINT('',(-106.3198430447,71.521379562287,193.04375));
#7978 = CARTESIAN_POINT('',(-106.0123159446,71.249517965855,193.065625)
  );
#7979 = TRIMMED_CURVE('',#7980,(#7984,PARAMETER_VALUE(0.)),(#7985,
    PARAMETER_VALUE(0.41178967207)),.T.,.PARAMETER.);
#7980 = LINE('',#7981,#7982);
#7981 = CARTESIAN_POINT('',(-106.0123159446,71.249517965855,193.065625)
  );
#7982 = VECTOR('',#7983,1.);
#7983 = DIRECTION('',(0.764128442575,-0.642873082211,5.312177911121E-02)
  );
#7984 = CARTESIAN_POINT('',(-106.0123159446,71.249517965855,193.065625)
  );
#7985 = CARTESIAN_POINT('',(-105.6976557438,70.984789470149,193.0875));
#7986 = TRIMMED_CURVE('',#7987,(#7991,PARAMETER_VALUE(0.)),(#7992,
    PARAMETER_VALUE(1.413438052337)),.T.,.PARAMETER.);
#7987 = LINE('',#7988,#7989);
#7988 = CARTESIAN_POINT('',(-105.6976557438,70.984789470149,193.0875));
#7989 = VECTOR('',#7990,1.);
#7990 = DIRECTION('',(0.77192144714,-0.633499559853,5.306210617155E-02)
  );
#7991 = CARTESIAN_POINT('',(-105.6976557438,70.984789470149,193.0875));
#7992 = CARTESIAN_POINT('',(-104.606592597,70.089377086113,193.1625));
#7993 = TRIMMED_CURVE('',#7994,(#7998,PARAMETER_VALUE(0.)),(#7999,
    PARAMETER_VALUE(0.41178967207)),.T.,.PARAMETER.);
#7994 = LINE('',#7995,#7996);
#7995 = CARTESIAN_POINT('',(-104.606592597,70.089377086113,193.1625));
#7996 = VECTOR('',#7997,1.);
#7997 = DIRECTION('',(0.779594520124,-0.624027612191,5.312177911121E-02)
  );
#7998 = CARTESIAN_POINT('',(-104.606592597,70.089377086113,193.1625));
#7999 = CARTESIAN_POINT('',(-104.2855636252,69.832408960326,193.184375)
  );
#8000 = TRIMMED_CURVE('',#8001,(#8005,PARAMETER_VALUE(0.)),(#8006,
    PARAMETER_VALUE(0.411047637765)),.T.,.PARAMETER.);
#8001 = LINE('',#8002,#8003);
#8002 = CARTESIAN_POINT('',(-104.2855636252,69.832408960326,193.184375)
  );
#8003 = VECTOR('',#8004,1.);
#8004 = DIRECTION('',(0.79463639505,-0.60474860779,5.321767598261E-02));
#8005 = CARTESIAN_POINT('',(-104.2855636252,69.832408960326,193.184375)
  );
#8006 = CARTESIAN_POINT('',(-103.9589302122,69.583828473652,193.20625));
#8007 = TRIMMED_CURVE('',#8008,(#8012,PARAMETER_VALUE(0.)),(#8013,
    PARAMETER_VALUE(0.410552203142)),.T.,.PARAMETER.);
#8008 = LINE('',#8009,#8010);
#8009 = CARTESIAN_POINT('',(-103.9589302122,69.583828473652,193.20625));
#8010 = VECTOR('',#8011,1.);
#8011 = DIRECTION('',(0.809246307298,-0.585048248975,5.328189651068E-02)
  );
#8012 = CARTESIAN_POINT('',(-103.9589302122,69.583828473652,193.20625));
#8013 = CARTESIAN_POINT('',(-103.6266923578,69.343635626092,193.228125)
  );
#8014 = TRIMMED_CURVE('',#8015,(#8019,PARAMETER_VALUE(0.)),(#8020,
    PARAMETER_VALUE(0.410304261495)),.T.,.PARAMETER.);
#8015 = LINE('',#8016,#8017);
#8016 = CARTESIAN_POINT('',(-103.6266923578,69.343635626092,193.228125)
  );
#8017 = VECTOR('',#8018,1.);
#8018 = DIRECTION('',(0.823394556988,-0.564959300211,5.331409408304E-02)
  );
#8019 = CARTESIAN_POINT('',(-103.6266923578,69.343635626092,193.228125)
  );
#8020 = CARTESIAN_POINT('',(-103.2888500622,69.111830417644,193.25));
#8021 = TRIMMED_CURVE('',#8022,(#8026,PARAMETER_VALUE(0.)),(#8027,
    PARAMETER_VALUE(0.410304261495)),.T.,.PARAMETER.);
#8022 = LINE('',#8023,#8024);
#8023 = CARTESIAN_POINT('',(-103.2888500622,69.111830417644,193.25));
#8024 = VECTOR('',#8025,1.);
#8025 = DIRECTION('',(0.837053789426,-0.544516814231,5.331409408304E-02)
  );
#8026 = CARTESIAN_POINT('',(-103.2888500622,69.111830417644,193.25));
#8027 = CARTESIAN_POINT('',(-102.9454033253,68.88841284831,193.271875));
#8028 = TRIMMED_CURVE('',#8029,(#8033,PARAMETER_VALUE(0.)),(#8034,
    PARAMETER_VALUE(0.410552203142)),.T.,.PARAMETER.);
#8029 = LINE('',#8030,#8031);
#8030 = CARTESIAN_POINT('',(-102.9454033253,68.88841284831,193.271875));
#8031 = VECTOR('',#8032,1.);
#8032 = DIRECTION('',(0.850199257265,-0.523757828056,5.32818965106E-02)
  );
#8033 = CARTESIAN_POINT('',(-102.9454033253,68.88841284831,193.271875));
#8034 = CARTESIAN_POINT('',(-102.5963521471,68.673382918089,193.29375));
#8035 = TRIMMED_CURVE('',#8036,(#8040,PARAMETER_VALUE(0.)),(#8041,
    PARAMETER_VALUE(0.411047637765)),.T.,.PARAMETER.);
#8036 = LINE('',#8037,#8038);
#8037 = CARTESIAN_POINT('',(-102.5963521471,68.673382918089,193.29375));
#8038 = VECTOR('',#8039,1.);
#8039 = DIRECTION('',(0.862809044192,-0.502721028228,5.321767598268E-02)
  );
#8040 = CARTESIAN_POINT('',(-102.5963521471,68.673382918089,193.29375));
#8041 = CARTESIAN_POINT('',(-102.2416965277,68.46674062698,193.315625));
#8042 = TRIMMED_CURVE('',#8043,(#8047,PARAMETER_VALUE(0.)),(#8048,
    PARAMETER_VALUE(0.41178967207)),.T.,.PARAMETER.);
#8043 = LINE('',#8044,#8045);
#8044 = CARTESIAN_POINT('',(-102.2416965277,68.46674062698,193.315625));
#8045 = VECTOR('',#8046,1.);
#8046 = DIRECTION('',(0.874864245439,-0.481446392276,5.312177911121E-02)
  );
#8047 = CARTESIAN_POINT('',(-102.2416965277,68.46674062698,193.315625));
#8048 = CARTESIAN_POINT('',(-101.8814364669,68.268485974986,193.3375));
#8049 = TRIMMED_CURVE('',#8050,(#8054,PARAMETER_VALUE(0.)),(#8055,
    PARAMETER_VALUE(1.413438052337)),.T.,.PARAMETER.);
#8050 = LINE('',#8051,#8052);
#8051 = CARTESIAN_POINT('',(-101.8814364669,68.268485974986,193.3375));
#8052 = VECTOR('',#8053,1.);
#8053 = DIRECTION('',(0.880678826111,-0.470732639752,5.306210617154E-02)
  );
#8054 = CARTESIAN_POINT('',(-101.8814364669,68.268485974986,193.3375));
#8055 = CARTESIAN_POINT('',(-100.6366515022,67.603134549483,193.4125));
#8056 = TRIMMED_CURVE('',#8057,(#8061,PARAMETER_VALUE(0.)),(#8062,
    PARAMETER_VALUE(0.41178967207)),.T.,.PARAMETER.);
#8057 = LINE('',#8058,#8059);
#8058 = CARTESIAN_POINT('',(-100.6366515022,67.603134549483,193.4125));
#8059 = VECTOR('',#8060,1.);
#8060 = DIRECTION('',(0.88635657783,-0.459945750629,5.31217791112E-02));
#8061 = CARTESIAN_POINT('',(-100.6366515022,67.603134549483,193.4125));
#8062 = CARTESIAN_POINT('',(-100.2716590177,67.413733639661,193.434375)
  );
#8063 = TRIMMED_CURVE('',#8064,(#8068,PARAMETER_VALUE(0.)),(#8069,
    PARAMETER_VALUE(0.411047637765)),.T.,.PARAMETER.);
#8064 = LINE('',#8065,#8066);
#8065 = CARTESIAN_POINT('',(-100.2716590177,67.413733639661,193.434375)
  );
#8066 = VECTOR('',#8067,1.);
#8067 = DIRECTION('',(0.897348280171,-0.438102662669,5.321767598261E-02)
  );
#8068 = CARTESIAN_POINT('',(-100.2716590177,67.413733639661,193.434375)
  );
#8069 = CARTESIAN_POINT('',(-99.90280612692,67.233652575072,193.45625));
#8070 = TRIMMED_CURVE('',#8071,(#8075,PARAMETER_VALUE(0.)),(#8076,
    PARAMETER_VALUE(0.410552203142)),.T.,.PARAMETER.);
#8071 = LINE('',#8072,#8073);
#8072 = CARTESIAN_POINT('',(-99.90280612692,67.233652575072,193.45625));
#8073 = VECTOR('',#8074,1.);
#8074 = DIRECTION('',(0.907834117706,-0.415930588239,5.328189651068E-02)
  );
#8075 = CARTESIAN_POINT('',(-99.90280612692,67.233652575072,193.45625));
#8076 = CARTESIAN_POINT('',(-99.53009282981,67.062891355717,193.478125)
  );
#8077 = TRIMMED_CURVE('',#8078,(#8082,PARAMETER_VALUE(0.)),(#8083,
    PARAMETER_VALUE(0.410304261495)),.T.,.PARAMETER.);
#8078 = LINE('',#8079,#8080);
#8079 = CARTESIAN_POINT('',(-99.53009282981,67.062891355717,193.478125)
  );
#8080 = VECTOR('',#8081,1.);
#8081 = DIRECTION('',(0.917791353262,-0.393467456405,5.331409408304E-02)
  );
#8082 = CARTESIAN_POINT('',(-99.53009282981,67.062891355717,193.478125)
  );
#8083 = CARTESIAN_POINT('',(-99.1535191264,66.901449981594,193.5));
#8084 = TRIMMED_CURVE('',#8085,(#8089,PARAMETER_VALUE(0.)),(#8090,
    PARAMETER_VALUE(0.410304261495)),.T.,.PARAMETER.);
#8085 = LINE('',#8086,#8087);
#8086 = CARTESIAN_POINT('',(-99.1535191264,66.901449981594,193.5));
#8087 = VECTOR('',#8088,1.);
#8088 = DIRECTION('',(0.927199996206,-0.370752983006,5.331409408304E-02)
  );
#8089 = CARTESIAN_POINT('',(-99.1535191264,66.901449981594,193.5));
#8090 = CARTESIAN_POINT('',(-98.7730850167,66.749328452705,193.521875));
#8091 = TRIMMED_CURVE('',#8092,(#8096,PARAMETER_VALUE(0.)),(#8097,
    PARAMETER_VALUE(0.410552203142)),.T.,.PARAMETER.);
#8092 = LINE('',#8093,#8094);
#8093 = CARTESIAN_POINT('',(-98.7730850167,66.749328452705,193.521875));
#8094 = VECTOR('',#8095,1.);
#8095 = DIRECTION('',(0.936043000269,-0.347828321376,5.328189651061E-02)
  );
#8096 = CARTESIAN_POINT('',(-98.7730850167,66.749328452705,193.521875));
#8097 = CARTESIAN_POINT('',(-98.3887905007,66.606526769049,193.54375));
#8098 = TRIMMED_CURVE('',#8099,(#8103,PARAMETER_VALUE(0.)),(#8104,
    PARAMETER_VALUE(0.411047637765)),.T.,.PARAMETER.);
#8099 = LINE('',#8100,#8101);
#8100 = CARTESIAN_POINT('',(-98.3887905007,66.606526769049,193.54375));
#8101 = VECTOR('',#8102,1.);
#8102 = DIRECTION('',(0.944306417624,-0.324735690366,5.321767598268E-02)
  );
#8103 = CARTESIAN_POINT('',(-98.3887905007,66.606526769049,193.54375));
#8104 = CARTESIAN_POINT('',(-98.00063557841,66.473044930626,193.565625)
  );
#8105 = TRIMMED_CURVE('',#8106,(#8110,PARAMETER_VALUE(0.)),(#8111,
    PARAMETER_VALUE(0.41178967207)),.T.,.PARAMETER.);
#8106 = LINE('',#8107,#8108);
#8107 = CARTESIAN_POINT('',(-98.00063557841,66.473044930626,193.565625)
  );
#8108 = VECTOR('',#8109,1.);
#8109 = DIRECTION('',(0.951979505981,-0.301517987485,5.312177911121E-02)
  );
#8110 = CARTESIAN_POINT('',(-98.00063557841,66.473044930626,193.565625)
  );
#8111 = CARTESIAN_POINT('',(-97.60862024983,66.348882937437,193.5875));
#8112 = TRIMMED_CURVE('',#8113,(#8117,PARAMETER_VALUE(0.)),(#8118,
    PARAMETER_VALUE(1.413438052337)),.T.,.PARAMETER.);
#8113 = LINE('',#8114,#8115);
#8114 = CARTESIAN_POINT('',(-97.60862024983,66.348882937437,193.5875));
#8115 = VECTOR('',#8116,1.);
#8116 = DIRECTION('',(0.955592211685,-0.289875728296,5.306210617155E-02)
  );
#8117 = CARTESIAN_POINT('',(-97.60862024983,66.348882937437,193.5875));
#8118 = CARTESIAN_POINT('',(-96.25794985531,65.939161552615,193.6625));
#8119 = TRIMMED_CURVE('',#8120,(#8124,PARAMETER_VALUE(0.)),(#8125,
    PARAMETER_VALUE(0.41178967207)),.T.,.PARAMETER.);
#8120 = LINE('',#8121,#8122);
#8121 = CARTESIAN_POINT('',(-96.25794985531,65.939161552615,193.6625));
#8122 = VECTOR('',#8123,1.);
#8123 = DIRECTION('',(0.959056449324,-0.278188431811,5.312177911121E-02)
  );
#8124 = CARTESIAN_POINT('',(-96.25794985531,65.939161552615,193.6625));
#8125 = CARTESIAN_POINT('',(-95.86302031455,65.824606429505,193.684375)
  );
#8126 = TRIMMED_CURVE('',#8127,(#8131,PARAMETER_VALUE(0.)),(#8132,
    PARAMETER_VALUE(0.411047637765)),.T.,.PARAMETER.);
#8127 = LINE('',#8128,#8129);
#8128 = CARTESIAN_POINT('',(-95.86302031455,65.824606429505,193.684375)
  );
#8129 = VECTOR('',#8130,1.);
#8130 = DIRECTION('',(0.965575574123,-0.254620677912,5.321767598261E-02)
  );
#8131 = CARTESIAN_POINT('',(-95.86302031455,65.824606429505,193.684375)
  );
#8132 = CARTESIAN_POINT('',(-95.46612275572,65.719945201324,193.70625));
#8133 = TRIMMED_CURVE('',#8134,(#8138,PARAMETER_VALUE(0.)),(#8139,
    PARAMETER_VALUE(0.410552203142)),.T.,.PARAMETER.);
#8134 = LINE('',#8135,#8136);
#8135 = CARTESIAN_POINT('',(-95.46612275572,65.719945201324,193.70625));
#8136 = VECTOR('',#8137,1.);
#8137 = DIRECTION('',(0.97153437209,-0.230828948254,5.328189651067E-02)
  );
#8138 = CARTESIAN_POINT('',(-95.46612275572,65.719945201324,193.70625));
#8139 = CARTESIAN_POINT('',(-95.06725717883,65.625177868069,193.728125)
  );
#8140 = TRIMMED_CURVE('',#8141,(#8145,PARAMETER_VALUE(0.)),(#8146,
    PARAMETER_VALUE(0.410304261495)),.T.,.PARAMETER.);
#8141 = LINE('',#8142,#8143);
#8142 = CARTESIAN_POINT('',(-95.06725717883,65.625177868069,193.728125)
  );
#8143 = VECTOR('',#8144,1.);
#8144 = DIRECTION('',(0.976917942534,-0.206854878908,5.331409408304E-02)
  );
#8145 = CARTESIAN_POINT('',(-95.06725717883,65.625177868069,193.728125)
  );
#8146 = CARTESIAN_POINT('',(-94.66642358388,65.540304429742,193.75));
#8147 = TRIMMED_CURVE('',#8148,(#8152,PARAMETER_VALUE(0.)),(#8153,
    PARAMETER_VALUE(0.410304261495)),.T.,.PARAMETER.);
#8148 = LINE('',#8149,#8150);
#8149 = CARTESIAN_POINT('',(-94.66642358388,65.540304429742,193.75));
#8150 = VECTOR('',#8151,1.);
#8151 = DIRECTION('',(0.981714427112,-0.182741322565,5.331409408304E-02)
  );
#8152 = CARTESIAN_POINT('',(-94.66642358388,65.540304429742,193.75));
#8153 = CARTESIAN_POINT('',(-94.26362197087,65.465324886343,193.771875)
  );
#8154 = TRIMMED_CURVE('',#8155,(#8159,PARAMETER_VALUE(0.)),(#8160,
    PARAMETER_VALUE(0.410552203142)),.T.,.PARAMETER.);
#8155 = LINE('',#8156,#8157);
#8156 = CARTESIAN_POINT('',(-94.26362197087,65.465324886343,193.771875)
  );
#8157 = VECTOR('',#8158,1.);
#8158 = DIRECTION('',(0.985915135712,-0.158531967369,5.32818965106E-02)
  );
#8159 = CARTESIAN_POINT('',(-94.26362197087,65.465324886343,193.771875)
  );
#8160 = CARTESIAN_POINT('',(-93.85885233979,65.400239237871,193.79375));
#8161 = TRIMMED_CURVE('',#8162,(#8166,PARAMETER_VALUE(0.)),(#8167,
    PARAMETER_VALUE(0.411047637765)),.T.,.PARAMETER.);
#8162 = LINE('',#8163,#8164);
#8163 = CARTESIAN_POINT('',(-93.85885233979,65.400239237871,193.79375));
#8164 = VECTOR('',#8165,1.);
#8165 = DIRECTION('',(0.989514624999,-0.134270942036,5.321767598268E-02)
  );
#8166 = CARTESIAN_POINT('',(-93.85885233979,65.400239237871,193.79375));
#8167 = CARTESIAN_POINT('',(-93.45211469065,65.345047484327,193.815625)
  );
#8168 = TRIMMED_CURVE('',#8169,(#8173,PARAMETER_VALUE(0.)),(#8174,
    PARAMETER_VALUE(0.41178967207)),.T.,.PARAMETER.);
#8169 = LINE('',#8170,#8171);
#8170 = CARTESIAN_POINT('',(-93.45211469065,65.345047484327,193.815625)
  );
#8171 = VECTOR('',#8172,1.);
#8172 = DIRECTION('',(0.992510727983,-0.110002415527,5.312177911121E-02)
  );
#8173 = CARTESIAN_POINT('',(-93.45211469065,65.345047484327,193.815625)
  );
#8174 = CARTESIAN_POINT('',(-93.04340902345,65.29974962571,193.8375));
#8175 = TRIMMED_CURVE('',#8176,(#8180,PARAMETER_VALUE(0.)),(#8181,
    PARAMETER_VALUE(1.413438052337)),.T.,.PARAMETER.);
#8176 = LINE('',#8177,#8178);
#8177 = CARTESIAN_POINT('',(-93.04340902345,65.29974962571,193.8375));
#8178 = VECTOR('',#8179,1.);
#8179 = DIRECTION('',(0.993782724467,-9.787905516485E-02,
    5.306210617155E-02));
#8180 = CARTESIAN_POINT('',(-93.04340902345,65.29974962571,193.8375));
#8181 = CARTESIAN_POINT('',(-91.63875870493,65.161403644613,193.9125));
#8182 = TRIMMED_CURVE('',#8183,(#8187,PARAMETER_VALUE(0.)),(#8188,
    PARAMETER_VALUE(0.388706640845)),.T.,.PARAMETER.);
#8183 = LINE('',#8184,#8185);
#8184 = CARTESIAN_POINT('',(-91.63875870493,65.161403644613,193.9125));
#8185 = VECTOR('',#8186,1.);
#8186 = DIRECTION('',(0.988107819908,-9.732012585094E-02,0.119045072727)
  );
#8187 = CARTESIAN_POINT('',(-91.63875870493,65.161403644613,193.9125));
#8188 = CARTESIAN_POINT('',(-91.25467463346,65.123574665407,
    193.95877361032));
#8189 = TRIMMED_CURVE('',#8190,(#8194,PARAMETER_VALUE(0.)),(#8195,
    PARAMETER_VALUE(0.347732179855)),.T.,.PARAMETER.);
#8190 = LINE('',#8191,#8192);
#8191 = CARTESIAN_POINT('',(-91.25467463346,65.123574665407,
    193.95877361032));
#8192 = VECTOR('',#8193,1.);
#8193 = DIRECTION('',(0.957267924064,-9.428266122983E-02,0.27340245308)
  );
#8194 = CARTESIAN_POINT('',(-91.25467463346,65.123574665407,
    193.95877361032));
#8195 = CARTESIAN_POINT('',(-90.92180177152,65.090789550095,
    194.05384444131));
#8196 = TRIMMED_CURVE('',#8197,(#8201,PARAMETER_VALUE(0.)),(#8202,
    PARAMETER_VALUE(0.317491542806)),.T.,.PARAMETER.);
#8197 = LINE('',#8198,#8199);
#8198 = CARTESIAN_POINT('',(-90.92180177152,65.090789550095,
    194.05384444131));
#8199 = VECTOR('',#8200,1.);
#8200 = DIRECTION('',(0.887146945464,-8.737634764276E-02,0.453139791926)
  );
#8201 = CARTESIAN_POINT('',(-90.92180177152,65.090789550095,
    194.05384444131));
#8202 = CARTESIAN_POINT('',(-90.64014011911,65.063048298677,
    194.19771249296));
#8203 = TRIMMED_CURVE('',#8204,(#8208,PARAMETER_VALUE(0.)),(#8209,
    PARAMETER_VALUE(0.301234933526)),.T.,.PARAMETER.);
#8204 = LINE('',#8205,#8206);
#8205 = CARTESIAN_POINT('',(-90.64014011911,65.063048298677,
    194.19771249296));
#8206 = VECTOR('',#8207,1.);
#8207 = DIRECTION('',(0.765018984299,-7.534779335854E-02,0.639584758807)
  );
#8208 = CARTESIAN_POINT('',(-90.64014011911,65.063048298677,
    194.19771249296));
#8209 = CARTESIAN_POINT('',(-90.40968967623,65.040350911153,
    194.39037776526));
#8210 = TRIMMED_CURVE('',#8211,(#8215,PARAMETER_VALUE(0.)),(#8216,
    PARAMETER_VALUE(0.301234933526)),.T.,.PARAMETER.);
#8211 = LINE('',#8212,#8213);
#8212 = CARTESIAN_POINT('',(-90.40968967623,65.040350911153,
    194.39037776526));
#8213 = VECTOR('',#8214,1.);
#8214 = DIRECTION('',(0.595014765566,-5.86038392788E-02,0.801575335686)
  );
#8215 = CARTESIAN_POINT('',(-90.40968967623,65.040350911153,
    194.39037776526));
#8216 = CARTESIAN_POINT('',(-90.23045044288,65.022697387524,
    194.63184025822));
#8217 = TRIMMED_CURVE('',#8218,(#8222,PARAMETER_VALUE(0.)),(#8223,
    PARAMETER_VALUE(0.317491542806)),.T.,.PARAMETER.);
#8218 = LINE('',#8219,#8220);
#8219 = CARTESIAN_POINT('',(-90.23045044288,65.022697387524,
    194.63184025822));
#8220 = VECTOR('',#8221,1.);
#8221 = DIRECTION('',(0.403248611574,-3.971652165583E-02,0.914228174566)
  );
#8222 = CARTESIAN_POINT('',(-90.23045044288,65.022697387524,
    194.63184025822));
#8223 = CARTESIAN_POINT('',(-90.10242241905,65.010087727788,
    194.92209997184));
#8224 = TRIMMED_CURVE('',#8225,(#8229,PARAMETER_VALUE(0.)),(#8230,
    PARAMETER_VALUE(0.347732179855)),.T.,.PARAMETER.);
#8225 = LINE('',#8226,#8227);
#8226 = CARTESIAN_POINT('',(-90.10242241905,65.010087727788,
    194.92209997184));
#8227 = VECTOR('',#8228,1.);
#8228 = DIRECTION('',(0.220907982476,-2.175753720689E-02,0.975051933413)
  );
#8229 = CARTESIAN_POINT('',(-90.10242241905,65.010087727788,
    194.92209997184));
#8230 = CARTESIAN_POINT('',(-90.02560560476,65.002521931947,
    195.26115690612));
#8231 = TRIMMED_CURVE('',#8232,(#8236,PARAMETER_VALUE(0.)),(#8237,
    PARAMETER_VALUE(0.388706640845)),.T.,.PARAMETER.);
#8232 = LINE('',#8233,#8234);
#8233 = CARTESIAN_POINT('',(-90.02560560476,65.002521931947,
    195.26115690612));
#8234 = VECTOR('',#8235,1.);
#8235 = DIRECTION('',(6.587385466056E-02,-6.488008390053E-03,
    0.99780686559));
#8236 = CARTESIAN_POINT('',(-90.02560560476,65.002521931947,
    195.26115690612));
#8237 = CARTESIAN_POINT('',(-90.,65.,195.64901106105));
#8238 = TRIMMED_CURVE('',#8239,(#8243,PARAMETER_VALUE(0.)),(#8244,
    PARAMETER_VALUE(24.350988938941)),.T.,.PARAMETER.);
#8239 = LINE('',#8240,#8241);
#8240 = CARTESIAN_POINT('',(-90.,65.,195.64901106105));
#8241 = VECTOR('',#8242,1.);
#8242 = DIRECTION('',(5.835842951116E-16,0.,1.));
#8243 = CARTESIAN_POINT('',(-90.,65.,195.64901106105));
#8244 = CARTESIAN_POINT('',(-90.,65.,220.));
#8245 = TRIMMED_CURVE('',#8246,(#8250,PARAMETER_VALUE(0.)),(#8251,
    PARAMETER_VALUE(2.370270872031)),.T.,.PARAMETER.);
#8246 = LINE('',#8247,#8248);
#8247 = CARTESIAN_POINT('',(-90.,65.,220.));
#8248 = VECTOR('',#8249,1.);
#8249 = DIRECTION('',(3.621963779794E-03,6.519534803627E-02,
    0.997865946895));
#8250 = CARTESIAN_POINT('',(-90.,65.,220.));
#8251 = CARTESIAN_POINT('',(-89.99141496475,65.154530634442,
    222.36521258811));
#8252 = TRIMMED_CURVE('',#8253,(#8257,PARAMETER_VALUE(0.)),(#8258,
    PARAMETER_VALUE(2.14645717816)),.T.,.PARAMETER.);
#8253 = LINE('',#8254,#8255);
#8254 = CARTESIAN_POINT('',(-89.99141496475,65.154530634442,
    222.36521258811));
#8255 = VECTOR('',#8256,1.);
#8256 = DIRECTION('',(1.199889101093E-02,0.215980038197,0.976324049542)
  );
#8257 = CARTESIAN_POINT('',(-89.99141496475,65.154530634442,
    222.36521258811));
#8258 = CARTESIAN_POINT('',(-89.96565985901,65.618122537769,
    224.46085035246));
#8259 = TRIMMED_CURVE('',#8260,(#8264,PARAMETER_VALUE(0.)),(#8265,
    PARAMETER_VALUE(1.983265327247)),.T.,.PARAMETER.);
#8260 = LINE('',#8261,#8262);
#8261 = CARTESIAN_POINT('',(-89.96565985901,65.618122537769,
    224.46085035246));
#8262 = VECTOR('',#8263,1.);
#8263 = DIRECTION('',(2.164368813604E-02,0.389586386449,0.920735574559)
  );
#8264 = CARTESIAN_POINT('',(-89.96565985901,65.618122537769,
    224.46085035246));
#8265 = CARTESIAN_POINT('',(-89.92273468277,66.39077570998,
    226.28691329305));
#8266 = TRIMMED_CURVE('',#8267,(#8271,PARAMETER_VALUE(0.)),(#8272,
    PARAMETER_VALUE(1.896410511612)),.T.,.PARAMETER.);
#8267 = LINE('',#8268,#8269);
#8268 = CARTESIAN_POINT('',(-89.92273468277,66.39077570998,
    226.28691329305));
#8269 = VECTOR('',#8270,1.);
#8270 = DIRECTION('',(3.168894411815E-02,0.570400994127,0.820754845688)
  );
#8271 = CARTESIAN_POINT('',(-89.92273468277,66.39077570998,
    226.28691329305));
#8272 = CARTESIAN_POINT('',(-89.86263943605,67.472490151076,
    227.84340140987));
#8273 = TRIMMED_CURVE('',#8274,(#8278,PARAMETER_VALUE(0.)),(#8279,
    PARAMETER_VALUE(1.896410511612)),.T.,.PARAMETER.);
#8274 = LINE('',#8275,#8276);
#8275 = CARTESIAN_POINT('',(-89.86263943605,67.472490151076,
    227.84340140987));
#8276 = VECTOR('',#8277,1.);
#8277 = DIRECTION('',(4.074292815191E-02,0.733372706734,0.678604809018)
  );
#8278 = CARTESIAN_POINT('',(-89.86263943605,67.472490151076,
    227.84340140987));
#8279 = CARTESIAN_POINT('',(-89.78537411883,68.863265861057,
    229.13031470292));
#8280 = TRIMMED_CURVE('',#8281,(#8285,PARAMETER_VALUE(0.)),(#8286,
    PARAMETER_VALUE(1.983265327247)),.T.,.PARAMETER.);
#8281 = LINE('',#8282,#8283);
#8282 = CARTESIAN_POINT('',(-89.78537411883,68.863265861057,
    229.13031470292));
#8283 = VECTOR('',#8284,1.);
#8284 = DIRECTION('',(4.761611389929E-02,0.857090050187,0.512961354848)
  );
#8285 = CARTESIAN_POINT('',(-89.78537411883,68.863265861057,
    229.13031470292));
#8286 = CARTESIAN_POINT('',(-89.69093873111,70.563102839922,
    230.14765317221));
#8287 = TRIMMED_CURVE('',#8288,(#8292,PARAMETER_VALUE(0.)),(#8293,
    PARAMETER_VALUE(2.14645717816)),.T.,.PARAMETER.);
#8288 = LINE('',#8289,#8290);
#8289 = CARTESIAN_POINT('',(-89.69093873111,70.563102839922,
    230.14765317221));
#8290 = VECTOR('',#8291,1.);
#8291 = DIRECTION('',(5.199519438071E-02,0.935913498853,0.348371098724)
  );
#8292 = CARTESIAN_POINT('',(-89.69093873111,70.563102839922,
    230.14765317221));
#8293 = CARTESIAN_POINT('',(-89.5793332729,72.572001087671,
    230.89541681773));
#8294 = TRIMMED_CURVE('',#8295,(#8299,PARAMETER_VALUE(0.)),(#8300,
    PARAMETER_VALUE(2.370270872031)),.T.,.PARAMETER.);
#8295 = LINE('',#8296,#8297);
#8296 = CARTESIAN_POINT('',(-89.5793332729,72.572001087671,
    230.89541681773));
#8297 = VECTOR('',#8298,1.);
#8298 = DIRECTION('',(5.432945669689E-02,0.977930220544,0.201744377572)
  );
#8299 = CARTESIAN_POINT('',(-89.5793332729,72.572001087671,
    230.89541681773));
#8300 = CARTESIAN_POINT('',(-89.4505577442,74.889960604306,
    231.37360563948));
#8301 = TRIMMED_CURVE('',#8302,(#8306,PARAMETER_VALUE(0.)),(#8307,
    PARAMETER_VALUE(162.00274723201)),.T.,.PARAMETER.);
#8302 = LINE('',#8303,#8304);
#8303 = CARTESIAN_POINT('',(-89.4505577442,74.889960604306,
    231.37360563948));
#8304 = VECTOR('',#8305,1.);
#8305 = DIRECTION('',(5.494422557948E-02,0.988996060431,0.137360563949)
  );
#8306 = CARTESIAN_POINT('',(-89.4505577442,74.889960604306,
    231.37360563948));
#8307 = CARTESIAN_POINT('',(-80.54944225579,235.11003939569,
    253.62639436051));
#8308 = TRIMMED_CURVE('',#8309,(#8313,PARAMETER_VALUE(0.)),(#8314,
    PARAMETER_VALUE(2.495826805653)),.T.,.PARAMETER.);
#8309 = LINE('',#8310,#8311);
#8310 = CARTESIAN_POINT('',(-80.54944225579,235.11003939569,
    253.62639436051));
#8311 = VECTOR('',#8312,1.);
#8312 = DIRECTION('',(5.159634010269E-02,0.987081812321,0.151681618774)
  );
#8313 = CARTESIAN_POINT('',(-80.54944225579,235.11003939569,
    253.62639436051));
#8314 = CARTESIAN_POINT('',(-80.42066672709,237.57362464225,
    254.00496541057));
#8315 = TRIMMED_CURVE('',#8316,(#8320,PARAMETER_VALUE(0.)),(#8321,
    PARAMETER_VALUE(2.489135141756)),.T.,.PARAMETER.);
#8316 = LINE('',#8317,#8318);
#8317 = CARTESIAN_POINT('',(-80.42066672709,237.57362464225,
    254.00496541057));
#8318 = VECTOR('',#8319,1.);
#8319 = DIRECTION('',(4.483704252779E-02,0.982580413778,0.180347913983)
  );
#8320 = CARTESIAN_POINT('',(-80.42066672709,237.57362464225,
    254.00496541057));
#8321 = CARTESIAN_POINT('',(-80.30906126888,240.01940007979,
    254.45387574101));
#8322 = TRIMMED_CURVE('',#8323,(#8327,PARAMETER_VALUE(0.)),(#8328,
    PARAMETER_VALUE(2.484664020344)),.T.,.PARAMETER.);
#8323 = LINE('',#8324,#8325);
#8324 = CARTESIAN_POINT('',(-80.30906126888,240.01940007979,
    254.45387574101));
#8325 = VECTOR('',#8326,1.);
#8326 = DIRECTION('',(3.800730679943E-02,0.977180660494,0.208981820706)
  );
#8327 = CARTESIAN_POINT('',(-80.30906126888,240.01940007979,
    254.45387574101));
#8328 = CARTESIAN_POINT('',(-80.21462588117,242.44736570829,
    254.97312535182));
#8329 = TRIMMED_CURVE('',#8330,(#8334,PARAMETER_VALUE(0.)),(#8335,
    PARAMETER_VALUE(2.482425439772)),.T.,.PARAMETER.);
#8330 = LINE('',#8331,#8332);
#8331 = CARTESIAN_POINT('',(-80.21462588117,242.44736570829,
    254.97312535182));
#8332 = VECTOR('',#8333,1.);
#8333 = DIRECTION('',(3.112492966887E-02,0.970887496101,0.237505176085)
  );
#8334 = CARTESIAN_POINT('',(-80.21462588117,242.44736570829,
    254.97312535182));
#8335 = CARTESIAN_POINT('',(-80.13736056394,244.85752152777,
    255.56271424301));
#8336 = TRIMMED_CURVE('',#8337,(#8341,PARAMETER_VALUE(0.)),(#8342,
    PARAMETER_VALUE(2.482425439772)),.T.,.PARAMETER.);
#8337 = LINE('',#8338,#8339);
#8338 = CARTESIAN_POINT('',(-80.13736056394,244.85752152777,
    255.56271424301));
#8339 = VECTOR('',#8340,1.);
#8340 = DIRECTION('',(2.420827863135E-02,0.963713138015,0.265840077609)
  );
#8341 = CARTESIAN_POINT('',(-80.13736056394,244.85752152777,
    255.56271424301));
#8342 = CARTESIAN_POINT('',(-80.07726531722,247.24986753822,
    256.22264241458));
#8343 = TRIMMED_CURVE('',#8344,(#8348,PARAMETER_VALUE(0.)),(#8349,
    PARAMETER_VALUE(2.484664020344)),.T.,.PARAMETER.);
#8344 = LINE('',#8345,#8346);
#8345 = CARTESIAN_POINT('',(-80.07726531722,247.24986753822,
    256.22264241458));
#8346 = VECTOR('',#8347,1.);
#8347 = DIRECTION('',(1.727604854519E-02,0.955676977644,0.293909939519)
  );
#8348 = CARTESIAN_POINT('',(-80.07726531722,247.24986753822,
    256.22264241458));
#8349 = CARTESIAN_POINT('',(-80.03434014098,249.62440373965,
    256.95290986652));
#8350 = TRIMMED_CURVE('',#8351,(#8355,PARAMETER_VALUE(0.)),(#8356,
    PARAMETER_VALUE(2.489135141756)),.T.,.PARAMETER.);
#8351 = LINE('',#8352,#8353);
#8352 = CARTESIAN_POINT('',(-80.03434014098,249.62440373965,
    256.95290986652));
#8353 = VECTOR('',#8354,1.);
#8354 = DIRECTION('',(1.03470098141E-02,0.946805319189,0.32164052441));
#8355 = CARTESIAN_POINT('',(-80.03434014098,249.62440373965,
    256.95290986652));
#8356 = CARTESIAN_POINT('',(-80.00858503524,251.98113013204,
    257.75351659885));
#8357 = TRIMMED_CURVE('',#8358,(#8362,PARAMETER_VALUE(0.)),(#8363,
    PARAMETER_VALUE(2.495826805653)),.T.,.PARAMETER.);
#8358 = LINE('',#8359,#8360);
#8359 = CARTESIAN_POINT('',(-80.00858503524,251.98113013204,
    257.75351659885));
#8360 = VECTOR('',#8361,1.);
#8361 = DIRECTION('',(3.439756006847E-03,0.937130965205,0.348960917771)
  );
#8362 = CARTESIAN_POINT('',(-80.00858503524,251.98113013204,
    257.75351659885));
#8363 = CARTESIAN_POINT('',(-80.,254.32004671541,258.62446261154));
#8364 = TRIMMED_CURVE('',#8365,(#8369,PARAMETER_VALUE(0.)),(#8370,
    PARAMETER_VALUE(76.56603957914)),.T.,.PARAMETER.);
#8365 = LINE('',#8366,#8367);
#8366 = CARTESIAN_POINT('',(-80.,254.32004671541,258.62446261154));
#8367 = VECTOR('',#8368,1.);
#8368 = DIRECTION('',(0.,0.932004671541,0.362446261155));
#8369 = CARTESIAN_POINT('',(-80.,254.32004671541,258.62446261154));
#8370 = CARTESIAN_POINT('',(-80.,325.67995328458,286.37553738845));
#8371 = TRIMMED_CURVE('',#8372,(#8376,PARAMETER_VALUE(0.)),(#8377,
    PARAMETER_VALUE(2.404795562035)),.T.,.PARAMETER.);
#8372 = LINE('',#8373,#8374);
#8373 = CARTESIAN_POINT('',(-80.,325.67995328458,286.37553738845));
#8374 = VECTOR('',#8375,1.);
#8375 = DIRECTION('',(0.,0.908345800121,0.418219927074));
#8376 = CARTESIAN_POINT('',(-80.,325.67995328458,286.37553738845));
#8377 = CARTESIAN_POINT('',(-80.,327.86433923351,287.38127081303));
#8378 = TRIMMED_CURVE('',#8379,(#8383,PARAMETER_VALUE(0.)),(#8384,
    PARAMETER_VALUE(2.244082976958)),.T.,.PARAMETER.);
#8379 = LINE('',#8380,#8381);
#8380 = CARTESIAN_POINT('',(-80.,327.86433923351,287.38127081303));
#8381 = VECTOR('',#8382,1.);
#8382 = DIRECTION('',(0.,0.843611625999,0.536953838313));
#8383 = CARTESIAN_POINT('',(-80.,327.86433923351,287.38127081303));
#8384 = CARTESIAN_POINT('',(-80.,329.75747372258,288.586239781));
#8385 = TRIMMED_CURVE('',#8386,(#8390,PARAMETER_VALUE(0.)),(#8391,
    PARAMETER_VALUE(2.130215845636)),.T.,.PARAMETER.);
#8386 = LINE('',#8387,#8388);
#8387 = CARTESIAN_POINT('',(-80.,329.75747372258,288.586239781));
#8388 = VECTOR('',#8389,1.);
#8389 = DIRECTION('',(0.,0.751981557406,0.659184145229));
#8390 = CARTESIAN_POINT('',(-80.,329.75747372258,288.586239781));
#8391 = CARTESIAN_POINT('',(-80.,331.35935675179,289.99044429236));
#8392 = TRIMMED_CURVE('',#8393,(#8397,PARAMETER_VALUE(0.)),(#8398,
    PARAMETER_VALUE(2.070935807736)),.T.,.PARAMETER.);
#8393 = LINE('',#8394,#8395);
#8394 = CARTESIAN_POINT('',(-80.,331.35935675179,289.99044429236));
#8395 = VECTOR('',#8396,1.);
#8396 = DIRECTION('',(0.,0.632869239336,0.774258694431));
#8397 = CARTESIAN_POINT('',(-80.,331.35935675179,289.99044429236));
#8398 = CARTESIAN_POINT('',(-80.,332.66998832114,291.59388434711));
#8399 = TRIMMED_CURVE('',#8400,(#8404,PARAMETER_VALUE(0.)),(#8405,
    PARAMETER_VALUE(2.070935807736)),.T.,.PARAMETER.);
#8400 = LINE('',#8401,#8402);
#8401 = CARTESIAN_POINT('',(-80.,332.66998832114,291.59388434711));
#8402 = VECTOR('',#8403,1.);
#8403 = DIRECTION('',(0.,0.492231630594,0.870464256499));
#8404 = CARTESIAN_POINT('',(-80.,332.66998832114,291.59388434711));
#8405 = CARTESIAN_POINT('',(-80.,333.68936843064,293.39655994525));
#8406 = TRIMMED_CURVE('',#8407,(#8411,PARAMETER_VALUE(0.)),(#8412,
    PARAMETER_VALUE(2.130215845636)),.T.,.PARAMETER.);
#8407 = LINE('',#8408,#8409);
#8408 = CARTESIAN_POINT('',(-80.,333.68936843064,293.39655994525));
#8409 = VECTOR('',#8410,1.);
#8410 = DIRECTION('',(0.,0.341809798821,0.939769153266));
#8411 = CARTESIAN_POINT('',(-80.,333.68936843064,293.39655994525));
#8412 = CARTESIAN_POINT('',(-80.,334.41749708028,295.39847108677));
#8413 = TRIMMED_CURVE('',#8414,(#8418,PARAMETER_VALUE(0.)),(#8419,
    PARAMETER_VALUE(2.244082976958)),.T.,.PARAMETER.);
#8414 = LINE('',#8415,#8416);
#8415 = CARTESIAN_POINT('',(-80.,334.41749708028,295.39847108677));
#8416 = VECTOR('',#8417,1.);
#8417 = DIRECTION('',(0.,0.194679606,0.980866887507));
#8418 = CARTESIAN_POINT('',(-80.,334.41749708028,295.39847108677));
#8419 = CARTESIAN_POINT('',(-80.,334.85437427007,297.59961777169));
#8420 = TRIMMED_CURVE('',#8421,(#8425,PARAMETER_VALUE(0.)),(#8426,
    PARAMETER_VALUE(2.404795562035)),.T.,.PARAMETER.);
#8421 = LINE('',#8422,#8423);
#8422 = CARTESIAN_POINT('',(-80.,334.85437427007,297.59961777169));
#8423 = VECTOR('',#8424,1.);
#8424 = DIRECTION('',(0.,6.055638667476E-02,0.998164777997));
#8425 = CARTESIAN_POINT('',(-80.,334.85437427007,297.59961777169));
#8426 = CARTESIAN_POINT('',(-80.,335.,300.));
#8427 = TRIMMED_CURVE('',#8428,(#8432,PARAMETER_VALUE(0.)),(#8433,
    PARAMETER_VALUE(1.36E+03)),.T.,.PARAMETER.);
#8428 = LINE('',#8429,#8430);
#8429 = CARTESIAN_POINT('',(-80.,335.,300.));
#8430 = VECTOR('',#8431,1.);
#8431 = DIRECTION('',(0.,0.,1.));
#8432 = CARTESIAN_POINT('',(-80.,335.,300.));
#8433 = CARTESIAN_POINT('',(-80.,335.,1.66E+03));
#8434 = TRIMMED_CURVE('',#8435,(#8439,PARAMETER_VALUE(0.)),(#8440,
    PARAMETER_VALUE(2.348952559121)),.T.,.PARAMETER.);
#8435 = LINE('',#8436,#8437);
#8436 = CARTESIAN_POINT('',(-80.,335.,1.66E+03));
#8437 = VECTOR('',#8438,1.);
#8438 = DIRECTION('',(-6.651901052377E-02,0.,0.997785157857));
#8439 = CARTESIAN_POINT('',(-80.,335.,1.66E+03));
#8440 = CARTESIAN_POINT('',(-80.15625,335.,1.66234375E+03));
#8441 = TRIMMED_CURVE('',#8442,(#8446,PARAMETER_VALUE(0.)),(#8447,
    PARAMETER_VALUE(2.08463501002)),.T.,.PARAMETER.);
#8442 = LINE('',#8443,#8444);
#8443 = CARTESIAN_POINT('',(-80.15625,335.,1.66234375E+03));
#8444 = VECTOR('',#8445,1.);
#8445 = DIRECTION('',(-0.224859506699,0.,0.974391195695));
#8446 = CARTESIAN_POINT('',(-80.15625,335.,1.66234375E+03));
#8447 = CARTESIAN_POINT('',(-80.625,335.,1.664375E+03));
#8448 = TRIMMED_CURVE('',#8449,(#8453,PARAMETER_VALUE(0.)),(#8454,
    PARAMETER_VALUE(1.887975933374)),.T.,.PARAMETER.);
#8449 = LINE('',#8450,#8451);
#8450 = CARTESIAN_POINT('',(-80.625,335.,1.664375E+03));
#8451 = VECTOR('',#8452,1.);
#8452 = DIRECTION('',(-0.413802944301,0.,0.910366477463));
#8453 = CARTESIAN_POINT('',(-80.625,335.,1.664375E+03));
#8454 = CARTESIAN_POINT('',(-81.40625,335.,1.66609375E+03));
#8455 = TRIMMED_CURVE('',#8456,(#8460,PARAMETER_VALUE(0.)),(#8461,
    PARAMETER_VALUE(1.781524101717)),.T.,.PARAMETER.);
#8456 = LINE('',#8457,#8458);
#8457 = CARTESIAN_POINT('',(-81.40625,335.,1.66609375E+03));
#8458 = VECTOR('',#8459,1.);
#8459 = DIRECTION('',(-0.613940613515,0.,0.789352217376));
#8460 = CARTESIAN_POINT('',(-81.40625,335.,1.66609375E+03));
#8461 = CARTESIAN_POINT('',(-82.5,335.,1.6675E+03));
#8462 = TRIMMED_CURVE('',#8463,(#8467,PARAMETER_VALUE(0.)),(#8468,
    PARAMETER_VALUE(1.781524101717)),.T.,.PARAMETER.);
#8463 = LINE('',#8464,#8465);
#8464 = CARTESIAN_POINT('',(-82.5,335.,1.6675E+03));
#8465 = VECTOR('',#8466,1.);
#8466 = DIRECTION('',(-0.789352217376,0.,0.613940613515));
#8467 = CARTESIAN_POINT('',(-82.5,335.,1.6675E+03));
#8468 = CARTESIAN_POINT('',(-83.90625,335.,1.66859375E+03));
#8469 = TRIMMED_CURVE('',#8470,(#8474,PARAMETER_VALUE(0.)),(#8475,
    PARAMETER_VALUE(1.887975933374)),.T.,.PARAMETER.);
#8470 = LINE('',#8471,#8472);
#8471 = CARTESIAN_POINT('',(-83.90625,335.,1.66859375E+03));
#8472 = VECTOR('',#8473,1.);
#8473 = DIRECTION('',(-0.910366477463,0.,0.413802944301));
#8474 = CARTESIAN_POINT('',(-83.90625,335.,1.66859375E+03));
#8475 = CARTESIAN_POINT('',(-85.625,335.,1.669375E+03));
#8476 = TRIMMED_CURVE('',#8477,(#8481,PARAMETER_VALUE(0.)),(#8482,
    PARAMETER_VALUE(2.08463501002)),.T.,.PARAMETER.);
#8477 = LINE('',#8478,#8479);
#8478 = CARTESIAN_POINT('',(-85.625,335.,1.669375E+03));
#8479 = VECTOR('',#8480,1.);
#8480 = DIRECTION('',(-0.974391195695,0.,0.224859506699));
#8481 = CARTESIAN_POINT('',(-85.625,335.,1.669375E+03));
#8482 = CARTESIAN_POINT('',(-87.65625,335.,1.66984375E+03));
#8483 = TRIMMED_CURVE('',#8484,(#8488,PARAMETER_VALUE(0.)),(#8489,
    PARAMETER_VALUE(2.348952559121)),.T.,.PARAMETER.);
#8484 = LINE('',#8485,#8486);
#8485 = CARTESIAN_POINT('',(-87.65625,335.,1.66984375E+03));
#8486 = VECTOR('',#8487,1.);
#8487 = DIRECTION('',(-0.997785157857,0.,6.651901052377E-02));
#8488 = CARTESIAN_POINT('',(-87.65625,335.,1.66984375E+03));
#8489 = CARTESIAN_POINT('',(-90.,335.,1.67E+03));
#8490 = TRIMMED_CURVE('',#8491,(#8495,PARAMETER_VALUE(0.)),(#8496,
    PARAMETER_VALUE(160.)),.T.,.PARAMETER.);
#8491 = LINE('',#8492,#8493);
#8492 = CARTESIAN_POINT('',(-90.,335.,1.67E+03));
#8493 = VECTOR('',#8494,1.);
#8494 = DIRECTION('',(-1.,0.,0.));
#8495 = CARTESIAN_POINT('',(-90.,335.,1.67E+03));
#8496 = CARTESIAN_POINT('',(-250.,335.,1.67E+03));
#8497 = TRIMMED_CURVE('',#8498,(#8502,PARAMETER_VALUE(0.)),(#8503,
    PARAMETER_VALUE(2.348952559121)),.T.,.PARAMETER.);
#8498 = LINE('',#8499,#8500);
#8499 = CARTESIAN_POINT('',(-250.,335.,1.67E+03));
#8500 = VECTOR('',#8501,1.);
#8501 = DIRECTION('',(-0.997785157857,-6.651901052377E-02,0.));
#8502 = CARTESIAN_POINT('',(-250.,335.,1.67E+03));
#8503 = CARTESIAN_POINT('',(-252.34375,334.84375,1.67E+03));
#8504 = TRIMMED_CURVE('',#8505,(#8509,PARAMETER_VALUE(0.)),(#8510,
    PARAMETER_VALUE(2.08463501002)),.T.,.PARAMETER.);
#8505 = LINE('',#8506,#8507);
#8506 = CARTESIAN_POINT('',(-252.34375,334.84375,1.67E+03));
#8507 = VECTOR('',#8508,1.);
#8508 = DIRECTION('',(-0.974391195695,-0.224859506699,0.));
#8509 = CARTESIAN_POINT('',(-252.34375,334.84375,1.67E+03));
#8510 = CARTESIAN_POINT('',(-254.375,334.375,1.67E+03));
#8511 = TRIMMED_CURVE('',#8512,(#8516,PARAMETER_VALUE(0.)),(#8517,
    PARAMETER_VALUE(1.887975933374)),.T.,.PARAMETER.);
#8512 = LINE('',#8513,#8514);
#8513 = CARTESIAN_POINT('',(-254.375,334.375,1.67E+03));
#8514 = VECTOR('',#8515,1.);
#8515 = DIRECTION('',(-0.910366477463,-0.413802944301,0.));
#8516 = CARTESIAN_POINT('',(-254.375,334.375,1.67E+03));
#8517 = CARTESIAN_POINT('',(-256.09375,333.59375,1.67E+03));
#8518 = TRIMMED_CURVE('',#8519,(#8523,PARAMETER_VALUE(0.)),(#8524,
    PARAMETER_VALUE(1.781524101717)),.T.,.PARAMETER.);
#8519 = LINE('',#8520,#8521);
#8520 = CARTESIAN_POINT('',(-256.09375,333.59375,1.67E+03));
#8521 = VECTOR('',#8522,1.);
#8522 = DIRECTION('',(-0.789352217376,-0.613940613515,0.));
#8523 = CARTESIAN_POINT('',(-256.09375,333.59375,1.67E+03));
#8524 = CARTESIAN_POINT('',(-257.5,332.5,1.67E+03));
#8525 = TRIMMED_CURVE('',#8526,(#8530,PARAMETER_VALUE(0.)),(#8531,
    PARAMETER_VALUE(1.781524101717)),.T.,.PARAMETER.);
#8526 = LINE('',#8527,#8528);
#8527 = CARTESIAN_POINT('',(-257.5,332.5,1.67E+03));
#8528 = VECTOR('',#8529,1.);
#8529 = DIRECTION('',(-0.613940613515,-0.789352217376,0.));
#8530 = CARTESIAN_POINT('',(-257.5,332.5,1.67E+03));
#8531 = CARTESIAN_POINT('',(-258.59375,331.09375,1.67E+03));
#8532 = TRIMMED_CURVE('',#8533,(#8537,PARAMETER_VALUE(0.)),(#8538,
    PARAMETER_VALUE(1.887975933374)),.T.,.PARAMETER.);
#8533 = LINE('',#8534,#8535);
#8534 = CARTESIAN_POINT('',(-258.59375,331.09375,1.67E+03));
#8535 = VECTOR('',#8536,1.);
#8536 = DIRECTION('',(-0.413802944301,-0.910366477463,0.));
#8537 = CARTESIAN_POINT('',(-258.59375,331.09375,1.67E+03));
#8538 = CARTESIAN_POINT('',(-259.375,329.375,1.67E+03));
#8539 = TRIMMED_CURVE('',#8540,(#8544,PARAMETER_VALUE(0.)),(#8545,
    PARAMETER_VALUE(2.08463501002)),.T.,.PARAMETER.);
#8540 = LINE('',#8541,#8542);
#8541 = CARTESIAN_POINT('',(-259.375,329.375,1.67E+03));
#8542 = VECTOR('',#8543,1.);
#8543 = DIRECTION('',(-0.224859506699,-0.974391195695,0.));
#8544 = CARTESIAN_POINT('',(-259.375,329.375,1.67E+03));
#8545 = CARTESIAN_POINT('',(-259.84375,327.34375,1.67E+03));
#8546 = TRIMMED_CURVE('',#8547,(#8551,PARAMETER_VALUE(0.)),(#8552,
    PARAMETER_VALUE(2.348952559121)),.T.,.PARAMETER.);
#8547 = LINE('',#8548,#8549);
#8548 = CARTESIAN_POINT('',(-259.84375,327.34375,1.67E+03));
#8549 = VECTOR('',#8550,1.);
#8550 = DIRECTION('',(-6.651901052377E-02,-0.997785157857,0.));
#8551 = CARTESIAN_POINT('',(-259.84375,327.34375,1.67E+03));
#8552 = CARTESIAN_POINT('',(-260.,325.,1.67E+03));
#8553 = TRIMMED_CURVE('',#8554,(#8558,PARAMETER_VALUE(0.)),(#8559,
    PARAMETER_VALUE(105.)),.T.,.PARAMETER.);
#8554 = LINE('',#8555,#8556);
#8555 = CARTESIAN_POINT('',(-260.,325.,1.67E+03));
#8556 = VECTOR('',#8557,1.);
#8557 = DIRECTION('',(0.,-1.,0.));
#8558 = CARTESIAN_POINT('',(-260.,325.,1.67E+03));
#8559 = CARTESIAN_POINT('',(-260.,220.,1.67E+03));
#8560 = TRIMMED_CURVE('',#8561,(#8565,PARAMETER_VALUE(0.)),(#8566,
    PARAMETER_VALUE(2.430858713466)),.T.,.PARAMETER.);
#8561 = LINE('',#8562,#8563);
#8562 = CARTESIAN_POINT('',(-260.,220.,1.67E+03));
#8563 = VECTOR('',#8564,1.);
#8564 = DIRECTION('',(5.153681143723E-02,-0.998523330316,
    1.717893714571E-02));
#8565 = CARTESIAN_POINT('',(-260.,220.,1.67E+03));
#8566 = CARTESIAN_POINT('',(-259.8747212928,217.5727308619,
    1.670041759569E+03));
#8567 = TRIMMED_CURVE('',#8568,(#8572,PARAMETER_VALUE(0.)),(#8573,
    PARAMETER_VALUE(2.315943138457)),.T.,.PARAMETER.);
#8568 = LINE('',#8569,#8570);
#8569 = CARTESIAN_POINT('',(-259.8747212928,217.5727308619,
    1.670041759569E+03));
#8570 = VECTOR('',#8571,1.);
#8571 = DIRECTION('',(0.162282102353,-0.985260551696,5.409403411774E-02)
  );
#8572 = CARTESIAN_POINT('',(-259.8747212928,217.5727308619,
    1.670041759569E+03));
#8573 = CARTESIAN_POINT('',(-259.4988851714,215.2909234476,
    1.670167038276E+03));
#8574 = TRIMMED_CURVE('',#8575,(#8579,PARAMETER_VALUE(0.)),(#8580,
    PARAMETER_VALUE(2.236054183389)),.T.,.PARAMETER.);
#8575 = LINE('',#8576,#8577);
#8576 = CARTESIAN_POINT('',(-259.4988851714,215.2909234476,
    1.670167038276E+03));
#8577 = VECTOR('',#8578,1.);
#8578 = DIRECTION('',(0.280133433432,-0.955408731308,9.337781114393E-02)
  );
#8579 = CARTESIAN_POINT('',(-259.4988851714,215.2909234476,
    1.670167038276E+03));
#8580 = CARTESIAN_POINT('',(-258.8724916356,213.15457775712,
    1.670375836121E+03));
#8581 = TRIMMED_CURVE('',#8582,(#8586,PARAMETER_VALUE(0.)),(#8587,
    PARAMETER_VALUE(2.195019625492)),.T.,.PARAMETER.);
#8582 = LINE('',#8583,#8584);
#8583 = CARTESIAN_POINT('',(-258.8724916356,213.15457775712,
    1.670375836121E+03));
#8584 = VECTOR('',#8585,1.);
#8585 = DIRECTION('',(0.39951850081,-0.907000531367,0.133172833603));
#8586 = CARTESIAN_POINT('',(-258.8724916356,213.15457775712,
    1.670375836121E+03));
#8587 = CARTESIAN_POINT('',(-257.9955406856,211.16369379043,
    1.670668153105E+03));
#8588 = TRIMMED_CURVE('',#8589,(#8593,PARAMETER_VALUE(0.)),(#8594,
    PARAMETER_VALUE(2.195019625492)),.T.,.PARAMETER.);
#8589 = LINE('',#8590,#8591);
#8590 = CARTESIAN_POINT('',(-257.9955406856,211.16369379043,
    1.670668153105E+03));
#8591 = VECTOR('',#8592,1.);
#8592 = DIRECTION('',(0.513666643898,-0.840731545835,0.171222214633));
#8593 = CARTESIAN_POINT('',(-257.9955406856,211.16369379043,
    1.670668153105E+03));
#8594 = CARTESIAN_POINT('',(-256.8680323213,209.31827154755,
    1.671043989226E+03));
#8595 = TRIMMED_CURVE('',#8596,(#8600,PARAMETER_VALUE(0.)),(#8601,
    PARAMETER_VALUE(2.236054183389)),.T.,.PARAMETER.);
#8596 = LINE('',#8597,#8598);
#8597 = CARTESIAN_POINT('',(-256.8680323213,209.31827154755,
    1.671043989226E+03));
#8598 = VECTOR('',#8599,1.);
#8599 = DIRECTION('',(0.61629355355,-0.760250145861,0.205431184517));
#8600 = CARTESIAN_POINT('',(-256.8680323213,209.31827154755,
    1.671043989226E+03));
#8601 = CARTESIAN_POINT('',(-255.4899665427,207.61831102848,
    1.671503344486E+03));
#8602 = TRIMMED_CURVE('',#8603,(#8607,PARAMETER_VALUE(0.)),(#8608,
    PARAMETER_VALUE(2.315943138457)),.T.,.PARAMETER.);
#8603 = LINE('',#8604,#8605);
#8604 = CARTESIAN_POINT('',(-255.4899665427,207.61831102848,
    1.671503344486E+03));
#8605 = VECTOR('',#8606,1.);
#8606 = DIRECTION('',(0.703222443531,-0.671216304691,0.234407481177));
#8607 = CARTESIAN_POINT('',(-255.4899665427,207.61831102848,
    1.671503344486E+03));
#8608 = CARTESIAN_POINT('',(-253.8613433498,206.06381223321,
    1.672046218883E+03));
#8609 = TRIMMED_CURVE('',#8610,(#8614,PARAMETER_VALUE(0.)),(#8615,
    PARAMETER_VALUE(2.430858713466)),.T.,.PARAMETER.);
#8610 = LINE('',#8611,#8612);
#8611 = CARTESIAN_POINT('',(-253.8613433498,206.06381223321,
    1.672046218883E+03));
#8612 = VECTOR('',#8613,1.);
#8613 = DIRECTION('',(0.773052171559,-0.579645811441,0.257684057186));
#8614 = CARTESIAN_POINT('',(-253.8613433498,206.06381223321,
    1.672046218883E+03));
#8615 = CARTESIAN_POINT('',(-251.9821627426,204.65477516175,
    1.672672612419E+03));
#8616 = TRIMMED_CURVE('',#8617,(#8621,PARAMETER_VALUE(0.)),(#8622,
    PARAMETER_VALUE(27.416573867739)),.T.,.PARAMETER.);
#8617 = LINE('',#8618,#8619);
#8618 = CARTESIAN_POINT('',(-251.9821627426,204.65477516175,
    1.672672612419E+03));
#8619 = VECTOR('',#8620,1.);
#8620 = DIRECTION('',(0.801783725737,-0.534522483825,0.267261241912));
#8621 = CARTESIAN_POINT('',(-251.9821627426,204.65477516175,
    1.672672612419E+03));
#8622 = CARTESIAN_POINT('',(-230.,190.,1.68E+03));
#8623 = GEOMETRIC_CURVE_SET('',(#8624,#8631,#8638,#8645,#8652,#8659,
    #8666,#8673,#8680,#8687,#8694,#8701,#8708,#8715,#8722,#8729,#8736,
    #8743,#8750,#8757,#8764,#8771,#8778,#8785,#8792,#8799,#8806,#8813,
    #8820,#8827,#8834,#8841,#8848,#8855,#8862,#8869,#8876,#8883,#8890,
    #8897,#8904,#8911,#8918,#8925,#8932,#8939,#8946,#8953,#8960,#8967,
    #8974,#8981,#8988,#8995,#9002,#9009,#9016,#9023,#9030,#9037,#9044,
    #9051,#9058,#9065,#9072,#9079,#9086,#9093,#9100,#9107,#9114,#9121,
    #9128,#9135,#9142,#9149,#9156,#9163,#9170,#9177,#9184,#9191,#9198,
    #9205,#9212,#9219,#9226,#9233,#9240,#9247,#9254,#9261,#9268,#9275,
    #9282,#9289,#9296,#9303,#9310,#9317,#9324,#9331,#9338,#9345,#9352,
    #9359,#9366,#9373,#9380,#9387,#9394,#9401,#9408,#9415,#9422,#9429,
    #9436,#9443,#9450,#9457,#9464,#9471,#9478,#9485,#9492,#9499,#9506));
#8624 = TRIMMED_CURVE('',#8625,(#8629,PARAMETER_VALUE(0.)),(#8630,
    PARAMETER_VALUE(452.3)),.T.,.PARAMETER.);
#8625 = LINE('',#8626,#8627);
#8626 = CARTESIAN_POINT('',(-230.,190.,1.68E+03));
#8627 = VECTOR('',#8628,1.);
#8628 = DIRECTION('',(1.,0.,0.));
#8629 = CARTESIAN_POINT('',(-230.,190.,1.68E+03));
#8630 = CARTESIAN_POINT('',(222.3,190.,1.68E+03));
#8631 = TRIMMED_CURVE('',#8632,(#8636,PARAMETER_VALUE(0.)),(#8637,
    PARAMETER_VALUE(1.808693470523)),.T.,.PARAMETER.);
#8632 = LINE('',#8633,#8634);
#8633 = CARTESIAN_POINT('',(222.3,190.,1.68E+03));
#8634 = VECTOR('',#8635,1.);
#8635 = DIRECTION('',(0.997785157857,-6.651901052378E-02,0.));
#8636 = CARTESIAN_POINT('',(222.3,190.,1.68E+03));
#8637 = CARTESIAN_POINT('',(224.1046875,189.8796875,1.68E+03));
#8638 = TRIMMED_CURVE('',#8639,(#8643,PARAMETER_VALUE(0.)),(#8644,
    PARAMETER_VALUE(1.605168957715)),.T.,.PARAMETER.);
#8639 = LINE('',#8640,#8641);
#8640 = CARTESIAN_POINT('',(224.1046875,189.8796875,1.68E+03));
#8641 = VECTOR('',#8642,1.);
#8642 = DIRECTION('',(0.974391195695,-0.224859506699,0.));
#8643 = CARTESIAN_POINT('',(224.1046875,189.8796875,1.68E+03));
#8644 = CARTESIAN_POINT('',(225.66875,189.51875,1.68E+03));
#8645 = TRIMMED_CURVE('',#8646,(#8650,PARAMETER_VALUE(0.)),(#8651,
    PARAMETER_VALUE(1.453741468698)),.T.,.PARAMETER.);
#8646 = LINE('',#8647,#8648);
#8647 = CARTESIAN_POINT('',(225.66875,189.51875,1.68E+03));
#8648 = VECTOR('',#8649,1.);
#8649 = DIRECTION('',(0.910366477463,-0.413802944301,0.));
#8650 = CARTESIAN_POINT('',(225.66875,189.51875,1.68E+03));
#8651 = CARTESIAN_POINT('',(226.9921875,188.9171875,1.68E+03));
#8652 = TRIMMED_CURVE('',#8653,(#8657,PARAMETER_VALUE(0.)),(#8658,
    PARAMETER_VALUE(1.371773558322)),.T.,.PARAMETER.);
#8653 = LINE('',#8654,#8655);
#8654 = CARTESIAN_POINT('',(226.9921875,188.9171875,1.68E+03));
#8655 = VECTOR('',#8656,1.);
#8656 = DIRECTION('',(0.789352217376,-0.613940613515,0.));
#8657 = CARTESIAN_POINT('',(226.9921875,188.9171875,1.68E+03));
#8658 = CARTESIAN_POINT('',(228.075,188.075,1.68E+03));
#8659 = TRIMMED_CURVE('',#8660,(#8664,PARAMETER_VALUE(0.)),(#8665,
    PARAMETER_VALUE(1.371773558322)),.T.,.PARAMETER.);
#8660 = LINE('',#8661,#8662);
#8661 = CARTESIAN_POINT('',(228.075,188.075,1.68E+03));
#8662 = VECTOR('',#8663,1.);
#8663 = DIRECTION('',(0.613940613515,-0.789352217376,0.));
#8664 = CARTESIAN_POINT('',(228.075,188.075,1.68E+03));
#8665 = CARTESIAN_POINT('',(228.9171875,186.9921875,1.68E+03));
#8666 = TRIMMED_CURVE('',#8667,(#8671,PARAMETER_VALUE(0.)),(#8672,
    PARAMETER_VALUE(1.453741468698)),.T.,.PARAMETER.);
#8667 = LINE('',#8668,#8669);
#8668 = CARTESIAN_POINT('',(228.9171875,186.9921875,1.68E+03));
#8669 = VECTOR('',#8670,1.);
#8670 = DIRECTION('',(0.413802944301,-0.910366477463,0.));
#8671 = CARTESIAN_POINT('',(228.9171875,186.9921875,1.68E+03));
#8672 = CARTESIAN_POINT('',(229.51875,185.66875,1.68E+03));
#8673 = TRIMMED_CURVE('',#8674,(#8678,PARAMETER_VALUE(0.)),(#8679,
    PARAMETER_VALUE(1.605168957715)),.T.,.PARAMETER.);
#8674 = LINE('',#8675,#8676);
#8675 = CARTESIAN_POINT('',(229.51875,185.66875,1.68E+03));
#8676 = VECTOR('',#8677,1.);
#8677 = DIRECTION('',(0.224859506699,-0.974391195695,0.));
#8678 = CARTESIAN_POINT('',(229.51875,185.66875,1.68E+03));
#8679 = CARTESIAN_POINT('',(229.8796875,184.1046875,1.68E+03));
#8680 = TRIMMED_CURVE('',#8681,(#8685,PARAMETER_VALUE(0.)),(#8686,
    PARAMETER_VALUE(1.808693470523)),.T.,.PARAMETER.);
#8681 = LINE('',#8682,#8683);
#8682 = CARTESIAN_POINT('',(229.8796875,184.1046875,1.68E+03));
#8683 = VECTOR('',#8684,1.);
#8684 = DIRECTION('',(6.651901052378E-02,-0.997785157857,0.));
#8685 = CARTESIAN_POINT('',(229.8796875,184.1046875,1.68E+03));
#8686 = CARTESIAN_POINT('',(230.,182.3,1.68E+03));
#8687 = TRIMMED_CURVE('',#8688,(#8692,PARAMETER_VALUE(0.)),(#8693,
    PARAMETER_VALUE(6.6)),.T.,.PARAMETER.);
#8688 = LINE('',#8689,#8690);
#8689 = CARTESIAN_POINT('',(230.,182.3,1.68E+03));
#8690 = VECTOR('',#8691,1.);
#8691 = DIRECTION('',(0.,-1.,0.));
#8692 = CARTESIAN_POINT('',(230.,182.3,1.68E+03));
#8693 = CARTESIAN_POINT('',(230.,175.7,1.68E+03));
#8694 = TRIMMED_CURVE('',#8695,(#8699,PARAMETER_VALUE(0.)),(#8700,
    PARAMETER_VALUE(1.808693470523)),.T.,.PARAMETER.);
#8695 = LINE('',#8696,#8697);
#8696 = CARTESIAN_POINT('',(230.,175.7,1.68E+03));
#8697 = VECTOR('',#8698,1.);
#8698 = DIRECTION('',(-6.651901052378E-02,-0.997785157857,0.));
#8699 = CARTESIAN_POINT('',(230.,175.7,1.68E+03));
#8700 = CARTESIAN_POINT('',(229.8796875,173.8953125,1.68E+03));
#8701 = TRIMMED_CURVE('',#8702,(#8706,PARAMETER_VALUE(0.)),(#8707,
    PARAMETER_VALUE(1.605168957715)),.T.,.PARAMETER.);
#8702 = LINE('',#8703,#8704);
#8703 = CARTESIAN_POINT('',(229.8796875,173.8953125,1.68E+03));
#8704 = VECTOR('',#8705,1.);
#8705 = DIRECTION('',(-0.224859506699,-0.974391195695,0.));
#8706 = CARTESIAN_POINT('',(229.8796875,173.8953125,1.68E+03));
#8707 = CARTESIAN_POINT('',(229.51875,172.33125,1.68E+03));
#8708 = TRIMMED_CURVE('',#8709,(#8713,PARAMETER_VALUE(0.)),(#8714,
    PARAMETER_VALUE(1.453741468698)),.T.,.PARAMETER.);
#8709 = LINE('',#8710,#8711);
#8710 = CARTESIAN_POINT('',(229.51875,172.33125,1.68E+03));
#8711 = VECTOR('',#8712,1.);
#8712 = DIRECTION('',(-0.413802944301,-0.910366477463,0.));
#8713 = CARTESIAN_POINT('',(229.51875,172.33125,1.68E+03));
#8714 = CARTESIAN_POINT('',(228.9171875,171.0078125,1.68E+03));
#8715 = TRIMMED_CURVE('',#8716,(#8720,PARAMETER_VALUE(0.)),(#8721,
    PARAMETER_VALUE(1.371773558322)),.T.,.PARAMETER.);
#8716 = LINE('',#8717,#8718);
#8717 = CARTESIAN_POINT('',(228.9171875,171.0078125,1.68E+03));
#8718 = VECTOR('',#8719,1.);
#8719 = DIRECTION('',(-0.613940613515,-0.789352217376,0.));
#8720 = CARTESIAN_POINT('',(228.9171875,171.0078125,1.68E+03));
#8721 = CARTESIAN_POINT('',(228.075,169.925,1.68E+03));
#8722 = TRIMMED_CURVE('',#8723,(#8727,PARAMETER_VALUE(0.)),(#8728,
    PARAMETER_VALUE(1.371773558322)),.T.,.PARAMETER.);
#8723 = LINE('',#8724,#8725);
#8724 = CARTESIAN_POINT('',(228.075,169.925,1.68E+03));
#8725 = VECTOR('',#8726,1.);
#8726 = DIRECTION('',(-0.789352217376,-0.613940613515,0.));
#8727 = CARTESIAN_POINT('',(228.075,169.925,1.68E+03));
#8728 = CARTESIAN_POINT('',(226.9921875,169.0828125,1.68E+03));
#8729 = TRIMMED_CURVE('',#8730,(#8734,PARAMETER_VALUE(0.)),(#8735,
    PARAMETER_VALUE(1.453741468698)),.T.,.PARAMETER.);
#8730 = LINE('',#8731,#8732);
#8731 = CARTESIAN_POINT('',(226.9921875,169.0828125,1.68E+03));
#8732 = VECTOR('',#8733,1.);
#8733 = DIRECTION('',(-0.910366477463,-0.413802944301,0.));
#8734 = CARTESIAN_POINT('',(226.9921875,169.0828125,1.68E+03));
#8735 = CARTESIAN_POINT('',(225.66875,168.48125,1.68E+03));
#8736 = TRIMMED_CURVE('',#8737,(#8741,PARAMETER_VALUE(0.)),(#8742,
    PARAMETER_VALUE(1.605168957715)),.T.,.PARAMETER.);
#8737 = LINE('',#8738,#8739);
#8738 = CARTESIAN_POINT('',(225.66875,168.48125,1.68E+03));
#8739 = VECTOR('',#8740,1.);
#8740 = DIRECTION('',(-0.974391195695,-0.224859506699,0.));
#8741 = CARTESIAN_POINT('',(225.66875,168.48125,1.68E+03));
#8742 = CARTESIAN_POINT('',(224.1046875,168.1203125,1.68E+03));
#8743 = TRIMMED_CURVE('',#8744,(#8748,PARAMETER_VALUE(0.)),(#8749,
    PARAMETER_VALUE(1.808693470523)),.T.,.PARAMETER.);
#8744 = LINE('',#8745,#8746);
#8745 = CARTESIAN_POINT('',(224.1046875,168.1203125,1.68E+03));
#8746 = VECTOR('',#8747,1.);
#8747 = DIRECTION('',(-0.997785157857,-6.651901052378E-02,0.));
#8748 = CARTESIAN_POINT('',(224.1046875,168.1203125,1.68E+03));
#8749 = CARTESIAN_POINT('',(222.3,168.,1.68E+03));
#8750 = TRIMMED_CURVE('',#8751,(#8755,PARAMETER_VALUE(0.)),(#8756,
    PARAMETER_VALUE(444.6)),.T.,.PARAMETER.);
#8751 = LINE('',#8752,#8753);
#8752 = CARTESIAN_POINT('',(222.3,168.,1.68E+03));
#8753 = VECTOR('',#8754,1.);
#8754 = DIRECTION('',(-1.,0.,0.));
#8755 = CARTESIAN_POINT('',(222.3,168.,1.68E+03));
#8756 = CARTESIAN_POINT('',(-222.3,168.,1.68E+03));
#8757 = TRIMMED_CURVE('',#8758,(#8762,PARAMETER_VALUE(0.)),(#8763,
    PARAMETER_VALUE(1.808693470523)),.T.,.PARAMETER.);
#8758 = LINE('',#8759,#8760);
#8759 = CARTESIAN_POINT('',(-222.3,168.,1.68E+03));
#8760 = VECTOR('',#8761,1.);
#8761 = DIRECTION('',(-0.997785157857,-6.651901052378E-02,0.));
#8762 = CARTESIAN_POINT('',(-222.3,168.,1.68E+03));
#8763 = CARTESIAN_POINT('',(-224.1046875,167.8796875,1.68E+03));
#8764 = TRIMMED_CURVE('',#8765,(#8769,PARAMETER_VALUE(0.)),(#8770,
    PARAMETER_VALUE(1.605168957715)),.T.,.PARAMETER.);
#8765 = LINE('',#8766,#8767);
#8766 = CARTESIAN_POINT('',(-224.1046875,167.8796875,1.68E+03));
#8767 = VECTOR('',#8768,1.);
#8768 = DIRECTION('',(-0.974391195695,-0.224859506699,0.));
#8769 = CARTESIAN_POINT('',(-224.1046875,167.8796875,1.68E+03));
#8770 = CARTESIAN_POINT('',(-225.66875,167.51875,1.68E+03));
#8771 = TRIMMED_CURVE('',#8772,(#8776,PARAMETER_VALUE(0.)),(#8777,
    PARAMETER_VALUE(1.453741468698)),.T.,.PARAMETER.);
#8772 = LINE('',#8773,#8774);
#8773 = CARTESIAN_POINT('',(-225.66875,167.51875,1.68E+03));
#8774 = VECTOR('',#8775,1.);
#8775 = DIRECTION('',(-0.910366477463,-0.413802944301,0.));
#8776 = CARTESIAN_POINT('',(-225.66875,167.51875,1.68E+03));
#8777 = CARTESIAN_POINT('',(-226.9921875,166.9171875,1.68E+03));
#8778 = TRIMMED_CURVE('',#8779,(#8783,PARAMETER_VALUE(0.)),(#8784,
    PARAMETER_VALUE(1.371773558322)),.T.,.PARAMETER.);
#8779 = LINE('',#8780,#8781);
#8780 = CARTESIAN_POINT('',(-226.9921875,166.9171875,1.68E+03));
#8781 = VECTOR('',#8782,1.);
#8782 = DIRECTION('',(-0.789352217376,-0.613940613515,0.));
#8783 = CARTESIAN_POINT('',(-226.9921875,166.9171875,1.68E+03));
#8784 = CARTESIAN_POINT('',(-228.075,166.075,1.68E+03));
#8785 = TRIMMED_CURVE('',#8786,(#8790,PARAMETER_VALUE(0.)),(#8791,
    PARAMETER_VALUE(1.371773558322)),.T.,.PARAMETER.);
#8786 = LINE('',#8787,#8788);
#8787 = CARTESIAN_POINT('',(-228.075,166.075,1.68E+03));
#8788 = VECTOR('',#8789,1.);
#8789 = DIRECTION('',(-0.613940613515,-0.789352217376,0.));
#8790 = CARTESIAN_POINT('',(-228.075,166.075,1.68E+03));
#8791 = CARTESIAN_POINT('',(-228.9171875,164.9921875,1.68E+03));
#8792 = TRIMMED_CURVE('',#8793,(#8797,PARAMETER_VALUE(0.)),(#8798,
    PARAMETER_VALUE(1.453741468698)),.T.,.PARAMETER.);
#8793 = LINE('',#8794,#8795);
#8794 = CARTESIAN_POINT('',(-228.9171875,164.9921875,1.68E+03));
#8795 = VECTOR('',#8796,1.);
#8796 = DIRECTION('',(-0.413802944301,-0.910366477463,0.));
#8797 = CARTESIAN_POINT('',(-228.9171875,164.9921875,1.68E+03));
#8798 = CARTESIAN_POINT('',(-229.51875,163.66875,1.68E+03));
#8799 = TRIMMED_CURVE('',#8800,(#8804,PARAMETER_VALUE(0.)),(#8805,
    PARAMETER_VALUE(1.605168957715)),.T.,.PARAMETER.);
#8800 = LINE('',#8801,#8802);
#8801 = CARTESIAN_POINT('',(-229.51875,163.66875,1.68E+03));
#8802 = VECTOR('',#8803,1.);
#8803 = DIRECTION('',(-0.224859506699,-0.974391195695,0.));
#8804 = CARTESIAN_POINT('',(-229.51875,163.66875,1.68E+03));
#8805 = CARTESIAN_POINT('',(-229.8796875,162.1046875,1.68E+03));
#8806 = TRIMMED_CURVE('',#8807,(#8811,PARAMETER_VALUE(0.)),(#8812,
    PARAMETER_VALUE(1.808693470523)),.T.,.PARAMETER.);
#8807 = LINE('',#8808,#8809);
#8808 = CARTESIAN_POINT('',(-229.8796875,162.1046875,1.68E+03));
#8809 = VECTOR('',#8810,1.);
#8810 = DIRECTION('',(-6.651901052378E-02,-0.997785157857,0.));
#8811 = CARTESIAN_POINT('',(-229.8796875,162.1046875,1.68E+03));
#8812 = CARTESIAN_POINT('',(-230.,160.3,1.68E+03));
#8813 = TRIMMED_CURVE('',#8814,(#8818,PARAMETER_VALUE(0.)),(#8819,
    PARAMETER_VALUE(6.6)),.T.,.PARAMETER.);
#8814 = LINE('',#8815,#8816);
#8815 = CARTESIAN_POINT('',(-230.,160.3,1.68E+03));
#8816 = VECTOR('',#8817,1.);
#8817 = DIRECTION('',(0.,-1.,0.));
#8818 = CARTESIAN_POINT('',(-230.,160.3,1.68E+03));
#8819 = CARTESIAN_POINT('',(-230.,153.7,1.68E+03));
#8820 = TRIMMED_CURVE('',#8821,(#8825,PARAMETER_VALUE(0.)),(#8826,
    PARAMETER_VALUE(1.808693470523)),.T.,.PARAMETER.);
#8821 = LINE('',#8822,#8823);
#8822 = CARTESIAN_POINT('',(-230.,153.7,1.68E+03));
#8823 = VECTOR('',#8824,1.);
#8824 = DIRECTION('',(6.651901052378E-02,-0.997785157857,0.));
#8825 = CARTESIAN_POINT('',(-230.,153.7,1.68E+03));
#8826 = CARTESIAN_POINT('',(-229.8796875,151.8953125,1.68E+03));
#8827 = TRIMMED_CURVE('',#8828,(#8832,PARAMETER_VALUE(0.)),(#8833,
    PARAMETER_VALUE(1.605168957715)),.T.,.PARAMETER.);
#8828 = LINE('',#8829,#8830);
#8829 = CARTESIAN_POINT('',(-229.8796875,151.8953125,1.68E+03));
#8830 = VECTOR('',#8831,1.);
#8831 = DIRECTION('',(0.224859506699,-0.974391195695,0.));
#8832 = CARTESIAN_POINT('',(-229.8796875,151.8953125,1.68E+03));
#8833 = CARTESIAN_POINT('',(-229.51875,150.33125,1.68E+03));
#8834 = TRIMMED_CURVE('',#8835,(#8839,PARAMETER_VALUE(0.)),(#8840,
    PARAMETER_VALUE(1.453741468698)),.T.,.PARAMETER.);
#8835 = LINE('',#8836,#8837);
#8836 = CARTESIAN_POINT('',(-229.51875,150.33125,1.68E+03));
#8837 = VECTOR('',#8838,1.);
#8838 = DIRECTION('',(0.413802944301,-0.910366477463,0.));
#8839 = CARTESIAN_POINT('',(-229.51875,150.33125,1.68E+03));
#8840 = CARTESIAN_POINT('',(-228.9171875,149.0078125,1.68E+03));
#8841 = TRIMMED_CURVE('',#8842,(#8846,PARAMETER_VALUE(0.)),(#8847,
    PARAMETER_VALUE(1.371773558322)),.T.,.PARAMETER.);
#8842 = LINE('',#8843,#8844);
#8843 = CARTESIAN_POINT('',(-228.9171875,149.0078125,1.68E+03));
#8844 = VECTOR('',#8845,1.);
#8845 = DIRECTION('',(0.613940613515,-0.789352217376,0.));
#8846 = CARTESIAN_POINT('',(-228.9171875,149.0078125,1.68E+03));
#8847 = CARTESIAN_POINT('',(-228.075,147.925,1.68E+03));
#8848 = TRIMMED_CURVE('',#8849,(#8853,PARAMETER_VALUE(0.)),(#8854,
    PARAMETER_VALUE(1.371773558322)),.T.,.PARAMETER.);
#8849 = LINE('',#8850,#8851);
#8850 = CARTESIAN_POINT('',(-228.075,147.925,1.68E+03));
#8851 = VECTOR('',#8852,1.);
#8852 = DIRECTION('',(0.789352217376,-0.613940613515,0.));
#8853 = CARTESIAN_POINT('',(-228.075,147.925,1.68E+03));
#8854 = CARTESIAN_POINT('',(-226.9921875,147.0828125,1.68E+03));
#8855 = TRIMMED_CURVE('',#8856,(#8860,PARAMETER_VALUE(0.)),(#8861,
    PARAMETER_VALUE(1.453741468698)),.T.,.PARAMETER.);
#8856 = LINE('',#8857,#8858);
#8857 = CARTESIAN_POINT('',(-226.9921875,147.0828125,1.68E+03));
#8858 = VECTOR('',#8859,1.);
#8859 = DIRECTION('',(0.910366477463,-0.413802944301,0.));
#8860 = CARTESIAN_POINT('',(-226.9921875,147.0828125,1.68E+03));
#8861 = CARTESIAN_POINT('',(-225.66875,146.48125,1.68E+03));
#8862 = TRIMMED_CURVE('',#8863,(#8867,PARAMETER_VALUE(0.)),(#8868,
    PARAMETER_VALUE(1.605168957715)),.T.,.PARAMETER.);
#8863 = LINE('',#8864,#8865);
#8864 = CARTESIAN_POINT('',(-225.66875,146.48125,1.68E+03));
#8865 = VECTOR('',#8866,1.);
#8866 = DIRECTION('',(0.974391195695,-0.224859506699,0.));
#8867 = CARTESIAN_POINT('',(-225.66875,146.48125,1.68E+03));
#8868 = CARTESIAN_POINT('',(-224.1046875,146.1203125,1.68E+03));
#8869 = TRIMMED_CURVE('',#8870,(#8874,PARAMETER_VALUE(0.)),(#8875,
    PARAMETER_VALUE(1.808693470523)),.T.,.PARAMETER.);
#8870 = LINE('',#8871,#8872);
#8871 = CARTESIAN_POINT('',(-224.1046875,146.1203125,1.68E+03));
#8872 = VECTOR('',#8873,1.);
#8873 = DIRECTION('',(0.997785157857,-6.651901052378E-02,0.));
#8874 = CARTESIAN_POINT('',(-224.1046875,146.1203125,1.68E+03));
#8875 = CARTESIAN_POINT('',(-222.3,146.,1.68E+03));
#8876 = TRIMMED_CURVE('',#8877,(#8881,PARAMETER_VALUE(0.)),(#8882,
    PARAMETER_VALUE(444.6)),.T.,.PARAMETER.);
#8877 = LINE('',#8878,#8879);
#8878 = CARTESIAN_POINT('',(-222.3,146.,1.68E+03));
#8879 = VECTOR('',#8880,1.);
#8880 = DIRECTION('',(1.,0.,0.));
#8881 = CARTESIAN_POINT('',(-222.3,146.,1.68E+03));
#8882 = CARTESIAN_POINT('',(222.3,146.,1.68E+03));
#8883 = TRIMMED_CURVE('',#8884,(#8888,PARAMETER_VALUE(0.)),(#8889,
    PARAMETER_VALUE(1.808693470523)),.T.,.PARAMETER.);
#8884 = LINE('',#8885,#8886);
#8885 = CARTESIAN_POINT('',(222.3,146.,1.68E+03));
#8886 = VECTOR('',#8887,1.);
#8887 = DIRECTION('',(0.997785157857,-6.651901052378E-02,0.));
#8888 = CARTESIAN_POINT('',(222.3,146.,1.68E+03));
#8889 = CARTESIAN_POINT('',(224.1046875,145.8796875,1.68E+03));
#8890 = TRIMMED_CURVE('',#8891,(#8895,PARAMETER_VALUE(0.)),(#8896,
    PARAMETER_VALUE(1.605168957715)),.T.,.PARAMETER.);
#8891 = LINE('',#8892,#8893);
#8892 = CARTESIAN_POINT('',(224.1046875,145.8796875,1.68E+03));
#8893 = VECTOR('',#8894,1.);
#8894 = DIRECTION('',(0.974391195695,-0.224859506699,0.));
#8895 = CARTESIAN_POINT('',(224.1046875,145.8796875,1.68E+03));
#8896 = CARTESIAN_POINT('',(225.66875,145.51875,1.68E+03));
#8897 = TRIMMED_CURVE('',#8898,(#8902,PARAMETER_VALUE(0.)),(#8903,
    PARAMETER_VALUE(1.453741468698)),.T.,.PARAMETER.);
#8898 = LINE('',#8899,#8900);
#8899 = CARTESIAN_POINT('',(225.66875,145.51875,1.68E+03));
#8900 = VECTOR('',#8901,1.);
#8901 = DIRECTION('',(0.910366477463,-0.413802944301,0.));
#8902 = CARTESIAN_POINT('',(225.66875,145.51875,1.68E+03));
#8903 = CARTESIAN_POINT('',(226.9921875,144.9171875,1.68E+03));
#8904 = TRIMMED_CURVE('',#8905,(#8909,PARAMETER_VALUE(0.)),(#8910,
    PARAMETER_VALUE(1.371773558322)),.T.,.PARAMETER.);
#8905 = LINE('',#8906,#8907);
#8906 = CARTESIAN_POINT('',(226.9921875,144.9171875,1.68E+03));
#8907 = VECTOR('',#8908,1.);
#8908 = DIRECTION('',(0.789352217376,-0.613940613515,0.));
#8909 = CARTESIAN_POINT('',(226.9921875,144.9171875,1.68E+03));
#8910 = CARTESIAN_POINT('',(228.075,144.075,1.68E+03));
#8911 = TRIMMED_CURVE('',#8912,(#8916,PARAMETER_VALUE(0.)),(#8917,
    PARAMETER_VALUE(1.371773558322)),.T.,.PARAMETER.);
#8912 = LINE('',#8913,#8914);
#8913 = CARTESIAN_POINT('',(228.075,144.075,1.68E+03));
#8914 = VECTOR('',#8915,1.);
#8915 = DIRECTION('',(0.613940613515,-0.789352217376,0.));
#8916 = CARTESIAN_POINT('',(228.075,144.075,1.68E+03));
#8917 = CARTESIAN_POINT('',(228.9171875,142.9921875,1.68E+03));
#8918 = TRIMMED_CURVE('',#8919,(#8923,PARAMETER_VALUE(0.)),(#8924,
    PARAMETER_VALUE(1.453741468698)),.T.,.PARAMETER.);
#8919 = LINE('',#8920,#8921);
#8920 = CARTESIAN_POINT('',(228.9171875,142.9921875,1.68E+03));
#8921 = VECTOR('',#8922,1.);
#8922 = DIRECTION('',(0.413802944301,-0.910366477463,0.));
#8923 = CARTESIAN_POINT('',(228.9171875,142.9921875,1.68E+03));
#8924 = CARTESIAN_POINT('',(229.51875,141.66875,1.68E+03));
#8925 = TRIMMED_CURVE('',#8926,(#8930,PARAMETER_VALUE(0.)),(#8931,
    PARAMETER_VALUE(1.605168957715)),.T.,.PARAMETER.);
#8926 = LINE('',#8927,#8928);
#8927 = CARTESIAN_POINT('',(229.51875,141.66875,1.68E+03));
#8928 = VECTOR('',#8929,1.);
#8929 = DIRECTION('',(0.224859506699,-0.974391195695,0.));
#8930 = CARTESIAN_POINT('',(229.51875,141.66875,1.68E+03));
#8931 = CARTESIAN_POINT('',(229.8796875,140.1046875,1.68E+03));
#8932 = TRIMMED_CURVE('',#8933,(#8937,PARAMETER_VALUE(0.)),(#8938,
    PARAMETER_VALUE(1.808693470523)),.T.,.PARAMETER.);
#8933 = LINE('',#8934,#8935);
#8934 = CARTESIAN_POINT('',(229.8796875,140.1046875,1.68E+03));
#8935 = VECTOR('',#8936,1.);
#8936 = DIRECTION('',(6.651901052378E-02,-0.997785157857,0.));
#8937 = CARTESIAN_POINT('',(229.8796875,140.1046875,1.68E+03));
#8938 = CARTESIAN_POINT('',(230.,138.3,1.68E+03));
#8939 = TRIMMED_CURVE('',#8940,(#8944,PARAMETER_VALUE(0.)),(#8945,
    PARAMETER_VALUE(6.6)),.T.,.PARAMETER.);
#8940 = LINE('',#8941,#8942);
#8941 = CARTESIAN_POINT('',(230.,138.3,1.68E+03));
#8942 = VECTOR('',#8943,1.);
#8943 = DIRECTION('',(0.,-1.,0.));
#8944 = CARTESIAN_POINT('',(230.,138.3,1.68E+03));
#8945 = CARTESIAN_POINT('',(230.,131.7,1.68E+03));
#8946 = TRIMMED_CURVE('',#8947,(#8951,PARAMETER_VALUE(0.)),(#8952,
    PARAMETER_VALUE(1.808693470523)),.T.,.PARAMETER.);
#8947 = LINE('',#8948,#8949);
#8948 = CARTESIAN_POINT('',(230.,131.7,1.68E+03));
#8949 = VECTOR('',#8950,1.);
#8950 = DIRECTION('',(-6.651901052378E-02,-0.997785157857,0.));
#8951 = CARTESIAN_POINT('',(230.,131.7,1.68E+03));
#8952 = CARTESIAN_POINT('',(229.8796875,129.8953125,1.68E+03));
#8953 = TRIMMED_CURVE('',#8954,(#8958,PARAMETER_VALUE(0.)),(#8959,
    PARAMETER_VALUE(1.605168957715)),.T.,.PARAMETER.);
#8954 = LINE('',#8955,#8956);
#8955 = CARTESIAN_POINT('',(229.8796875,129.8953125,1.68E+03));
#8956 = VECTOR('',#8957,1.);
#8957 = DIRECTION('',(-0.224859506699,-0.974391195695,0.));
#8958 = CARTESIAN_POINT('',(229.8796875,129.8953125,1.68E+03));
#8959 = CARTESIAN_POINT('',(229.51875,128.33125,1.68E+03));
#8960 = TRIMMED_CURVE('',#8961,(#8965,PARAMETER_VALUE(0.)),(#8966,
    PARAMETER_VALUE(1.453741468698)),.T.,.PARAMETER.);
#8961 = LINE('',#8962,#8963);
#8962 = CARTESIAN_POINT('',(229.51875,128.33125,1.68E+03));
#8963 = VECTOR('',#8964,1.);
#8964 = DIRECTION('',(-0.413802944301,-0.910366477463,0.));
#8965 = CARTESIAN_POINT('',(229.51875,128.33125,1.68E+03));
#8966 = CARTESIAN_POINT('',(228.9171875,127.0078125,1.68E+03));
#8967 = TRIMMED_CURVE('',#8968,(#8972,PARAMETER_VALUE(0.)),(#8973,
    PARAMETER_VALUE(1.371773558322)),.T.,.PARAMETER.);
#8968 = LINE('',#8969,#8970);
#8969 = CARTESIAN_POINT('',(228.9171875,127.0078125,1.68E+03));
#8970 = VECTOR('',#8971,1.);
#8971 = DIRECTION('',(-0.613940613515,-0.789352217376,0.));
#8972 = CARTESIAN_POINT('',(228.9171875,127.0078125,1.68E+03));
#8973 = CARTESIAN_POINT('',(228.075,125.925,1.68E+03));
#8974 = TRIMMED_CURVE('',#8975,(#8979,PARAMETER_VALUE(0.)),(#8980,
    PARAMETER_VALUE(1.371773558322)),.T.,.PARAMETER.);
#8975 = LINE('',#8976,#8977);
#8976 = CARTESIAN_POINT('',(228.075,125.925,1.68E+03));
#8977 = VECTOR('',#8978,1.);
#8978 = DIRECTION('',(-0.789352217376,-0.613940613515,0.));
#8979 = CARTESIAN_POINT('',(228.075,125.925,1.68E+03));
#8980 = CARTESIAN_POINT('',(226.9921875,125.0828125,1.68E+03));
#8981 = TRIMMED_CURVE('',#8982,(#8986,PARAMETER_VALUE(0.)),(#8987,
    PARAMETER_VALUE(1.453741468698)),.T.,.PARAMETER.);
#8982 = LINE('',#8983,#8984);
#8983 = CARTESIAN_POINT('',(226.9921875,125.0828125,1.68E+03));
#8984 = VECTOR('',#8985,1.);
#8985 = DIRECTION('',(-0.910366477463,-0.413802944301,0.));
#8986 = CARTESIAN_POINT('',(226.9921875,125.0828125,1.68E+03));
#8987 = CARTESIAN_POINT('',(225.66875,124.48125,1.68E+03));
#8988 = TRIMMED_CURVE('',#8989,(#8993,PARAMETER_VALUE(0.)),(#8994,
    PARAMETER_VALUE(1.605168957715)),.T.,.PARAMETER.);
#8989 = LINE('',#8990,#8991);
#8990 = CARTESIAN_POINT('',(225.66875,124.48125,1.68E+03));
#8991 = VECTOR('',#8992,1.);
#8992 = DIRECTION('',(-0.974391195695,-0.224859506699,0.));
#8993 = CARTESIAN_POINT('',(225.66875,124.48125,1.68E+03));
#8994 = CARTESIAN_POINT('',(224.1046875,124.1203125,1.68E+03));
#8995 = TRIMMED_CURVE('',#8996,(#9000,PARAMETER_VALUE(0.)),(#9001,
    PARAMETER_VALUE(1.808693470523)),.T.,.PARAMETER.);
#8996 = LINE('',#8997,#8998);
#8997 = CARTESIAN_POINT('',(224.1046875,124.1203125,1.68E+03));
#8998 = VECTOR('',#8999,1.);
#8999 = DIRECTION('',(-0.997785157857,-6.651901052377E-02,0.));
#9000 = CARTESIAN_POINT('',(224.1046875,124.1203125,1.68E+03));
#9001 = CARTESIAN_POINT('',(222.3,124.,1.68E+03));
#9002 = TRIMMED_CURVE('',#9003,(#9007,PARAMETER_VALUE(0.)),(#9008,
    PARAMETER_VALUE(444.6)),.T.,.PARAMETER.);
#9003 = LINE('',#9004,#9005);
#9004 = CARTESIAN_POINT('',(222.3,124.,1.68E+03));
#9005 = VECTOR('',#9006,1.);
#9006 = DIRECTION('',(-1.,0.,0.));
#9007 = CARTESIAN_POINT('',(222.3,124.,1.68E+03));
#9008 = CARTESIAN_POINT('',(-222.3,124.,1.68E+03));
#9009 = TRIMMED_CURVE('',#9010,(#9014,PARAMETER_VALUE(0.)),(#9015,
    PARAMETER_VALUE(1.808693470523)),.T.,.PARAMETER.);
#9010 = LINE('',#9011,#9012);
#9011 = CARTESIAN_POINT('',(-222.3,124.,1.68E+03));
#9012 = VECTOR('',#9013,1.);
#9013 = DIRECTION('',(-0.997785157857,-6.651901052377E-02,0.));
#9014 = CARTESIAN_POINT('',(-222.3,124.,1.68E+03));
#9015 = CARTESIAN_POINT('',(-224.1046875,123.8796875,1.68E+03));
#9016 = TRIMMED_CURVE('',#9017,(#9021,PARAMETER_VALUE(0.)),(#9022,
    PARAMETER_VALUE(1.605168957715)),.T.,.PARAMETER.);
#9017 = LINE('',#9018,#9019);
#9018 = CARTESIAN_POINT('',(-224.1046875,123.8796875,1.68E+03));
#9019 = VECTOR('',#9020,1.);
#9020 = DIRECTION('',(-0.974391195695,-0.224859506699,0.));
#9021 = CARTESIAN_POINT('',(-224.1046875,123.8796875,1.68E+03));
#9022 = CARTESIAN_POINT('',(-225.66875,123.51875,1.68E+03));
#9023 = TRIMMED_CURVE('',#9024,(#9028,PARAMETER_VALUE(0.)),(#9029,
    PARAMETER_VALUE(1.453741468698)),.T.,.PARAMETER.);
#9024 = LINE('',#9025,#9026);
#9025 = CARTESIAN_POINT('',(-225.66875,123.51875,1.68E+03));
#9026 = VECTOR('',#9027,1.);
#9027 = DIRECTION('',(-0.910366477463,-0.413802944301,0.));
#9028 = CARTESIAN_POINT('',(-225.66875,123.51875,1.68E+03));
#9029 = CARTESIAN_POINT('',(-226.9921875,122.9171875,1.68E+03));
#9030 = TRIMMED_CURVE('',#9031,(#9035,PARAMETER_VALUE(0.)),(#9036,
    PARAMETER_VALUE(1.371773558322)),.T.,.PARAMETER.);
#9031 = LINE('',#9032,#9033);
#9032 = CARTESIAN_POINT('',(-226.9921875,122.9171875,1.68E+03));
#9033 = VECTOR('',#9034,1.);
#9034 = DIRECTION('',(-0.789352217376,-0.613940613515,0.));
#9035 = CARTESIAN_POINT('',(-226.9921875,122.9171875,1.68E+03));
#9036 = CARTESIAN_POINT('',(-228.075,122.075,1.68E+03));
#9037 = TRIMMED_CURVE('',#9038,(#9042,PARAMETER_VALUE(0.)),(#9043,
    PARAMETER_VALUE(1.371773558322)),.T.,.PARAMETER.);
#9038 = LINE('',#9039,#9040);
#9039 = CARTESIAN_POINT('',(-228.075,122.075,1.68E+03));
#9040 = VECTOR('',#9041,1.);
#9041 = DIRECTION('',(-0.613940613515,-0.789352217376,0.));
#9042 = CARTESIAN_POINT('',(-228.075,122.075,1.68E+03));
#9043 = CARTESIAN_POINT('',(-228.9171875,120.9921875,1.68E+03));
#9044 = TRIMMED_CURVE('',#9045,(#9049,PARAMETER_VALUE(0.)),(#9050,
    PARAMETER_VALUE(1.453741468698)),.T.,.PARAMETER.);
#9045 = LINE('',#9046,#9047);
#9046 = CARTESIAN_POINT('',(-228.9171875,120.9921875,1.68E+03));
#9047 = VECTOR('',#9048,1.);
#9048 = DIRECTION('',(-0.413802944301,-0.910366477463,0.));
#9049 = CARTESIAN_POINT('',(-228.9171875,120.9921875,1.68E+03));
#9050 = CARTESIAN_POINT('',(-229.51875,119.66875,1.68E+03));
#9051 = TRIMMED_CURVE('',#9052,(#9056,PARAMETER_VALUE(0.)),(#9057,
    PARAMETER_VALUE(1.605168957715)),.T.,.PARAMETER.);
#9052 = LINE('',#9053,#9054);
#9053 = CARTESIAN_POINT('',(-229.51875,119.66875,1.68E+03));
#9054 = VECTOR('',#9055,1.);
#9055 = DIRECTION('',(-0.224859506699,-0.974391195695,0.));
#9056 = CARTESIAN_POINT('',(-229.51875,119.66875,1.68E+03));
#9057 = CARTESIAN_POINT('',(-229.8796875,118.1046875,1.68E+03));
#9058 = TRIMMED_CURVE('',#9059,(#9063,PARAMETER_VALUE(0.)),(#9064,
    PARAMETER_VALUE(1.808693470523)),.T.,.PARAMETER.);
#9059 = LINE('',#9060,#9061);
#9060 = CARTESIAN_POINT('',(-229.8796875,118.1046875,1.68E+03));
#9061 = VECTOR('',#9062,1.);
#9062 = DIRECTION('',(-6.651901052378E-02,-0.997785157857,0.));
#9063 = CARTESIAN_POINT('',(-229.8796875,118.1046875,1.68E+03));
#9064 = CARTESIAN_POINT('',(-230.,116.3,1.68E+03));
#9065 = TRIMMED_CURVE('',#9066,(#9070,PARAMETER_VALUE(0.)),(#9071,
    PARAMETER_VALUE(6.6)),.T.,.PARAMETER.);
#9066 = LINE('',#9067,#9068);
#9067 = CARTESIAN_POINT('',(-230.,116.3,1.68E+03));
#9068 = VECTOR('',#9069,1.);
#9069 = DIRECTION('',(0.,-1.,0.));
#9070 = CARTESIAN_POINT('',(-230.,116.3,1.68E+03));
#9071 = CARTESIAN_POINT('',(-230.,109.7,1.68E+03));
#9072 = TRIMMED_CURVE('',#9073,(#9077,PARAMETER_VALUE(0.)),(#9078,
    PARAMETER_VALUE(1.808693470523)),.T.,.PARAMETER.);
#9073 = LINE('',#9074,#9075);
#9074 = CARTESIAN_POINT('',(-230.,109.7,1.68E+03));
#9075 = VECTOR('',#9076,1.);
#9076 = DIRECTION('',(6.651901052378E-02,-0.997785157857,0.));
#9077 = CARTESIAN_POINT('',(-230.,109.7,1.68E+03));
#9078 = CARTESIAN_POINT('',(-229.8796875,107.8953125,1.68E+03));
#9079 = TRIMMED_CURVE('',#9080,(#9084,PARAMETER_VALUE(0.)),(#9085,
    PARAMETER_VALUE(1.605168957715)),.T.,.PARAMETER.);
#9080 = LINE('',#9081,#9082);
#9081 = CARTESIAN_POINT('',(-229.8796875,107.8953125,1.68E+03));
#9082 = VECTOR('',#9083,1.);
#9083 = DIRECTION('',(0.224859506699,-0.974391195695,0.));
#9084 = CARTESIAN_POINT('',(-229.8796875,107.8953125,1.68E+03));
#9085 = CARTESIAN_POINT('',(-229.51875,106.33125,1.68E+03));
#9086 = TRIMMED_CURVE('',#9087,(#9091,PARAMETER_VALUE(0.)),(#9092,
    PARAMETER_VALUE(1.453741468698)),.T.,.PARAMETER.);
#9087 = LINE('',#9088,#9089);
#9088 = CARTESIAN_POINT('',(-229.51875,106.33125,1.68E+03));
#9089 = VECTOR('',#9090,1.);
#9090 = DIRECTION('',(0.413802944301,-0.910366477463,0.));
#9091 = CARTESIAN_POINT('',(-229.51875,106.33125,1.68E+03));
#9092 = CARTESIAN_POINT('',(-228.9171875,105.0078125,1.68E+03));
#9093 = TRIMMED_CURVE('',#9094,(#9098,PARAMETER_VALUE(0.)),(#9099,
    PARAMETER_VALUE(1.371773558322)),.T.,.PARAMETER.);
#9094 = LINE('',#9095,#9096);
#9095 = CARTESIAN_POINT('',(-228.9171875,105.0078125,1.68E+03));
#9096 = VECTOR('',#9097,1.);
#9097 = DIRECTION('',(0.613940613515,-0.789352217376,0.));
#9098 = CARTESIAN_POINT('',(-228.9171875,105.0078125,1.68E+03));
#9099 = CARTESIAN_POINT('',(-228.075,103.925,1.68E+03));
#9100 = TRIMMED_CURVE('',#9101,(#9105,PARAMETER_VALUE(0.)),(#9106,
    PARAMETER_VALUE(1.371773558322)),.T.,.PARAMETER.);
#9101 = LINE('',#9102,#9103);
#9102 = CARTESIAN_POINT('',(-228.075,103.925,1.68E+03));
#9103 = VECTOR('',#9104,1.);
#9104 = DIRECTION('',(0.789352217376,-0.613940613515,0.));
#9105 = CARTESIAN_POINT('',(-228.075,103.925,1.68E+03));
#9106 = CARTESIAN_POINT('',(-226.9921875,103.0828125,1.68E+03));
#9107 = TRIMMED_CURVE('',#9108,(#9112,PARAMETER_VALUE(0.)),(#9113,
    PARAMETER_VALUE(1.453741468698)),.T.,.PARAMETER.);
#9108 = LINE('',#9109,#9110);
#9109 = CARTESIAN_POINT('',(-226.9921875,103.0828125,1.68E+03));
#9110 = VECTOR('',#9111,1.);
#9111 = DIRECTION('',(0.910366477463,-0.413802944301,0.));
#9112 = CARTESIAN_POINT('',(-226.9921875,103.0828125,1.68E+03));
#9113 = CARTESIAN_POINT('',(-225.66875,102.48125,1.68E+03));
#9114 = TRIMMED_CURVE('',#9115,(#9119,PARAMETER_VALUE(0.)),(#9120,
    PARAMETER_VALUE(1.605168957715)),.T.,.PARAMETER.);
#9115 = LINE('',#9116,#9117);
#9116 = CARTESIAN_POINT('',(-225.66875,102.48125,1.68E+03));
#9117 = VECTOR('',#9118,1.);
#9118 = DIRECTION('',(0.974391195695,-0.224859506699,0.));
#9119 = CARTESIAN_POINT('',(-225.66875,102.48125,1.68E+03));
#9120 = CARTESIAN_POINT('',(-224.1046875,102.1203125,1.68E+03));
#9121 = TRIMMED_CURVE('',#9122,(#9126,PARAMETER_VALUE(0.)),(#9127,
    PARAMETER_VALUE(1.808693470523)),.T.,.PARAMETER.);
#9122 = LINE('',#9123,#9124);
#9123 = CARTESIAN_POINT('',(-224.1046875,102.1203125,1.68E+03));
#9124 = VECTOR('',#9125,1.);
#9125 = DIRECTION('',(0.997785157857,-6.651901052377E-02,0.));
#9126 = CARTESIAN_POINT('',(-224.1046875,102.1203125,1.68E+03));
#9127 = CARTESIAN_POINT('',(-222.3,102.,1.68E+03));
#9128 = TRIMMED_CURVE('',#9129,(#9133,PARAMETER_VALUE(0.)),(#9134,
    PARAMETER_VALUE(444.6)),.T.,.PARAMETER.);
#9129 = LINE('',#9130,#9131);
#9130 = CARTESIAN_POINT('',(-222.3,102.,1.68E+03));
#9131 = VECTOR('',#9132,1.);
#9132 = DIRECTION('',(1.,0.,0.));
#9133 = CARTESIAN_POINT('',(-222.3,102.,1.68E+03));
#9134 = CARTESIAN_POINT('',(222.3,102.,1.68E+03));
#9135 = TRIMMED_CURVE('',#9136,(#9140,PARAMETER_VALUE(0.)),(#9141,
    PARAMETER_VALUE(1.808693470523)),.T.,.PARAMETER.);
#9136 = LINE('',#9137,#9138);
#9137 = CARTESIAN_POINT('',(222.3,102.,1.68E+03));
#9138 = VECTOR('',#9139,1.);
#9139 = DIRECTION('',(0.997785157857,-6.651901052377E-02,0.));
#9140 = CARTESIAN_POINT('',(222.3,102.,1.68E+03));
#9141 = CARTESIAN_POINT('',(224.1046875,101.8796875,1.68E+03));
#9142 = TRIMMED_CURVE('',#9143,(#9147,PARAMETER_VALUE(0.)),(#9148,
    PARAMETER_VALUE(1.605168957715)),.T.,.PARAMETER.);
#9143 = LINE('',#9144,#9145);
#9144 = CARTESIAN_POINT('',(224.1046875,101.8796875,1.68E+03));
#9145 = VECTOR('',#9146,1.);
#9146 = DIRECTION('',(0.974391195695,-0.224859506699,0.));
#9147 = CARTESIAN_POINT('',(224.1046875,101.8796875,1.68E+03));
#9148 = CARTESIAN_POINT('',(225.66875,101.51875,1.68E+03));
#9149 = TRIMMED_CURVE('',#9150,(#9154,PARAMETER_VALUE(0.)),(#9155,
    PARAMETER_VALUE(1.453741468698)),.T.,.PARAMETER.);
#9150 = LINE('',#9151,#9152);
#9151 = CARTESIAN_POINT('',(225.66875,101.51875,1.68E+03));
#9152 = VECTOR('',#9153,1.);
#9153 = DIRECTION('',(0.910366477463,-0.413802944301,0.));
#9154 = CARTESIAN_POINT('',(225.66875,101.51875,1.68E+03));
#9155 = CARTESIAN_POINT('',(226.9921875,100.9171875,1.68E+03));
#9156 = TRIMMED_CURVE('',#9157,(#9161,PARAMETER_VALUE(0.)),(#9162,
    PARAMETER_VALUE(1.371773558322)),.T.,.PARAMETER.);
#9157 = LINE('',#9158,#9159);
#9158 = CARTESIAN_POINT('',(226.9921875,100.9171875,1.68E+03));
#9159 = VECTOR('',#9160,1.);
#9160 = DIRECTION('',(0.789352217376,-0.613940613515,0.));
#9161 = CARTESIAN_POINT('',(226.9921875,100.9171875,1.68E+03));
#9162 = CARTESIAN_POINT('',(228.075,100.075,1.68E+03));
#9163 = TRIMMED_CURVE('',#9164,(#9168,PARAMETER_VALUE(0.)),(#9169,
    PARAMETER_VALUE(1.371773558322)),.T.,.PARAMETER.);
#9164 = LINE('',#9165,#9166);
#9165 = CARTESIAN_POINT('',(228.075,100.075,1.68E+03));
#9166 = VECTOR('',#9167,1.);
#9167 = DIRECTION('',(0.613940613515,-0.789352217376,0.));
#9168 = CARTESIAN_POINT('',(228.075,100.075,1.68E+03));
#9169 = CARTESIAN_POINT('',(228.9171875,98.9921875,1.68E+03));
#9170 = TRIMMED_CURVE('',#9171,(#9175,PARAMETER_VALUE(0.)),(#9176,
    PARAMETER_VALUE(1.453741468698)),.T.,.PARAMETER.);
#9171 = LINE('',#9172,#9173);
#9172 = CARTESIAN_POINT('',(228.9171875,98.9921875,1.68E+03));
#9173 = VECTOR('',#9174,1.);
#9174 = DIRECTION('',(0.413802944301,-0.910366477463,0.));
#9175 = CARTESIAN_POINT('',(228.9171875,98.9921875,1.68E+03));
#9176 = CARTESIAN_POINT('',(229.51875,97.66875,1.68E+03));
#9177 = TRIMMED_CURVE('',#9178,(#9182,PARAMETER_VALUE(0.)),(#9183,
    PARAMETER_VALUE(1.605168957715)),.T.,.PARAMETER.);
#9178 = LINE('',#9179,#9180);
#9179 = CARTESIAN_POINT('',(229.51875,97.66875,1.68E+03));
#9180 = VECTOR('',#9181,1.);
#9181 = DIRECTION('',(0.224859506699,-0.974391195695,0.));
#9182 = CARTESIAN_POINT('',(229.51875,97.66875,1.68E+03));
#9183 = CARTESIAN_POINT('',(229.8796875,96.1046875,1.68E+03));
#9184 = TRIMMED_CURVE('',#9185,(#9189,PARAMETER_VALUE(0.)),(#9190,
    PARAMETER_VALUE(1.808693470523)),.T.,.PARAMETER.);
#9185 = LINE('',#9186,#9187);
#9186 = CARTESIAN_POINT('',(229.8796875,96.1046875,1.68E+03));
#9187 = VECTOR('',#9188,1.);
#9188 = DIRECTION('',(6.651901052378E-02,-0.997785157857,0.));
#9189 = CARTESIAN_POINT('',(229.8796875,96.1046875,1.68E+03));
#9190 = CARTESIAN_POINT('',(230.,94.3,1.68E+03));
#9191 = TRIMMED_CURVE('',#9192,(#9196,PARAMETER_VALUE(0.)),(#9197,
    PARAMETER_VALUE(6.6)),.T.,.PARAMETER.);
#9192 = LINE('',#9193,#9194);
#9193 = CARTESIAN_POINT('',(230.,94.3,1.68E+03));
#9194 = VECTOR('',#9195,1.);
#9195 = DIRECTION('',(0.,-1.,0.));
#9196 = CARTESIAN_POINT('',(230.,94.3,1.68E+03));
#9197 = CARTESIAN_POINT('',(230.,87.7,1.68E+03));
#9198 = TRIMMED_CURVE('',#9199,(#9203,PARAMETER_VALUE(0.)),(#9204,
    PARAMETER_VALUE(1.808693470523)),.T.,.PARAMETER.);
#9199 = LINE('',#9200,#9201);
#9200 = CARTESIAN_POINT('',(230.,87.7,1.68E+03));
#9201 = VECTOR('',#9202,1.);
#9202 = DIRECTION('',(-6.651901052378E-02,-0.997785157857,0.));
#9203 = CARTESIAN_POINT('',(230.,87.7,1.68E+03));
#9204 = CARTESIAN_POINT('',(229.8796875,85.8953125,1.68E+03));
#9205 = TRIMMED_CURVE('',#9206,(#9210,PARAMETER_VALUE(0.)),(#9211,
    PARAMETER_VALUE(1.605168957715)),.T.,.PARAMETER.);
#9206 = LINE('',#9207,#9208);
#9207 = CARTESIAN_POINT('',(229.8796875,85.8953125,1.68E+03));
#9208 = VECTOR('',#9209,1.);
#9209 = DIRECTION('',(-0.224859506699,-0.974391195695,0.));
#9210 = CARTESIAN_POINT('',(229.8796875,85.8953125,1.68E+03));
#9211 = CARTESIAN_POINT('',(229.51875,84.33125,1.68E+03));
#9212 = TRIMMED_CURVE('',#9213,(#9217,PARAMETER_VALUE(0.)),(#9218,
    PARAMETER_VALUE(1.453741468698)),.T.,.PARAMETER.);
#9213 = LINE('',#9214,#9215);
#9214 = CARTESIAN_POINT('',(229.51875,84.33125,1.68E+03));
#9215 = VECTOR('',#9216,1.);
#9216 = DIRECTION('',(-0.413802944301,-0.910366477463,0.));
#9217 = CARTESIAN_POINT('',(229.51875,84.33125,1.68E+03));
#9218 = CARTESIAN_POINT('',(228.9171875,83.0078125,1.68E+03));
#9219 = TRIMMED_CURVE('',#9220,(#9224,PARAMETER_VALUE(0.)),(#9225,
    PARAMETER_VALUE(1.371773558322)),.T.,.PARAMETER.);
#9220 = LINE('',#9221,#9222);
#9221 = CARTESIAN_POINT('',(228.9171875,83.0078125,1.68E+03));
#9222 = VECTOR('',#9223,1.);
#9223 = DIRECTION('',(-0.613940613515,-0.789352217376,0.));
#9224 = CARTESIAN_POINT('',(228.9171875,83.0078125,1.68E+03));
#9225 = CARTESIAN_POINT('',(228.075,81.925,1.68E+03));
#9226 = TRIMMED_CURVE('',#9227,(#9231,PARAMETER_VALUE(0.)),(#9232,
    PARAMETER_VALUE(1.371773558322)),.T.,.PARAMETER.);
#9227 = LINE('',#9228,#9229);
#9228 = CARTESIAN_POINT('',(228.075,81.925,1.68E+03));
#9229 = VECTOR('',#9230,1.);
#9230 = DIRECTION('',(-0.789352217376,-0.613940613515,0.));
#9231 = CARTESIAN_POINT('',(228.075,81.925,1.68E+03));
#9232 = CARTESIAN_POINT('',(226.9921875,81.0828125,1.68E+03));
#9233 = TRIMMED_CURVE('',#9234,(#9238,PARAMETER_VALUE(0.)),(#9239,
    PARAMETER_VALUE(1.453741468698)),.T.,.PARAMETER.);
#9234 = LINE('',#9235,#9236);
#9235 = CARTESIAN_POINT('',(226.9921875,81.0828125,1.68E+03));
#9236 = VECTOR('',#9237,1.);
#9237 = DIRECTION('',(-0.910366477463,-0.413802944301,0.));
#9238 = CARTESIAN_POINT('',(226.9921875,81.0828125,1.68E+03));
#9239 = CARTESIAN_POINT('',(225.66875,80.48125,1.68E+03));
#9240 = TRIMMED_CURVE('',#9241,(#9245,PARAMETER_VALUE(0.)),(#9246,
    PARAMETER_VALUE(1.605168957715)),.T.,.PARAMETER.);
#9241 = LINE('',#9242,#9243);
#9242 = CARTESIAN_POINT('',(225.66875,80.48125,1.68E+03));
#9243 = VECTOR('',#9244,1.);
#9244 = DIRECTION('',(-0.974391195695,-0.224859506699,0.));
#9245 = CARTESIAN_POINT('',(225.66875,80.48125,1.68E+03));
#9246 = CARTESIAN_POINT('',(224.1046875,80.1203125,1.68E+03));
#9247 = TRIMMED_CURVE('',#9248,(#9252,PARAMETER_VALUE(0.)),(#9253,
    PARAMETER_VALUE(1.808693470523)),.T.,.PARAMETER.);
#9248 = LINE('',#9249,#9250);
#9249 = CARTESIAN_POINT('',(224.1046875,80.1203125,1.68E+03));
#9250 = VECTOR('',#9251,1.);
#9251 = DIRECTION('',(-0.997785157857,-6.651901052377E-02,0.));
#9252 = CARTESIAN_POINT('',(224.1046875,80.1203125,1.68E+03));
#9253 = CARTESIAN_POINT('',(222.3,80.,1.68E+03));
#9254 = TRIMMED_CURVE('',#9255,(#9259,PARAMETER_VALUE(0.)),(#9260,
    PARAMETER_VALUE(444.6)),.T.,.PARAMETER.);
#9255 = LINE('',#9256,#9257);
#9256 = CARTESIAN_POINT('',(222.3,80.,1.68E+03));
#9257 = VECTOR('',#9258,1.);
#9258 = DIRECTION('',(-1.,0.,0.));
#9259 = CARTESIAN_POINT('',(222.3,80.,1.68E+03));
#9260 = CARTESIAN_POINT('',(-222.3,80.,1.68E+03));
#9261 = TRIMMED_CURVE('',#9262,(#9266,PARAMETER_VALUE(0.)),(#9267,
    PARAMETER_VALUE(1.808693470523)),.T.,.PARAMETER.);
#9262 = LINE('',#9263,#9264);
#9263 = CARTESIAN_POINT('',(-222.3,80.,1.68E+03));
#9264 = VECTOR('',#9265,1.);
#9265 = DIRECTION('',(-0.997785157857,-6.651901052377E-02,0.));
#9266 = CARTESIAN_POINT('',(-222.3,80.,1.68E+03));
#9267 = CARTESIAN_POINT('',(-224.1046875,79.8796875,1.68E+03));
#9268 = TRIMMED_CURVE('',#9269,(#9273,PARAMETER_VALUE(0.)),(#9274,
    PARAMETER_VALUE(1.605168957715)),.T.,.PARAMETER.);
#9269 = LINE('',#9270,#9271);
#9270 = CARTESIAN_POINT('',(-224.1046875,79.8796875,1.68E+03));
#9271 = VECTOR('',#9272,1.);
#9272 = DIRECTION('',(-0.974391195695,-0.224859506699,0.));
#9273 = CARTESIAN_POINT('',(-224.1046875,79.8796875,1.68E+03));
#9274 = CARTESIAN_POINT('',(-225.66875,79.51875,1.68E+03));
#9275 = TRIMMED_CURVE('',#9276,(#9280,PARAMETER_VALUE(0.)),(#9281,
    PARAMETER_VALUE(1.453741468698)),.T.,.PARAMETER.);
#9276 = LINE('',#9277,#9278);
#9277 = CARTESIAN_POINT('',(-225.66875,79.51875,1.68E+03));
#9278 = VECTOR('',#9279,1.);
#9279 = DIRECTION('',(-0.910366477463,-0.413802944301,0.));
#9280 = CARTESIAN_POINT('',(-225.66875,79.51875,1.68E+03));
#9281 = CARTESIAN_POINT('',(-226.9921875,78.9171875,1.68E+03));
#9282 = TRIMMED_CURVE('',#9283,(#9287,PARAMETER_VALUE(0.)),(#9288,
    PARAMETER_VALUE(1.371773558322)),.T.,.PARAMETER.);
#9283 = LINE('',#9284,#9285);
#9284 = CARTESIAN_POINT('',(-226.9921875,78.9171875,1.68E+03));
#9285 = VECTOR('',#9286,1.);
#9286 = DIRECTION('',(-0.789352217376,-0.613940613515,0.));
#9287 = CARTESIAN_POINT('',(-226.9921875,78.9171875,1.68E+03));
#9288 = CARTESIAN_POINT('',(-228.075,78.075,1.68E+03));
#9289 = TRIMMED_CURVE('',#9290,(#9294,PARAMETER_VALUE(0.)),(#9295,
    PARAMETER_VALUE(1.371773558322)),.T.,.PARAMETER.);
#9290 = LINE('',#9291,#9292);
#9291 = CARTESIAN_POINT('',(-228.075,78.075,1.68E+03));
#9292 = VECTOR('',#9293,1.);
#9293 = DIRECTION('',(-0.613940613515,-0.789352217376,0.));
#9294 = CARTESIAN_POINT('',(-228.075,78.075,1.68E+03));
#9295 = CARTESIAN_POINT('',(-228.9171875,76.9921875,1.68E+03));
#9296 = TRIMMED_CURVE('',#9297,(#9301,PARAMETER_VALUE(0.)),(#9302,
    PARAMETER_VALUE(1.453741468698)),.T.,.PARAMETER.);
#9297 = LINE('',#9298,#9299);
#9298 = CARTESIAN_POINT('',(-228.9171875,76.9921875,1.68E+03));
#9299 = VECTOR('',#9300,1.);
#9300 = DIRECTION('',(-0.413802944301,-0.910366477463,0.));
#9301 = CARTESIAN_POINT('',(-228.9171875,76.9921875,1.68E+03));
#9302 = CARTESIAN_POINT('',(-229.51875,75.66875,1.68E+03));
#9303 = TRIMMED_CURVE('',#9304,(#9308,PARAMETER_VALUE(0.)),(#9309,
    PARAMETER_VALUE(1.605168957715)),.T.,.PARAMETER.);
#9304 = LINE('',#9305,#9306);
#9305 = CARTESIAN_POINT('',(-229.51875,75.66875,1.68E+03));
#9306 = VECTOR('',#9307,1.);
#9307 = DIRECTION('',(-0.224859506699,-0.974391195695,0.));
#9308 = CARTESIAN_POINT('',(-229.51875,75.66875,1.68E+03));
#9309 = CARTESIAN_POINT('',(-229.8796875,74.1046875,1.68E+03));
#9310 = TRIMMED_CURVE('',#9311,(#9315,PARAMETER_VALUE(0.)),(#9316,
    PARAMETER_VALUE(1.808693470523)),.T.,.PARAMETER.);
#9311 = LINE('',#9312,#9313);
#9312 = CARTESIAN_POINT('',(-229.8796875,74.1046875,1.68E+03));
#9313 = VECTOR('',#9314,1.);
#9314 = DIRECTION('',(-6.651901052378E-02,-0.997785157857,0.));
#9315 = CARTESIAN_POINT('',(-229.8796875,74.1046875,1.68E+03));
#9316 = CARTESIAN_POINT('',(-230.,72.3,1.68E+03));
#9317 = TRIMMED_CURVE('',#9318,(#9322,PARAMETER_VALUE(0.)),(#9323,
    PARAMETER_VALUE(6.6)),.T.,.PARAMETER.);
#9318 = LINE('',#9319,#9320);
#9319 = CARTESIAN_POINT('',(-230.,72.3,1.68E+03));
#9320 = VECTOR('',#9321,1.);
#9321 = DIRECTION('',(0.,-1.,0.));
#9322 = CARTESIAN_POINT('',(-230.,72.3,1.68E+03));
#9323 = CARTESIAN_POINT('',(-230.,65.7,1.68E+03));
#9324 = TRIMMED_CURVE('',#9325,(#9329,PARAMETER_VALUE(0.)),(#9330,
    PARAMETER_VALUE(1.808693470523)),.T.,.PARAMETER.);
#9325 = LINE('',#9326,#9327);
#9326 = CARTESIAN_POINT('',(-230.,65.7,1.68E+03));
#9327 = VECTOR('',#9328,1.);
#9328 = DIRECTION('',(6.651901052378E-02,-0.997785157857,0.));
#9329 = CARTESIAN_POINT('',(-230.,65.7,1.68E+03));
#9330 = CARTESIAN_POINT('',(-229.8796875,63.8953125,1.68E+03));
#9331 = TRIMMED_CURVE('',#9332,(#9336,PARAMETER_VALUE(0.)),(#9337,
    PARAMETER_VALUE(1.605168957715)),.T.,.PARAMETER.);
#9332 = LINE('',#9333,#9334);
#9333 = CARTESIAN_POINT('',(-229.8796875,63.8953125,1.68E+03));
#9334 = VECTOR('',#9335,1.);
#9335 = DIRECTION('',(0.224859506699,-0.974391195695,0.));
#9336 = CARTESIAN_POINT('',(-229.8796875,63.8953125,1.68E+03));
#9337 = CARTESIAN_POINT('',(-229.51875,62.33125,1.68E+03));
#9338 = TRIMMED_CURVE('',#9339,(#9343,PARAMETER_VALUE(0.)),(#9344,
    PARAMETER_VALUE(1.453741468698)),.T.,.PARAMETER.);
#9339 = LINE('',#9340,#9341);
#9340 = CARTESIAN_POINT('',(-229.51875,62.33125,1.68E+03));
#9341 = VECTOR('',#9342,1.);
#9342 = DIRECTION('',(0.413802944301,-0.910366477463,0.));
#9343 = CARTESIAN_POINT('',(-229.51875,62.33125,1.68E+03));
#9344 = CARTESIAN_POINT('',(-228.9171875,61.0078125,1.68E+03));
#9345 = TRIMMED_CURVE('',#9346,(#9350,PARAMETER_VALUE(0.)),(#9351,
    PARAMETER_VALUE(1.371773558322)),.T.,.PARAMETER.);
#9346 = LINE('',#9347,#9348);
#9347 = CARTESIAN_POINT('',(-228.9171875,61.0078125,1.68E+03));
#9348 = VECTOR('',#9349,1.);
#9349 = DIRECTION('',(0.613940613515,-0.789352217376,0.));
#9350 = CARTESIAN_POINT('',(-228.9171875,61.0078125,1.68E+03));
#9351 = CARTESIAN_POINT('',(-228.075,59.925,1.68E+03));
#9352 = TRIMMED_CURVE('',#9353,(#9357,PARAMETER_VALUE(0.)),(#9358,
    PARAMETER_VALUE(1.371773558322)),.T.,.PARAMETER.);
#9353 = LINE('',#9354,#9355);
#9354 = CARTESIAN_POINT('',(-228.075,59.925,1.68E+03));
#9355 = VECTOR('',#9356,1.);
#9356 = DIRECTION('',(0.789352217376,-0.613940613515,0.));
#9357 = CARTESIAN_POINT('',(-228.075,59.925,1.68E+03));
#9358 = CARTESIAN_POINT('',(-226.9921875,59.0828125,1.68E+03));
#9359 = TRIMMED_CURVE('',#9360,(#9364,PARAMETER_VALUE(0.)),(#9365,
    PARAMETER_VALUE(1.453741468698)),.T.,.PARAMETER.);
#9360 = LINE('',#9361,#9362);
#9361 = CARTESIAN_POINT('',(-226.9921875,59.0828125,1.68E+03));
#9362 = VECTOR('',#9363,1.);
#9363 = DIRECTION('',(0.910366477463,-0.413802944301,0.));
#9364 = CARTESIAN_POINT('',(-226.9921875,59.0828125,1.68E+03));
#9365 = CARTESIAN_POINT('',(-225.66875,58.48125,1.68E+03));
#9366 = TRIMMED_CURVE('',#9367,(#9371,PARAMETER_VALUE(0.)),(#9372,
    PARAMETER_VALUE(1.605168957715)),.T.,.PARAMETER.);
#9367 = LINE('',#9368,#9369);
#9368 = CARTESIAN_POINT('',(-225.66875,58.48125,1.68E+03));
#9369 = VECTOR('',#9370,1.);
#9370 = DIRECTION('',(0.974391195695,-0.224859506699,0.));
#9371 = CARTESIAN_POINT('',(-225.66875,58.48125,1.68E+03));
#9372 = CARTESIAN_POINT('',(-224.1046875,58.1203125,1.68E+03));
#9373 = TRIMMED_CURVE('',#9374,(#9378,PARAMETER_VALUE(0.)),(#9379,
    PARAMETER_VALUE(1.808693470523)),.T.,.PARAMETER.);
#9374 = LINE('',#9375,#9376);
#9375 = CARTESIAN_POINT('',(-224.1046875,58.1203125,1.68E+03));
#9376 = VECTOR('',#9377,1.);
#9377 = DIRECTION('',(0.997785157857,-6.651901052377E-02,0.));
#9378 = CARTESIAN_POINT('',(-224.1046875,58.1203125,1.68E+03));
#9379 = CARTESIAN_POINT('',(-222.3,58.,1.68E+03));
#9380 = TRIMMED_CURVE('',#9381,(#9385,PARAMETER_VALUE(0.)),(#9386,
    PARAMETER_VALUE(444.6)),.T.,.PARAMETER.);
#9381 = LINE('',#9382,#9383);
#9382 = CARTESIAN_POINT('',(-222.3,58.,1.68E+03));
#9383 = VECTOR('',#9384,1.);
#9384 = DIRECTION('',(1.,0.,0.));
#9385 = CARTESIAN_POINT('',(-222.3,58.,1.68E+03));
#9386 = CARTESIAN_POINT('',(222.3,58.,1.68E+03));
#9387 = TRIMMED_CURVE('',#9388,(#9392,PARAMETER_VALUE(0.)),(#9393,
    PARAMETER_VALUE(1.808693470523)),.T.,.PARAMETER.);
#9388 = LINE('',#9389,#9390);
#9389 = CARTESIAN_POINT('',(222.3,58.,1.68E+03));
#9390 = VECTOR('',#9391,1.);
#9391 = DIRECTION('',(0.997785157857,-6.651901052377E-02,0.));
#9392 = CARTESIAN_POINT('',(222.3,58.,1.68E+03));
#9393 = CARTESIAN_POINT('',(224.1046875,57.8796875,1.68E+03));
#9394 = TRIMMED_CURVE('',#9395,(#9399,PARAMETER_VALUE(0.)),(#9400,
    PARAMETER_VALUE(1.605168957715)),.T.,.PARAMETER.);
#9395 = LINE('',#9396,#9397);
#9396 = CARTESIAN_POINT('',(224.1046875,57.8796875,1.68E+03));
#9397 = VECTOR('',#9398,1.);
#9398 = DIRECTION('',(0.974391195695,-0.224859506699,0.));
#9399 = CARTESIAN_POINT('',(224.1046875,57.8796875,1.68E+03));
#9400 = CARTESIAN_POINT('',(225.66875,57.51875,1.68E+03));
#9401 = TRIMMED_CURVE('',#9402,(#9406,PARAMETER_VALUE(0.)),(#9407,
    PARAMETER_VALUE(1.453741468698)),.T.,.PARAMETER.);
#9402 = LINE('',#9403,#9404);
#9403 = CARTESIAN_POINT('',(225.66875,57.51875,1.68E+03));
#9404 = VECTOR('',#9405,1.);
#9405 = DIRECTION('',(0.910366477463,-0.413802944301,0.));
#9406 = CARTESIAN_POINT('',(225.66875,57.51875,1.68E+03));
#9407 = CARTESIAN_POINT('',(226.9921875,56.9171875,1.68E+03));
#9408 = TRIMMED_CURVE('',#9409,(#9413,PARAMETER_VALUE(0.)),(#9414,
    PARAMETER_VALUE(1.371773558322)),.T.,.PARAMETER.);
#9409 = LINE('',#9410,#9411);
#9410 = CARTESIAN_POINT('',(226.9921875,56.9171875,1.68E+03));
#9411 = VECTOR('',#9412,1.);
#9412 = DIRECTION('',(0.789352217376,-0.613940613515,0.));
#9413 = CARTESIAN_POINT('',(226.9921875,56.9171875,1.68E+03));
#9414 = CARTESIAN_POINT('',(228.075,56.075,1.68E+03));
#9415 = TRIMMED_CURVE('',#9416,(#9420,PARAMETER_VALUE(0.)),(#9421,
    PARAMETER_VALUE(1.371773558322)),.T.,.PARAMETER.);
#9416 = LINE('',#9417,#9418);
#9417 = CARTESIAN_POINT('',(228.075,56.075,1.68E+03));
#9418 = VECTOR('',#9419,1.);
#9419 = DIRECTION('',(0.613940613515,-0.789352217376,0.));
#9420 = CARTESIAN_POINT('',(228.075,56.075,1.68E+03));
#9421 = CARTESIAN_POINT('',(228.9171875,54.9921875,1.68E+03));
#9422 = TRIMMED_CURVE('',#9423,(#9427,PARAMETER_VALUE(0.)),(#9428,
    PARAMETER_VALUE(1.453741468698)),.T.,.PARAMETER.);
#9423 = LINE('',#9424,#9425);
#9424 = CARTESIAN_POINT('',(228.9171875,54.9921875,1.68E+03));
#9425 = VECTOR('',#9426,1.);
#9426 = DIRECTION('',(0.413802944301,-0.910366477463,0.));
#9427 = CARTESIAN_POINT('',(228.9171875,54.9921875,1.68E+03));
#9428 = CARTESIAN_POINT('',(229.51875,53.66875,1.68E+03));
#9429 = TRIMMED_CURVE('',#9430,(#9434,PARAMETER_VALUE(0.)),(#9435,
    PARAMETER_VALUE(1.605168957715)),.T.,.PARAMETER.);
#9430 = LINE('',#9431,#9432);
#9431 = CARTESIAN_POINT('',(229.51875,53.66875,1.68E+03));
#9432 = VECTOR('',#9433,1.);
#9433 = DIRECTION('',(0.224859506699,-0.974391195695,0.));
#9434 = CARTESIAN_POINT('',(229.51875,53.66875,1.68E+03));
#9435 = CARTESIAN_POINT('',(229.8796875,52.1046875,1.68E+03));
#9436 = TRIMMED_CURVE('',#9437,(#9441,PARAMETER_VALUE(0.)),(#9442,
    PARAMETER_VALUE(1.808693470523)),.T.,.PARAMETER.);
#9437 = LINE('',#9438,#9439);
#9438 = CARTESIAN_POINT('',(229.8796875,52.1046875,1.68E+03));
#9439 = VECTOR('',#9440,1.);
#9440 = DIRECTION('',(6.651901052378E-02,-0.997785157857,0.));
#9441 = CARTESIAN_POINT('',(229.8796875,52.1046875,1.68E+03));
#9442 = CARTESIAN_POINT('',(230.,50.3,1.68E+03));
#9443 = TRIMMED_CURVE('',#9444,(#9448,PARAMETER_VALUE(0.)),(#9449,
    PARAMETER_VALUE(6.6)),.T.,.PARAMETER.);
#9444 = LINE('',#9445,#9446);
#9445 = CARTESIAN_POINT('',(230.,50.3,1.68E+03));
#9446 = VECTOR('',#9447,1.);
#9447 = DIRECTION('',(0.,-1.,0.));
#9448 = CARTESIAN_POINT('',(230.,50.3,1.68E+03));
#9449 = CARTESIAN_POINT('',(230.,43.7,1.68E+03));
#9450 = TRIMMED_CURVE('',#9451,(#9455,PARAMETER_VALUE(0.)),(#9456,
    PARAMETER_VALUE(1.808693470523)),.T.,.PARAMETER.);
#9451 = LINE('',#9452,#9453);
#9452 = CARTESIAN_POINT('',(230.,43.7,1.68E+03));
#9453 = VECTOR('',#9454,1.);
#9454 = DIRECTION('',(-6.651901052378E-02,-0.997785157857,0.));
#9455 = CARTESIAN_POINT('',(230.,43.7,1.68E+03));
#9456 = CARTESIAN_POINT('',(229.8796875,41.8953125,1.68E+03));
#9457 = TRIMMED_CURVE('',#9458,(#9462,PARAMETER_VALUE(0.)),(#9463,
    PARAMETER_VALUE(1.605168957715)),.T.,.PARAMETER.);
#9458 = LINE('',#9459,#9460);
#9459 = CARTESIAN_POINT('',(229.8796875,41.8953125,1.68E+03));
#9460 = VECTOR('',#9461,1.);
#9461 = DIRECTION('',(-0.224859506699,-0.974391195695,0.));
#9462 = CARTESIAN_POINT('',(229.8796875,41.8953125,1.68E+03));
#9463 = CARTESIAN_POINT('',(229.51875,40.33125,1.68E+03));
#9464 = TRIMMED_CURVE('',#9465,(#9469,PARAMETER_VALUE(0.)),(#9470,
    PARAMETER_VALUE(1.453741468698)),.T.,.PARAMETER.);
#9465 = LINE('',#9466,#9467);
#9466 = CARTESIAN_POINT('',(229.51875,40.33125,1.68E+03));
#9467 = VECTOR('',#9468,1.);
#9468 = DIRECTION('',(-0.413802944301,-0.910366477463,0.));
#9469 = CARTESIAN_POINT('',(229.51875,40.33125,1.68E+03));
#9470 = CARTESIAN_POINT('',(228.9171875,39.0078125,1.68E+03));
#9471 = TRIMMED_CURVE('',#9472,(#9476,PARAMETER_VALUE(0.)),(#9477,
    PARAMETER_VALUE(1.371773558322)),.T.,.PARAMETER.);
#9472 = LINE('',#9473,#9474);
#9473 = CARTESIAN_POINT('',(228.9171875,39.0078125,1.68E+03));
#9474 = VECTOR('',#9475,1.);
#9475 = DIRECTION('',(-0.613940613515,-0.789352217376,0.));
#9476 = CARTESIAN_POINT('',(228.9171875,39.0078125,1.68E+03));
#9477 = CARTESIAN_POINT('',(228.075,37.925,1.68E+03));
#9478 = TRIMMED_CURVE('',#9479,(#9483,PARAMETER_VALUE(0.)),(#9484,
    PARAMETER_VALUE(1.371773558322)),.T.,.PARAMETER.);
#9479 = LINE('',#9480,#9481);
#9480 = CARTESIAN_POINT('',(228.075,37.925,1.68E+03));
#9481 = VECTOR('',#9482,1.);
#9482 = DIRECTION('',(-0.789352217376,-0.613940613515,0.));
#9483 = CARTESIAN_POINT('',(228.075,37.925,1.68E+03));
#9484 = CARTESIAN_POINT('',(226.9921875,37.0828125,1.68E+03));
#9485 = TRIMMED_CURVE('',#9486,(#9490,PARAMETER_VALUE(0.)),(#9491,
    PARAMETER_VALUE(1.453741468698)),.T.,.PARAMETER.);
#9486 = LINE('',#9487,#9488);
#9487 = CARTESIAN_POINT('',(226.9921875,37.0828125,1.68E+03));
#9488 = VECTOR('',#9489,1.);
#9489 = DIRECTION('',(-0.910366477463,-0.413802944301,0.));
#9490 = CARTESIAN_POINT('',(226.9921875,37.0828125,1.68E+03));
#9491 = CARTESIAN_POINT('',(225.66875,36.48125,1.68E+03));
#9492 = TRIMMED_CURVE('',#9493,(#9497,PARAMETER_VALUE(0.)),(#9498,
    PARAMETER_VALUE(1.605168957715)),.T.,.PARAMETER.);
#9493 = LINE('',#9494,#9495);
#9494 = CARTESIAN_POINT('',(225.66875,36.48125,1.68E+03));
#9495 = VECTOR('',#9496,1.);
#9496 = DIRECTION('',(-0.974391195695,-0.224859506699,0.));
#9497 = CARTESIAN_POINT('',(225.66875,36.48125,1.68E+03));
#9498 = CARTESIAN_POINT('',(224.1046875,36.1203125,1.68E+03));
#9499 = TRIMMED_CURVE('',#9500,(#9504,PARAMETER_VALUE(0.)),(#9505,
    PARAMETER_VALUE(1.808693470523)),.T.,.PARAMETER.);
#9500 = LINE('',#9501,#9502);
#9501 = CARTESIAN_POINT('',(224.1046875,36.1203125,1.68E+03));
#9502 = VECTOR('',#9503,1.);
#9503 = DIRECTION('',(-0.997785157857,-6.651901052377E-02,0.));
#9504 = CARTESIAN_POINT('',(224.1046875,36.1203125,1.68E+03));
#9505 = CARTESIAN_POINT('',(222.3,36.,1.68E+03));
#9506 = TRIMMED_CURVE('',#9507,(#9511,PARAMETER_VALUE(0.)),(#9512,
    PARAMETER_VALUE(452.3)),.T.,.PARAMETER.);
#9507 = LINE('',#9508,#9509);
#9508 = CARTESIAN_POINT('',(222.3,36.,1.68E+03));
#9509 = VECTOR('',#9510,1.);
#9510 = DIRECTION('',(-1.,0.,0.));
#9511 = CARTESIAN_POINT('',(222.3,36.,1.68E+03));
#9512 = CARTESIAN_POINT('',(-230.,36.,1.68E+03));
#9513 = GEOMETRIC_CURVE_SET('',(#9514,#9521,#9528,#9535,#9542,#9549,
    #9556,#9563,#9570,#9577,#9584,#9591,#9598,#9605,#9612,#9619,#9626,
    #9633,#9640,#9647,#9654,#9661,#9668,#9675,#9682,#9689,#9696,#9703,
    #9710,#9717,#9724,#9731,#9738,#9745,#9752,#9759,#9766,#9773,#9780,
    #9787,#9794,#9801,#9808,#9815,#9822,#9829,#9836,#9843,#9850,#9857,
    #9864,#9871,#9878,#9885,#9892,#9899,#9906,#9913,#9920,#9927,#9934,
    #9941,#9948,#9955));
#9514 = TRIMMED_CURVE('',#9515,(#9519,PARAMETER_VALUE(0.)),(#9520,
    PARAMETER_VALUE(19.5)),.T.,.PARAMETER.);
#9515 = LINE('',#9516,#9517);
#9516 = CARTESIAN_POINT('',(-230.,36.,1.68E+03));
#9517 = VECTOR('',#9518,1.);
#9518 = DIRECTION('',(-1.,0.,0.));
#9519 = CARTESIAN_POINT('',(-230.,36.,1.68E+03));
#9520 = CARTESIAN_POINT('',(-249.5,36.,1.68E+03));
#9521 = TRIMMED_CURVE('',#9522,(#9526,PARAMETER_VALUE(0.)),(#9527,
    PARAMETER_VALUE(2.478987550635)),.T.,.PARAMETER.);
#9522 = LINE('',#9523,#9524);
#9523 = CARTESIAN_POINT('',(-249.5,36.,1.68E+03));
#9524 = VECTOR('',#9525,1.);
#9525 = DIRECTION('',(-0.997820660764,6.598430838267E-02,0.));
#9526 = CARTESIAN_POINT('',(-249.5,36.,1.68E+03));
#9527 = CARTESIAN_POINT('',(-251.9735849958,36.163574279018,1.68E+03));
#9528 = TRIMMED_CURVE('',#9529,(#9533,PARAMETER_VALUE(0.)),(#9534,
    PARAMETER_VALUE(2.225530525096)),.T.,.PARAMETER.);
#9529 = LINE('',#9530,#9531);
#9530 = CARTESIAN_POINT('',(-251.9735849958,36.163574279018,1.68E+03));
#9531 = VECTOR('',#9532,1.);
#9532 = DIRECTION('',(-0.975387649337,0.220497014766,0.));
#9533 = CARTESIAN_POINT('',(-251.9735849958,36.163574279018,1.68E+03));
#9534 = CARTESIAN_POINT('',(-254.1443399832,36.654297116072,1.68E+03));
#9535 = TRIMMED_CURVE('',#9536,(#9540,PARAMETER_VALUE(0.)),(#9541,
    PARAMETER_VALUE(2.039131517604)),.T.,.PARAMETER.);
#9536 = LINE('',#9537,#9538);
#9537 = CARTESIAN_POINT('',(-254.1443399832,36.654297116072,1.68E+03));
#9538 = VECTOR('',#9539,1.);
#9539 = DIRECTION('',(-0.916039481944,0.401088104435,0.));
#9540 = CARTESIAN_POINT('',(-254.1443399832,36.654297116072,1.68E+03));
#9541 = CARTESIAN_POINT('',(-256.0122649622,37.472168511161,1.68E+03));
#9542 = TRIMMED_CURVE('',#9543,(#9547,PARAMETER_VALUE(0.)),(#9548,
    PARAMETER_VALUE(1.93922483484)),.T.,.PARAMETER.);
#9543 = LINE('',#9544,#9545);
#9544 = CARTESIAN_POINT('',(-256.0122649622,37.472168511161,1.68E+03));
#9545 = VECTOR('',#9546,1.);
#9546 = DIRECTION('',(-0.807072466526,0.590452397553,0.));
#9547 = CARTESIAN_POINT('',(-256.0122649622,37.472168511161,1.68E+03));
#9548 = CARTESIAN_POINT('',(-257.5773599328,38.617188464287,1.68E+03));
#9549 = TRIMMED_CURVE('',#9550,(#9554,PARAMETER_VALUE(0.)),(#9555,
    PARAMETER_VALUE(1.93922483484)),.T.,.PARAMETER.);
#9550 = LINE('',#9551,#9552);
#9551 = CARTESIAN_POINT('',(-257.5773599328,38.617188464287,1.68E+03));
#9552 = VECTOR('',#9553,1.);
#9553 = DIRECTION('',(-0.650912127117,0.759153082568,0.));
#9554 = CARTESIAN_POINT('',(-257.5773599328,38.617188464287,1.68E+03));
#9555 = CARTESIAN_POINT('',(-258.839624895,40.089356975448,1.68E+03));
#9556 = TRIMMED_CURVE('',#9557,(#9561,PARAMETER_VALUE(0.)),(#9562,
    PARAMETER_VALUE(2.039131517604)),.T.,.PARAMETER.);
#9557 = LINE('',#9558,#9559);
#9558 = CARTESIAN_POINT('',(-258.839624895,40.089356975448,1.68E+03));
#9559 = VECTOR('',#9560,1.);
#9560 = DIRECTION('',(-0.470511561182,0.882393829757,0.));
#9561 = CARTESIAN_POINT('',(-258.839624895,40.089356975448,1.68E+03));
#9562 = CARTESIAN_POINT('',(-259.7990598488,41.888674044645,1.68E+03));
#9563 = TRIMMED_CURVE('',#9564,(#9568,PARAMETER_VALUE(0.)),(#9569,
    PARAMETER_VALUE(2.225530525096)),.T.,.PARAMETER.);
#9564 = LINE('',#9565,#9566);
#9565 = CARTESIAN_POINT('',(-259.7990598488,41.888674044645,1.68E+03));
#9566 = VECTOR('',#9567,1.);
#9567 = DIRECTION('',(-0.295032999099,0.955487063985,0.));
#9568 = CARTESIAN_POINT('',(-259.7990598488,41.888674044645,1.68E+03));
#9569 = CARTESIAN_POINT('',(-260.4556647942,44.015139671878,1.68E+03));
#9570 = TRIMMED_CURVE('',#9571,(#9575,PARAMETER_VALUE(0.)),(#9576,
    PARAMETER_VALUE(2.478987550635)),.T.,.PARAMETER.);
#9571 = LINE('',#9572,#9573);
#9572 = CARTESIAN_POINT('',(-260.4556647942,44.015139671878,1.68E+03));
#9573 = VECTOR('',#9574,1.);
#9574 = DIRECTION('',(-0.142709444795,0.98976462574,0.));
#9575 = CARTESIAN_POINT('',(-260.4556647942,44.015139671878,1.68E+03));
#9576 = CARTESIAN_POINT('',(-260.8094397312,46.468753857146,1.68E+03));
#9577 = TRIMMED_CURVE('',#9578,(#9582,PARAMETER_VALUE(0.)),(#9583,
    PARAMETER_VALUE(166.07903278616)),.T.,.PARAMETER.);
#9578 = LINE('',#9579,#9580);
#9579 = CARTESIAN_POINT('',(-260.8094397312,46.468753857146,1.68E+03));
#9580 = VECTOR('',#9581,1.);
#9581 = DIRECTION('',(-7.708949821168E-02,0.997024176871,0.));
#9582 = CARTESIAN_POINT('',(-260.8094397312,46.468753857146,1.68E+03));
#9583 = CARTESIAN_POINT('',(-273.6123890321,212.05356481632,1.68E+03));
#9584 = TRIMMED_CURVE('',#9585,(#9589,PARAMETER_VALUE(0.)),(#9590,
    PARAMETER_VALUE(4.499215290717)),.T.,.PARAMETER.);
#9585 = LINE('',#9586,#9587);
#9586 = CARTESIAN_POINT('',(-273.6123890321,212.05356481632,1.68E+03));
#9587 = VECTOR('',#9588,1.);
#9588 = DIRECTION('',(-7.228400944749E-02,0.997384089495,0.));
#9589 = CARTESIAN_POINT('',(-273.6123890321,212.05356481632,1.68E+03));
#9590 = CARTESIAN_POINT('',(-273.9376103527,216.54101056249,1.68E+03));
#9591 = TRIMMED_CURVE('',#9592,(#9596,PARAMETER_VALUE(0.)),(#9597,
    PARAMETER_VALUE(4.497959471114)),.T.,.PARAMETER.);
#9592 = LINE('',#9593,#9594);
#9593 = CARTESIAN_POINT('',(-273.9376103527,216.54101056249,1.68E+03));
#9594 = VECTOR('',#9595,1.);
#9595 = DIRECTION('',(-6.266363217513E-02,0.998034703406,0.));
#9596 = CARTESIAN_POINT('',(-273.9376103527,216.54101056249,1.68E+03));
#9597 = CARTESIAN_POINT('',(-274.2194688306,221.03013020918,1.68E+03));
#9598 = TRIMMED_CURVE('',#9599,(#9603,PARAMETER_VALUE(0.)),(#9604,
    PARAMETER_VALUE(4.497122063218)),.T.,.PARAMETER.);
#9599 = LINE('',#9600,#9601);
#9600 = CARTESIAN_POINT('',(-274.2194688306,221.03013020918,1.68E+03));
#9601 = VECTOR('',#9602,1.);
#9602 = DIRECTION('',(-5.303294679124E-02,0.99859276312,0.));
#9603 = CARTESIAN_POINT('',(-274.2194688306,221.03013020918,1.68E+03));
#9604 = CARTESIAN_POINT('',(-274.4579644656,225.52092375637,1.68E+03));
#9605 = TRIMMED_CURVE('',#9606,(#9610,PARAMETER_VALUE(0.)),(#9611,
    PARAMETER_VALUE(4.49670330079)),.T.,.PARAMETER.);
#9606 = LINE('',#9607,#9608);
#9607 = CARTESIAN_POINT('',(-274.4579644656,225.52092375637,1.68E+03));
#9608 = VECTOR('',#9609,1.);
#9609 = DIRECTION('',(-4.339463364506E-02,0.999058009212,0.));
#9610 = CARTESIAN_POINT('',(-274.4579644656,225.52092375637,1.68E+03));
#9611 = CARTESIAN_POINT('',(-274.653097258,230.01339120408,1.68E+03));
#9612 = TRIMMED_CURVE('',#9613,(#9617,PARAMETER_VALUE(0.)),(#9618,
    PARAMETER_VALUE(4.49670330079)),.T.,.PARAMETER.);
#9613 = LINE('',#9614,#9615);
#9614 = CARTESIAN_POINT('',(-274.653097258,230.01339120408,1.68E+03));
#9615 = VECTOR('',#9616,1.);
#9616 = DIRECTION('',(-3.375138172394E-02,0.999430259814,0.));
#9617 = CARTESIAN_POINT('',(-274.653097258,230.01339120408,1.68E+03));
#9618 = CARTESIAN_POINT('',(-274.8048672076,234.50753255229,1.68E+03));
#9619 = TRIMMED_CURVE('',#9620,(#9624,PARAMETER_VALUE(0.)),(#9625,
    PARAMETER_VALUE(4.497122063218)),.T.,.PARAMETER.);
#9620 = LINE('',#9621,#9622);
#9621 = CARTESIAN_POINT('',(-274.8048672076,234.50753255229,1.68E+03));
#9622 = VECTOR('',#9623,1.);
#9623 = DIRECTION('',(-2.410588490511E-02,0.999709410935,0.));
#9624 = CARTESIAN_POINT('',(-274.8048672076,234.50753255229,1.68E+03));
#9625 = CARTESIAN_POINT('',(-274.9132743145,239.00334780102,1.68E+03));
#9626 = TRIMMED_CURVE('',#9627,(#9631,PARAMETER_VALUE(0.)),(#9632,
    PARAMETER_VALUE(4.497959471114)),.T.,.PARAMETER.);
#9627 = LINE('',#9628,#9629);
#9628 = CARTESIAN_POINT('',(-274.9132743145,239.00334780102,1.68E+03));
#9629 = VECTOR('',#9630,1.);
#9630 = DIRECTION('',(-1.446083819426E-02,0.999895436613,0.));
#9631 = CARTESIAN_POINT('',(-274.9132743145,239.00334780102,1.68E+03));
#9632 = CARTESIAN_POINT('',(-274.9783185786,243.50083695025,1.68E+03));
#9633 = TRIMMED_CURVE('',#9634,(#9638,PARAMETER_VALUE(0.)),(#9639,
    PARAMETER_VALUE(4.499215290717)),.T.,.PARAMETER.);
#9634 = LINE('',#9635,#9636);
#9635 = CARTESIAN_POINT('',(-274.9783185786,243.50083695025,1.68E+03));
#9636 = VECTOR('',#9637,1.);
#9637 = DIRECTION('',(-4.818933963164E-03,0.99998838887,0.));
#9638 = CARTESIAN_POINT('',(-274.9783185786,243.50083695025,1.68E+03));
#9639 = CARTESIAN_POINT('',(-275.,248.,1.68E+03));
#9640 = TRIMMED_CURVE('',#9641,(#9645,PARAMETER_VALUE(0.)),(#9646,
    PARAMETER_VALUE(84.)),.T.,.PARAMETER.);
#9641 = LINE('',#9642,#9643);
#9642 = CARTESIAN_POINT('',(-275.,248.,1.68E+03));
#9643 = VECTOR('',#9644,1.);
#9644 = DIRECTION('',(0.,1.,0.));
#9645 = CARTESIAN_POINT('',(-275.,248.,1.68E+03));
#9646 = CARTESIAN_POINT('',(-275.,332.,1.68E+03));
#9647 = TRIMMED_CURVE('',#9648,(#9652,PARAMETER_VALUE(0.)),(#9653,
    PARAMETER_VALUE(4.228114606417)),.T.,.PARAMETER.);
#9648 = LINE('',#9649,#9650);
#9649 = CARTESIAN_POINT('',(-275.,332.,1.68E+03));
#9650 = VECTOR('',#9651,1.);
#9651 = DIRECTION('',(0.,0.997785157857,-6.651901052377E-02));
#9652 = CARTESIAN_POINT('',(-275.,332.,1.68E+03));
#9653 = CARTESIAN_POINT('',(-275.,336.21875,1.67971875E+03));
#9654 = TRIMMED_CURVE('',#9655,(#9659,PARAMETER_VALUE(0.)),(#9660,
    PARAMETER_VALUE(3.752343018036)),.T.,.PARAMETER.);
#9655 = LINE('',#9656,#9657);
#9656 = CARTESIAN_POINT('',(-275.,336.21875,1.67971875E+03));
#9657 = VECTOR('',#9658,1.);
#9658 = DIRECTION('',(0.,0.974391195695,-0.224859506699));
#9659 = CARTESIAN_POINT('',(-275.,336.21875,1.67971875E+03));
#9660 = CARTESIAN_POINT('',(-275.,339.875,1.678875E+03));
#9661 = TRIMMED_CURVE('',#9662,(#9666,PARAMETER_VALUE(0.)),(#9667,
    PARAMETER_VALUE(3.398356680073)),.T.,.PARAMETER.);
#9662 = LINE('',#9663,#9664);
#9663 = CARTESIAN_POINT('',(-275.,339.875,1.678875E+03));
#9664 = VECTOR('',#9665,1.);
#9665 = DIRECTION('',(0.,0.910366477463,-0.413802944301));
#9666 = CARTESIAN_POINT('',(-275.,339.875,1.678875E+03));
#9667 = CARTESIAN_POINT('',(-275.,342.96875,1.67746875E+03));
#9668 = TRIMMED_CURVE('',#9669,(#9673,PARAMETER_VALUE(0.)),(#9674,
    PARAMETER_VALUE(3.206743383091)),.T.,.PARAMETER.);
#9669 = LINE('',#9670,#9671);
#9670 = CARTESIAN_POINT('',(-275.,342.96875,1.67746875E+03));
#9671 = VECTOR('',#9672,1.);
#9672 = DIRECTION('',(0.,0.789352217376,-0.613940613515));
#9673 = CARTESIAN_POINT('',(-275.,342.96875,1.67746875E+03));
#9674 = CARTESIAN_POINT('',(-275.,345.5,1.6755E+03));
#9675 = TRIMMED_CURVE('',#9676,(#9680,PARAMETER_VALUE(0.)),(#9681,
    PARAMETER_VALUE(3.206743383091)),.T.,.PARAMETER.);
#9676 = LINE('',#9677,#9678);
#9677 = CARTESIAN_POINT('',(-275.,345.5,1.6755E+03));
#9678 = VECTOR('',#9679,1.);
#9679 = DIRECTION('',(0.,0.613940613515,-0.789352217376));
#9680 = CARTESIAN_POINT('',(-275.,345.5,1.6755E+03));
#9681 = CARTESIAN_POINT('',(-275.,347.46875,1.67296875E+03));
#9682 = TRIMMED_CURVE('',#9683,(#9687,PARAMETER_VALUE(0.)),(#9688,
    PARAMETER_VALUE(3.398356680073)),.T.,.PARAMETER.);
#9683 = LINE('',#9684,#9685);
#9684 = CARTESIAN_POINT('',(-275.,347.46875,1.67296875E+03));
#9685 = VECTOR('',#9686,1.);
#9686 = DIRECTION('',(0.,0.413802944301,-0.910366477463));
#9687 = CARTESIAN_POINT('',(-275.,347.46875,1.67296875E+03));
#9688 = CARTESIAN_POINT('',(-275.,348.875,1.669875E+03));
#9689 = TRIMMED_CURVE('',#9690,(#9694,PARAMETER_VALUE(0.)),(#9695,
    PARAMETER_VALUE(3.752343018036)),.T.,.PARAMETER.);
#9690 = LINE('',#9691,#9692);
#9691 = CARTESIAN_POINT('',(-275.,348.875,1.669875E+03));
#9692 = VECTOR('',#9693,1.);
#9693 = DIRECTION('',(0.,0.224859506699,-0.974391195695));
#9694 = CARTESIAN_POINT('',(-275.,348.875,1.669875E+03));
#9695 = CARTESIAN_POINT('',(-275.,349.71875,1.66621875E+03));
#9696 = TRIMMED_CURVE('',#9697,(#9701,PARAMETER_VALUE(0.)),(#9702,
    PARAMETER_VALUE(4.228114606417)),.T.,.PARAMETER.);
#9697 = LINE('',#9698,#9699);
#9698 = CARTESIAN_POINT('',(-275.,349.71875,1.66621875E+03));
#9699 = VECTOR('',#9700,1.);
#9700 = DIRECTION('',(0.,6.651901052377E-02,-0.997785157857));
#9701 = CARTESIAN_POINT('',(-275.,349.71875,1.66621875E+03));
#9702 = CARTESIAN_POINT('',(-275.,350.,1.662E+03));
#9703 = TRIMMED_CURVE('',#9704,(#9708,PARAMETER_VALUE(0.)),(#9709,
    PARAMETER_VALUE(1.339E+03)),.T.,.PARAMETER.);
#9704 = LINE('',#9705,#9706);
#9705 = CARTESIAN_POINT('',(-275.,350.,1.662E+03));
#9706 = VECTOR('',#9707,1.);
#9707 = DIRECTION('',(0.,0.,-1.));
#9708 = CARTESIAN_POINT('',(-275.,350.,1.662E+03));
#9709 = CARTESIAN_POINT('',(-275.,350.,323.));
#9710 = TRIMMED_CURVE('',#9711,(#9715,PARAMETER_VALUE(0.)),(#9716,
    PARAMETER_VALUE(4.322953323009)),.T.,.PARAMETER.);
#9711 = LINE('',#9712,#9713);
#9712 = CARTESIAN_POINT('',(-275.,350.,323.));
#9713 = VECTOR('',#9714,1.);
#9714 = DIRECTION('',(6.114266812674E-02,0.,-0.998129036816));
#9715 = CARTESIAN_POINT('',(-275.,350.,323.));
#9716 = CARTESIAN_POINT('',(-274.7356830996,350.,318.6851347635));
#9717 = TRIMMED_CURVE('',#9718,(#9722,PARAMETER_VALUE(0.)),(#9723,
    PARAMETER_VALUE(4.023506695107)),.T.,.PARAMETER.);
#9718 = LINE('',#9719,#9720);
#9719 = CARTESIAN_POINT('',(-274.7356830996,350.,318.6851347635));
#9720 = VECTOR('',#9721,1.);
#9721 = DIRECTION('',(0.197079503318,0.,-0.9803875098));
#9722 = CARTESIAN_POINT('',(-274.7356830996,350.,318.6851347635));
#9723 = CARTESIAN_POINT('',(-273.9427323985,350.,314.74053905402));
#9724 = TRIMMED_CURVE('',#9725,(#9729,PARAMETER_VALUE(0.)),(#9730,
    PARAMETER_VALUE(3.810825796859)),.T.,.PARAMETER.);
#9725 = LINE('',#9726,#9727);
#9726 = CARTESIAN_POINT('',(-273.9427323985,350.,314.74053905402));
#9727 = VECTOR('',#9728,1.);
#9728 = DIRECTION('',(0.346797406187,0.,-0.937940061551));
#9729 = CARTESIAN_POINT('',(-273.9427323985,350.,314.74053905402));
#9730 = CARTESIAN_POINT('',(-272.6211478967,350.,311.16621287156));
#9731 = TRIMMED_CURVE('',#9732,(#9736,PARAMETER_VALUE(0.)),(#9737,
    PARAMETER_VALUE(3.699903622829)),.T.,.PARAMETER.);
#9732 = LINE('',#9733,#9734);
#9733 = CARTESIAN_POINT('',(-272.6211478967,350.,311.16621287156));
#9734 = VECTOR('',#9735,1.);
#9735 = DIRECTION('',(0.500072026492,0.,-0.865983815276));
#9736 = CARTESIAN_POINT('',(-272.6211478967,350.,311.16621287156));
#9737 = CARTESIAN_POINT('',(-270.7709295943,350.,307.96215621611));
#9738 = TRIMMED_CURVE('',#9739,(#9743,PARAMETER_VALUE(0.)),(#9744,
    PARAMETER_VALUE(3.699903622829)),.T.,.PARAMETER.);
#9739 = LINE('',#9740,#9741);
#9740 = CARTESIAN_POINT('',(-270.7709295943,350.,307.96215621611));
#9741 = VECTOR('',#9742,1.);
#9742 = DIRECTION('',(0.642949748347,0.,-0.765908363384));
#9743 = CARTESIAN_POINT('',(-270.7709295943,350.,307.96215621611));
#9744 = CARTESIAN_POINT('',(-268.392077491,350.,305.12836908767));
#9745 = TRIMMED_CURVE('',#9746,(#9750,PARAMETER_VALUE(0.)),(#9751,
    PARAMETER_VALUE(3.810825796859)),.T.,.PARAMETER.);
#9746 = LINE('',#9747,#9748);
#9747 = CARTESIAN_POINT('',(-268.392077491,350.,305.12836908767));
#9748 = VECTOR('',#9749,1.);
#9749 = DIRECTION('',(0.762954293611,0.,-0.646452431243));
#9750 = CARTESIAN_POINT('',(-268.392077491,350.,305.12836908767));
#9751 = CARTESIAN_POINT('',(-265.4845915871,350.,302.66485148624));
#9752 = TRIMMED_CURVE('',#9753,(#9757,PARAMETER_VALUE(0.)),(#9758,
    PARAMETER_VALUE(4.023506695107)),.T.,.PARAMETER.);
#9753 = LINE('',#9754,#9755);
#9754 = CARTESIAN_POINT('',(-265.4845915871,350.,302.66485148624));
#9755 = VECTOR('',#9756,1.);
#9756 = DIRECTION('',(0.854011181045,0.,-0.520254651734));
#9757 = CARTESIAN_POINT('',(-265.4845915871,350.,302.66485148624));
#9758 = CARTESIAN_POINT('',(-262.0484718825,350.,300.57160341183));
#9759 = TRIMMED_CURVE('',#9760,(#9764,PARAMETER_VALUE(0.)),(#9765,
    PARAMETER_VALUE(4.322953323009)),.T.,.PARAMETER.);
#9760 = LINE('',#9761,#9762);
#9761 = CARTESIAN_POINT('',(-262.0484718825,350.,300.57160341183));
#9762 = VECTOR('',#9763,1.);
#9763 = DIRECTION('',(0.917140021901,0.,-0.398565151797));
#9764 = CARTESIAN_POINT('',(-262.0484718825,350.,300.57160341183));
#9765 = CARTESIAN_POINT('',(-258.0837183772,350.,298.84862486443));
#9766 = TRIMMED_CURVE('',#9767,(#9771,PARAMETER_VALUE(0.)),(#9772,
    PARAMETER_VALUE(22.523499553598)),.T.,.PARAMETER.);
#9767 = LINE('',#9768,#9769);
#9768 = CARTESIAN_POINT('',(-258.0837183772,350.,298.84862486443));
#9769 = VECTOR('',#9770,1.);
#9770 = DIRECTION('',(0.939793423488,0.,-0.341743063087));
#9771 = CARTESIAN_POINT('',(-258.0837183772,350.,298.84862486443));
#9772 = CARTESIAN_POINT('',(-236.9162816227,350.,291.15137513556));
#9773 = TRIMMED_CURVE('',#9774,(#9778,PARAMETER_VALUE(0.)),(#9779,
    PARAMETER_VALUE(4.484097118903)),.T.,.PARAMETER.);
#9774 = LINE('',#9775,#9776);
#9775 = CARTESIAN_POINT('',(-236.9162816227,350.,291.15137513556));
#9776 = VECTOR('',#9777,1.);
#9777 = DIRECTION('',(0.946902663513,0.,-0.321520366122));
#9778 = CARTESIAN_POINT('',(-236.9162816227,350.,291.15137513556));
#9779 = CARTESIAN_POINT('',(-232.6702781174,350.,289.70964658816));
#9780 = TRIMMED_CURVE('',#9781,(#9785,PARAMETER_VALUE(0.)),(#9786,
    PARAMETER_VALUE(4.458534526788)),.T.,.PARAMETER.);
#9781 = LINE('',#9782,#9783);
#9782 = CARTESIAN_POINT('',(-232.6702781174,350.,289.70964658816));
#9783 = VECTOR('',#9784,1.);
#9784 = DIRECTION('',(0.95992745574,0.,-0.280248603415));
#9785 = CARTESIAN_POINT('',(-232.6702781174,350.,289.70964658816));
#9786 = CARTESIAN_POINT('',(-228.3904084128,350.,288.46014851375));
#9787 = TRIMMED_CURVE('',#9788,(#9792,PARAMETER_VALUE(0.)),(#9793,
    PARAMETER_VALUE(4.441411062913)),.T.,.PARAMETER.);
#9788 = LINE('',#9789,#9790);
#9789 = CARTESIAN_POINT('',(-228.3904084128,350.,288.46014851375));
#9790 = VECTOR('',#9791,1.);
#9791 = DIRECTION('',(0.971253469407,0.,-0.238047680444));
#9792 = CARTESIAN_POINT('',(-228.3904084128,350.,288.46014851375));
#9793 = CARTESIAN_POINT('',(-224.0766725089,350.,287.40288091232));
#9794 = TRIMMED_CURVE('',#9795,(#9799,PARAMETER_VALUE(0.)),(#9800,
    PARAMETER_VALUE(4.432824526345)),.T.,.PARAMETER.);
#9795 = LINE('',#9796,#9797);
#9796 = CARTESIAN_POINT('',(-224.0766725089,350.,287.40288091232));
#9797 = VECTOR('',#9798,1.);
#9798 = DIRECTION('',(0.980774690576,0.,-0.195143553122));
#9799 = CARTESIAN_POINT('',(-224.0766725089,350.,287.40288091232));
#9800 = CARTESIAN_POINT('',(-219.7290704056,350.,286.53784378389));
#9801 = TRIMMED_CURVE('',#9802,(#9806,PARAMETER_VALUE(0.)),(#9807,
    PARAMETER_VALUE(4.432824526345)),.T.,.PARAMETER.);
#9802 = LINE('',#9803,#9804);
#9803 = CARTESIAN_POINT('',(-219.7290704056,350.,286.53784378389));
#9804 = VECTOR('',#9805,1.);
#9805 = DIRECTION('',(0.988414559713,0.,-0.151778319095));
#9806 = CARTESIAN_POINT('',(-219.7290704056,350.,286.53784378389));
#9807 = CARTESIAN_POINT('',(-215.3476021032,350.,285.86503712843));
#9808 = TRIMMED_CURVE('',#9809,(#9813,PARAMETER_VALUE(0.)),(#9814,
    PARAMETER_VALUE(4.441411062913)),.T.,.PARAMETER.);
#9809 = LINE('',#9810,#9811);
#9810 = CARTESIAN_POINT('',(-215.3476021032,350.,285.86503712843));
#9811 = VECTOR('',#9812,1.);
#9812 = DIRECTION('',(0.994128766565,0.,-0.108203491111));
#9813 = CARTESIAN_POINT('',(-215.3476021032,350.,285.86503712843));
#9814 = CARTESIAN_POINT('',(-210.9322676014,350.,285.38446094597));
#9815 = TRIMMED_CURVE('',#9816,(#9820,PARAMETER_VALUE(0.)),(#9821,
    PARAMETER_VALUE(4.458534526788)),.T.,.PARAMETER.);
#9816 = LINE('',#9817,#9818);
#9817 = CARTESIAN_POINT('',(-210.9322676014,350.,285.38446094597));
#9818 = VECTOR('',#9819,1.);
#9819 = DIRECTION('',(0.997906526087,0.,-6.467275463427E-02));
#9820 = CARTESIAN_POINT('',(-210.9322676014,350.,285.38446094597));
#9821 = CARTESIAN_POINT('',(-206.4830669003,350.,285.09611523649));
#9822 = TRIMMED_CURVE('',#9823,(#9827,PARAMETER_VALUE(0.)),(#9828,
    PARAMETER_VALUE(4.484097118903)),.T.,.PARAMETER.);
#9823 = LINE('',#9824,#9825);
#9824 = CARTESIAN_POINT('',(-206.4830669003,350.,285.09611523649));
#9825 = VECTOR('',#9826,1.);
#9826 = DIRECTION('',(0.999770250617,0.,-2.143469107481E-02));
#9827 = CARTESIAN_POINT('',(-206.4830669003,350.,285.09611523649));
#9828 = CARTESIAN_POINT('',(-202.,350.,285.));
#9829 = TRIMMED_CURVE('',#9830,(#9834,PARAMETER_VALUE(0.)),(#9835,
    PARAMETER_VALUE(239.)),.T.,.PARAMETER.);
#9830 = LINE('',#9831,#9832);
#9831 = CARTESIAN_POINT('',(-202.,350.,285.));
#9832 = VECTOR('',#9833,1.);
#9833 = DIRECTION('',(1.,0.,0.));
#9834 = CARTESIAN_POINT('',(-202.,350.,285.));
#9835 = CARTESIAN_POINT('',(37.,350.,285.));
#9836 = TRIMMED_CURVE('',#9837,(#9841,PARAMETER_VALUE(0.)),(#9842,
    PARAMETER_VALUE(4.228114606417)),.T.,.PARAMETER.);
#9837 = LINE('',#9838,#9839);
#9838 = CARTESIAN_POINT('',(37.,350.,285.));
#9839 = VECTOR('',#9840,1.);
#9840 = DIRECTION('',(0.997785157857,-6.651901052377E-02,0.));
#9841 = CARTESIAN_POINT('',(37.,350.,285.));
#9842 = CARTESIAN_POINT('',(41.21875,349.71875,285.));
#9843 = TRIMMED_CURVE('',#9844,(#9848,PARAMETER_VALUE(0.)),(#9849,
    PARAMETER_VALUE(3.752343018036)),.T.,.PARAMETER.);
#9844 = LINE('',#9845,#9846);
#9845 = CARTESIAN_POINT('',(41.21875,349.71875,285.));
#9846 = VECTOR('',#9847,1.);
#9847 = DIRECTION('',(0.974391195695,-0.224859506699,0.));
#9848 = CARTESIAN_POINT('',(41.21875,349.71875,285.));
#9849 = CARTESIAN_POINT('',(44.875,348.875,285.));
#9850 = TRIMMED_CURVE('',#9851,(#9855,PARAMETER_VALUE(0.)),(#9856,
    PARAMETER_VALUE(3.398356680073)),.T.,.PARAMETER.);
#9851 = LINE('',#9852,#9853);
#9852 = CARTESIAN_POINT('',(44.875,348.875,285.));
#9853 = VECTOR('',#9854,1.);
#9854 = DIRECTION('',(0.910366477463,-0.413802944301,0.));
#9855 = CARTESIAN_POINT('',(44.875,348.875,285.));
#9856 = CARTESIAN_POINT('',(47.96875,347.46875,285.));
#9857 = TRIMMED_CURVE('',#9858,(#9862,PARAMETER_VALUE(0.)),(#9863,
    PARAMETER_VALUE(3.206743383091)),.T.,.PARAMETER.);
#9858 = LINE('',#9859,#9860);
#9859 = CARTESIAN_POINT('',(47.96875,347.46875,285.));
#9860 = VECTOR('',#9861,1.);
#9861 = DIRECTION('',(0.789352217376,-0.613940613515,0.));
#9862 = CARTESIAN_POINT('',(47.96875,347.46875,285.));
#9863 = CARTESIAN_POINT('',(50.5,345.5,285.));
#9864 = TRIMMED_CURVE('',#9865,(#9869,PARAMETER_VALUE(0.)),(#9870,
    PARAMETER_VALUE(3.206743383091)),.T.,.PARAMETER.);
#9865 = LINE('',#9866,#9867);
#9866 = CARTESIAN_POINT('',(50.5,345.5,285.));
#9867 = VECTOR('',#9868,1.);
#9868 = DIRECTION('',(0.613940613515,-0.789352217376,0.));
#9869 = CARTESIAN_POINT('',(50.5,345.5,285.));
#9870 = CARTESIAN_POINT('',(52.46875,342.96875,285.));
#9871 = TRIMMED_CURVE('',#9872,(#9876,PARAMETER_VALUE(0.)),(#9877,
    PARAMETER_VALUE(3.398356680073)),.T.,.PARAMETER.);
#9872 = LINE('',#9873,#9874);
#9873 = CARTESIAN_POINT('',(52.46875,342.96875,285.));
#9874 = VECTOR('',#9875,1.);
#9875 = DIRECTION('',(0.413802944301,-0.910366477463,0.));
#9876 = CARTESIAN_POINT('',(52.46875,342.96875,285.));
#9877 = CARTESIAN_POINT('',(53.875,339.875,285.));
#9878 = TRIMMED_CURVE('',#9879,(#9883,PARAMETER_VALUE(0.)),(#9884,
    PARAMETER_VALUE(3.752343018036)),.T.,.PARAMETER.);
#9879 = LINE('',#9880,#9881);
#9880 = CARTESIAN_POINT('',(53.875,339.875,285.));
#9881 = VECTOR('',#9882,1.);
#9882 = DIRECTION('',(0.224859506699,-0.974391195695,0.));
#9883 = CARTESIAN_POINT('',(53.875,339.875,285.));
#9884 = CARTESIAN_POINT('',(54.71875,336.21875,285.));
#9885 = TRIMMED_CURVE('',#9886,(#9890,PARAMETER_VALUE(0.)),(#9891,
    PARAMETER_VALUE(4.228114606417)),.T.,.PARAMETER.);
#9886 = LINE('',#9887,#9888);
#9887 = CARTESIAN_POINT('',(54.71875,336.21875,285.));
#9888 = VECTOR('',#9889,1.);
#9889 = DIRECTION('',(6.651901052377E-02,-0.997785157857,0.));
#9890 = CARTESIAN_POINT('',(54.71875,336.21875,285.));
#9891 = CARTESIAN_POINT('',(55.,332.,285.));
#9892 = TRIMMED_CURVE('',#9893,(#9897,PARAMETER_VALUE(0.)),(#9898,
    PARAMETER_VALUE(79.)),.T.,.PARAMETER.);
#9893 = LINE('',#9894,#9895);
#9894 = CARTESIAN_POINT('',(55.,332.,285.));
#9895 = VECTOR('',#9896,1.);
#9896 = DIRECTION('',(0.,-1.,0.));
#9897 = CARTESIAN_POINT('',(55.,332.,285.));
#9898 = CARTESIAN_POINT('',(55.,253.,285.));
#9899 = TRIMMED_CURVE('',#9900,(#9904,PARAMETER_VALUE(0.)),(#9905,
    PARAMETER_VALUE(4.476967570885)),.T.,.PARAMETER.);
#9900 = LINE('',#9901,#9902);
#9901 = CARTESIAN_POINT('',(55.,253.,285.));
#9902 = VECTOR('',#9903,1.);
#9903 = DIRECTION('',(1.146959162716E-02,-0.999671067071,
    -2.293918325432E-02));
#9904 = CARTESIAN_POINT('',(55.,253.,285.));
#9905 = CARTESIAN_POINT('',(55.051348989766,248.52450505116,
    284.89730202046));
#9906 = TRIMMED_CURVE('',#9907,(#9911,PARAMETER_VALUE(0.)),(#9912,
    PARAMETER_VALUE(4.439867164676)),.T.,.PARAMETER.);
#9907 = LINE('',#9908,#9909);
#9908 = CARTESIAN_POINT('',(55.051348989766,248.52450505116,
    284.89730202046));
#9909 = VECTOR('',#9910,1.);
#9910 = DIRECTION('',(3.469630139477E-02,-0.996985874197,
    -6.939260278954E-02));
#9911 = CARTESIAN_POINT('',(55.051348989766,248.52450505116,
    284.89730202046));
#9912 = CARTESIAN_POINT('',(55.205395959064,244.09802020467,
    284.58920808187));
#9913 = TRIMMED_CURVE('',#9914,(#9918,PARAMETER_VALUE(0.)),(#9919,
    PARAMETER_VALUE(4.414960359895)),.T.,.PARAMETER.);
#9914 = LINE('',#9915,#9916);
#9915 = CARTESIAN_POINT('',(55.205395959064,244.09802020467,
    284.58920808187));
#9916 = VECTOR('',#9917,1.);
#9917 = DIRECTION('',(5.815339842296E-02,-0.991509410575,-0.116306796846
    ));
#9918 = CARTESIAN_POINT('',(55.205395959064,244.09802020467,
    284.58920808187));
#9919 = CARTESIAN_POINT('',(55.462140907895,239.72054546052,
    284.07571818421));
#9920 = TRIMMED_CURVE('',#9921,(#9925,PARAMETER_VALUE(0.)),(#9926,
    PARAMETER_VALUE(4.402454116647)),.T.,.PARAMETER.);
#9921 = LINE('',#9922,#9923);
#9922 = CARTESIAN_POINT('',(55.462140907895,239.72054546052,
    284.07571818421));
#9923 = VECTOR('',#9924,1.);
#9924 = DIRECTION('',(8.164603624229E-02,-0.983193584107,-0.163292072485
    ));
#9925 = CARTESIAN_POINT('',(55.462140907895,239.72054546052,
    284.07571818421));
#9926 = CARTESIAN_POINT('',(55.821583836258,235.39208081871,
    283.35683232748));
#9927 = TRIMMED_CURVE('',#9928,(#9932,PARAMETER_VALUE(0.)),(#9933,
    PARAMETER_VALUE(4.402454116647)),.T.,.PARAMETER.);
#9928 = LINE('',#9929,#9930);
#9929 = CARTESIAN_POINT('',(55.821583836258,235.39208081871,
    283.35683232748));
#9930 = VECTOR('',#9931,1.);
#9931 = DIRECTION('',(0.104973475169,-0.972061133651,-0.209946950337));
#9932 = CARTESIAN_POINT('',(55.821583836258,235.39208081871,
    283.35683232748));
#9933 = CARTESIAN_POINT('',(56.283724744153,231.11262627923,
    282.43255051169));
#9934 = TRIMMED_CURVE('',#9935,(#9939,PARAMETER_VALUE(0.)),(#9940,
    PARAMETER_VALUE(4.414960359895)),.T.,.PARAMETER.);
#9935 = LINE('',#9936,#9937);
#9936 = CARTESIAN_POINT('',(56.283724744153,231.11262627923,
    282.43255051169));
#9937 = VECTOR('',#9938,1.);
#9938 = DIRECTION('',(0.127937476531,-0.958206663771,-0.255874953061));
#9939 = CARTESIAN_POINT('',(56.283724744153,231.11262627923,
    282.43255051169));
#9940 = CARTESIAN_POINT('',(56.84856363158,226.8821818421,
    281.30287273684));
#9941 = TRIMMED_CURVE('',#9942,(#9946,PARAMETER_VALUE(0.)),(#9947,
    PARAMETER_VALUE(4.439867164676)),.T.,.PARAMETER.);
#9942 = LINE('',#9943,#9944);
#9943 = CARTESIAN_POINT('',(56.84856363158,226.8821818421,
    281.30287273684));
#9944 = VECTOR('',#9945,1.);
#9945 = DIRECTION('',(0.150350639377,-0.941792666246,-0.300701278755));
#9946 = CARTESIAN_POINT('',(56.84856363158,226.8821818421,
    281.30287273684));
#9947 = CARTESIAN_POINT('',(57.516100498539,222.7007475073,
    279.96779900292));
#9948 = TRIMMED_CURVE('',#9949,(#9953,PARAMETER_VALUE(0.)),(#9954,
    PARAMETER_VALUE(4.476967570885)),.T.,.PARAMETER.);
#9949 = LINE('',#9950,#9951);
#9950 = CARTESIAN_POINT('',(57.516100498539,222.7007475073,
    279.96779900292));
#9951 = VECTOR('',#9952,1.);
#9952 = DIRECTION('',(0.172043874407,-0.923040912633,-0.344087748815));
#9953 = CARTESIAN_POINT('',(57.516100498539,222.7007475073,
    279.96779900292));
#9954 = CARTESIAN_POINT('',(58.286335345031,218.56832327484,
    278.42732930993));
#9955 = TRIMMED_CURVE('',#9956,(#9960,PARAMETER_VALUE(0.)),(#9961,
    PARAMETER_VALUE(64.158383625775)),.T.,.PARAMETER.);
#9956 = LINE('',#9957,#9958);
#9957 = CARTESIAN_POINT('',(58.286335345031,218.56832327484,
    278.42732930993));
#9958 = VECTOR('',#9959,1.);
#9959 = DIRECTION('',(0.182574185835,-0.912870929175,-0.36514837167));
#9960 = CARTESIAN_POINT('',(58.286335345031,218.56832327484,
    278.42732930993));
#9961 = CARTESIAN_POINT('',(70.,160.,255.));
#9962 = GEOMETRIC_CURVE_SET('',(#9963,#9970,#9977,#9984,#9991,#9998,
    #10005,#10012,#10019,#10026));
#9963 = TRIMMED_CURVE('',#9964,(#9968,PARAMETER_VALUE(0.)),(#9969,
    PARAMETER_VALUE(58.485292703892)),.T.,.PARAMETER.);
#9964 = LINE('',#9965,#9966);
#9965 = CARTESIAN_POINT('',(70.,160.,255.));
#9966 = VECTOR('',#9967,1.);
#9967 = DIRECTION('',(0.784464540553,-0.588348405415,-0.196116135138));
#9968 = CARTESIAN_POINT('',(70.,160.,255.));
#9969 = CARTESIAN_POINT('',(115.87963827005,125.59027129746,
    243.53009043248));
#9970 = TRIMMED_CURVE('',#9971,(#9975,PARAMETER_VALUE(0.)),(#9976,
    PARAMETER_VALUE(4.397028880885)),.T.,.PARAMETER.);
#9971 = LINE('',#9972,#9973);
#9972 = CARTESIAN_POINT('',(115.87963827005,125.59027129746,
    243.53009043248));
#9973 = VECTOR('',#9974,1.);
#9974 = DIRECTION('',(0.809869010278,-0.56449363936,-0.159559134221));
#9975 = CARTESIAN_POINT('',(115.87963827005,125.59027129746,
    243.53009043248));
#9976 = CARTESIAN_POINT('',(119.44065569797,123.10817646211,
    242.8285043111));
#9977 = TRIMMED_CURVE('',#9978,(#9982,PARAMETER_VALUE(0.)),(#9983,
    PARAMETER_VALUE(4.227060887458)),.T.,.PARAMETER.);
#9978 = LINE('',#9979,#9980);
#9979 = CARTESIAN_POINT('',(119.44065569797,123.10817646211,
    242.8285043111));
#9980 = VECTOR('',#9981,1.);
#9981 = DIRECTION('',(0.857066296242,-0.508899425527,-8.036627740656E-02
    ));
#9982 = CARTESIAN_POINT('',(119.44065569797,123.10817646211,
    242.8285043111));
#9983 = CARTESIAN_POINT('',(123.06352711677,120.95702760482,
    242.48879116321));
#9984 = TRIMMED_CURVE('',#9985,(#9989,PARAMETER_VALUE(0.)),(#9990,
    PARAMETER_VALUE(4.109845608321)),.T.,.PARAMETER.);
#9985 = LINE('',#9986,#9987);
#9986 = CARTESIAN_POINT('',(123.06352711677,120.95702760482,
    242.48879116321));
#9987 = VECTOR('',#9988,1.);
#9988 = DIRECTION('',(0.896560542863,-0.442888383828,5.391887603562E-03)
  );
#9989 = CARTESIAN_POINT('',(123.06352711677,120.95702760482,
    242.48879116321));
#9990 = CARTESIAN_POINT('',(126.74825252645,119.13682472557,
    242.5109509888));
#9991 = TRIMMED_CURVE('',#9992,(#9996,PARAMETER_VALUE(0.)),(#9997,
    PARAMETER_VALUE(4.049965989143)),.T.,.PARAMETER.);
#9992 = LINE('',#9993,#9994);
#9993 = CARTESIAN_POINT('',(126.74825252645,119.13682472557,
    242.5109509888));
#9994 = VECTOR('',#9995,1.);
#9995 = DIRECTION('',(0.92508910213,-0.367720841409,9.48237096562E-02));
#9996 = CARTESIAN_POINT('',(126.74825252645,119.13682472557,
    242.5109509888));
#9997 = CARTESIAN_POINT('',(130.49483192701,117.64756782436,
    242.89498378787));
#9998 = TRIMMED_CURVE('',#9999,(#10003,PARAMETER_VALUE(0.)),(#10004,
    PARAMETER_VALUE(4.049965989143)),.T.,.PARAMETER.);
#9999 = LINE('',#10000,#10001);
#10000 = CARTESIAN_POINT('',(130.49483192701,117.64756782436,
    242.89498378787));
#10001 = VECTOR('',#10002,1.);
#10002 = DIRECTION('',(0.940361820727,-0.286005098874,0.18417581149));
#10003 = CARTESIAN_POINT('',(130.49483192701,117.64756782436,
    242.89498378787));
#10004 = CARTESIAN_POINT('',(134.30326531844,116.4892569012,
    243.64088956042));
#10005 = TRIMMED_CURVE('',#10006,(#10010,PARAMETER_VALUE(0.)),(#10011,
    PARAMETER_VALUE(4.109845608321)),.T.,.PARAMETER.);
#10006 = LINE('',#10007,#10008);
#10007 = CARTESIAN_POINT('',(134.30326531844,116.4892569012,
    243.64088956042));
#10008 = VECTOR('',#10009,1.);
#10009 = DIRECTION('',(0.94171113739,-0.20131290174,0.269542666955));
#10010 = CARTESIAN_POINT('',(134.30326531844,116.4892569012,
    243.64088956042));
#10011 = CARTESIAN_POINT('',(138.17355270075,115.66189195609,
    244.74866830646));
#10012 = TRIMMED_CURVE('',#10013,(#10017,PARAMETER_VALUE(0.)),(#10018,
    PARAMETER_VALUE(4.227060887458)),.T.,.PARAMETER.);
#10013 = LINE('',#10014,#10015);
#10014 = CARTESIAN_POINT('',(138.17355270075,115.66189195609,
    244.74866830646));
#10015 = VECTOR('',#10016,1.);
#10016 = DIRECTION('',(0.930230597068,-0.117438328968,0.347676969566));
#10017 = CARTESIAN_POINT('',(138.17355270075,115.66189195609,
    244.74866830646));
#10018 = CARTESIAN_POINT('',(142.10569407393,115.16547298902,
    246.21832002599));
#10019 = TRIMMED_CURVE('',#10020,(#10024,PARAMETER_VALUE(0.)),(#10025,
    PARAMETER_VALUE(4.397028880885)),.T.,.PARAMETER.);
#10020 = LINE('',#10021,#10022);
#10021 = CARTESIAN_POINT('',(142.10569407393,115.16547298902,
    246.21832002599));
#10022 = VECTOR('',#10023,1.);
#10023 = DIRECTION('',(0.908339579352,-3.763290929068E-02,0.416536880385
    ));
#10024 = CARTESIAN_POINT('',(142.10569407393,115.16547298902,
    246.21832002599));
#10025 = CARTESIAN_POINT('',(146.09968943799,115.,248.04984471899));
#10026 = TRIMMED_CURVE('',#10027,(#10031,PARAMETER_VALUE(0.)),(#10032,
    PARAMETER_VALUE(49.082039324994)),.T.,.PARAMETER.);
#10027 = LINE('',#10028,#10029);
#10028 = CARTESIAN_POINT('',(146.09968943799,115.,248.04984471899));
#10029 = VECTOR('',#10030,1.);
#10030 = DIRECTION('',(0.894427191,0.,0.4472135955));
#10031 = CARTESIAN_POINT('',(146.09968943799,115.,248.04984471899));
#10032 = CARTESIAN_POINT('',(190.,115.,270.));
#10033 = ( GEOMETRIC_REPRESENTATION_CONTEXT(3)
GLOBAL_UNCERTAINTY_ASSIGNED_CONTEXT((#10037))
GLOBAL_UNIT_ASSIGNED_CONTEXT((#10034,#10035,#10036))
REPRESENTATION_CONTEXT('Context #1',
  '3D Context with UNIT and UNCERTAINTY') );
#10034 = ( LENGTH_UNIT() NAMED_UNIT(*) SI_UNIT(.MILLI.,.METRE.) );
#10035 = ( NAMED_UNIT(*) PLANE_ANGLE_UNIT() SI_UNIT($,.RADIAN.) );
#10036 = ( NAMED_UNIT(*) SI_UNIT($,.STERADIAN.) SOLID_ANGLE_UNIT() );
#10037 = UNCERTAINTY_MEASURE_WITH_UNIT(LENGTH_MEASURE(1.E-07),#10034,
  'distance_accuracy_value','confusion accuracy');
#10038 = PRODUCT_RELATED_PRODUCT_CATEGORY('part',$,(#7));
ENDSEC;
END-ISO-10303-21;
