ISO-10303-21;
HEADER;
FILE_DESCRIPTION(('FreeCAD Model'),'2;1');
FILE_NAME('Open CASCADE Shape Model','2026-09-14T22:48:25',('FreeCAD'),(
    'FreeCAD'),'Open CASCADE STEP processor 7.8','FreeCAD','Unknown');
FILE_SCHEMA(('AUTOMOTIVE_DESIGN { 1 0 10303 214 1 1 1 1 }'));
ENDSEC;
DATA;
#1 = APPLICATION_PROTOCOL_DEFINITION('international standard',
  'automotive_design',2000,#2);
#2 = APPLICATION_CONTEXT(
  'core data for automotive mechanical design processes');
#3 = SHAPE_DEFINITION_REPRESENTATION(#4,#10);
#4 = PRODUCT_DEFINITION_SHAPE('','',#5);
#5 = PRODUCT_DEFINITION('design','',#6,#9);
#6 = PRODUCT_DEFINITION_FORMATION('','',#7);
#7 = PRODUCT('Open CASCADE STEP translator 7.8 1',
  'Open CASCADE STEP translator 7.8 1','',(#8));
#8 = PRODUCT_CONTEXT('',#2,'mechanical');
#9 = PRODUCT_DEFINITION_CONTEXT('part definition',#2,'design');
#10 = SHAPE_REPRESENTATION('',(#11,#15,#695,#987,#1137,#1423,#1573,#1723
    ,#2009,#2159,#2309,#2459,#2609,#2759,#2909,#3059,#3209,#3359,#3412,
    #3465,#3518,#3571,#3624,#3677,#3730,#3783,#3836,#3889,#3942,#3995,
    #4048,#4101,#4154,#4207,#4260,#4313,#4366,#4419,#4472,#4525,#4578,
    #4631,#4684,#4737,#4790,#4843,#4896,#4949,#5002,#5055,#5108,#5161,
    #5214,#5267,#5320,#5373,#5426,#5479,#5532,#5585,#5638,#5691,#5744,
    #5797,#5850,#5903,#5956,#6009,#6062,#6115,#6168,#6221,#6274,#6327,
    #6380,#6433,#6486,#6539,#6592,#6645,#6698,#6751,#6804,#6857,#6910,
    #6963,#7016,#7069,#7122,#7175,#7228,#7281,#7334,#7387,#7440,#7493,
    #7546,#7599,#7652,#7715,#7865,#8015,#8165,#8315,#8465,#8615,#8765,
    #8915,#9065,#9215,#9365,#9515,#9665,#9815,#9965,#10115,#10265,#10415
    ,#10565,#10715,#10865,#11015,#11165,#11315,#11465,#11615,#11765,
    #11915,#12065,#12157,#12210,#12360,#12510,#12660,#12810,#12960,
    #13110,#13260,#13410,#13560,#13710,#13860,#14010,#14160,#14310,
    #14460,#14610,#14760,#14910,#15060,#15210,#15360,#15510,#15660,
    #15810,#15960,#16110,#16260,#16410,#16560,#16710,#16860,#17010,
    #17160,#17310,#17460,#17610,#17760,#17813,#17866,#17919,#18069,
    #18219,#18369,#18422,#18475,#18528,#18678,#18828,#18978,#19031,
    #19084,#19137,#19287,#19437,#19587,#19640,#19693,#19746,#19896,
    #20046),#20196);
#11 = AXIS2_PLACEMENT_3D('',#12,#13,#14);
#12 = CARTESIAN_POINT('',(0.,0.,0.));
#13 = DIRECTION('',(0.,0.,1.));
#14 = DIRECTION('',(1.,0.,-0.));
#15 = MANIFOLD_SOLID_BREP('',#16);
#16 = CLOSED_SHELL('',(#17,#57,#88,#185,#223,#262,#286,#318,#349,#373,
    #397,#414,#479,#496,#513,#525,#537,#568,#592,#616,#633,#645,#664,
    #681));
#17 = ADVANCED_FACE('',(#18),#52,.T.);
#18 = FACE_BOUND('',#19,.T.);
#19 = EDGE_LOOP('',(#20,#30,#38,#46));
#20 = ORIENTED_EDGE('',*,*,#21,.F.);
#21 = EDGE_CURVE('',#22,#24,#26,.T.);
#22 = VERTEX_POINT('',#23);
#23 = CARTESIAN_POINT('',(-342.9,311.15,87.3125));
#24 = VERTEX_POINT('',#25);
#25 = CARTESIAN_POINT('',(342.9,311.15,87.3125));
#26 = LINE('',#27,#28);
#27 = CARTESIAN_POINT('',(-342.9,311.15,87.3125));
#28 = VECTOR('',#29,1.);
#29 = DIRECTION('',(1.,0.,0.));
#30 = ORIENTED_EDGE('',*,*,#31,.T.);
#31 = EDGE_CURVE('',#22,#32,#34,.T.);
#32 = VERTEX_POINT('',#33);
#33 = CARTESIAN_POINT('',(-342.9,311.15,2.0050125E+03));
#34 = LINE('',#35,#36);
#35 = CARTESIAN_POINT('',(-342.9,311.15,87.3125));
#36 = VECTOR('',#37,1.);
#37 = DIRECTION('',(0.,0.,1.));
#38 = ORIENTED_EDGE('',*,*,#39,.T.);
#39 = EDGE_CURVE('',#32,#40,#42,.T.);
#40 = VERTEX_POINT('',#41);
#41 = CARTESIAN_POINT('',(342.9,311.15,2.0050125E+03));
#42 = LINE('',#43,#44);
#43 = CARTESIAN_POINT('',(-342.9,311.15,2.0050125E+03));
#44 = VECTOR('',#45,1.);
#45 = DIRECTION('',(1.,0.,0.));
#46 = ORIENTED_EDGE('',*,*,#47,.F.);
#47 = EDGE_CURVE('',#24,#40,#48,.T.);
#48 = LINE('',#49,#50);
#49 = CARTESIAN_POINT('',(342.9,311.15,87.3125));
#50 = VECTOR('',#51,1.);
#51 = DIRECTION('',(0.,0.,1.));
#52 = PLANE('',#53);
#53 = AXIS2_PLACEMENT_3D('',#54,#55,#56);
#54 = CARTESIAN_POINT('',(-342.9,311.15,87.3125));
#55 = DIRECTION('',(0.,1.,0.));
#56 = DIRECTION('',(0.,0.,1.));
#57 = ADVANCED_FACE('',(#58),#83,.F.);
#58 = FACE_BOUND('',#59,.F.);
#59 = EDGE_LOOP('',(#60,#68,#76,#82));
#60 = ORIENTED_EDGE('',*,*,#61,.F.);
#61 = EDGE_CURVE('',#62,#22,#64,.T.);
#62 = VERTEX_POINT('',#63);
#63 = CARTESIAN_POINT('',(-342.9,-261.15,87.3125));
#64 = LINE('',#65,#66);
#65 = CARTESIAN_POINT('',(-342.9,-261.15,87.3125));
#66 = VECTOR('',#67,1.);
#67 = DIRECTION('',(0.,1.,0.));
#68 = ORIENTED_EDGE('',*,*,#69,.T.);
#69 = EDGE_CURVE('',#62,#70,#72,.T.);
#70 = VERTEX_POINT('',#71);
#71 = CARTESIAN_POINT('',(342.9,-261.15,87.3125));
#72 = LINE('',#73,#74);
#73 = CARTESIAN_POINT('',(-342.9,-261.15,87.3125));
#74 = VECTOR('',#75,1.);
#75 = DIRECTION('',(1.,0.,0.));
#76 = ORIENTED_EDGE('',*,*,#77,.T.);
#77 = EDGE_CURVE('',#70,#24,#78,.T.);
#78 = LINE('',#79,#80);
#79 = CARTESIAN_POINT('',(342.9,-261.15,87.3125));
#80 = VECTOR('',#81,1.);
#81 = DIRECTION('',(0.,1.,0.));
#82 = ORIENTED_EDGE('',*,*,#21,.F.);
#83 = PLANE('',#84);
#84 = AXIS2_PLACEMENT_3D('',#85,#86,#87);
#85 = CARTESIAN_POINT('',(-342.9,-261.15,87.3125));
#86 = DIRECTION('',(0.,0.,1.));
#87 = DIRECTION('',(1.,0.,0.));
#88 = ADVANCED_FACE('',(#89,#146),#180,.F.);
#89 = FACE_BOUND('',#90,.F.);
#90 = EDGE_LOOP('',(#91,#99,#100,#108,#116,#124,#132,#140));
#91 = ORIENTED_EDGE('',*,*,#92,.F.);
#92 = EDGE_CURVE('',#70,#93,#95,.T.);
#93 = VERTEX_POINT('',#94);
#94 = CARTESIAN_POINT('',(342.9,-261.15,1.7600125E+03));
#95 = LINE('',#96,#97);
#96 = CARTESIAN_POINT('',(342.9,-261.15,87.3125));
#97 = VECTOR('',#98,1.);
#98 = DIRECTION('',(0.,0.,1.));
#99 = ORIENTED_EDGE('',*,*,#69,.F.);
#100 = ORIENTED_EDGE('',*,*,#101,.T.);
#101 = EDGE_CURVE('',#62,#102,#104,.T.);
#102 = VERTEX_POINT('',#103);
#103 = CARTESIAN_POINT('',(-342.9,-261.15,1.7600125E+03));
#104 = LINE('',#105,#106);
#105 = CARTESIAN_POINT('',(-342.9,-261.15,87.3125));
#106 = VECTOR('',#107,1.);
#107 = DIRECTION('',(0.,0.,1.));
#108 = ORIENTED_EDGE('',*,*,#109,.T.);
#109 = EDGE_CURVE('',#102,#110,#112,.T.);
#110 = VERTEX_POINT('',#111);
#111 = CARTESIAN_POINT('',(-302.9,-261.15,1.7600125E+03));
#112 = LINE('',#113,#114);
#113 = CARTESIAN_POINT('',(-342.9,-261.15,1.7600125E+03));
#114 = VECTOR('',#115,1.);
#115 = DIRECTION('',(1.,0.,0.));
#116 = ORIENTED_EDGE('',*,*,#117,.T.);
#117 = EDGE_CURVE('',#110,#118,#120,.T.);
#118 = VERTEX_POINT('',#119);
#119 = CARTESIAN_POINT('',(-302.9,-261.15,337.3125));
#120 = LINE('',#121,#122);
#121 = CARTESIAN_POINT('',(-302.9,-261.15,212.3125));
#122 = VECTOR('',#123,1.);
#123 = DIRECTION('',(0.,0.,-1.));
#124 = ORIENTED_EDGE('',*,*,#125,.T.);
#125 = EDGE_CURVE('',#118,#126,#128,.T.);
#126 = VERTEX_POINT('',#127);
#127 = CARTESIAN_POINT('',(302.9,-261.15,337.3125));
#128 = LINE('',#129,#130);
#129 = CARTESIAN_POINT('',(-322.9,-261.15,337.3125));
#130 = VECTOR('',#131,1.);
#131 = DIRECTION('',(1.,0.,0.));
#132 = ORIENTED_EDGE('',*,*,#133,.F.);
#133 = EDGE_CURVE('',#134,#126,#136,.T.);
#134 = VERTEX_POINT('',#135);
#135 = CARTESIAN_POINT('',(302.9,-261.15,1.7600125E+03));
#136 = LINE('',#137,#138);
#137 = CARTESIAN_POINT('',(302.9,-261.15,212.3125));
#138 = VECTOR('',#139,1.);
#139 = DIRECTION('',(0.,0.,-1.));
#140 = ORIENTED_EDGE('',*,*,#141,.T.);
#141 = EDGE_CURVE('',#134,#93,#142,.T.);
#142 = LINE('',#143,#144);
#143 = CARTESIAN_POINT('',(-342.9,-261.15,1.7600125E+03));
#144 = VECTOR('',#145,1.);
#145 = DIRECTION('',(1.,0.,0.));
#146 = FACE_BOUND('',#147,.F.);
#147 = EDGE_LOOP('',(#148,#158,#166,#174));
#148 = ORIENTED_EDGE('',*,*,#149,.F.);
#149 = EDGE_CURVE('',#150,#152,#154,.T.);
#150 = VERTEX_POINT('',#151);
#151 = CARTESIAN_POINT('',(-302.9,-261.15,307.3125));
#152 = VERTEX_POINT('',#153);
#153 = CARTESIAN_POINT('',(302.9,-261.15,307.3125));
#154 = LINE('',#155,#156);
#155 = CARTESIAN_POINT('',(-322.9,-261.15,307.3125));
#156 = VECTOR('',#157,1.);
#157 = DIRECTION('',(1.,0.,0.));
#158 = ORIENTED_EDGE('',*,*,#159,.T.);
#159 = EDGE_CURVE('',#150,#160,#162,.T.);
#160 = VERTEX_POINT('',#161);
#161 = CARTESIAN_POINT('',(-302.9,-261.15,117.3125));
#162 = LINE('',#163,#164);
#163 = CARTESIAN_POINT('',(-302.9,-261.15,102.3125));
#164 = VECTOR('',#165,1.);
#165 = DIRECTION('',(0.,0.,-1.));
#166 = ORIENTED_EDGE('',*,*,#167,.T.);
#167 = EDGE_CURVE('',#160,#168,#170,.T.);
#168 = VERTEX_POINT('',#169);
#169 = CARTESIAN_POINT('',(302.9,-261.15,117.3125));
#170 = LINE('',#171,#172);
#171 = CARTESIAN_POINT('',(-322.9,-261.15,117.3125));
#172 = VECTOR('',#173,1.);
#173 = DIRECTION('',(1.,0.,0.));
#174 = ORIENTED_EDGE('',*,*,#175,.F.);
#175 = EDGE_CURVE('',#152,#168,#176,.T.);
#176 = LINE('',#177,#178);
#177 = CARTESIAN_POINT('',(302.9,-261.15,102.3125));
#178 = VECTOR('',#179,1.);
#179 = DIRECTION('',(0.,0.,-1.));
#180 = PLANE('',#181);
#181 = AXIS2_PLACEMENT_3D('',#182,#183,#184);
#182 = CARTESIAN_POINT('',(-342.9,-261.15,87.3125));
#183 = DIRECTION('',(0.,1.,0.));
#184 = DIRECTION('',(0.,0.,1.));
#185 = ADVANCED_FACE('',(#186),#218,.F.);
#186 = FACE_BOUND('',#187,.F.);
#187 = EDGE_LOOP('',(#188,#196,#204,#210,#211,#217));
#188 = ORIENTED_EDGE('',*,*,#189,.F.);
#189 = EDGE_CURVE('',#190,#102,#192,.T.);
#190 = VERTEX_POINT('',#191);
#191 = CARTESIAN_POINT('',(-342.9,-311.15,1.7600125E+03));
#192 = LINE('',#193,#194);
#193 = CARTESIAN_POINT('',(-342.9,-311.15,1.7600125E+03));
#194 = VECTOR('',#195,1.);
#195 = DIRECTION('',(0.,1.,0.));
#196 = ORIENTED_EDGE('',*,*,#197,.T.);
#197 = EDGE_CURVE('',#190,#198,#200,.T.);
#198 = VERTEX_POINT('',#199);
#199 = CARTESIAN_POINT('',(342.9,-311.15,1.7600125E+03));
#200 = LINE('',#201,#202);
#201 = CARTESIAN_POINT('',(-342.9,-311.15,1.7600125E+03));
#202 = VECTOR('',#203,1.);
#203 = DIRECTION('',(1.,0.,0.));
#204 = ORIENTED_EDGE('',*,*,#205,.T.);
#205 = EDGE_CURVE('',#198,#93,#206,.T.);
#206 = LINE('',#207,#208);
#207 = CARTESIAN_POINT('',(342.9,-311.15,1.7600125E+03));
#208 = VECTOR('',#209,1.);
#209 = DIRECTION('',(0.,1.,0.));
#210 = ORIENTED_EDGE('',*,*,#141,.F.);
#211 = ORIENTED_EDGE('',*,*,#212,.F.);
#212 = EDGE_CURVE('',#110,#134,#213,.T.);
#213 = LINE('',#214,#215);
#214 = CARTESIAN_POINT('',(-342.9,-261.15,1.7600125E+03));
#215 = VECTOR('',#216,1.);
#216 = DIRECTION('',(1.,0.,0.));
#217 = ORIENTED_EDGE('',*,*,#109,.F.);
#218 = PLANE('',#219);
#219 = AXIS2_PLACEMENT_3D('',#220,#221,#222);
#220 = CARTESIAN_POINT('',(-342.9,-311.15,1.7600125E+03));
#221 = DIRECTION('',(0.,0.,1.));
#222 = DIRECTION('',(1.,0.,0.));
#223 = ADVANCED_FACE('',(#224),#257,.F.);
#224 = FACE_BOUND('',#225,.F.);
#225 = EDGE_LOOP('',(#226,#236,#242,#243,#251));
#226 = ORIENTED_EDGE('',*,*,#227,.F.);
#227 = EDGE_CURVE('',#228,#230,#232,.T.);
#228 = VERTEX_POINT('',#229);
#229 = CARTESIAN_POINT('',(302.9,-261.15,1.8000125E+03));
#230 = VERTEX_POINT('',#231);
#231 = CARTESIAN_POINT('',(302.9,247.15,1.8000125E+03));
#232 = LINE('',#233,#234);
#233 = CARTESIAN_POINT('',(302.9,-286.15,1.8000125E+03));
#234 = VECTOR('',#235,1.);
#235 = DIRECTION('',(0.,1.,0.));
#236 = ORIENTED_EDGE('',*,*,#237,.T.);
#237 = EDGE_CURVE('',#228,#134,#238,.T.);
#238 = LINE('',#239,#240);
#239 = CARTESIAN_POINT('',(302.9,-261.15,212.3125));
#240 = VECTOR('',#241,1.);
#241 = DIRECTION('',(0.,0.,-1.));
#242 = ORIENTED_EDGE('',*,*,#133,.T.);
#243 = ORIENTED_EDGE('',*,*,#244,.T.);
#244 = EDGE_CURVE('',#126,#245,#247,.T.);
#245 = VERTEX_POINT('',#246);
#246 = CARTESIAN_POINT('',(302.9,247.15,337.3125));
#247 = LINE('',#248,#249);
#248 = CARTESIAN_POINT('',(302.9,-286.15,337.3125));
#249 = VECTOR('',#250,1.);
#250 = DIRECTION('',(0.,1.,0.));
#251 = ORIENTED_EDGE('',*,*,#252,.T.);
#252 = EDGE_CURVE('',#245,#230,#253,.T.);
#253 = LINE('',#254,#255);
#254 = CARTESIAN_POINT('',(302.9,247.15,337.3125));
#255 = VECTOR('',#256,1.);
#256 = DIRECTION('',(0.,0.,1.));
#257 = PLANE('',#258);
#258 = AXIS2_PLACEMENT_3D('',#259,#260,#261);
#259 = CARTESIAN_POINT('',(302.9,-286.15,337.3125));
#260 = DIRECTION('',(1.,0.,0.));
#261 = DIRECTION('',(0.,0.,1.));
#262 = ADVANCED_FACE('',(#263),#281,.T.);
#263 = FACE_BOUND('',#264,.T.);
#264 = EDGE_LOOP('',(#265,#273,#274,#275));
#265 = ORIENTED_EDGE('',*,*,#266,.F.);
#266 = EDGE_CURVE('',#118,#267,#269,.T.);
#267 = VERTEX_POINT('',#268);
#268 = CARTESIAN_POINT('',(-302.9,247.15,337.3125));
#269 = LINE('',#270,#271);
#270 = CARTESIAN_POINT('',(-302.9,-286.15,337.3125));
#271 = VECTOR('',#272,1.);
#272 = DIRECTION('',(0.,1.,0.));
#273 = ORIENTED_EDGE('',*,*,#125,.T.);
#274 = ORIENTED_EDGE('',*,*,#244,.T.);
#275 = ORIENTED_EDGE('',*,*,#276,.F.);
#276 = EDGE_CURVE('',#267,#245,#277,.T.);
#277 = LINE('',#278,#279);
#278 = CARTESIAN_POINT('',(-302.9,247.15,337.3125));
#279 = VECTOR('',#280,1.);
#280 = DIRECTION('',(1.,0.,0.));
#281 = PLANE('',#282);
#282 = AXIS2_PLACEMENT_3D('',#283,#284,#285);
#283 = CARTESIAN_POINT('',(-302.9,-286.15,337.3125));
#284 = DIRECTION('',(0.,0.,1.));
#285 = DIRECTION('',(1.,0.,0.));
#286 = ADVANCED_FACE('',(#287),#313,.T.);
#287 = FACE_BOUND('',#288,.T.);
#288 = EDGE_LOOP('',(#289,#299,#305,#306,#307));
#289 = ORIENTED_EDGE('',*,*,#290,.F.);
#290 = EDGE_CURVE('',#291,#293,#295,.T.);
#291 = VERTEX_POINT('',#292);
#292 = CARTESIAN_POINT('',(-302.9,-261.15,1.8000125E+03));
#293 = VERTEX_POINT('',#294);
#294 = CARTESIAN_POINT('',(-302.9,247.15,1.8000125E+03));
#295 = LINE('',#296,#297);
#296 = CARTESIAN_POINT('',(-302.9,-286.15,1.8000125E+03));
#297 = VECTOR('',#298,1.);
#298 = DIRECTION('',(0.,1.,0.));
#299 = ORIENTED_EDGE('',*,*,#300,.T.);
#300 = EDGE_CURVE('',#291,#110,#301,.T.);
#301 = LINE('',#302,#303);
#302 = CARTESIAN_POINT('',(-302.9,-261.15,212.3125));
#303 = VECTOR('',#304,1.);
#304 = DIRECTION('',(0.,0.,-1.));
#305 = ORIENTED_EDGE('',*,*,#117,.T.);
#306 = ORIENTED_EDGE('',*,*,#266,.T.);
#307 = ORIENTED_EDGE('',*,*,#308,.T.);
#308 = EDGE_CURVE('',#267,#293,#309,.T.);
#309 = LINE('',#310,#311);
#310 = CARTESIAN_POINT('',(-302.9,247.15,337.3125));
#311 = VECTOR('',#312,1.);
#312 = DIRECTION('',(0.,0.,1.));
#313 = PLANE('',#314);
#314 = AXIS2_PLACEMENT_3D('',#315,#316,#317);
#315 = CARTESIAN_POINT('',(-302.9,-286.15,337.3125));
#316 = DIRECTION('',(1.,0.,0.));
#317 = DIRECTION('',(0.,0.,1.));
#318 = ADVANCED_FACE('',(#319),#344,.F.);
#319 = FACE_BOUND('',#320,.F.);
#320 = EDGE_LOOP('',(#321,#329,#330,#338));
#321 = ORIENTED_EDGE('',*,*,#322,.F.);
#322 = EDGE_CURVE('',#150,#323,#325,.T.);
#323 = VERTEX_POINT('',#324);
#324 = CARTESIAN_POINT('',(-302.9,247.15,307.3125));
#325 = LINE('',#326,#327);
#326 = CARTESIAN_POINT('',(-302.9,-286.15,307.3125));
#327 = VECTOR('',#328,1.);
#328 = DIRECTION('',(0.,1.,0.));
#329 = ORIENTED_EDGE('',*,*,#149,.T.);
#330 = ORIENTED_EDGE('',*,*,#331,.T.);
#331 = EDGE_CURVE('',#152,#332,#334,.T.);
#332 = VERTEX_POINT('',#333);
#333 = CARTESIAN_POINT('',(302.9,247.15,307.3125));
#334 = LINE('',#335,#336);
#335 = CARTESIAN_POINT('',(302.9,-286.15,307.3125));
#336 = VECTOR('',#337,1.);
#337 = DIRECTION('',(0.,1.,0.));
#338 = ORIENTED_EDGE('',*,*,#339,.F.);
#339 = EDGE_CURVE('',#323,#332,#340,.T.);
#340 = LINE('',#341,#342);
#341 = CARTESIAN_POINT('',(-302.9,247.15,307.3125));
#342 = VECTOR('',#343,1.);
#343 = DIRECTION('',(1.,0.,0.));
#344 = PLANE('',#345);
#345 = AXIS2_PLACEMENT_3D('',#346,#347,#348);
#346 = CARTESIAN_POINT('',(-302.9,-286.15,307.3125));
#347 = DIRECTION('',(0.,0.,1.));
#348 = DIRECTION('',(1.,0.,0.));
#349 = ADVANCED_FACE('',(#350),#368,.T.);
#350 = FACE_BOUND('',#351,.T.);
#351 = EDGE_LOOP('',(#352,#353,#354,#362));
#352 = ORIENTED_EDGE('',*,*,#322,.F.);
#353 = ORIENTED_EDGE('',*,*,#159,.T.);
#354 = ORIENTED_EDGE('',*,*,#355,.T.);
#355 = EDGE_CURVE('',#160,#356,#358,.T.);
#356 = VERTEX_POINT('',#357);
#357 = CARTESIAN_POINT('',(-302.9,247.15,117.3125));
#358 = LINE('',#359,#360);
#359 = CARTESIAN_POINT('',(-302.9,-286.15,117.3125));
#360 = VECTOR('',#361,1.);
#361 = DIRECTION('',(0.,1.,0.));
#362 = ORIENTED_EDGE('',*,*,#363,.T.);
#363 = EDGE_CURVE('',#356,#323,#364,.T.);
#364 = LINE('',#365,#366);
#365 = CARTESIAN_POINT('',(-302.9,247.15,117.3125));
#366 = VECTOR('',#367,1.);
#367 = DIRECTION('',(0.,0.,1.));
#368 = PLANE('',#369);
#369 = AXIS2_PLACEMENT_3D('',#370,#371,#372);
#370 = CARTESIAN_POINT('',(-302.9,-286.15,117.3125));
#371 = DIRECTION('',(1.,0.,0.));
#372 = DIRECTION('',(0.,0.,1.));
#373 = ADVANCED_FACE('',(#374),#392,.F.);
#374 = FACE_BOUND('',#375,.F.);
#375 = EDGE_LOOP('',(#376,#377,#378,#386));
#376 = ORIENTED_EDGE('',*,*,#331,.F.);
#377 = ORIENTED_EDGE('',*,*,#175,.T.);
#378 = ORIENTED_EDGE('',*,*,#379,.T.);
#379 = EDGE_CURVE('',#168,#380,#382,.T.);
#380 = VERTEX_POINT('',#381);
#381 = CARTESIAN_POINT('',(302.9,247.15,117.3125));
#382 = LINE('',#383,#384);
#383 = CARTESIAN_POINT('',(302.9,-286.15,117.3125));
#384 = VECTOR('',#385,1.);
#385 = DIRECTION('',(0.,1.,0.));
#386 = ORIENTED_EDGE('',*,*,#387,.T.);
#387 = EDGE_CURVE('',#380,#332,#388,.T.);
#388 = LINE('',#389,#390);
#389 = CARTESIAN_POINT('',(302.9,247.15,117.3125));
#390 = VECTOR('',#391,1.);
#391 = DIRECTION('',(0.,0.,1.));
#392 = PLANE('',#393);
#393 = AXIS2_PLACEMENT_3D('',#394,#395,#396);
#394 = CARTESIAN_POINT('',(302.9,-286.15,117.3125));
#395 = DIRECTION('',(1.,0.,0.));
#396 = DIRECTION('',(0.,0.,1.));
#397 = ADVANCED_FACE('',(#398),#409,.T.);
#398 = FACE_BOUND('',#399,.T.);
#399 = EDGE_LOOP('',(#400,#401,#402,#403));
#400 = ORIENTED_EDGE('',*,*,#355,.F.);
#401 = ORIENTED_EDGE('',*,*,#167,.T.);
#402 = ORIENTED_EDGE('',*,*,#379,.T.);
#403 = ORIENTED_EDGE('',*,*,#404,.F.);
#404 = EDGE_CURVE('',#356,#380,#405,.T.);
#405 = LINE('',#406,#407);
#406 = CARTESIAN_POINT('',(-302.9,247.15,117.3125));
#407 = VECTOR('',#408,1.);
#408 = DIRECTION('',(1.,0.,0.));
#409 = PLANE('',#410);
#410 = AXIS2_PLACEMENT_3D('',#411,#412,#413);
#411 = CARTESIAN_POINT('',(-302.9,-286.15,117.3125));
#412 = DIRECTION('',(0.,0.,1.));
#413 = DIRECTION('',(1.,0.,0.));
#414 = ADVANCED_FACE('',(#415,#440),#474,.F.);
#415 = FACE_BOUND('',#416,.F.);
#416 = EDGE_LOOP('',(#417,#418,#426,#434));
#417 = ORIENTED_EDGE('',*,*,#197,.F.);
#418 = ORIENTED_EDGE('',*,*,#419,.T.);
#419 = EDGE_CURVE('',#190,#420,#422,.T.);
#420 = VERTEX_POINT('',#421);
#421 = CARTESIAN_POINT('',(-342.9,-311.15,2.0050125E+03));
#422 = LINE('',#423,#424);
#423 = CARTESIAN_POINT('',(-342.9,-311.15,1.7600125E+03));
#424 = VECTOR('',#425,1.);
#425 = DIRECTION('',(0.,0.,1.));
#426 = ORIENTED_EDGE('',*,*,#427,.T.);
#427 = EDGE_CURVE('',#420,#428,#430,.T.);
#428 = VERTEX_POINT('',#429);
#429 = CARTESIAN_POINT('',(342.9,-311.15,2.0050125E+03));
#430 = LINE('',#431,#432);
#431 = CARTESIAN_POINT('',(-342.9,-311.15,2.0050125E+03));
#432 = VECTOR('',#433,1.);
#433 = DIRECTION('',(1.,0.,0.));
#434 = ORIENTED_EDGE('',*,*,#435,.F.);
#435 = EDGE_CURVE('',#198,#428,#436,.T.);
#436 = LINE('',#437,#438);
#437 = CARTESIAN_POINT('',(342.9,-311.15,1.7600125E+03));
#438 = VECTOR('',#439,1.);
#439 = DIRECTION('',(0.,0.,1.));
#440 = FACE_BOUND('',#441,.F.);
#441 = EDGE_LOOP('',(#442,#452,#460,#468));
#442 = ORIENTED_EDGE('',*,*,#443,.F.);
#443 = EDGE_CURVE('',#444,#446,#448,.T.);
#444 = VERTEX_POINT('',#445);
#445 = CARTESIAN_POINT('',(158.882,-311.15,1.8260125E+03));
#446 = VERTEX_POINT('',#447);
#447 = CARTESIAN_POINT('',(238.882,-311.15,1.8260125E+03));
#448 = LINE('',#449,#450);
#449 = CARTESIAN_POINT('',(-92.009,-311.15,1.8260125E+03));
#450 = VECTOR('',#451,1.);
#451 = DIRECTION('',(1.,0.,0.));
#452 = ORIENTED_EDGE('',*,*,#453,.T.);
#453 = EDGE_CURVE('',#444,#454,#456,.T.);
#454 = VERTEX_POINT('',#455);
#455 = CARTESIAN_POINT('',(158.882,-311.15,1.7900125E+03));
#456 = LINE('',#457,#458);
#457 = CARTESIAN_POINT('',(158.882,-311.15,1.7750125E+03));
#458 = VECTOR('',#459,1.);
#459 = DIRECTION('',(0.,0.,-1.));
#460 = ORIENTED_EDGE('',*,*,#461,.T.);
#461 = EDGE_CURVE('',#454,#462,#464,.T.);
#462 = VERTEX_POINT('',#463);
#463 = CARTESIAN_POINT('',(238.882,-311.15,1.7900125E+03));
#464 = LINE('',#465,#466);
#465 = CARTESIAN_POINT('',(-92.009,-311.15,1.7900125E+03));
#466 = VECTOR('',#467,1.);
#467 = DIRECTION('',(1.,0.,0.));
#468 = ORIENTED_EDGE('',*,*,#469,.F.);
#469 = EDGE_CURVE('',#446,#462,#470,.T.);
#470 = LINE('',#471,#472);
#471 = CARTESIAN_POINT('',(238.882,-311.15,1.7750125E+03));
#472 = VECTOR('',#473,1.);
#473 = DIRECTION('',(0.,0.,-1.));
#474 = PLANE('',#475);
#475 = AXIS2_PLACEMENT_3D('',#476,#477,#478);
#476 = CARTESIAN_POINT('',(-342.9,-311.15,1.7600125E+03));
#477 = DIRECTION('',(0.,1.,0.));
#478 = DIRECTION('',(0.,0.,1.));
#479 = ADVANCED_FACE('',(#480),#491,.T.);
#480 = FACE_BOUND('',#481,.T.);
#481 = EDGE_LOOP('',(#482,#483,#484,#490));
#482 = ORIENTED_EDGE('',*,*,#212,.F.);
#483 = ORIENTED_EDGE('',*,*,#300,.F.);
#484 = ORIENTED_EDGE('',*,*,#485,.T.);
#485 = EDGE_CURVE('',#291,#228,#486,.T.);
#486 = LINE('',#487,#488);
#487 = CARTESIAN_POINT('',(-322.9,-261.15,1.8000125E+03));
#488 = VECTOR('',#489,1.);
#489 = DIRECTION('',(1.,0.,0.));
#490 = ORIENTED_EDGE('',*,*,#237,.T.);
#491 = PLANE('',#492);
#492 = AXIS2_PLACEMENT_3D('',#493,#494,#495);
#493 = CARTESIAN_POINT('',(-342.9,-261.15,1.7600125E+03));
#494 = DIRECTION('',(0.,1.,0.));
#495 = DIRECTION('',(0.,0.,1.));
#496 = ADVANCED_FACE('',(#497),#508,.F.);
#497 = FACE_BOUND('',#498,.F.);
#498 = EDGE_LOOP('',(#499,#500,#501,#502));
#499 = ORIENTED_EDGE('',*,*,#290,.F.);
#500 = ORIENTED_EDGE('',*,*,#485,.T.);
#501 = ORIENTED_EDGE('',*,*,#227,.T.);
#502 = ORIENTED_EDGE('',*,*,#503,.F.);
#503 = EDGE_CURVE('',#293,#230,#504,.T.);
#504 = LINE('',#505,#506);
#505 = CARTESIAN_POINT('',(-302.9,247.15,1.8000125E+03));
#506 = VECTOR('',#507,1.);
#507 = DIRECTION('',(1.,0.,0.));
#508 = PLANE('',#509);
#509 = AXIS2_PLACEMENT_3D('',#510,#511,#512);
#510 = CARTESIAN_POINT('',(-302.9,-286.15,1.8000125E+03));
#511 = DIRECTION('',(0.,0.,1.));
#512 = DIRECTION('',(1.,0.,0.));
#513 = ADVANCED_FACE('',(#514),#520,.F.);
#514 = FACE_BOUND('',#515,.F.);
#515 = EDGE_LOOP('',(#516,#517,#518,#519));
#516 = ORIENTED_EDGE('',*,*,#276,.F.);
#517 = ORIENTED_EDGE('',*,*,#308,.T.);
#518 = ORIENTED_EDGE('',*,*,#503,.T.);
#519 = ORIENTED_EDGE('',*,*,#252,.F.);
#520 = PLANE('',#521);
#521 = AXIS2_PLACEMENT_3D('',#522,#523,#524);
#522 = CARTESIAN_POINT('',(-302.9,247.15,337.3125));
#523 = DIRECTION('',(0.,1.,0.));
#524 = DIRECTION('',(0.,0.,1.));
#525 = ADVANCED_FACE('',(#526),#532,.F.);
#526 = FACE_BOUND('',#527,.F.);
#527 = EDGE_LOOP('',(#528,#529,#530,#531));
#528 = ORIENTED_EDGE('',*,*,#404,.F.);
#529 = ORIENTED_EDGE('',*,*,#363,.T.);
#530 = ORIENTED_EDGE('',*,*,#339,.T.);
#531 = ORIENTED_EDGE('',*,*,#387,.F.);
#532 = PLANE('',#533);
#533 = AXIS2_PLACEMENT_3D('',#534,#535,#536);
#534 = CARTESIAN_POINT('',(-302.9,247.15,117.3125));
#535 = DIRECTION('',(0.,1.,0.));
#536 = DIRECTION('',(0.,0.,1.));
#537 = ADVANCED_FACE('',(#538),#563,.F.);
#538 = FACE_BOUND('',#539,.F.);
#539 = EDGE_LOOP('',(#540,#548,#549,#557));
#540 = ORIENTED_EDGE('',*,*,#541,.F.);
#541 = EDGE_CURVE('',#444,#542,#544,.T.);
#542 = VERTEX_POINT('',#543);
#543 = CARTESIAN_POINT('',(158.882,-305.65,1.8260125E+03));
#544 = LINE('',#545,#546);
#545 = CARTESIAN_POINT('',(158.882,-312.65,1.8260125E+03));
#546 = VECTOR('',#547,1.);
#547 = DIRECTION('',(0.,1.,0.));
#548 = ORIENTED_EDGE('',*,*,#443,.T.);
#549 = ORIENTED_EDGE('',*,*,#550,.T.);
#550 = EDGE_CURVE('',#446,#551,#553,.T.);
#551 = VERTEX_POINT('',#552);
#552 = CARTESIAN_POINT('',(238.882,-305.65,1.8260125E+03));
#553 = LINE('',#554,#555);
#554 = CARTESIAN_POINT('',(238.882,-312.65,1.8260125E+03));
#555 = VECTOR('',#556,1.);
#556 = DIRECTION('',(0.,1.,0.));
#557 = ORIENTED_EDGE('',*,*,#558,.F.);
#558 = EDGE_CURVE('',#542,#551,#559,.T.);
#559 = LINE('',#560,#561);
#560 = CARTESIAN_POINT('',(158.882,-305.65,1.8260125E+03));
#561 = VECTOR('',#562,1.);
#562 = DIRECTION('',(1.,0.,0.));
#563 = PLANE('',#564);
#564 = AXIS2_PLACEMENT_3D('',#565,#566,#567);
#565 = CARTESIAN_POINT('',(158.882,-312.65,1.8260125E+03));
#566 = DIRECTION('',(0.,0.,1.));
#567 = DIRECTION('',(1.,0.,0.));
#568 = ADVANCED_FACE('',(#569),#587,.F.);
#569 = FACE_BOUND('',#570,.F.);
#570 = EDGE_LOOP('',(#571,#572,#573,#581));
#571 = ORIENTED_EDGE('',*,*,#550,.F.);
#572 = ORIENTED_EDGE('',*,*,#469,.T.);
#573 = ORIENTED_EDGE('',*,*,#574,.T.);
#574 = EDGE_CURVE('',#462,#575,#577,.T.);
#575 = VERTEX_POINT('',#576);
#576 = CARTESIAN_POINT('',(238.882,-305.65,1.7900125E+03));
#577 = LINE('',#578,#579);
#578 = CARTESIAN_POINT('',(238.882,-312.65,1.7900125E+03));
#579 = VECTOR('',#580,1.);
#580 = DIRECTION('',(0.,1.,0.));
#581 = ORIENTED_EDGE('',*,*,#582,.T.);
#582 = EDGE_CURVE('',#575,#551,#583,.T.);
#583 = LINE('',#584,#585);
#584 = CARTESIAN_POINT('',(238.882,-305.65,1.7900125E+03));
#585 = VECTOR('',#586,1.);
#586 = DIRECTION('',(0.,0.,1.));
#587 = PLANE('',#588);
#588 = AXIS2_PLACEMENT_3D('',#589,#590,#591);
#589 = CARTESIAN_POINT('',(238.882,-312.65,1.7900125E+03));
#590 = DIRECTION('',(1.,0.,0.));
#591 = DIRECTION('',(0.,0.,1.));
#592 = ADVANCED_FACE('',(#593),#611,.T.);
#593 = FACE_BOUND('',#594,.T.);
#594 = EDGE_LOOP('',(#595,#603,#604,#605));
#595 = ORIENTED_EDGE('',*,*,#596,.F.);
#596 = EDGE_CURVE('',#454,#597,#599,.T.);
#597 = VERTEX_POINT('',#598);
#598 = CARTESIAN_POINT('',(158.882,-305.65,1.7900125E+03));
#599 = LINE('',#600,#601);
#600 = CARTESIAN_POINT('',(158.882,-312.65,1.7900125E+03));
#601 = VECTOR('',#602,1.);
#602 = DIRECTION('',(0.,1.,0.));
#603 = ORIENTED_EDGE('',*,*,#461,.T.);
#604 = ORIENTED_EDGE('',*,*,#574,.T.);
#605 = ORIENTED_EDGE('',*,*,#606,.F.);
#606 = EDGE_CURVE('',#597,#575,#607,.T.);
#607 = LINE('',#608,#609);
#608 = CARTESIAN_POINT('',(158.882,-305.65,1.7900125E+03));
#609 = VECTOR('',#610,1.);
#610 = DIRECTION('',(1.,0.,0.));
#611 = PLANE('',#612);
#612 = AXIS2_PLACEMENT_3D('',#613,#614,#615);
#613 = CARTESIAN_POINT('',(158.882,-312.65,1.7900125E+03));
#614 = DIRECTION('',(0.,0.,1.));
#615 = DIRECTION('',(1.,0.,0.));
#616 = ADVANCED_FACE('',(#617),#628,.T.);
#617 = FACE_BOUND('',#618,.T.);
#618 = EDGE_LOOP('',(#619,#620,#621,#622));
#619 = ORIENTED_EDGE('',*,*,#541,.F.);
#620 = ORIENTED_EDGE('',*,*,#453,.T.);
#621 = ORIENTED_EDGE('',*,*,#596,.T.);
#622 = ORIENTED_EDGE('',*,*,#623,.T.);
#623 = EDGE_CURVE('',#597,#542,#624,.T.);
#624 = LINE('',#625,#626);
#625 = CARTESIAN_POINT('',(158.882,-305.65,1.7900125E+03));
#626 = VECTOR('',#627,1.);
#627 = DIRECTION('',(0.,0.,1.));
#628 = PLANE('',#629);
#629 = AXIS2_PLACEMENT_3D('',#630,#631,#632);
#630 = CARTESIAN_POINT('',(158.882,-312.65,1.7900125E+03));
#631 = DIRECTION('',(1.,0.,0.));
#632 = DIRECTION('',(0.,0.,1.));
#633 = ADVANCED_FACE('',(#634),#640,.F.);
#634 = FACE_BOUND('',#635,.F.);
#635 = EDGE_LOOP('',(#636,#637,#638,#639));
#636 = ORIENTED_EDGE('',*,*,#606,.F.);
#637 = ORIENTED_EDGE('',*,*,#623,.T.);
#638 = ORIENTED_EDGE('',*,*,#558,.T.);
#639 = ORIENTED_EDGE('',*,*,#582,.F.);
#640 = PLANE('',#641);
#641 = AXIS2_PLACEMENT_3D('',#642,#643,#644);
#642 = CARTESIAN_POINT('',(158.882,-305.65,1.7900125E+03));
#643 = DIRECTION('',(0.,1.,0.));
#644 = DIRECTION('',(0.,0.,1.));
#645 = ADVANCED_FACE('',(#646),#659,.T.);
#646 = FACE_BOUND('',#647,.T.);
#647 = EDGE_LOOP('',(#648,#649,#650,#651,#657,#658));
#648 = ORIENTED_EDGE('',*,*,#101,.T.);
#649 = ORIENTED_EDGE('',*,*,#189,.F.);
#650 = ORIENTED_EDGE('',*,*,#419,.T.);
#651 = ORIENTED_EDGE('',*,*,#652,.T.);
#652 = EDGE_CURVE('',#420,#32,#653,.T.);
#653 = LINE('',#654,#655);
#654 = CARTESIAN_POINT('',(-342.9,-311.15,2.0050125E+03));
#655 = VECTOR('',#656,1.);
#656 = DIRECTION('',(0.,1.,0.));
#657 = ORIENTED_EDGE('',*,*,#31,.F.);
#658 = ORIENTED_EDGE('',*,*,#61,.F.);
#659 = PLANE('',#660);
#660 = AXIS2_PLACEMENT_3D('',#661,#662,#663);
#661 = CARTESIAN_POINT('',(-342.9,16.463582677165,1.062626082677E+03));
#662 = DIRECTION('',(-1.,-0.,-0.));
#663 = DIRECTION('',(0.,0.,-1.));
#664 = ADVANCED_FACE('',(#665),#676,.T.);
#665 = FACE_BOUND('',#666,.T.);
#666 = EDGE_LOOP('',(#667,#668,#669,#675));
#667 = ORIENTED_EDGE('',*,*,#652,.F.);
#668 = ORIENTED_EDGE('',*,*,#427,.T.);
#669 = ORIENTED_EDGE('',*,*,#670,.T.);
#670 = EDGE_CURVE('',#428,#40,#671,.T.);
#671 = LINE('',#672,#673);
#672 = CARTESIAN_POINT('',(342.9,-311.15,2.0050125E+03));
#673 = VECTOR('',#674,1.);
#674 = DIRECTION('',(0.,1.,0.));
#675 = ORIENTED_EDGE('',*,*,#39,.F.);
#676 = PLANE('',#677);
#677 = AXIS2_PLACEMENT_3D('',#678,#679,#680);
#678 = CARTESIAN_POINT('',(0.,-1.112446695846E-14,2.0050125E+03));
#679 = DIRECTION('',(0.,0.,1.));
#680 = DIRECTION('',(1.,0.,0.));
#681 = ADVANCED_FACE('',(#682),#690,.T.);
#682 = FACE_BOUND('',#683,.T.);
#683 = EDGE_LOOP('',(#684,#685,#686,#687,#688,#689));
#684 = ORIENTED_EDGE('',*,*,#92,.F.);
#685 = ORIENTED_EDGE('',*,*,#77,.T.);
#686 = ORIENTED_EDGE('',*,*,#47,.T.);
#687 = ORIENTED_EDGE('',*,*,#670,.F.);
#688 = ORIENTED_EDGE('',*,*,#435,.F.);
#689 = ORIENTED_EDGE('',*,*,#205,.T.);
#690 = PLANE('',#691);
#691 = AXIS2_PLACEMENT_3D('',#692,#693,#694);
#692 = CARTESIAN_POINT('',(342.9,16.463582677165,1.062626082677E+03));
#693 = DIRECTION('',(1.,0.,0.));
#694 = DIRECTION('',(0.,0.,1.));
#695 = MANIFOLD_SOLID_BREP('',#696);
#696 = CLOSED_SHELL('',(#697,#737,#802,#826,#850,#867,#879,#910,#934,
    #958,#975));
#697 = ADVANCED_FACE('',(#698),#732,.F.);
#698 = FACE_BOUND('',#699,.F.);
#699 = EDGE_LOOP('',(#700,#710,#718,#726));
#700 = ORIENTED_EDGE('',*,*,#701,.F.);
#701 = EDGE_CURVE('',#702,#704,#706,.T.);
#702 = VERTEX_POINT('',#703);
#703 = CARTESIAN_POINT('',(-338.9,-311.15,337.3125));
#704 = VERTEX_POINT('',#705);
#705 = CARTESIAN_POINT('',(-338.9,-311.15,1.7600125E+03));
#706 = LINE('',#707,#708);
#707 = CARTESIAN_POINT('',(-338.9,-311.15,337.3125));
#708 = VECTOR('',#709,1.);
#709 = DIRECTION('',(0.,0.,1.));
#710 = ORIENTED_EDGE('',*,*,#711,.T.);
#711 = EDGE_CURVE('',#702,#712,#714,.T.);
#712 = VERTEX_POINT('',#713);
#713 = CARTESIAN_POINT('',(-338.9,-266.15,337.3125));
#714 = LINE('',#715,#716);
#715 = CARTESIAN_POINT('',(-338.9,-311.15,337.3125));
#716 = VECTOR('',#717,1.);
#717 = DIRECTION('',(0.,1.,0.));
#718 = ORIENTED_EDGE('',*,*,#719,.T.);
#719 = EDGE_CURVE('',#712,#720,#722,.T.);
#720 = VERTEX_POINT('',#721);
#721 = CARTESIAN_POINT('',(-338.9,-266.15,1.7600125E+03));
#722 = LINE('',#723,#724);
#723 = CARTESIAN_POINT('',(-338.9,-266.15,337.3125));
#724 = VECTOR('',#725,1.);
#725 = DIRECTION('',(0.,0.,1.));
#726 = ORIENTED_EDGE('',*,*,#727,.F.);
#727 = EDGE_CURVE('',#704,#720,#728,.T.);
#728 = LINE('',#729,#730);
#729 = CARTESIAN_POINT('',(-338.9,-311.15,1.7600125E+03));
#730 = VECTOR('',#731,1.);
#731 = DIRECTION('',(0.,1.,0.));
#732 = PLANE('',#733);
#733 = AXIS2_PLACEMENT_3D('',#734,#735,#736);
#734 = CARTESIAN_POINT('',(-338.9,-311.15,337.3125));
#735 = DIRECTION('',(1.,0.,0.));
#736 = DIRECTION('',(0.,0.,1.));
#737 = ADVANCED_FACE('',(#738,#763),#797,.F.);
#738 = FACE_BOUND('',#739,.F.);
#739 = EDGE_LOOP('',(#740,#748,#749,#757));
#740 = ORIENTED_EDGE('',*,*,#741,.F.);
#741 = EDGE_CURVE('',#702,#742,#744,.T.);
#742 = VERTEX_POINT('',#743);
#743 = CARTESIAN_POINT('',(338.9,-311.15,337.3125));
#744 = LINE('',#745,#746);
#745 = CARTESIAN_POINT('',(-338.9,-311.15,337.3125));
#746 = VECTOR('',#747,1.);
#747 = DIRECTION('',(1.,0.,0.));
#748 = ORIENTED_EDGE('',*,*,#701,.T.);
#749 = ORIENTED_EDGE('',*,*,#750,.T.);
#750 = EDGE_CURVE('',#704,#751,#753,.T.);
#751 = VERTEX_POINT('',#752);
#752 = CARTESIAN_POINT('',(338.9,-311.15,1.7600125E+03));
#753 = LINE('',#754,#755);
#754 = CARTESIAN_POINT('',(-338.9,-311.15,1.7600125E+03));
#755 = VECTOR('',#756,1.);
#756 = DIRECTION('',(1.,0.,0.));
#757 = ORIENTED_EDGE('',*,*,#758,.F.);
#758 = EDGE_CURVE('',#742,#751,#759,.T.);
#759 = LINE('',#760,#761);
#760 = CARTESIAN_POINT('',(338.9,-311.15,337.3125));
#761 = VECTOR('',#762,1.);
#762 = DIRECTION('',(0.,0.,1.));
#763 = FACE_BOUND('',#764,.F.);
#764 = EDGE_LOOP('',(#765,#775,#783,#791));
#765 = ORIENTED_EDGE('',*,*,#766,.F.);
#766 = EDGE_CURVE('',#767,#769,#771,.T.);
#767 = VERTEX_POINT('',#768);
#768 = CARTESIAN_POINT('',(-287.9,-311.15,1.208251E+03));
#769 = VERTEX_POINT('',#770);
#770 = CARTESIAN_POINT('',(-167.9,-311.15,1.208251E+03));
#771 = LINE('',#772,#773);
#772 = CARTESIAN_POINT('',(-313.4,-311.15,1.208251E+03));
#773 = VECTOR('',#774,1.);
#774 = DIRECTION('',(1.,0.,0.));
#775 = ORIENTED_EDGE('',*,*,#776,.T.);
#776 = EDGE_CURVE('',#767,#777,#779,.T.);
#777 = VERTEX_POINT('',#778);
#778 = CARTESIAN_POINT('',(-287.9,-311.15,903.251));
#779 = LINE('',#780,#781);
#780 = CARTESIAN_POINT('',(-287.9,-311.15,620.28175));
#781 = VECTOR('',#782,1.);
#782 = DIRECTION('',(0.,0.,-1.));
#783 = ORIENTED_EDGE('',*,*,#784,.T.);
#784 = EDGE_CURVE('',#777,#785,#787,.T.);
#785 = VERTEX_POINT('',#786);
#786 = CARTESIAN_POINT('',(-167.9,-311.15,903.251));
#787 = LINE('',#788,#789);
#788 = CARTESIAN_POINT('',(-313.4,-311.15,903.251));
#789 = VECTOR('',#790,1.);
#790 = DIRECTION('',(1.,0.,0.));
#791 = ORIENTED_EDGE('',*,*,#792,.F.);
#792 = EDGE_CURVE('',#769,#785,#793,.T.);
#793 = LINE('',#794,#795);
#794 = CARTESIAN_POINT('',(-167.9,-311.15,620.28175));
#795 = VECTOR('',#796,1.);
#796 = DIRECTION('',(0.,0.,-1.));
#797 = PLANE('',#798);
#798 = AXIS2_PLACEMENT_3D('',#799,#800,#801);
#799 = CARTESIAN_POINT('',(-338.9,-311.15,337.3125));
#800 = DIRECTION('',(0.,1.,0.));
#801 = DIRECTION('',(0.,0.,1.));
#802 = ADVANCED_FACE('',(#803),#821,.T.);
#803 = FACE_BOUND('',#804,.T.);
#804 = EDGE_LOOP('',(#805,#806,#807,#815));
#805 = ORIENTED_EDGE('',*,*,#727,.F.);
#806 = ORIENTED_EDGE('',*,*,#750,.T.);
#807 = ORIENTED_EDGE('',*,*,#808,.T.);
#808 = EDGE_CURVE('',#751,#809,#811,.T.);
#809 = VERTEX_POINT('',#810);
#810 = CARTESIAN_POINT('',(338.9,-266.15,1.7600125E+03));
#811 = LINE('',#812,#813);
#812 = CARTESIAN_POINT('',(338.9,-311.15,1.7600125E+03));
#813 = VECTOR('',#814,1.);
#814 = DIRECTION('',(0.,1.,0.));
#815 = ORIENTED_EDGE('',*,*,#816,.F.);
#816 = EDGE_CURVE('',#720,#809,#817,.T.);
#817 = LINE('',#818,#819);
#818 = CARTESIAN_POINT('',(-338.9,-266.15,1.7600125E+03));
#819 = VECTOR('',#820,1.);
#820 = DIRECTION('',(1.,0.,0.));
#821 = PLANE('',#822);
#822 = AXIS2_PLACEMENT_3D('',#823,#824,#825);
#823 = CARTESIAN_POINT('',(-338.9,-311.15,1.7600125E+03));
#824 = DIRECTION('',(0.,0.,1.));
#825 = DIRECTION('',(1.,0.,0.));
#826 = ADVANCED_FACE('',(#827),#845,.T.);
#827 = FACE_BOUND('',#828,.T.);
#828 = EDGE_LOOP('',(#829,#837,#838,#839));
#829 = ORIENTED_EDGE('',*,*,#830,.F.);
#830 = EDGE_CURVE('',#712,#831,#833,.T.);
#831 = VERTEX_POINT('',#832);
#832 = CARTESIAN_POINT('',(338.9,-266.15,337.3125));
#833 = LINE('',#834,#835);
#834 = CARTESIAN_POINT('',(-338.9,-266.15,337.3125));
#835 = VECTOR('',#836,1.);
#836 = DIRECTION('',(1.,0.,0.));
#837 = ORIENTED_EDGE('',*,*,#719,.T.);
#838 = ORIENTED_EDGE('',*,*,#816,.T.);
#839 = ORIENTED_EDGE('',*,*,#840,.F.);
#840 = EDGE_CURVE('',#831,#809,#841,.T.);
#841 = LINE('',#842,#843);
#842 = CARTESIAN_POINT('',(338.9,-266.15,337.3125));
#843 = VECTOR('',#844,1.);
#844 = DIRECTION('',(0.,0.,1.));
#845 = PLANE('',#846);
#846 = AXIS2_PLACEMENT_3D('',#847,#848,#849);
#847 = CARTESIAN_POINT('',(-338.9,-266.15,337.3125));
#848 = DIRECTION('',(0.,1.,0.));
#849 = DIRECTION('',(0.,0.,1.));
#850 = ADVANCED_FACE('',(#851),#862,.F.);
#851 = FACE_BOUND('',#852,.F.);
#852 = EDGE_LOOP('',(#853,#854,#855,#861));
#853 = ORIENTED_EDGE('',*,*,#711,.F.);
#854 = ORIENTED_EDGE('',*,*,#741,.T.);
#855 = ORIENTED_EDGE('',*,*,#856,.T.);
#856 = EDGE_CURVE('',#742,#831,#857,.T.);
#857 = LINE('',#858,#859);
#858 = CARTESIAN_POINT('',(338.9,-311.15,337.3125));
#859 = VECTOR('',#860,1.);
#860 = DIRECTION('',(0.,1.,0.));
#861 = ORIENTED_EDGE('',*,*,#830,.F.);
#862 = PLANE('',#863);
#863 = AXIS2_PLACEMENT_3D('',#864,#865,#866);
#864 = CARTESIAN_POINT('',(-338.9,-311.15,337.3125));
#865 = DIRECTION('',(0.,0.,1.));
#866 = DIRECTION('',(1.,0.,0.));
#867 = ADVANCED_FACE('',(#868),#874,.T.);
#868 = FACE_BOUND('',#869,.T.);
#869 = EDGE_LOOP('',(#870,#871,#872,#873));
#870 = ORIENTED_EDGE('',*,*,#758,.F.);
#871 = ORIENTED_EDGE('',*,*,#856,.T.);
#872 = ORIENTED_EDGE('',*,*,#840,.T.);
#873 = ORIENTED_EDGE('',*,*,#808,.F.);
#874 = PLANE('',#875);
#875 = AXIS2_PLACEMENT_3D('',#876,#877,#878);
#876 = CARTESIAN_POINT('',(338.9,-311.15,337.3125));
#877 = DIRECTION('',(1.,0.,0.));
#878 = DIRECTION('',(0.,0.,1.));
#879 = ADVANCED_FACE('',(#880),#905,.F.);
#880 = FACE_BOUND('',#881,.F.);
#881 = EDGE_LOOP('',(#882,#890,#891,#899));
#882 = ORIENTED_EDGE('',*,*,#883,.F.);
#883 = EDGE_CURVE('',#767,#884,#886,.T.);
#884 = VERTEX_POINT('',#885);
#885 = CARTESIAN_POINT('',(-287.9,-293.15,1.208251E+03));
#886 = LINE('',#887,#888);
#887 = CARTESIAN_POINT('',(-287.9,-313.15,1.208251E+03));
#888 = VECTOR('',#889,1.);
#889 = DIRECTION('',(0.,1.,0.));
#890 = ORIENTED_EDGE('',*,*,#766,.T.);
#891 = ORIENTED_EDGE('',*,*,#892,.T.);
#892 = EDGE_CURVE('',#769,#893,#895,.T.);
#893 = VERTEX_POINT('',#894);
#894 = CARTESIAN_POINT('',(-167.9,-293.15,1.208251E+03));
#895 = LINE('',#896,#897);
#896 = CARTESIAN_POINT('',(-167.9,-313.15,1.208251E+03));
#897 = VECTOR('',#898,1.);
#898 = DIRECTION('',(0.,1.,0.));
#899 = ORIENTED_EDGE('',*,*,#900,.F.);
#900 = EDGE_CURVE('',#884,#893,#901,.T.);
#901 = LINE('',#902,#903);
#902 = CARTESIAN_POINT('',(-287.9,-293.15,1.208251E+03));
#903 = VECTOR('',#904,1.);
#904 = DIRECTION('',(1.,0.,0.));
#905 = PLANE('',#906);
#906 = AXIS2_PLACEMENT_3D('',#907,#908,#909);
#907 = CARTESIAN_POINT('',(-287.9,-313.15,1.208251E+03));
#908 = DIRECTION('',(0.,0.,1.));
#909 = DIRECTION('',(1.,0.,0.));
#910 = ADVANCED_FACE('',(#911),#929,.F.);
#911 = FACE_BOUND('',#912,.F.);
#912 = EDGE_LOOP('',(#913,#914,#915,#923));
#913 = ORIENTED_EDGE('',*,*,#892,.F.);
#914 = ORIENTED_EDGE('',*,*,#792,.T.);
#915 = ORIENTED_EDGE('',*,*,#916,.T.);
#916 = EDGE_CURVE('',#785,#917,#919,.T.);
#917 = VERTEX_POINT('',#918);
#918 = CARTESIAN_POINT('',(-167.9,-293.15,903.251));
#919 = LINE('',#920,#921);
#920 = CARTESIAN_POINT('',(-167.9,-313.15,903.251));
#921 = VECTOR('',#922,1.);
#922 = DIRECTION('',(0.,1.,0.));
#923 = ORIENTED_EDGE('',*,*,#924,.T.);
#924 = EDGE_CURVE('',#917,#893,#925,.T.);
#925 = LINE('',#926,#927);
#926 = CARTESIAN_POINT('',(-167.9,-293.15,903.251));
#927 = VECTOR('',#928,1.);
#928 = DIRECTION('',(0.,0.,1.));
#929 = PLANE('',#930);
#930 = AXIS2_PLACEMENT_3D('',#931,#932,#933);
#931 = CARTESIAN_POINT('',(-167.9,-313.15,903.251));
#932 = DIRECTION('',(1.,0.,0.));
#933 = DIRECTION('',(0.,0.,1.));
#934 = ADVANCED_FACE('',(#935),#953,.T.);
#935 = FACE_BOUND('',#936,.T.);
#936 = EDGE_LOOP('',(#937,#945,#946,#947));
#937 = ORIENTED_EDGE('',*,*,#938,.F.);
#938 = EDGE_CURVE('',#777,#939,#941,.T.);
#939 = VERTEX_POINT('',#940);
#940 = CARTESIAN_POINT('',(-287.9,-293.15,903.251));
#941 = LINE('',#942,#943);
#942 = CARTESIAN_POINT('',(-287.9,-313.15,903.251));
#943 = VECTOR('',#944,1.);
#944 = DIRECTION('',(0.,1.,0.));
#945 = ORIENTED_EDGE('',*,*,#784,.T.);
#946 = ORIENTED_EDGE('',*,*,#916,.T.);
#947 = ORIENTED_EDGE('',*,*,#948,.F.);
#948 = EDGE_CURVE('',#939,#917,#949,.T.);
#949 = LINE('',#950,#951);
#950 = CARTESIAN_POINT('',(-287.9,-293.15,903.251));
#951 = VECTOR('',#952,1.);
#952 = DIRECTION('',(1.,0.,0.));
#953 = PLANE('',#954);
#954 = AXIS2_PLACEMENT_3D('',#955,#956,#957);
#955 = CARTESIAN_POINT('',(-287.9,-313.15,903.251));
#956 = DIRECTION('',(0.,0.,1.));
#957 = DIRECTION('',(1.,0.,0.));
#958 = ADVANCED_FACE('',(#959),#970,.T.);
#959 = FACE_BOUND('',#960,.T.);
#960 = EDGE_LOOP('',(#961,#962,#963,#964));
#961 = ORIENTED_EDGE('',*,*,#883,.F.);
#962 = ORIENTED_EDGE('',*,*,#776,.T.);
#963 = ORIENTED_EDGE('',*,*,#938,.T.);
#964 = ORIENTED_EDGE('',*,*,#965,.T.);
#965 = EDGE_CURVE('',#939,#884,#966,.T.);
#966 = LINE('',#967,#968);
#967 = CARTESIAN_POINT('',(-287.9,-293.15,903.251));
#968 = VECTOR('',#969,1.);
#969 = DIRECTION('',(0.,0.,1.));
#970 = PLANE('',#971);
#971 = AXIS2_PLACEMENT_3D('',#972,#973,#974);
#972 = CARTESIAN_POINT('',(-287.9,-313.15,903.251));
#973 = DIRECTION('',(1.,0.,0.));
#974 = DIRECTION('',(0.,0.,1.));
#975 = ADVANCED_FACE('',(#976),#982,.F.);
#976 = FACE_BOUND('',#977,.F.);
#977 = EDGE_LOOP('',(#978,#979,#980,#981));
#978 = ORIENTED_EDGE('',*,*,#948,.F.);
#979 = ORIENTED_EDGE('',*,*,#965,.T.);
#980 = ORIENTED_EDGE('',*,*,#900,.T.);
#981 = ORIENTED_EDGE('',*,*,#924,.F.);
#982 = PLANE('',#983);
#983 = AXIS2_PLACEMENT_3D('',#984,#985,#986);
#984 = CARTESIAN_POINT('',(-287.9,-293.15,903.251));
#985 = DIRECTION('',(0.,1.,0.));
#986 = DIRECTION('',(0.,0.,1.));
#987 = MANIFOLD_SOLID_BREP('',#988);
#988 = CLOSED_SHELL('',(#989,#1029,#1069,#1091,#1113,#1125));
#989 = ADVANCED_FACE('',(#990),#1024,.F.);
#990 = FACE_BOUND('',#991,.F.);
#991 = EDGE_LOOP('',(#992,#1002,#1010,#1018));
#992 = ORIENTED_EDGE('',*,*,#993,.F.);
#993 = EDGE_CURVE('',#994,#996,#998,.T.);
#994 = VERTEX_POINT('',#995);
#995 = CARTESIAN_POINT('',(-301.9,-267.15,377.3125));
#996 = VERTEX_POINT('',#997);
#997 = CARTESIAN_POINT('',(-301.9,-267.15,1.7200125E+03));
#998 = LINE('',#999,#1000);
#999 = CARTESIAN_POINT('',(-301.9,-267.15,377.3125));
#1000 = VECTOR('',#1001,1.);
#1001 = DIRECTION('',(0.,0.,1.));
#1002 = ORIENTED_EDGE('',*,*,#1003,.T.);
#1003 = EDGE_CURVE('',#994,#1004,#1006,.T.);
#1004 = VERTEX_POINT('',#1005);
#1005 = CARTESIAN_POINT('',(-301.9,-253.15,377.3125));
#1006 = LINE('',#1007,#1008);
#1007 = CARTESIAN_POINT('',(-301.9,-267.15,377.3125));
#1008 = VECTOR('',#1009,1.);
#1009 = DIRECTION('',(0.,1.,0.));
#1010 = ORIENTED_EDGE('',*,*,#1011,.T.);
#1011 = EDGE_CURVE('',#1004,#1012,#1014,.T.);
#1012 = VERTEX_POINT('',#1013);
#1013 = CARTESIAN_POINT('',(-301.9,-253.15,1.7200125E+03));
#1014 = LINE('',#1015,#1016);
#1015 = CARTESIAN_POINT('',(-301.9,-253.15,377.3125));
#1016 = VECTOR('',#1017,1.);
#1017 = DIRECTION('',(0.,0.,1.));
#1018 = ORIENTED_EDGE('',*,*,#1019,.F.);
#1019 = EDGE_CURVE('',#996,#1012,#1020,.T.);
#1020 = LINE('',#1021,#1022);
#1021 = CARTESIAN_POINT('',(-301.9,-267.15,1.7200125E+03));
#1022 = VECTOR('',#1023,1.);
#1023 = DIRECTION('',(0.,1.,0.));
#1024 = PLANE('',#1025);
#1025 = AXIS2_PLACEMENT_3D('',#1026,#1027,#1028);
#1026 = CARTESIAN_POINT('',(-301.9,-267.15,377.3125));
#1027 = DIRECTION('',(1.,0.,0.));
#1028 = DIRECTION('',(0.,0.,1.));
#1029 = ADVANCED_FACE('',(#1030),#1064,.T.);
#1030 = FACE_BOUND('',#1031,.T.);
#1031 = EDGE_LOOP('',(#1032,#1042,#1050,#1058));
#1032 = ORIENTED_EDGE('',*,*,#1033,.F.);
#1033 = EDGE_CURVE('',#1034,#1036,#1038,.T.);
#1034 = VERTEX_POINT('',#1035);
#1035 = CARTESIAN_POINT('',(301.9,-267.15,377.3125));
#1036 = VERTEX_POINT('',#1037);
#1037 = CARTESIAN_POINT('',(301.9,-267.15,1.7200125E+03));
#1038 = LINE('',#1039,#1040);
#1039 = CARTESIAN_POINT('',(301.9,-267.15,377.3125));
#1040 = VECTOR('',#1041,1.);
#1041 = DIRECTION('',(0.,0.,1.));
#1042 = ORIENTED_EDGE('',*,*,#1043,.T.);
#1043 = EDGE_CURVE('',#1034,#1044,#1046,.T.);
#1044 = VERTEX_POINT('',#1045);
#1045 = CARTESIAN_POINT('',(301.9,-253.15,377.3125));
#1046 = LINE('',#1047,#1048);
#1047 = CARTESIAN_POINT('',(301.9,-267.15,377.3125));
#1048 = VECTOR('',#1049,1.);
#1049 = DIRECTION('',(0.,1.,0.));
#1050 = ORIENTED_EDGE('',*,*,#1051,.T.);
#1051 = EDGE_CURVE('',#1044,#1052,#1054,.T.);
#1052 = VERTEX_POINT('',#1053);
#1053 = CARTESIAN_POINT('',(301.9,-253.15,1.7200125E+03));
#1054 = LINE('',#1055,#1056);
#1055 = CARTESIAN_POINT('',(301.9,-253.15,377.3125));
#1056 = VECTOR('',#1057,1.);
#1057 = DIRECTION('',(0.,0.,1.));
#1058 = ORIENTED_EDGE('',*,*,#1059,.F.);
#1059 = EDGE_CURVE('',#1036,#1052,#1060,.T.);
#1060 = LINE('',#1061,#1062);
#1061 = CARTESIAN_POINT('',(301.9,-267.15,1.7200125E+03));
#1062 = VECTOR('',#1063,1.);
#1063 = DIRECTION('',(0.,1.,0.));
#1064 = PLANE('',#1065);
#1065 = AXIS2_PLACEMENT_3D('',#1066,#1067,#1068);
#1066 = CARTESIAN_POINT('',(301.9,-267.15,377.3125));
#1067 = DIRECTION('',(1.,0.,0.));
#1068 = DIRECTION('',(0.,0.,1.));
#1069 = ADVANCED_FACE('',(#1070),#1086,.F.);
#1070 = FACE_BOUND('',#1071,.F.);
#1071 = EDGE_LOOP('',(#1072,#1078,#1079,#1085));
#1072 = ORIENTED_EDGE('',*,*,#1073,.F.);
#1073 = EDGE_CURVE('',#994,#1034,#1074,.T.);
#1074 = LINE('',#1075,#1076);
#1075 = CARTESIAN_POINT('',(-301.9,-267.15,377.3125));
#1076 = VECTOR('',#1077,1.);
#1077 = DIRECTION('',(1.,0.,0.));
#1078 = ORIENTED_EDGE('',*,*,#993,.T.);
#1079 = ORIENTED_EDGE('',*,*,#1080,.T.);
#1080 = EDGE_CURVE('',#996,#1036,#1081,.T.);
#1081 = LINE('',#1082,#1083);
#1082 = CARTESIAN_POINT('',(-301.9,-267.15,1.7200125E+03));
#1083 = VECTOR('',#1084,1.);
#1084 = DIRECTION('',(1.,0.,0.));
#1085 = ORIENTED_EDGE('',*,*,#1033,.F.);
#1086 = PLANE('',#1087);
#1087 = AXIS2_PLACEMENT_3D('',#1088,#1089,#1090);
#1088 = CARTESIAN_POINT('',(-301.9,-267.15,377.3125));
#1089 = DIRECTION('',(0.,1.,0.));
#1090 = DIRECTION('',(0.,0.,1.));
#1091 = ADVANCED_FACE('',(#1092),#1108,.T.);
#1092 = FACE_BOUND('',#1093,.T.);
#1093 = EDGE_LOOP('',(#1094,#1100,#1101,#1107));
#1094 = ORIENTED_EDGE('',*,*,#1095,.F.);
#1095 = EDGE_CURVE('',#1004,#1044,#1096,.T.);
#1096 = LINE('',#1097,#1098);
#1097 = CARTESIAN_POINT('',(-301.9,-253.15,377.3125));
#1098 = VECTOR('',#1099,1.);
#1099 = DIRECTION('',(1.,0.,0.));
#1100 = ORIENTED_EDGE('',*,*,#1011,.T.);
#1101 = ORIENTED_EDGE('',*,*,#1102,.T.);
#1102 = EDGE_CURVE('',#1012,#1052,#1103,.T.);
#1103 = LINE('',#1104,#1105);
#1104 = CARTESIAN_POINT('',(-301.9,-253.15,1.7200125E+03));
#1105 = VECTOR('',#1106,1.);
#1106 = DIRECTION('',(1.,0.,0.));
#1107 = ORIENTED_EDGE('',*,*,#1051,.F.);
#1108 = PLANE('',#1109);
#1109 = AXIS2_PLACEMENT_3D('',#1110,#1111,#1112);
#1110 = CARTESIAN_POINT('',(-301.9,-253.15,377.3125));
#1111 = DIRECTION('',(0.,1.,0.));
#1112 = DIRECTION('',(0.,0.,1.));
#1113 = ADVANCED_FACE('',(#1114),#1120,.F.);
#1114 = FACE_BOUND('',#1115,.F.);
#1115 = EDGE_LOOP('',(#1116,#1117,#1118,#1119));
#1116 = ORIENTED_EDGE('',*,*,#1003,.F.);
#1117 = ORIENTED_EDGE('',*,*,#1073,.T.);
#1118 = ORIENTED_EDGE('',*,*,#1043,.T.);
#1119 = ORIENTED_EDGE('',*,*,#1095,.F.);
#1120 = PLANE('',#1121);
#1121 = AXIS2_PLACEMENT_3D('',#1122,#1123,#1124);
#1122 = CARTESIAN_POINT('',(-301.9,-267.15,377.3125));
#1123 = DIRECTION('',(0.,0.,1.));
#1124 = DIRECTION('',(1.,0.,0.));
#1125 = ADVANCED_FACE('',(#1126),#1132,.T.);
#1126 = FACE_BOUND('',#1127,.T.);
#1127 = EDGE_LOOP('',(#1128,#1129,#1130,#1131));
#1128 = ORIENTED_EDGE('',*,*,#1019,.F.);
#1129 = ORIENTED_EDGE('',*,*,#1080,.T.);
#1130 = ORIENTED_EDGE('',*,*,#1059,.T.);
#1131 = ORIENTED_EDGE('',*,*,#1102,.F.);
#1132 = PLANE('',#1133);
#1133 = AXIS2_PLACEMENT_3D('',#1134,#1135,#1136);
#1134 = CARTESIAN_POINT('',(-301.9,-267.15,1.7200125E+03));
#1135 = DIRECTION('',(0.,0.,1.));
#1136 = DIRECTION('',(1.,0.,0.));
#1137 = MANIFOLD_SOLID_BREP('',#1138);
#1138 = CLOSED_SHELL('',(#1139,#1179,#1244,#1268,#1326,#1343,#1355,#1377
    ,#1394,#1411));
#1139 = ADVANCED_FACE('',(#1140),#1174,.F.);
#1140 = FACE_BOUND('',#1141,.F.);
#1141 = EDGE_LOOP('',(#1142,#1152,#1160,#1168));
#1142 = ORIENTED_EDGE('',*,*,#1143,.F.);
#1143 = EDGE_CURVE('',#1144,#1146,#1148,.T.);
#1144 = VERTEX_POINT('',#1145);
#1145 = CARTESIAN_POINT('',(-325.4,-266.15,349.8125));
#1146 = VERTEX_POINT('',#1147);
#1147 = CARTESIAN_POINT('',(-325.4,-266.15,1.7475125E+03));
#1148 = LINE('',#1149,#1150);
#1149 = CARTESIAN_POINT('',(-325.4,-266.15,349.8125));
#1150 = VECTOR('',#1151,1.);
#1151 = DIRECTION('',(0.,0.,1.));
#1152 = ORIENTED_EDGE('',*,*,#1153,.T.);
#1153 = EDGE_CURVE('',#1144,#1154,#1156,.T.);
#1154 = VERTEX_POINT('',#1155);
#1155 = CARTESIAN_POINT('',(-325.4,-261.15,349.8125));
#1156 = LINE('',#1157,#1158);
#1157 = CARTESIAN_POINT('',(-325.4,-266.15,349.8125));
#1158 = VECTOR('',#1159,1.);
#1159 = DIRECTION('',(0.,1.,0.));
#1160 = ORIENTED_EDGE('',*,*,#1161,.T.);
#1161 = EDGE_CURVE('',#1154,#1162,#1164,.T.);
#1162 = VERTEX_POINT('',#1163);
#1163 = CARTESIAN_POINT('',(-325.4,-261.15,1.7475125E+03));
#1164 = LINE('',#1165,#1166);
#1165 = CARTESIAN_POINT('',(-325.4,-261.15,349.8125));
#1166 = VECTOR('',#1167,1.);
#1167 = DIRECTION('',(0.,0.,1.));
#1168 = ORIENTED_EDGE('',*,*,#1169,.F.);
#1169 = EDGE_CURVE('',#1146,#1162,#1170,.T.);
#1170 = LINE('',#1171,#1172);
#1171 = CARTESIAN_POINT('',(-325.4,-266.15,1.7475125E+03));
#1172 = VECTOR('',#1173,1.);
#1173 = DIRECTION('',(0.,1.,0.));
#1174 = PLANE('',#1175);
#1175 = AXIS2_PLACEMENT_3D('',#1176,#1177,#1178);
#1176 = CARTESIAN_POINT('',(-325.4,-266.15,349.8125));
#1177 = DIRECTION('',(1.,0.,0.));
#1178 = DIRECTION('',(0.,0.,1.));
#1179 = ADVANCED_FACE('',(#1180,#1205),#1239,.F.);
#1180 = FACE_BOUND('',#1181,.F.);
#1181 = EDGE_LOOP('',(#1182,#1190,#1191,#1199));
#1182 = ORIENTED_EDGE('',*,*,#1183,.F.);
#1183 = EDGE_CURVE('',#1144,#1184,#1186,.T.);
#1184 = VERTEX_POINT('',#1185);
#1185 = CARTESIAN_POINT('',(325.4,-266.15,349.8125));
#1186 = LINE('',#1187,#1188);
#1187 = CARTESIAN_POINT('',(-325.4,-266.15,349.8125));
#1188 = VECTOR('',#1189,1.);
#1189 = DIRECTION('',(1.,0.,0.));
#1190 = ORIENTED_EDGE('',*,*,#1143,.T.);
#1191 = ORIENTED_EDGE('',*,*,#1192,.T.);
#1192 = EDGE_CURVE('',#1146,#1193,#1195,.T.);
#1193 = VERTEX_POINT('',#1194);
#1194 = CARTESIAN_POINT('',(325.4,-266.15,1.7475125E+03));
#1195 = LINE('',#1196,#1197);
#1196 = CARTESIAN_POINT('',(-325.4,-266.15,1.7475125E+03));
#1197 = VECTOR('',#1198,1.);
#1198 = DIRECTION('',(1.,0.,0.));
#1199 = ORIENTED_EDGE('',*,*,#1200,.F.);
#1200 = EDGE_CURVE('',#1184,#1193,#1201,.T.);
#1201 = LINE('',#1202,#1203);
#1202 = CARTESIAN_POINT('',(325.4,-266.15,349.8125));
#1203 = VECTOR('',#1204,1.);
#1204 = DIRECTION('',(0.,0.,1.));
#1205 = FACE_BOUND('',#1206,.F.);
#1206 = EDGE_LOOP('',(#1207,#1217,#1225,#1233));
#1207 = ORIENTED_EDGE('',*,*,#1208,.F.);
#1208 = EDGE_CURVE('',#1209,#1211,#1213,.T.);
#1209 = VERTEX_POINT('',#1210);
#1210 = CARTESIAN_POINT('',(-315.4,-266.15,1.7375125E+03));
#1211 = VERTEX_POINT('',#1212);
#1212 = CARTESIAN_POINT('',(315.4,-266.15,1.7375125E+03));
#1213 = LINE('',#1214,#1215);
#1214 = CARTESIAN_POINT('',(-320.4,-266.15,1.7375125E+03));
#1215 = VECTOR('',#1216,1.);
#1216 = DIRECTION('',(1.,0.,0.));
#1217 = ORIENTED_EDGE('',*,*,#1218,.T.);
#1218 = EDGE_CURVE('',#1209,#1219,#1221,.T.);
#1219 = VERTEX_POINT('',#1220);
#1220 = CARTESIAN_POINT('',(-315.4,-266.15,359.8125));
#1221 = LINE('',#1222,#1223);
#1222 = CARTESIAN_POINT('',(-315.4,-266.15,354.8125));
#1223 = VECTOR('',#1224,1.);
#1224 = DIRECTION('',(0.,0.,-1.));
#1225 = ORIENTED_EDGE('',*,*,#1226,.T.);
#1226 = EDGE_CURVE('',#1219,#1227,#1229,.T.);
#1227 = VERTEX_POINT('',#1228);
#1228 = CARTESIAN_POINT('',(315.4,-266.15,359.8125));
#1229 = LINE('',#1230,#1231);
#1230 = CARTESIAN_POINT('',(-320.4,-266.15,359.8125));
#1231 = VECTOR('',#1232,1.);
#1232 = DIRECTION('',(1.,0.,0.));
#1233 = ORIENTED_EDGE('',*,*,#1234,.F.);
#1234 = EDGE_CURVE('',#1211,#1227,#1235,.T.);
#1235 = LINE('',#1236,#1237);
#1236 = CARTESIAN_POINT('',(315.4,-266.15,354.8125));
#1237 = VECTOR('',#1238,1.);
#1238 = DIRECTION('',(0.,0.,-1.));
#1239 = PLANE('',#1240);
#1240 = AXIS2_PLACEMENT_3D('',#1241,#1242,#1243);
#1241 = CARTESIAN_POINT('',(-325.4,-266.15,349.8125));
#1242 = DIRECTION('',(0.,1.,0.));
#1243 = DIRECTION('',(0.,0.,1.));
#1244 = ADVANCED_FACE('',(#1245),#1263,.T.);
#1245 = FACE_BOUND('',#1246,.T.);
#1246 = EDGE_LOOP('',(#1247,#1248,#1249,#1257));
#1247 = ORIENTED_EDGE('',*,*,#1169,.F.);
#1248 = ORIENTED_EDGE('',*,*,#1192,.T.);
#1249 = ORIENTED_EDGE('',*,*,#1250,.T.);
#1250 = EDGE_CURVE('',#1193,#1251,#1253,.T.);
#1251 = VERTEX_POINT('',#1252);
#1252 = CARTESIAN_POINT('',(325.4,-261.15,1.7475125E+03));
#1253 = LINE('',#1254,#1255);
#1254 = CARTESIAN_POINT('',(325.4,-266.15,1.7475125E+03));
#1255 = VECTOR('',#1256,1.);
#1256 = DIRECTION('',(0.,1.,0.));
#1257 = ORIENTED_EDGE('',*,*,#1258,.F.);
#1258 = EDGE_CURVE('',#1162,#1251,#1259,.T.);
#1259 = LINE('',#1260,#1261);
#1260 = CARTESIAN_POINT('',(-325.4,-261.15,1.7475125E+03));
#1261 = VECTOR('',#1262,1.);
#1262 = DIRECTION('',(1.,0.,0.));
#1263 = PLANE('',#1264);
#1264 = AXIS2_PLACEMENT_3D('',#1265,#1266,#1267);
#1265 = CARTESIAN_POINT('',(-325.4,-266.15,1.7475125E+03));
#1266 = DIRECTION('',(0.,0.,1.));
#1267 = DIRECTION('',(1.,0.,0.));
#1268 = ADVANCED_FACE('',(#1269,#1287),#1321,.T.);
#1269 = FACE_BOUND('',#1270,.T.);
#1270 = EDGE_LOOP('',(#1271,#1279,#1280,#1281));
#1271 = ORIENTED_EDGE('',*,*,#1272,.F.);
#1272 = EDGE_CURVE('',#1154,#1273,#1275,.T.);
#1273 = VERTEX_POINT('',#1274);
#1274 = CARTESIAN_POINT('',(325.4,-261.15,349.8125));
#1275 = LINE('',#1276,#1277);
#1276 = CARTESIAN_POINT('',(-325.4,-261.15,349.8125));
#1277 = VECTOR('',#1278,1.);
#1278 = DIRECTION('',(1.,0.,0.));
#1279 = ORIENTED_EDGE('',*,*,#1161,.T.);
#1280 = ORIENTED_EDGE('',*,*,#1258,.T.);
#1281 = ORIENTED_EDGE('',*,*,#1282,.F.);
#1282 = EDGE_CURVE('',#1273,#1251,#1283,.T.);
#1283 = LINE('',#1284,#1285);
#1284 = CARTESIAN_POINT('',(325.4,-261.15,349.8125));
#1285 = VECTOR('',#1286,1.);
#1286 = DIRECTION('',(0.,0.,1.));
#1287 = FACE_BOUND('',#1288,.T.);
#1288 = EDGE_LOOP('',(#1289,#1299,#1307,#1315));
#1289 = ORIENTED_EDGE('',*,*,#1290,.F.);
#1290 = EDGE_CURVE('',#1291,#1293,#1295,.T.);
#1291 = VERTEX_POINT('',#1292);
#1292 = CARTESIAN_POINT('',(-315.4,-261.15,1.7375125E+03));
#1293 = VERTEX_POINT('',#1294);
#1294 = CARTESIAN_POINT('',(315.4,-261.15,1.7375125E+03));
#1295 = LINE('',#1296,#1297);
#1296 = CARTESIAN_POINT('',(-320.4,-261.15,1.7375125E+03));
#1297 = VECTOR('',#1298,1.);
#1298 = DIRECTION('',(1.,0.,0.));
#1299 = ORIENTED_EDGE('',*,*,#1300,.T.);
#1300 = EDGE_CURVE('',#1291,#1301,#1303,.T.);
#1301 = VERTEX_POINT('',#1302);
#1302 = CARTESIAN_POINT('',(-315.4,-261.15,359.8125));
#1303 = LINE('',#1304,#1305);
#1304 = CARTESIAN_POINT('',(-315.4,-261.15,354.8125));
#1305 = VECTOR('',#1306,1.);
#1306 = DIRECTION('',(0.,0.,-1.));
#1307 = ORIENTED_EDGE('',*,*,#1308,.T.);
#1308 = EDGE_CURVE('',#1301,#1309,#1311,.T.);
#1309 = VERTEX_POINT('',#1310);
#1310 = CARTESIAN_POINT('',(315.4,-261.15,359.8125));
#1311 = LINE('',#1312,#1313);
#1312 = CARTESIAN_POINT('',(-320.4,-261.15,359.8125));
#1313 = VECTOR('',#1314,1.);
#1314 = DIRECTION('',(1.,0.,0.));
#1315 = ORIENTED_EDGE('',*,*,#1316,.F.);
#1316 = EDGE_CURVE('',#1293,#1309,#1317,.T.);
#1317 = LINE('',#1318,#1319);
#1318 = CARTESIAN_POINT('',(315.4,-261.15,354.8125));
#1319 = VECTOR('',#1320,1.);
#1320 = DIRECTION('',(0.,0.,-1.));
#1321 = PLANE('',#1322);
#1322 = AXIS2_PLACEMENT_3D('',#1323,#1324,#1325);
#1323 = CARTESIAN_POINT('',(-325.4,-261.15,349.8125));
#1324 = DIRECTION('',(0.,1.,0.));
#1325 = DIRECTION('',(0.,0.,1.));
#1326 = ADVANCED_FACE('',(#1327),#1338,.F.);
#1327 = FACE_BOUND('',#1328,.F.);
#1328 = EDGE_LOOP('',(#1329,#1330,#1331,#1337));
#1329 = ORIENTED_EDGE('',*,*,#1153,.F.);
#1330 = ORIENTED_EDGE('',*,*,#1183,.T.);
#1331 = ORIENTED_EDGE('',*,*,#1332,.T.);
#1332 = EDGE_CURVE('',#1184,#1273,#1333,.T.);
#1333 = LINE('',#1334,#1335);
#1334 = CARTESIAN_POINT('',(325.4,-266.15,349.8125));
#1335 = VECTOR('',#1336,1.);
#1336 = DIRECTION('',(0.,1.,0.));
#1337 = ORIENTED_EDGE('',*,*,#1272,.F.);
#1338 = PLANE('',#1339);
#1339 = AXIS2_PLACEMENT_3D('',#1340,#1341,#1342);
#1340 = CARTESIAN_POINT('',(-325.4,-266.15,349.8125));
#1341 = DIRECTION('',(0.,0.,1.));
#1342 = DIRECTION('',(1.,0.,0.));
#1343 = ADVANCED_FACE('',(#1344),#1350,.T.);
#1344 = FACE_BOUND('',#1345,.T.);
#1345 = EDGE_LOOP('',(#1346,#1347,#1348,#1349));
#1346 = ORIENTED_EDGE('',*,*,#1200,.F.);
#1347 = ORIENTED_EDGE('',*,*,#1332,.T.);
#1348 = ORIENTED_EDGE('',*,*,#1282,.T.);
#1349 = ORIENTED_EDGE('',*,*,#1250,.F.);
#1350 = PLANE('',#1351);
#1351 = AXIS2_PLACEMENT_3D('',#1352,#1353,#1354);
#1352 = CARTESIAN_POINT('',(325.4,-266.15,349.8125));
#1353 = DIRECTION('',(1.,0.,0.));
#1354 = DIRECTION('',(0.,0.,1.));
#1355 = ADVANCED_FACE('',(#1356),#1372,.F.);
#1356 = FACE_BOUND('',#1357,.F.);
#1357 = EDGE_LOOP('',(#1358,#1364,#1365,#1371));
#1358 = ORIENTED_EDGE('',*,*,#1359,.F.);
#1359 = EDGE_CURVE('',#1209,#1291,#1360,.T.);
#1360 = LINE('',#1361,#1362);
#1361 = CARTESIAN_POINT('',(-315.4,-267.15,1.7375125E+03));
#1362 = VECTOR('',#1363,1.);
#1363 = DIRECTION('',(0.,1.,0.));
#1364 = ORIENTED_EDGE('',*,*,#1208,.T.);
#1365 = ORIENTED_EDGE('',*,*,#1366,.T.);
#1366 = EDGE_CURVE('',#1211,#1293,#1367,.T.);
#1367 = LINE('',#1368,#1369);
#1368 = CARTESIAN_POINT('',(315.4,-267.15,1.7375125E+03));
#1369 = VECTOR('',#1370,1.);
#1370 = DIRECTION('',(0.,1.,0.));
#1371 = ORIENTED_EDGE('',*,*,#1290,.F.);
#1372 = PLANE('',#1373);
#1373 = AXIS2_PLACEMENT_3D('',#1374,#1375,#1376);
#1374 = CARTESIAN_POINT('',(-315.4,-267.15,1.7375125E+03));
#1375 = DIRECTION('',(0.,0.,1.));
#1376 = DIRECTION('',(1.,0.,0.));
#1377 = ADVANCED_FACE('',(#1378),#1389,.F.);
#1378 = FACE_BOUND('',#1379,.F.);
#1379 = EDGE_LOOP('',(#1380,#1381,#1382,#1388));
#1380 = ORIENTED_EDGE('',*,*,#1366,.F.);
#1381 = ORIENTED_EDGE('',*,*,#1234,.T.);
#1382 = ORIENTED_EDGE('',*,*,#1383,.T.);
#1383 = EDGE_CURVE('',#1227,#1309,#1384,.T.);
#1384 = LINE('',#1385,#1386);
#1385 = CARTESIAN_POINT('',(315.4,-267.15,359.8125));
#1386 = VECTOR('',#1387,1.);
#1387 = DIRECTION('',(0.,1.,0.));
#1388 = ORIENTED_EDGE('',*,*,#1316,.F.);
#1389 = PLANE('',#1390);
#1390 = AXIS2_PLACEMENT_3D('',#1391,#1392,#1393);
#1391 = CARTESIAN_POINT('',(315.4,-267.15,359.8125));
#1392 = DIRECTION('',(1.,0.,0.));
#1393 = DIRECTION('',(0.,0.,1.));
#1394 = ADVANCED_FACE('',(#1395),#1406,.T.);
#1395 = FACE_BOUND('',#1396,.T.);
#1396 = EDGE_LOOP('',(#1397,#1403,#1404,#1405));
#1397 = ORIENTED_EDGE('',*,*,#1398,.F.);
#1398 = EDGE_CURVE('',#1219,#1301,#1399,.T.);
#1399 = LINE('',#1400,#1401);
#1400 = CARTESIAN_POINT('',(-315.4,-267.15,359.8125));
#1401 = VECTOR('',#1402,1.);
#1402 = DIRECTION('',(0.,1.,0.));
#1403 = ORIENTED_EDGE('',*,*,#1226,.T.);
#1404 = ORIENTED_EDGE('',*,*,#1383,.T.);
#1405 = ORIENTED_EDGE('',*,*,#1308,.F.);
#1406 = PLANE('',#1407);
#1407 = AXIS2_PLACEMENT_3D('',#1408,#1409,#1410);
#1408 = CARTESIAN_POINT('',(-315.4,-267.15,359.8125));
#1409 = DIRECTION('',(0.,0.,1.));
#1410 = DIRECTION('',(1.,0.,0.));
#1411 = ADVANCED_FACE('',(#1412),#1418,.T.);
#1412 = FACE_BOUND('',#1413,.T.);
#1413 = EDGE_LOOP('',(#1414,#1415,#1416,#1417));
#1414 = ORIENTED_EDGE('',*,*,#1359,.F.);
#1415 = ORIENTED_EDGE('',*,*,#1218,.T.);
#1416 = ORIENTED_EDGE('',*,*,#1398,.T.);
#1417 = ORIENTED_EDGE('',*,*,#1300,.F.);
#1418 = PLANE('',#1419);
#1419 = AXIS2_PLACEMENT_3D('',#1420,#1421,#1422);
#1420 = CARTESIAN_POINT('',(-315.4,-267.15,359.8125));
#1421 = DIRECTION('',(1.,0.,0.));
#1422 = DIRECTION('',(0.,0.,1.));
#1423 = MANIFOLD_SOLID_BREP('',#1424);
#1424 = CLOSED_SHELL('',(#1425,#1465,#1505,#1527,#1549,#1561));
#1425 = ADVANCED_FACE('',(#1426),#1460,.F.);
#1426 = FACE_BOUND('',#1427,.F.);
#1427 = EDGE_LOOP('',(#1428,#1438,#1446,#1454));
#1428 = ORIENTED_EDGE('',*,*,#1429,.F.);
#1429 = EDGE_CURVE('',#1430,#1432,#1434,.T.);
#1430 = VERTEX_POINT('',#1431);
#1431 = CARTESIAN_POINT('',(-285.9,-295.65,905.251));
#1432 = VERTEX_POINT('',#1433);
#1433 = CARTESIAN_POINT('',(-285.9,-295.65,1.206251E+03));
#1434 = LINE('',#1435,#1436);
#1435 = CARTESIAN_POINT('',(-285.9,-295.65,905.251));
#1436 = VECTOR('',#1437,1.);
#1437 = DIRECTION('',(0.,0.,1.));
#1438 = ORIENTED_EDGE('',*,*,#1439,.T.);
#1439 = EDGE_CURVE('',#1430,#1440,#1442,.T.);
#1440 = VERTEX_POINT('',#1441);
#1441 = CARTESIAN_POINT('',(-285.9,-292.65,905.251));
#1442 = LINE('',#1443,#1444);
#1443 = CARTESIAN_POINT('',(-285.9,-295.65,905.251));
#1444 = VECTOR('',#1445,1.);
#1445 = DIRECTION('',(0.,1.,0.));
#1446 = ORIENTED_EDGE('',*,*,#1447,.T.);
#1447 = EDGE_CURVE('',#1440,#1448,#1450,.T.);
#1448 = VERTEX_POINT('',#1449);
#1449 = CARTESIAN_POINT('',(-285.9,-292.65,1.206251E+03));
#1450 = LINE('',#1451,#1452);
#1451 = CARTESIAN_POINT('',(-285.9,-292.65,905.251));
#1452 = VECTOR('',#1453,1.);
#1453 = DIRECTION('',(0.,0.,1.));
#1454 = ORIENTED_EDGE('',*,*,#1455,.F.);
#1455 = EDGE_CURVE('',#1432,#1448,#1456,.T.);
#1456 = LINE('',#1457,#1458);
#1457 = CARTESIAN_POINT('',(-285.9,-295.65,1.206251E+03));
#1458 = VECTOR('',#1459,1.);
#1459 = DIRECTION('',(0.,1.,0.));
#1460 = PLANE('',#1461);
#1461 = AXIS2_PLACEMENT_3D('',#1462,#1463,#1464);
#1462 = CARTESIAN_POINT('',(-285.9,-295.65,905.251));
#1463 = DIRECTION('',(1.,0.,0.));
#1464 = DIRECTION('',(0.,0.,1.));
#1465 = ADVANCED_FACE('',(#1466),#1500,.T.);
#1466 = FACE_BOUND('',#1467,.T.);
#1467 = EDGE_LOOP('',(#1468,#1478,#1486,#1494));
#1468 = ORIENTED_EDGE('',*,*,#1469,.F.);
#1469 = EDGE_CURVE('',#1470,#1472,#1474,.T.);
#1470 = VERTEX_POINT('',#1471);
#1471 = CARTESIAN_POINT('',(-169.9,-295.65,905.251));
#1472 = VERTEX_POINT('',#1473);
#1473 = CARTESIAN_POINT('',(-169.9,-295.65,1.206251E+03));
#1474 = LINE('',#1475,#1476);
#1475 = CARTESIAN_POINT('',(-169.9,-295.65,905.251));
#1476 = VECTOR('',#1477,1.);
#1477 = DIRECTION('',(0.,0.,1.));
#1478 = ORIENTED_EDGE('',*,*,#1479,.T.);
#1479 = EDGE_CURVE('',#1470,#1480,#1482,.T.);
#1480 = VERTEX_POINT('',#1481);
#1481 = CARTESIAN_POINT('',(-169.9,-292.65,905.251));
#1482 = LINE('',#1483,#1484);
#1483 = CARTESIAN_POINT('',(-169.9,-295.65,905.251));
#1484 = VECTOR('',#1485,1.);
#1485 = DIRECTION('',(0.,1.,0.));
#1486 = ORIENTED_EDGE('',*,*,#1487,.T.);
#1487 = EDGE_CURVE('',#1480,#1488,#1490,.T.);
#1488 = VERTEX_POINT('',#1489);
#1489 = CARTESIAN_POINT('',(-169.9,-292.65,1.206251E+03));
#1490 = LINE('',#1491,#1492);
#1491 = CARTESIAN_POINT('',(-169.9,-292.65,905.251));
#1492 = VECTOR('',#1493,1.);
#1493 = DIRECTION('',(0.,0.,1.));
#1494 = ORIENTED_EDGE('',*,*,#1495,.F.);
#1495 = EDGE_CURVE('',#1472,#1488,#1496,.T.);
#1496 = LINE('',#1497,#1498);
#1497 = CARTESIAN_POINT('',(-169.9,-295.65,1.206251E+03));
#1498 = VECTOR('',#1499,1.);
#1499 = DIRECTION('',(0.,1.,0.));
#1500 = PLANE('',#1501);
#1501 = AXIS2_PLACEMENT_3D('',#1502,#1503,#1504);
#1502 = CARTESIAN_POINT('',(-169.9,-295.65,905.251));
#1503 = DIRECTION('',(1.,0.,0.));
#1504 = DIRECTION('',(0.,0.,1.));
#1505 = ADVANCED_FACE('',(#1506),#1522,.F.);
#1506 = FACE_BOUND('',#1507,.F.);
#1507 = EDGE_LOOP('',(#1508,#1514,#1515,#1521));
#1508 = ORIENTED_EDGE('',*,*,#1509,.F.);
#1509 = EDGE_CURVE('',#1430,#1470,#1510,.T.);
#1510 = LINE('',#1511,#1512);
#1511 = CARTESIAN_POINT('',(-285.9,-295.65,905.251));
#1512 = VECTOR('',#1513,1.);
#1513 = DIRECTION('',(1.,0.,0.));
#1514 = ORIENTED_EDGE('',*,*,#1429,.T.);
#1515 = ORIENTED_EDGE('',*,*,#1516,.T.);
#1516 = EDGE_CURVE('',#1432,#1472,#1517,.T.);
#1517 = LINE('',#1518,#1519);
#1518 = CARTESIAN_POINT('',(-285.9,-295.65,1.206251E+03));
#1519 = VECTOR('',#1520,1.);
#1520 = DIRECTION('',(1.,0.,0.));
#1521 = ORIENTED_EDGE('',*,*,#1469,.F.);
#1522 = PLANE('',#1523);
#1523 = AXIS2_PLACEMENT_3D('',#1524,#1525,#1526);
#1524 = CARTESIAN_POINT('',(-285.9,-295.65,905.251));
#1525 = DIRECTION('',(0.,1.,0.));
#1526 = DIRECTION('',(0.,0.,1.));
#1527 = ADVANCED_FACE('',(#1528),#1544,.T.);
#1528 = FACE_BOUND('',#1529,.T.);
#1529 = EDGE_LOOP('',(#1530,#1536,#1537,#1543));
#1530 = ORIENTED_EDGE('',*,*,#1531,.F.);
#1531 = EDGE_CURVE('',#1440,#1480,#1532,.T.);
#1532 = LINE('',#1533,#1534);
#1533 = CARTESIAN_POINT('',(-285.9,-292.65,905.251));
#1534 = VECTOR('',#1535,1.);
#1535 = DIRECTION('',(1.,0.,0.));
#1536 = ORIENTED_EDGE('',*,*,#1447,.T.);
#1537 = ORIENTED_EDGE('',*,*,#1538,.T.);
#1538 = EDGE_CURVE('',#1448,#1488,#1539,.T.);
#1539 = LINE('',#1540,#1541);
#1540 = CARTESIAN_POINT('',(-285.9,-292.65,1.206251E+03));
#1541 = VECTOR('',#1542,1.);
#1542 = DIRECTION('',(1.,0.,0.));
#1543 = ORIENTED_EDGE('',*,*,#1487,.F.);
#1544 = PLANE('',#1545);
#1545 = AXIS2_PLACEMENT_3D('',#1546,#1547,#1548);
#1546 = CARTESIAN_POINT('',(-285.9,-292.65,905.251));
#1547 = DIRECTION('',(0.,1.,0.));
#1548 = DIRECTION('',(0.,0.,1.));
#1549 = ADVANCED_FACE('',(#1550),#1556,.F.);
#1550 = FACE_BOUND('',#1551,.F.);
#1551 = EDGE_LOOP('',(#1552,#1553,#1554,#1555));
#1552 = ORIENTED_EDGE('',*,*,#1439,.F.);
#1553 = ORIENTED_EDGE('',*,*,#1509,.T.);
#1554 = ORIENTED_EDGE('',*,*,#1479,.T.);
#1555 = ORIENTED_EDGE('',*,*,#1531,.F.);
#1556 = PLANE('',#1557);
#1557 = AXIS2_PLACEMENT_3D('',#1558,#1559,#1560);
#1558 = CARTESIAN_POINT('',(-285.9,-295.65,905.251));
#1559 = DIRECTION('',(0.,0.,1.));
#1560 = DIRECTION('',(1.,0.,0.));
#1561 = ADVANCED_FACE('',(#1562),#1568,.T.);
#1562 = FACE_BOUND('',#1563,.T.);
#1563 = EDGE_LOOP('',(#1564,#1565,#1566,#1567));
#1564 = ORIENTED_EDGE('',*,*,#1455,.F.);
#1565 = ORIENTED_EDGE('',*,*,#1516,.T.);
#1566 = ORIENTED_EDGE('',*,*,#1495,.T.);
#1567 = ORIENTED_EDGE('',*,*,#1538,.F.);
#1568 = PLANE('',#1569);
#1569 = AXIS2_PLACEMENT_3D('',#1570,#1571,#1572);
#1570 = CARTESIAN_POINT('',(-285.9,-295.65,1.206251E+03));
#1571 = DIRECTION('',(0.,0.,1.));
#1572 = DIRECTION('',(1.,0.,0.));
#1573 = MANIFOLD_SOLID_BREP('',#1574);
#1574 = CLOSED_SHELL('',(#1575,#1615,#1655,#1677,#1699,#1711));
#1575 = ADVANCED_FACE('',(#1576),#1610,.F.);
#1576 = FACE_BOUND('',#1577,.F.);
#1577 = EDGE_LOOP('',(#1578,#1588,#1596,#1604));
#1578 = ORIENTED_EDGE('',*,*,#1579,.F.);
#1579 = EDGE_CURVE('',#1580,#1582,#1584,.T.);
#1580 = VERTEX_POINT('',#1581);
#1581 = CARTESIAN_POINT('',(-277.4,-309.15,918.251));
#1582 = VERTEX_POINT('',#1583);
#1583 = CARTESIAN_POINT('',(-277.4,-309.15,1.193251E+03));
#1584 = LINE('',#1585,#1586);
#1585 = CARTESIAN_POINT('',(-277.4,-309.15,918.251));
#1586 = VECTOR('',#1587,1.);
#1587 = DIRECTION('',(0.,0.,1.));
#1588 = ORIENTED_EDGE('',*,*,#1589,.T.);
#1589 = EDGE_CURVE('',#1580,#1590,#1592,.T.);
#1590 = VERTEX_POINT('',#1591);
#1591 = CARTESIAN_POINT('',(-277.4,-295.15,918.251));
#1592 = LINE('',#1593,#1594);
#1593 = CARTESIAN_POINT('',(-277.4,-309.15,918.251));
#1594 = VECTOR('',#1595,1.);
#1595 = DIRECTION('',(0.,1.,0.));
#1596 = ORIENTED_EDGE('',*,*,#1597,.T.);
#1597 = EDGE_CURVE('',#1590,#1598,#1600,.T.);
#1598 = VERTEX_POINT('',#1599);
#1599 = CARTESIAN_POINT('',(-277.4,-295.15,1.193251E+03));
#1600 = LINE('',#1601,#1602);
#1601 = CARTESIAN_POINT('',(-277.4,-295.15,918.251));
#1602 = VECTOR('',#1603,1.);
#1603 = DIRECTION('',(0.,0.,1.));
#1604 = ORIENTED_EDGE('',*,*,#1605,.F.);
#1605 = EDGE_CURVE('',#1582,#1598,#1606,.T.);
#1606 = LINE('',#1607,#1608);
#1607 = CARTESIAN_POINT('',(-277.4,-309.15,1.193251E+03));
#1608 = VECTOR('',#1609,1.);
#1609 = DIRECTION('',(0.,1.,0.));
#1610 = PLANE('',#1611);
#1611 = AXIS2_PLACEMENT_3D('',#1612,#1613,#1614);
#1612 = CARTESIAN_POINT('',(-277.4,-309.15,918.251));
#1613 = DIRECTION('',(1.,0.,0.));
#1614 = DIRECTION('',(0.,0.,1.));
#1615 = ADVANCED_FACE('',(#1616),#1650,.T.);
#1616 = FACE_BOUND('',#1617,.T.);
#1617 = EDGE_LOOP('',(#1618,#1628,#1636,#1644));
#1618 = ORIENTED_EDGE('',*,*,#1619,.F.);
#1619 = EDGE_CURVE('',#1620,#1622,#1624,.T.);
#1620 = VERTEX_POINT('',#1621);
#1621 = CARTESIAN_POINT('',(-262.4,-309.15,918.251));
#1622 = VERTEX_POINT('',#1623);
#1623 = CARTESIAN_POINT('',(-262.4,-309.15,1.193251E+03));
#1624 = LINE('',#1625,#1626);
#1625 = CARTESIAN_POINT('',(-262.4,-309.15,918.251));
#1626 = VECTOR('',#1627,1.);
#1627 = DIRECTION('',(0.,0.,1.));
#1628 = ORIENTED_EDGE('',*,*,#1629,.T.);
#1629 = EDGE_CURVE('',#1620,#1630,#1632,.T.);
#1630 = VERTEX_POINT('',#1631);
#1631 = CARTESIAN_POINT('',(-262.4,-295.15,918.251));
#1632 = LINE('',#1633,#1634);
#1633 = CARTESIAN_POINT('',(-262.4,-309.15,918.251));
#1634 = VECTOR('',#1635,1.);
#1635 = DIRECTION('',(0.,1.,0.));
#1636 = ORIENTED_EDGE('',*,*,#1637,.T.);
#1637 = EDGE_CURVE('',#1630,#1638,#1640,.T.);
#1638 = VERTEX_POINT('',#1639);
#1639 = CARTESIAN_POINT('',(-262.4,-295.15,1.193251E+03));
#1640 = LINE('',#1641,#1642);
#1641 = CARTESIAN_POINT('',(-262.4,-295.15,918.251));
#1642 = VECTOR('',#1643,1.);
#1643 = DIRECTION('',(0.,0.,1.));
#1644 = ORIENTED_EDGE('',*,*,#1645,.F.);
#1645 = EDGE_CURVE('',#1622,#1638,#1646,.T.);
#1646 = LINE('',#1647,#1648);
#1647 = CARTESIAN_POINT('',(-262.4,-309.15,1.193251E+03));
#1648 = VECTOR('',#1649,1.);
#1649 = DIRECTION('',(0.,1.,0.));
#1650 = PLANE('',#1651);
#1651 = AXIS2_PLACEMENT_3D('',#1652,#1653,#1654);
#1652 = CARTESIAN_POINT('',(-262.4,-309.15,918.251));
#1653 = DIRECTION('',(1.,0.,0.));
#1654 = DIRECTION('',(0.,0.,1.));
#1655 = ADVANCED_FACE('',(#1656),#1672,.F.);
#1656 = FACE_BOUND('',#1657,.F.);
#1657 = EDGE_LOOP('',(#1658,#1664,#1665,#1671));
#1658 = ORIENTED_EDGE('',*,*,#1659,.F.);
#1659 = EDGE_CURVE('',#1580,#1620,#1660,.T.);
#1660 = LINE('',#1661,#1662);
#1661 = CARTESIAN_POINT('',(-277.4,-309.15,918.251));
#1662 = VECTOR('',#1663,1.);
#1663 = DIRECTION('',(1.,0.,0.));
#1664 = ORIENTED_EDGE('',*,*,#1579,.T.);
#1665 = ORIENTED_EDGE('',*,*,#1666,.T.);
#1666 = EDGE_CURVE('',#1582,#1622,#1667,.T.);
#1667 = LINE('',#1668,#1669);
#1668 = CARTESIAN_POINT('',(-277.4,-309.15,1.193251E+03));
#1669 = VECTOR('',#1670,1.);
#1670 = DIRECTION('',(1.,0.,0.));
#1671 = ORIENTED_EDGE('',*,*,#1619,.F.);
#1672 = PLANE('',#1673);
#1673 = AXIS2_PLACEMENT_3D('',#1674,#1675,#1676);
#1674 = CARTESIAN_POINT('',(-277.4,-309.15,918.251));
#1675 = DIRECTION('',(0.,1.,0.));
#1676 = DIRECTION('',(0.,0.,1.));
#1677 = ADVANCED_FACE('',(#1678),#1694,.T.);
#1678 = FACE_BOUND('',#1679,.T.);
#1679 = EDGE_LOOP('',(#1680,#1686,#1687,#1693));
#1680 = ORIENTED_EDGE('',*,*,#1681,.F.);
#1681 = EDGE_CURVE('',#1590,#1630,#1682,.T.);
#1682 = LINE('',#1683,#1684);
#1683 = CARTESIAN_POINT('',(-277.4,-295.15,918.251));
#1684 = VECTOR('',#1685,1.);
#1685 = DIRECTION('',(1.,0.,0.));
#1686 = ORIENTED_EDGE('',*,*,#1597,.T.);
#1687 = ORIENTED_EDGE('',*,*,#1688,.T.);
#1688 = EDGE_CURVE('',#1598,#1638,#1689,.T.);
#1689 = LINE('',#1690,#1691);
#1690 = CARTESIAN_POINT('',(-277.4,-295.15,1.193251E+03));
#1691 = VECTOR('',#1692,1.);
#1692 = DIRECTION('',(1.,0.,0.));
#1693 = ORIENTED_EDGE('',*,*,#1637,.F.);
#1694 = PLANE('',#1695);
#1695 = AXIS2_PLACEMENT_3D('',#1696,#1697,#1698);
#1696 = CARTESIAN_POINT('',(-277.4,-295.15,918.251));
#1697 = DIRECTION('',(0.,1.,0.));
#1698 = DIRECTION('',(0.,0.,1.));
#1699 = ADVANCED_FACE('',(#1700),#1706,.F.);
#1700 = FACE_BOUND('',#1701,.F.);
#1701 = EDGE_LOOP('',(#1702,#1703,#1704,#1705));
#1702 = ORIENTED_EDGE('',*,*,#1589,.F.);
#1703 = ORIENTED_EDGE('',*,*,#1659,.T.);
#1704 = ORIENTED_EDGE('',*,*,#1629,.T.);
#1705 = ORIENTED_EDGE('',*,*,#1681,.F.);
#1706 = PLANE('',#1707);
#1707 = AXIS2_PLACEMENT_3D('',#1708,#1709,#1710);
#1708 = CARTESIAN_POINT('',(-277.4,-309.15,918.251));
#1709 = DIRECTION('',(0.,0.,1.));
#1710 = DIRECTION('',(1.,0.,0.));
#1711 = ADVANCED_FACE('',(#1712),#1718,.T.);
#1712 = FACE_BOUND('',#1713,.T.);
#1713 = EDGE_LOOP('',(#1714,#1715,#1716,#1717));
#1714 = ORIENTED_EDGE('',*,*,#1605,.F.);
#1715 = ORIENTED_EDGE('',*,*,#1666,.T.);
#1716 = ORIENTED_EDGE('',*,*,#1645,.T.);
#1717 = ORIENTED_EDGE('',*,*,#1688,.F.);
#1718 = PLANE('',#1719);
#1719 = AXIS2_PLACEMENT_3D('',#1720,#1721,#1722);
#1720 = CARTESIAN_POINT('',(-277.4,-309.15,1.193251E+03));
#1721 = DIRECTION('',(0.,0.,1.));
#1722 = DIRECTION('',(1.,0.,0.));
#1723 = MANIFOLD_SOLID_BREP('',#1724);
#1724 = CLOSED_SHELL('',(#1725,#1765,#1830,#1854,#1912,#1929,#1941,#1963
    ,#1980,#1997));
#1725 = ADVANCED_FACE('',(#1726),#1760,.F.);
#1726 = FACE_BOUND('',#1727,.F.);
#1727 = EDGE_LOOP('',(#1728,#1738,#1746,#1754));
#1728 = ORIENTED_EDGE('',*,*,#1729,.F.);
#1729 = EDGE_CURVE('',#1730,#1732,#1734,.T.);
#1730 = VERTEX_POINT('',#1731);
#1731 = CARTESIAN_POINT('',(-327.9,-311.15,99.8125));
#1732 = VERTEX_POINT('',#1733);
#1733 = CARTESIAN_POINT('',(-327.9,-311.15,324.8125));
#1734 = LINE('',#1735,#1736);
#1735 = CARTESIAN_POINT('',(-327.9,-311.15,99.8125));
#1736 = VECTOR('',#1737,1.);
#1737 = DIRECTION('',(0.,0.,1.));
#1738 = ORIENTED_EDGE('',*,*,#1739,.T.);
#1739 = EDGE_CURVE('',#1730,#1740,#1742,.T.);
#1740 = VERTEX_POINT('',#1741);
#1741 = CARTESIAN_POINT('',(-327.9,-295.15,99.8125));
#1742 = LINE('',#1743,#1744);
#1743 = CARTESIAN_POINT('',(-327.9,-311.15,99.8125));
#1744 = VECTOR('',#1745,1.);
#1745 = DIRECTION('',(0.,1.,0.));
#1746 = ORIENTED_EDGE('',*,*,#1747,.T.);
#1747 = EDGE_CURVE('',#1740,#1748,#1750,.T.);
#1748 = VERTEX_POINT('',#1749);
#1749 = CARTESIAN_POINT('',(-327.9,-295.15,324.8125));
#1750 = LINE('',#1751,#1752);
#1751 = CARTESIAN_POINT('',(-327.9,-295.15,99.8125));
#1752 = VECTOR('',#1753,1.);
#1753 = DIRECTION('',(0.,0.,1.));
#1754 = ORIENTED_EDGE('',*,*,#1755,.F.);
#1755 = EDGE_CURVE('',#1732,#1748,#1756,.T.);
#1756 = LINE('',#1757,#1758);
#1757 = CARTESIAN_POINT('',(-327.9,-311.15,324.8125));
#1758 = VECTOR('',#1759,1.);
#1759 = DIRECTION('',(0.,1.,0.));
#1760 = PLANE('',#1761);
#1761 = AXIS2_PLACEMENT_3D('',#1762,#1763,#1764);
#1762 = CARTESIAN_POINT('',(-327.9,-311.15,99.8125));
#1763 = DIRECTION('',(1.,0.,0.));
#1764 = DIRECTION('',(0.,0.,1.));
#1765 = ADVANCED_FACE('',(#1766,#1791),#1825,.F.);
#1766 = FACE_BOUND('',#1767,.F.);
#1767 = EDGE_LOOP('',(#1768,#1776,#1777,#1785));
#1768 = ORIENTED_EDGE('',*,*,#1769,.F.);
#1769 = EDGE_CURVE('',#1730,#1770,#1772,.T.);
#1770 = VERTEX_POINT('',#1771);
#1771 = CARTESIAN_POINT('',(327.9,-311.15,99.8125));
#1772 = LINE('',#1773,#1774);
#1773 = CARTESIAN_POINT('',(-327.9,-311.15,99.8125));
#1774 = VECTOR('',#1775,1.);
#1775 = DIRECTION('',(1.,0.,0.));
#1776 = ORIENTED_EDGE('',*,*,#1729,.T.);
#1777 = ORIENTED_EDGE('',*,*,#1778,.T.);
#1778 = EDGE_CURVE('',#1732,#1779,#1781,.T.);
#1779 = VERTEX_POINT('',#1780);
#1780 = CARTESIAN_POINT('',(327.9,-311.15,324.8125));
#1781 = LINE('',#1782,#1783);
#1782 = CARTESIAN_POINT('',(-327.9,-311.15,324.8125));
#1783 = VECTOR('',#1784,1.);
#1784 = DIRECTION('',(1.,0.,0.));
#1785 = ORIENTED_EDGE('',*,*,#1786,.F.);
#1786 = EDGE_CURVE('',#1770,#1779,#1787,.T.);
#1787 = LINE('',#1788,#1789);
#1788 = CARTESIAN_POINT('',(327.9,-311.15,99.8125));
#1789 = VECTOR('',#1790,1.);
#1790 = DIRECTION('',(0.,0.,1.));
#1791 = FACE_BOUND('',#1792,.F.);
#1792 = EDGE_LOOP('',(#1793,#1803,#1811,#1819));
#1793 = ORIENTED_EDGE('',*,*,#1794,.F.);
#1794 = EDGE_CURVE('',#1795,#1797,#1799,.T.);
#1795 = VERTEX_POINT('',#1796);
#1796 = CARTESIAN_POINT('',(-310.9,-311.15,310.8125));
#1797 = VERTEX_POINT('',#1798);
#1798 = CARTESIAN_POINT('',(310.9,-311.15,310.8125));
#1799 = LINE('',#1800,#1801);
#1800 = CARTESIAN_POINT('',(-319.4,-311.15,310.8125));
#1801 = VECTOR('',#1802,1.);
#1802 = DIRECTION('',(1.,0.,0.));
#1803 = ORIENTED_EDGE('',*,*,#1804,.T.);
#1804 = EDGE_CURVE('',#1795,#1805,#1807,.T.);
#1805 = VERTEX_POINT('',#1806);
#1806 = CARTESIAN_POINT('',(-310.9,-311.15,113.8125));
#1807 = LINE('',#1808,#1809);
#1808 = CARTESIAN_POINT('',(-310.9,-311.15,106.8125));
#1809 = VECTOR('',#1810,1.);
#1810 = DIRECTION('',(0.,0.,-1.));
#1811 = ORIENTED_EDGE('',*,*,#1812,.T.);
#1812 = EDGE_CURVE('',#1805,#1813,#1815,.T.);
#1813 = VERTEX_POINT('',#1814);
#1814 = CARTESIAN_POINT('',(310.9,-311.15,113.8125));
#1815 = LINE('',#1816,#1817);
#1816 = CARTESIAN_POINT('',(-319.4,-311.15,113.8125));
#1817 = VECTOR('',#1818,1.);
#1818 = DIRECTION('',(1.,0.,0.));
#1819 = ORIENTED_EDGE('',*,*,#1820,.F.);
#1820 = EDGE_CURVE('',#1797,#1813,#1821,.T.);
#1821 = LINE('',#1822,#1823);
#1822 = CARTESIAN_POINT('',(310.9,-311.15,106.8125));
#1823 = VECTOR('',#1824,1.);
#1824 = DIRECTION('',(0.,0.,-1.));
#1825 = PLANE('',#1826);
#1826 = AXIS2_PLACEMENT_3D('',#1827,#1828,#1829);
#1827 = CARTESIAN_POINT('',(-327.9,-311.15,99.8125));
#1828 = DIRECTION('',(0.,1.,0.));
#1829 = DIRECTION('',(0.,0.,1.));
#1830 = ADVANCED_FACE('',(#1831),#1849,.T.);
#1831 = FACE_BOUND('',#1832,.T.);
#1832 = EDGE_LOOP('',(#1833,#1834,#1835,#1843));
#1833 = ORIENTED_EDGE('',*,*,#1755,.F.);
#1834 = ORIENTED_EDGE('',*,*,#1778,.T.);
#1835 = ORIENTED_EDGE('',*,*,#1836,.T.);
#1836 = EDGE_CURVE('',#1779,#1837,#1839,.T.);
#1837 = VERTEX_POINT('',#1838);
#1838 = CARTESIAN_POINT('',(327.9,-295.15,324.8125));
#1839 = LINE('',#1840,#1841);
#1840 = CARTESIAN_POINT('',(327.9,-311.15,324.8125));
#1841 = VECTOR('',#1842,1.);
#1842 = DIRECTION('',(0.,1.,0.));
#1843 = ORIENTED_EDGE('',*,*,#1844,.F.);
#1844 = EDGE_CURVE('',#1748,#1837,#1845,.T.);
#1845 = LINE('',#1846,#1847);
#1846 = CARTESIAN_POINT('',(-327.9,-295.15,324.8125));
#1847 = VECTOR('',#1848,1.);
#1848 = DIRECTION('',(1.,0.,0.));
#1849 = PLANE('',#1850);
#1850 = AXIS2_PLACEMENT_3D('',#1851,#1852,#1853);
#1851 = CARTESIAN_POINT('',(-327.9,-311.15,324.8125));
#1852 = DIRECTION('',(0.,0.,1.));
#1853 = DIRECTION('',(1.,0.,0.));
#1854 = ADVANCED_FACE('',(#1855,#1873),#1907,.T.);
#1855 = FACE_BOUND('',#1856,.T.);
#1856 = EDGE_LOOP('',(#1857,#1865,#1866,#1867));
#1857 = ORIENTED_EDGE('',*,*,#1858,.F.);
#1858 = EDGE_CURVE('',#1740,#1859,#1861,.T.);
#1859 = VERTEX_POINT('',#1860);
#1860 = CARTESIAN_POINT('',(327.9,-295.15,99.8125));
#1861 = LINE('',#1862,#1863);
#1862 = CARTESIAN_POINT('',(-327.9,-295.15,99.8125));
#1863 = VECTOR('',#1864,1.);
#1864 = DIRECTION('',(1.,0.,0.));
#1865 = ORIENTED_EDGE('',*,*,#1747,.T.);
#1866 = ORIENTED_EDGE('',*,*,#1844,.T.);
#1867 = ORIENTED_EDGE('',*,*,#1868,.F.);
#1868 = EDGE_CURVE('',#1859,#1837,#1869,.T.);
#1869 = LINE('',#1870,#1871);
#1870 = CARTESIAN_POINT('',(327.9,-295.15,99.8125));
#1871 = VECTOR('',#1872,1.);
#1872 = DIRECTION('',(0.,0.,1.));
#1873 = FACE_BOUND('',#1874,.T.);
#1874 = EDGE_LOOP('',(#1875,#1885,#1893,#1901));
#1875 = ORIENTED_EDGE('',*,*,#1876,.F.);
#1876 = EDGE_CURVE('',#1877,#1879,#1881,.T.);
#1877 = VERTEX_POINT('',#1878);
#1878 = CARTESIAN_POINT('',(-310.9,-295.15,310.8125));
#1879 = VERTEX_POINT('',#1880);
#1880 = CARTESIAN_POINT('',(310.9,-295.15,310.8125));
#1881 = LINE('',#1882,#1883);
#1882 = CARTESIAN_POINT('',(-319.4,-295.15,310.8125));
#1883 = VECTOR('',#1884,1.);
#1884 = DIRECTION('',(1.,0.,0.));
#1885 = ORIENTED_EDGE('',*,*,#1886,.T.);
#1886 = EDGE_CURVE('',#1877,#1887,#1889,.T.);
#1887 = VERTEX_POINT('',#1888);
#1888 = CARTESIAN_POINT('',(-310.9,-295.15,113.8125));
#1889 = LINE('',#1890,#1891);
#1890 = CARTESIAN_POINT('',(-310.9,-295.15,106.8125));
#1891 = VECTOR('',#1892,1.);
#1892 = DIRECTION('',(0.,0.,-1.));
#1893 = ORIENTED_EDGE('',*,*,#1894,.T.);
#1894 = EDGE_CURVE('',#1887,#1895,#1897,.T.);
#1895 = VERTEX_POINT('',#1896);
#1896 = CARTESIAN_POINT('',(310.9,-295.15,113.8125));
#1897 = LINE('',#1898,#1899);
#1898 = CARTESIAN_POINT('',(-319.4,-295.15,113.8125));
#1899 = VECTOR('',#1900,1.);
#1900 = DIRECTION('',(1.,0.,0.));
#1901 = ORIENTED_EDGE('',*,*,#1902,.F.);
#1902 = EDGE_CURVE('',#1879,#1895,#1903,.T.);
#1903 = LINE('',#1904,#1905);
#1904 = CARTESIAN_POINT('',(310.9,-295.15,106.8125));
#1905 = VECTOR('',#1906,1.);
#1906 = DIRECTION('',(0.,0.,-1.));
#1907 = PLANE('',#1908);
#1908 = AXIS2_PLACEMENT_3D('',#1909,#1910,#1911);
#1909 = CARTESIAN_POINT('',(-327.9,-295.15,99.8125));
#1910 = DIRECTION('',(0.,1.,0.));
#1911 = DIRECTION('',(0.,0.,1.));
#1912 = ADVANCED_FACE('',(#1913),#1924,.F.);
#1913 = FACE_BOUND('',#1914,.F.);
#1914 = EDGE_LOOP('',(#1915,#1916,#1917,#1923));
#1915 = ORIENTED_EDGE('',*,*,#1739,.F.);
#1916 = ORIENTED_EDGE('',*,*,#1769,.T.);
#1917 = ORIENTED_EDGE('',*,*,#1918,.T.);
#1918 = EDGE_CURVE('',#1770,#1859,#1919,.T.);
#1919 = LINE('',#1920,#1921);
#1920 = CARTESIAN_POINT('',(327.9,-311.15,99.8125));
#1921 = VECTOR('',#1922,1.);
#1922 = DIRECTION('',(0.,1.,0.));
#1923 = ORIENTED_EDGE('',*,*,#1858,.F.);
#1924 = PLANE('',#1925);
#1925 = AXIS2_PLACEMENT_3D('',#1926,#1927,#1928);
#1926 = CARTESIAN_POINT('',(-327.9,-311.15,99.8125));
#1927 = DIRECTION('',(0.,0.,1.));
#1928 = DIRECTION('',(1.,0.,0.));
#1929 = ADVANCED_FACE('',(#1930),#1936,.T.);
#1930 = FACE_BOUND('',#1931,.T.);
#1931 = EDGE_LOOP('',(#1932,#1933,#1934,#1935));
#1932 = ORIENTED_EDGE('',*,*,#1786,.F.);
#1933 = ORIENTED_EDGE('',*,*,#1918,.T.);
#1934 = ORIENTED_EDGE('',*,*,#1868,.T.);
#1935 = ORIENTED_EDGE('',*,*,#1836,.F.);
#1936 = PLANE('',#1937);
#1937 = AXIS2_PLACEMENT_3D('',#1938,#1939,#1940);
#1938 = CARTESIAN_POINT('',(327.9,-311.15,99.8125));
#1939 = DIRECTION('',(1.,0.,0.));
#1940 = DIRECTION('',(0.,0.,1.));
#1941 = ADVANCED_FACE('',(#1942),#1958,.F.);
#1942 = FACE_BOUND('',#1943,.F.);
#1943 = EDGE_LOOP('',(#1944,#1950,#1951,#1957));
#1944 = ORIENTED_EDGE('',*,*,#1945,.F.);
#1945 = EDGE_CURVE('',#1795,#1877,#1946,.T.);
#1946 = LINE('',#1947,#1948);
#1947 = CARTESIAN_POINT('',(-310.9,-312.15,310.8125));
#1948 = VECTOR('',#1949,1.);
#1949 = DIRECTION('',(0.,1.,0.));
#1950 = ORIENTED_EDGE('',*,*,#1794,.T.);
#1951 = ORIENTED_EDGE('',*,*,#1952,.T.);
#1952 = EDGE_CURVE('',#1797,#1879,#1953,.T.);
#1953 = LINE('',#1954,#1955);
#1954 = CARTESIAN_POINT('',(310.9,-312.15,310.8125));
#1955 = VECTOR('',#1956,1.);
#1956 = DIRECTION('',(0.,1.,0.));
#1957 = ORIENTED_EDGE('',*,*,#1876,.F.);
#1958 = PLANE('',#1959);
#1959 = AXIS2_PLACEMENT_3D('',#1960,#1961,#1962);
#1960 = CARTESIAN_POINT('',(-310.9,-312.15,310.8125));
#1961 = DIRECTION('',(0.,0.,1.));
#1962 = DIRECTION('',(1.,0.,0.));
#1963 = ADVANCED_FACE('',(#1964),#1975,.F.);
#1964 = FACE_BOUND('',#1965,.F.);
#1965 = EDGE_LOOP('',(#1966,#1967,#1968,#1974));
#1966 = ORIENTED_EDGE('',*,*,#1952,.F.);
#1967 = ORIENTED_EDGE('',*,*,#1820,.T.);
#1968 = ORIENTED_EDGE('',*,*,#1969,.T.);
#1969 = EDGE_CURVE('',#1813,#1895,#1970,.T.);
#1970 = LINE('',#1971,#1972);
#1971 = CARTESIAN_POINT('',(310.9,-312.15,113.8125));
#1972 = VECTOR('',#1973,1.);
#1973 = DIRECTION('',(0.,1.,0.));
#1974 = ORIENTED_EDGE('',*,*,#1902,.F.);
#1975 = PLANE('',#1976);
#1976 = AXIS2_PLACEMENT_3D('',#1977,#1978,#1979);
#1977 = CARTESIAN_POINT('',(310.9,-312.15,113.8125));
#1978 = DIRECTION('',(1.,0.,0.));
#1979 = DIRECTION('',(0.,0.,1.));
#1980 = ADVANCED_FACE('',(#1981),#1992,.T.);
#1981 = FACE_BOUND('',#1982,.T.);
#1982 = EDGE_LOOP('',(#1983,#1989,#1990,#1991));
#1983 = ORIENTED_EDGE('',*,*,#1984,.F.);
#1984 = EDGE_CURVE('',#1805,#1887,#1985,.T.);
#1985 = LINE('',#1986,#1987);
#1986 = CARTESIAN_POINT('',(-310.9,-312.15,113.8125));
#1987 = VECTOR('',#1988,1.);
#1988 = DIRECTION('',(0.,1.,0.));
#1989 = ORIENTED_EDGE('',*,*,#1812,.T.);
#1990 = ORIENTED_EDGE('',*,*,#1969,.T.);
#1991 = ORIENTED_EDGE('',*,*,#1894,.F.);
#1992 = PLANE('',#1993);
#1993 = AXIS2_PLACEMENT_3D('',#1994,#1995,#1996);
#1994 = CARTESIAN_POINT('',(-310.9,-312.15,113.8125));
#1995 = DIRECTION('',(0.,0.,1.));
#1996 = DIRECTION('',(1.,0.,0.));
#1997 = ADVANCED_FACE('',(#1998),#2004,.T.);
#1998 = FACE_BOUND('',#1999,.T.);
#1999 = EDGE_LOOP('',(#2000,#2001,#2002,#2003));
#2000 = ORIENTED_EDGE('',*,*,#1945,.F.);
#2001 = ORIENTED_EDGE('',*,*,#1804,.T.);
#2002 = ORIENTED_EDGE('',*,*,#1984,.T.);
#2003 = ORIENTED_EDGE('',*,*,#1886,.F.);
#2004 = PLANE('',#2005);
#2005 = AXIS2_PLACEMENT_3D('',#2006,#2007,#2008);
#2006 = CARTESIAN_POINT('',(-310.9,-312.15,113.8125));
#2007 = DIRECTION('',(1.,0.,0.));
#2008 = DIRECTION('',(0.,0.,1.));
#2009 = MANIFOLD_SOLID_BREP('',#2010);
#2010 = CLOSED_SHELL('',(#2011,#2051,#2091,#2113,#2135,#2147));
#2011 = ADVANCED_FACE('',(#2012),#2046,.F.);
#2012 = FACE_BOUND('',#2013,.F.);
#2013 = EDGE_LOOP('',(#2014,#2024,#2032,#2040));
#2014 = ORIENTED_EDGE('',*,*,#2015,.F.);
#2015 = EDGE_CURVE('',#2016,#2018,#2020,.T.);
#2016 = VERTEX_POINT('',#2017);
#2017 = CARTESIAN_POINT('',(-310.9,-310.65,119.3125));
#2018 = VERTEX_POINT('',#2019);
#2019 = CARTESIAN_POINT('',(-310.9,-310.65,129.3125));
#2020 = LINE('',#2021,#2022);
#2021 = CARTESIAN_POINT('',(-310.9,-310.65,119.3125));
#2022 = VECTOR('',#2023,1.);
#2023 = DIRECTION('',(0.,0.,1.));
#2024 = ORIENTED_EDGE('',*,*,#2025,.T.);
#2025 = EDGE_CURVE('',#2016,#2026,#2028,.T.);
#2026 = VERTEX_POINT('',#2027);
#2027 = CARTESIAN_POINT('',(-310.9,-295.65,119.3125));
#2028 = LINE('',#2029,#2030);
#2029 = CARTESIAN_POINT('',(-310.9,-310.65,119.3125));
#2030 = VECTOR('',#2031,1.);
#2031 = DIRECTION('',(0.,1.,0.));
#2032 = ORIENTED_EDGE('',*,*,#2033,.T.);
#2033 = EDGE_CURVE('',#2026,#2034,#2036,.T.);
#2034 = VERTEX_POINT('',#2035);
#2035 = CARTESIAN_POINT('',(-310.9,-295.65,129.3125));
#2036 = LINE('',#2037,#2038);
#2037 = CARTESIAN_POINT('',(-310.9,-295.65,119.3125));
#2038 = VECTOR('',#2039,1.);
#2039 = DIRECTION('',(0.,0.,1.));
#2040 = ORIENTED_EDGE('',*,*,#2041,.F.);
#2041 = EDGE_CURVE('',#2018,#2034,#2042,.T.);
#2042 = LINE('',#2043,#2044);
#2043 = CARTESIAN_POINT('',(-310.9,-310.65,129.3125));
#2044 = VECTOR('',#2045,1.);
#2045 = DIRECTION('',(0.,1.,0.));
#2046 = PLANE('',#2047);
#2047 = AXIS2_PLACEMENT_3D('',#2048,#2049,#2050);
#2048 = CARTESIAN_POINT('',(-310.9,-310.65,119.3125));
#2049 = DIRECTION('',(1.,0.,0.));
#2050 = DIRECTION('',(0.,0.,1.));
#2051 = ADVANCED_FACE('',(#2052),#2086,.T.);
#2052 = FACE_BOUND('',#2053,.T.);
#2053 = EDGE_LOOP('',(#2054,#2064,#2072,#2080));
#2054 = ORIENTED_EDGE('',*,*,#2055,.F.);
#2055 = EDGE_CURVE('',#2056,#2058,#2060,.T.);
#2056 = VERTEX_POINT('',#2057);
#2057 = CARTESIAN_POINT('',(310.9,-310.65,119.3125));
#2058 = VERTEX_POINT('',#2059);
#2059 = CARTESIAN_POINT('',(310.9,-310.65,129.3125));
#2060 = LINE('',#2061,#2062);
#2061 = CARTESIAN_POINT('',(310.9,-310.65,119.3125));
#2062 = VECTOR('',#2063,1.);
#2063 = DIRECTION('',(0.,0.,1.));
#2064 = ORIENTED_EDGE('',*,*,#2065,.T.);
#2065 = EDGE_CURVE('',#2056,#2066,#2068,.T.);
#2066 = VERTEX_POINT('',#2067);
#2067 = CARTESIAN_POINT('',(310.9,-295.65,119.3125));
#2068 = LINE('',#2069,#2070);
#2069 = CARTESIAN_POINT('',(310.9,-310.65,119.3125));
#2070 = VECTOR('',#2071,1.);
#2071 = DIRECTION('',(0.,1.,0.));
#2072 = ORIENTED_EDGE('',*,*,#2073,.T.);
#2073 = EDGE_CURVE('',#2066,#2074,#2076,.T.);
#2074 = VERTEX_POINT('',#2075);
#2075 = CARTESIAN_POINT('',(310.9,-295.65,129.3125));
#2076 = LINE('',#2077,#2078);
#2077 = CARTESIAN_POINT('',(310.9,-295.65,119.3125));
#2078 = VECTOR('',#2079,1.);
#2079 = DIRECTION('',(0.,0.,1.));
#2080 = ORIENTED_EDGE('',*,*,#2081,.F.);
#2081 = EDGE_CURVE('',#2058,#2074,#2082,.T.);
#2082 = LINE('',#2083,#2084);
#2083 = CARTESIAN_POINT('',(310.9,-310.65,129.3125));
#2084 = VECTOR('',#2085,1.);
#2085 = DIRECTION('',(0.,1.,0.));
#2086 = PLANE('',#2087);
#2087 = AXIS2_PLACEMENT_3D('',#2088,#2089,#2090);
#2088 = CARTESIAN_POINT('',(310.9,-310.65,119.3125));
#2089 = DIRECTION('',(1.,0.,0.));
#2090 = DIRECTION('',(0.,0.,1.));
#2091 = ADVANCED_FACE('',(#2092),#2108,.F.);
#2092 = FACE_BOUND('',#2093,.F.);
#2093 = EDGE_LOOP('',(#2094,#2100,#2101,#2107));
#2094 = ORIENTED_EDGE('',*,*,#2095,.F.);
#2095 = EDGE_CURVE('',#2016,#2056,#2096,.T.);
#2096 = LINE('',#2097,#2098);
#2097 = CARTESIAN_POINT('',(-310.9,-310.65,119.3125));
#2098 = VECTOR('',#2099,1.);
#2099 = DIRECTION('',(1.,0.,0.));
#2100 = ORIENTED_EDGE('',*,*,#2015,.T.);
#2101 = ORIENTED_EDGE('',*,*,#2102,.T.);
#2102 = EDGE_CURVE('',#2018,#2058,#2103,.T.);
#2103 = LINE('',#2104,#2105);
#2104 = CARTESIAN_POINT('',(-310.9,-310.65,129.3125));
#2105 = VECTOR('',#2106,1.);
#2106 = DIRECTION('',(1.,0.,0.));
#2107 = ORIENTED_EDGE('',*,*,#2055,.F.);
#2108 = PLANE('',#2109);
#2109 = AXIS2_PLACEMENT_3D('',#2110,#2111,#2112);
#2110 = CARTESIAN_POINT('',(-310.9,-310.65,119.3125));
#2111 = DIRECTION('',(0.,1.,0.));
#2112 = DIRECTION('',(0.,0.,1.));
#2113 = ADVANCED_FACE('',(#2114),#2130,.T.);
#2114 = FACE_BOUND('',#2115,.T.);
#2115 = EDGE_LOOP('',(#2116,#2122,#2123,#2129));
#2116 = ORIENTED_EDGE('',*,*,#2117,.F.);
#2117 = EDGE_CURVE('',#2026,#2066,#2118,.T.);
#2118 = LINE('',#2119,#2120);
#2119 = CARTESIAN_POINT('',(-310.9,-295.65,119.3125));
#2120 = VECTOR('',#2121,1.);
#2121 = DIRECTION('',(1.,0.,0.));
#2122 = ORIENTED_EDGE('',*,*,#2033,.T.);
#2123 = ORIENTED_EDGE('',*,*,#2124,.T.);
#2124 = EDGE_CURVE('',#2034,#2074,#2125,.T.);
#2125 = LINE('',#2126,#2127);
#2126 = CARTESIAN_POINT('',(-310.9,-295.65,129.3125));
#2127 = VECTOR('',#2128,1.);
#2128 = DIRECTION('',(1.,0.,0.));
#2129 = ORIENTED_EDGE('',*,*,#2073,.F.);
#2130 = PLANE('',#2131);
#2131 = AXIS2_PLACEMENT_3D('',#2132,#2133,#2134);
#2132 = CARTESIAN_POINT('',(-310.9,-295.65,119.3125));
#2133 = DIRECTION('',(0.,1.,0.));
#2134 = DIRECTION('',(0.,0.,1.));
#2135 = ADVANCED_FACE('',(#2136),#2142,.F.);
#2136 = FACE_BOUND('',#2137,.F.);
#2137 = EDGE_LOOP('',(#2138,#2139,#2140,#2141));
#2138 = ORIENTED_EDGE('',*,*,#2025,.F.);
#2139 = ORIENTED_EDGE('',*,*,#2095,.T.);
#2140 = ORIENTED_EDGE('',*,*,#2065,.T.);
#2141 = ORIENTED_EDGE('',*,*,#2117,.F.);
#2142 = PLANE('',#2143);
#2143 = AXIS2_PLACEMENT_3D('',#2144,#2145,#2146);
#2144 = CARTESIAN_POINT('',(-310.9,-310.65,119.3125));
#2145 = DIRECTION('',(0.,0.,1.));
#2146 = DIRECTION('',(1.,0.,0.));
#2147 = ADVANCED_FACE('',(#2148),#2154,.T.);
#2148 = FACE_BOUND('',#2149,.T.);
#2149 = EDGE_LOOP('',(#2150,#2151,#2152,#2153));
#2150 = ORIENTED_EDGE('',*,*,#2041,.F.);
#2151 = ORIENTED_EDGE('',*,*,#2102,.T.);
#2152 = ORIENTED_EDGE('',*,*,#2081,.T.);
#2153 = ORIENTED_EDGE('',*,*,#2124,.F.);
#2154 = PLANE('',#2155);
#2155 = AXIS2_PLACEMENT_3D('',#2156,#2157,#2158);
#2156 = CARTESIAN_POINT('',(-310.9,-310.65,129.3125));
#2157 = DIRECTION('',(0.,0.,1.));
#2158 = DIRECTION('',(1.,0.,0.));
#2159 = MANIFOLD_SOLID_BREP('',#2160);
#2160 = CLOSED_SHELL('',(#2161,#2201,#2241,#2263,#2285,#2297));
#2161 = ADVANCED_FACE('',(#2162),#2196,.F.);
#2162 = FACE_BOUND('',#2163,.F.);
#2163 = EDGE_LOOP('',(#2164,#2174,#2182,#2190));
#2164 = ORIENTED_EDGE('',*,*,#2165,.F.);
#2165 = EDGE_CURVE('',#2166,#2168,#2170,.T.);
#2166 = VERTEX_POINT('',#2167);
#2167 = CARTESIAN_POINT('',(-310.9,-310.65,153.3125));
#2168 = VERTEX_POINT('',#2169);
#2169 = CARTESIAN_POINT('',(-310.9,-310.65,163.3125));
#2170 = LINE('',#2171,#2172);
#2171 = CARTESIAN_POINT('',(-310.9,-310.65,153.3125));
#2172 = VECTOR('',#2173,1.);
#2173 = DIRECTION('',(0.,0.,1.));
#2174 = ORIENTED_EDGE('',*,*,#2175,.T.);
#2175 = EDGE_CURVE('',#2166,#2176,#2178,.T.);
#2176 = VERTEX_POINT('',#2177);
#2177 = CARTESIAN_POINT('',(-310.9,-295.65,153.3125));
#2178 = LINE('',#2179,#2180);
#2179 = CARTESIAN_POINT('',(-310.9,-310.65,153.3125));
#2180 = VECTOR('',#2181,1.);
#2181 = DIRECTION('',(0.,1.,0.));
#2182 = ORIENTED_EDGE('',*,*,#2183,.T.);
#2183 = EDGE_CURVE('',#2176,#2184,#2186,.T.);
#2184 = VERTEX_POINT('',#2185);
#2185 = CARTESIAN_POINT('',(-310.9,-295.65,163.3125));
#2186 = LINE('',#2187,#2188);
#2187 = CARTESIAN_POINT('',(-310.9,-295.65,153.3125));
#2188 = VECTOR('',#2189,1.);
#2189 = DIRECTION('',(0.,0.,1.));
#2190 = ORIENTED_EDGE('',*,*,#2191,.F.);
#2191 = EDGE_CURVE('',#2168,#2184,#2192,.T.);
#2192 = LINE('',#2193,#2194);
#2193 = CARTESIAN_POINT('',(-310.9,-310.65,163.3125));
#2194 = VECTOR('',#2195,1.);
#2195 = DIRECTION('',(0.,1.,0.));
#2196 = PLANE('',#2197);
#2197 = AXIS2_PLACEMENT_3D('',#2198,#2199,#2200);
#2198 = CARTESIAN_POINT('',(-310.9,-310.65,153.3125));
#2199 = DIRECTION('',(1.,0.,0.));
#2200 = DIRECTION('',(0.,0.,1.));
#2201 = ADVANCED_FACE('',(#2202),#2236,.T.);
#2202 = FACE_BOUND('',#2203,.T.);
#2203 = EDGE_LOOP('',(#2204,#2214,#2222,#2230));
#2204 = ORIENTED_EDGE('',*,*,#2205,.F.);
#2205 = EDGE_CURVE('',#2206,#2208,#2210,.T.);
#2206 = VERTEX_POINT('',#2207);
#2207 = CARTESIAN_POINT('',(310.9,-310.65,153.3125));
#2208 = VERTEX_POINT('',#2209);
#2209 = CARTESIAN_POINT('',(310.9,-310.65,163.3125));
#2210 = LINE('',#2211,#2212);
#2211 = CARTESIAN_POINT('',(310.9,-310.65,153.3125));
#2212 = VECTOR('',#2213,1.);
#2213 = DIRECTION('',(0.,0.,1.));
#2214 = ORIENTED_EDGE('',*,*,#2215,.T.);
#2215 = EDGE_CURVE('',#2206,#2216,#2218,.T.);
#2216 = VERTEX_POINT('',#2217);
#2217 = CARTESIAN_POINT('',(310.9,-295.65,153.3125));
#2218 = LINE('',#2219,#2220);
#2219 = CARTESIAN_POINT('',(310.9,-310.65,153.3125));
#2220 = VECTOR('',#2221,1.);
#2221 = DIRECTION('',(0.,1.,0.));
#2222 = ORIENTED_EDGE('',*,*,#2223,.T.);
#2223 = EDGE_CURVE('',#2216,#2224,#2226,.T.);
#2224 = VERTEX_POINT('',#2225);
#2225 = CARTESIAN_POINT('',(310.9,-295.65,163.3125));
#2226 = LINE('',#2227,#2228);
#2227 = CARTESIAN_POINT('',(310.9,-295.65,153.3125));
#2228 = VECTOR('',#2229,1.);
#2229 = DIRECTION('',(0.,0.,1.));
#2230 = ORIENTED_EDGE('',*,*,#2231,.F.);
#2231 = EDGE_CURVE('',#2208,#2224,#2232,.T.);
#2232 = LINE('',#2233,#2234);
#2233 = CARTESIAN_POINT('',(310.9,-310.65,163.3125));
#2234 = VECTOR('',#2235,1.);
#2235 = DIRECTION('',(0.,1.,0.));
#2236 = PLANE('',#2237);
#2237 = AXIS2_PLACEMENT_3D('',#2238,#2239,#2240);
#2238 = CARTESIAN_POINT('',(310.9,-310.65,153.3125));
#2239 = DIRECTION('',(1.,0.,0.));
#2240 = DIRECTION('',(0.,0.,1.));
#2241 = ADVANCED_FACE('',(#2242),#2258,.F.);
#2242 = FACE_BOUND('',#2243,.F.);
#2243 = EDGE_LOOP('',(#2244,#2250,#2251,#2257));
#2244 = ORIENTED_EDGE('',*,*,#2245,.F.);
#2245 = EDGE_CURVE('',#2166,#2206,#2246,.T.);
#2246 = LINE('',#2247,#2248);
#2247 = CARTESIAN_POINT('',(-310.9,-310.65,153.3125));
#2248 = VECTOR('',#2249,1.);
#2249 = DIRECTION('',(1.,0.,0.));
#2250 = ORIENTED_EDGE('',*,*,#2165,.T.);
#2251 = ORIENTED_EDGE('',*,*,#2252,.T.);
#2252 = EDGE_CURVE('',#2168,#2208,#2253,.T.);
#2253 = LINE('',#2254,#2255);
#2254 = CARTESIAN_POINT('',(-310.9,-310.65,163.3125));
#2255 = VECTOR('',#2256,1.);
#2256 = DIRECTION('',(1.,0.,0.));
#2257 = ORIENTED_EDGE('',*,*,#2205,.F.);
#2258 = PLANE('',#2259);
#2259 = AXIS2_PLACEMENT_3D('',#2260,#2261,#2262);
#2260 = CARTESIAN_POINT('',(-310.9,-310.65,153.3125));
#2261 = DIRECTION('',(0.,1.,0.));
#2262 = DIRECTION('',(0.,0.,1.));
#2263 = ADVANCED_FACE('',(#2264),#2280,.T.);
#2264 = FACE_BOUND('',#2265,.T.);
#2265 = EDGE_LOOP('',(#2266,#2272,#2273,#2279));
#2266 = ORIENTED_EDGE('',*,*,#2267,.F.);
#2267 = EDGE_CURVE('',#2176,#2216,#2268,.T.);
#2268 = LINE('',#2269,#2270);
#2269 = CARTESIAN_POINT('',(-310.9,-295.65,153.3125));
#2270 = VECTOR('',#2271,1.);
#2271 = DIRECTION('',(1.,0.,0.));
#2272 = ORIENTED_EDGE('',*,*,#2183,.T.);
#2273 = ORIENTED_EDGE('',*,*,#2274,.T.);
#2274 = EDGE_CURVE('',#2184,#2224,#2275,.T.);
#2275 = LINE('',#2276,#2277);
#2276 = CARTESIAN_POINT('',(-310.9,-295.65,163.3125));
#2277 = VECTOR('',#2278,1.);
#2278 = DIRECTION('',(1.,0.,0.));
#2279 = ORIENTED_EDGE('',*,*,#2223,.F.);
#2280 = PLANE('',#2281);
#2281 = AXIS2_PLACEMENT_3D('',#2282,#2283,#2284);
#2282 = CARTESIAN_POINT('',(-310.9,-295.65,153.3125));
#2283 = DIRECTION('',(0.,1.,0.));
#2284 = DIRECTION('',(0.,0.,1.));
#2285 = ADVANCED_FACE('',(#2286),#2292,.F.);
#2286 = FACE_BOUND('',#2287,.F.);
#2287 = EDGE_LOOP('',(#2288,#2289,#2290,#2291));
#2288 = ORIENTED_EDGE('',*,*,#2175,.F.);
#2289 = ORIENTED_EDGE('',*,*,#2245,.T.);
#2290 = ORIENTED_EDGE('',*,*,#2215,.T.);
#2291 = ORIENTED_EDGE('',*,*,#2267,.F.);
#2292 = PLANE('',#2293);
#2293 = AXIS2_PLACEMENT_3D('',#2294,#2295,#2296);
#2294 = CARTESIAN_POINT('',(-310.9,-310.65,153.3125));
#2295 = DIRECTION('',(0.,0.,1.));
#2296 = DIRECTION('',(1.,0.,0.));
#2297 = ADVANCED_FACE('',(#2298),#2304,.T.);
#2298 = FACE_BOUND('',#2299,.T.);
#2299 = EDGE_LOOP('',(#2300,#2301,#2302,#2303));
#2300 = ORIENTED_EDGE('',*,*,#2191,.F.);
#2301 = ORIENTED_EDGE('',*,*,#2252,.T.);
#2302 = ORIENTED_EDGE('',*,*,#2231,.T.);
#2303 = ORIENTED_EDGE('',*,*,#2274,.F.);
#2304 = PLANE('',#2305);
#2305 = AXIS2_PLACEMENT_3D('',#2306,#2307,#2308);
#2306 = CARTESIAN_POINT('',(-310.9,-310.65,163.3125));
#2307 = DIRECTION('',(0.,0.,1.));
#2308 = DIRECTION('',(1.,0.,0.));
#2309 = MANIFOLD_SOLID_BREP('',#2310);
#2310 = CLOSED_SHELL('',(#2311,#2351,#2391,#2413,#2435,#2447));
#2311 = ADVANCED_FACE('',(#2312),#2346,.F.);
#2312 = FACE_BOUND('',#2313,.F.);
#2313 = EDGE_LOOP('',(#2314,#2324,#2332,#2340));
#2314 = ORIENTED_EDGE('',*,*,#2315,.F.);
#2315 = EDGE_CURVE('',#2316,#2318,#2320,.T.);
#2316 = VERTEX_POINT('',#2317);
#2317 = CARTESIAN_POINT('',(-310.9,-310.65,187.3125));
#2318 = VERTEX_POINT('',#2319);
#2319 = CARTESIAN_POINT('',(-310.9,-310.65,197.3125));
#2320 = LINE('',#2321,#2322);
#2321 = CARTESIAN_POINT('',(-310.9,-310.65,187.3125));
#2322 = VECTOR('',#2323,1.);
#2323 = DIRECTION('',(0.,0.,1.));
#2324 = ORIENTED_EDGE('',*,*,#2325,.T.);
#2325 = EDGE_CURVE('',#2316,#2326,#2328,.T.);
#2326 = VERTEX_POINT('',#2327);
#2327 = CARTESIAN_POINT('',(-310.9,-295.65,187.3125));
#2328 = LINE('',#2329,#2330);
#2329 = CARTESIAN_POINT('',(-310.9,-310.65,187.3125));
#2330 = VECTOR('',#2331,1.);
#2331 = DIRECTION('',(0.,1.,0.));
#2332 = ORIENTED_EDGE('',*,*,#2333,.T.);
#2333 = EDGE_CURVE('',#2326,#2334,#2336,.T.);
#2334 = VERTEX_POINT('',#2335);
#2335 = CARTESIAN_POINT('',(-310.9,-295.65,197.3125));
#2336 = LINE('',#2337,#2338);
#2337 = CARTESIAN_POINT('',(-310.9,-295.65,187.3125));
#2338 = VECTOR('',#2339,1.);
#2339 = DIRECTION('',(0.,0.,1.));
#2340 = ORIENTED_EDGE('',*,*,#2341,.F.);
#2341 = EDGE_CURVE('',#2318,#2334,#2342,.T.);
#2342 = LINE('',#2343,#2344);
#2343 = CARTESIAN_POINT('',(-310.9,-310.65,197.3125));
#2344 = VECTOR('',#2345,1.);
#2345 = DIRECTION('',(0.,1.,0.));
#2346 = PLANE('',#2347);
#2347 = AXIS2_PLACEMENT_3D('',#2348,#2349,#2350);
#2348 = CARTESIAN_POINT('',(-310.9,-310.65,187.3125));
#2349 = DIRECTION('',(1.,0.,0.));
#2350 = DIRECTION('',(0.,0.,1.));
#2351 = ADVANCED_FACE('',(#2352),#2386,.T.);
#2352 = FACE_BOUND('',#2353,.T.);
#2353 = EDGE_LOOP('',(#2354,#2364,#2372,#2380));
#2354 = ORIENTED_EDGE('',*,*,#2355,.F.);
#2355 = EDGE_CURVE('',#2356,#2358,#2360,.T.);
#2356 = VERTEX_POINT('',#2357);
#2357 = CARTESIAN_POINT('',(310.9,-310.65,187.3125));
#2358 = VERTEX_POINT('',#2359);
#2359 = CARTESIAN_POINT('',(310.9,-310.65,197.3125));
#2360 = LINE('',#2361,#2362);
#2361 = CARTESIAN_POINT('',(310.9,-310.65,187.3125));
#2362 = VECTOR('',#2363,1.);
#2363 = DIRECTION('',(0.,0.,1.));
#2364 = ORIENTED_EDGE('',*,*,#2365,.T.);
#2365 = EDGE_CURVE('',#2356,#2366,#2368,.T.);
#2366 = VERTEX_POINT('',#2367);
#2367 = CARTESIAN_POINT('',(310.9,-295.65,187.3125));
#2368 = LINE('',#2369,#2370);
#2369 = CARTESIAN_POINT('',(310.9,-310.65,187.3125));
#2370 = VECTOR('',#2371,1.);
#2371 = DIRECTION('',(0.,1.,0.));
#2372 = ORIENTED_EDGE('',*,*,#2373,.T.);
#2373 = EDGE_CURVE('',#2366,#2374,#2376,.T.);
#2374 = VERTEX_POINT('',#2375);
#2375 = CARTESIAN_POINT('',(310.9,-295.65,197.3125));
#2376 = LINE('',#2377,#2378);
#2377 = CARTESIAN_POINT('',(310.9,-295.65,187.3125));
#2378 = VECTOR('',#2379,1.);
#2379 = DIRECTION('',(0.,0.,1.));
#2380 = ORIENTED_EDGE('',*,*,#2381,.F.);
#2381 = EDGE_CURVE('',#2358,#2374,#2382,.T.);
#2382 = LINE('',#2383,#2384);
#2383 = CARTESIAN_POINT('',(310.9,-310.65,197.3125));
#2384 = VECTOR('',#2385,1.);
#2385 = DIRECTION('',(0.,1.,0.));
#2386 = PLANE('',#2387);
#2387 = AXIS2_PLACEMENT_3D('',#2388,#2389,#2390);
#2388 = CARTESIAN_POINT('',(310.9,-310.65,187.3125));
#2389 = DIRECTION('',(1.,0.,0.));
#2390 = DIRECTION('',(0.,0.,1.));
#2391 = ADVANCED_FACE('',(#2392),#2408,.F.);
#2392 = FACE_BOUND('',#2393,.F.);
#2393 = EDGE_LOOP('',(#2394,#2400,#2401,#2407));
#2394 = ORIENTED_EDGE('',*,*,#2395,.F.);
#2395 = EDGE_CURVE('',#2316,#2356,#2396,.T.);
#2396 = LINE('',#2397,#2398);
#2397 = CARTESIAN_POINT('',(-310.9,-310.65,187.3125));
#2398 = VECTOR('',#2399,1.);
#2399 = DIRECTION('',(1.,0.,0.));
#2400 = ORIENTED_EDGE('',*,*,#2315,.T.);
#2401 = ORIENTED_EDGE('',*,*,#2402,.T.);
#2402 = EDGE_CURVE('',#2318,#2358,#2403,.T.);
#2403 = LINE('',#2404,#2405);
#2404 = CARTESIAN_POINT('',(-310.9,-310.65,197.3125));
#2405 = VECTOR('',#2406,1.);
#2406 = DIRECTION('',(1.,0.,0.));
#2407 = ORIENTED_EDGE('',*,*,#2355,.F.);
#2408 = PLANE('',#2409);
#2409 = AXIS2_PLACEMENT_3D('',#2410,#2411,#2412);
#2410 = CARTESIAN_POINT('',(-310.9,-310.65,187.3125));
#2411 = DIRECTION('',(0.,1.,0.));
#2412 = DIRECTION('',(0.,0.,1.));
#2413 = ADVANCED_FACE('',(#2414),#2430,.T.);
#2414 = FACE_BOUND('',#2415,.T.);
#2415 = EDGE_LOOP('',(#2416,#2422,#2423,#2429));
#2416 = ORIENTED_EDGE('',*,*,#2417,.F.);
#2417 = EDGE_CURVE('',#2326,#2366,#2418,.T.);
#2418 = LINE('',#2419,#2420);
#2419 = CARTESIAN_POINT('',(-310.9,-295.65,187.3125));
#2420 = VECTOR('',#2421,1.);
#2421 = DIRECTION('',(1.,0.,0.));
#2422 = ORIENTED_EDGE('',*,*,#2333,.T.);
#2423 = ORIENTED_EDGE('',*,*,#2424,.T.);
#2424 = EDGE_CURVE('',#2334,#2374,#2425,.T.);
#2425 = LINE('',#2426,#2427);
#2426 = CARTESIAN_POINT('',(-310.9,-295.65,197.3125));
#2427 = VECTOR('',#2428,1.);
#2428 = DIRECTION('',(1.,0.,0.));
#2429 = ORIENTED_EDGE('',*,*,#2373,.F.);
#2430 = PLANE('',#2431);
#2431 = AXIS2_PLACEMENT_3D('',#2432,#2433,#2434);
#2432 = CARTESIAN_POINT('',(-310.9,-295.65,187.3125));
#2433 = DIRECTION('',(0.,1.,0.));
#2434 = DIRECTION('',(0.,0.,1.));
#2435 = ADVANCED_FACE('',(#2436),#2442,.F.);
#2436 = FACE_BOUND('',#2437,.F.);
#2437 = EDGE_LOOP('',(#2438,#2439,#2440,#2441));
#2438 = ORIENTED_EDGE('',*,*,#2325,.F.);
#2439 = ORIENTED_EDGE('',*,*,#2395,.T.);
#2440 = ORIENTED_EDGE('',*,*,#2365,.T.);
#2441 = ORIENTED_EDGE('',*,*,#2417,.F.);
#2442 = PLANE('',#2443);
#2443 = AXIS2_PLACEMENT_3D('',#2444,#2445,#2446);
#2444 = CARTESIAN_POINT('',(-310.9,-310.65,187.3125));
#2445 = DIRECTION('',(0.,0.,1.));
#2446 = DIRECTION('',(1.,0.,0.));
#2447 = ADVANCED_FACE('',(#2448),#2454,.T.);
#2448 = FACE_BOUND('',#2449,.T.);
#2449 = EDGE_LOOP('',(#2450,#2451,#2452,#2453));
#2450 = ORIENTED_EDGE('',*,*,#2341,.F.);
#2451 = ORIENTED_EDGE('',*,*,#2402,.T.);
#2452 = ORIENTED_EDGE('',*,*,#2381,.T.);
#2453 = ORIENTED_EDGE('',*,*,#2424,.F.);
#2454 = PLANE('',#2455);
#2455 = AXIS2_PLACEMENT_3D('',#2456,#2457,#2458);
#2456 = CARTESIAN_POINT('',(-310.9,-310.65,197.3125));
#2457 = DIRECTION('',(0.,0.,1.));
#2458 = DIRECTION('',(1.,0.,0.));
#2459 = MANIFOLD_SOLID_BREP('',#2460);
#2460 = CLOSED_SHELL('',(#2461,#2501,#2541,#2563,#2585,#2597));
#2461 = ADVANCED_FACE('',(#2462),#2496,.F.);
#2462 = FACE_BOUND('',#2463,.F.);
#2463 = EDGE_LOOP('',(#2464,#2474,#2482,#2490));
#2464 = ORIENTED_EDGE('',*,*,#2465,.F.);
#2465 = EDGE_CURVE('',#2466,#2468,#2470,.T.);
#2466 = VERTEX_POINT('',#2467);
#2467 = CARTESIAN_POINT('',(-310.9,-310.65,221.3125));
#2468 = VERTEX_POINT('',#2469);
#2469 = CARTESIAN_POINT('',(-310.9,-310.65,231.3125));
#2470 = LINE('',#2471,#2472);
#2471 = CARTESIAN_POINT('',(-310.9,-310.65,221.3125));
#2472 = VECTOR('',#2473,1.);
#2473 = DIRECTION('',(0.,0.,1.));
#2474 = ORIENTED_EDGE('',*,*,#2475,.T.);
#2475 = EDGE_CURVE('',#2466,#2476,#2478,.T.);
#2476 = VERTEX_POINT('',#2477);
#2477 = CARTESIAN_POINT('',(-310.9,-295.65,221.3125));
#2478 = LINE('',#2479,#2480);
#2479 = CARTESIAN_POINT('',(-310.9,-310.65,221.3125));
#2480 = VECTOR('',#2481,1.);
#2481 = DIRECTION('',(0.,1.,0.));
#2482 = ORIENTED_EDGE('',*,*,#2483,.T.);
#2483 = EDGE_CURVE('',#2476,#2484,#2486,.T.);
#2484 = VERTEX_POINT('',#2485);
#2485 = CARTESIAN_POINT('',(-310.9,-295.65,231.3125));
#2486 = LINE('',#2487,#2488);
#2487 = CARTESIAN_POINT('',(-310.9,-295.65,221.3125));
#2488 = VECTOR('',#2489,1.);
#2489 = DIRECTION('',(0.,0.,1.));
#2490 = ORIENTED_EDGE('',*,*,#2491,.F.);
#2491 = EDGE_CURVE('',#2468,#2484,#2492,.T.);
#2492 = LINE('',#2493,#2494);
#2493 = CARTESIAN_POINT('',(-310.9,-310.65,231.3125));
#2494 = VECTOR('',#2495,1.);
#2495 = DIRECTION('',(0.,1.,0.));
#2496 = PLANE('',#2497);
#2497 = AXIS2_PLACEMENT_3D('',#2498,#2499,#2500);
#2498 = CARTESIAN_POINT('',(-310.9,-310.65,221.3125));
#2499 = DIRECTION('',(1.,0.,0.));
#2500 = DIRECTION('',(0.,0.,1.));
#2501 = ADVANCED_FACE('',(#2502),#2536,.T.);
#2502 = FACE_BOUND('',#2503,.T.);
#2503 = EDGE_LOOP('',(#2504,#2514,#2522,#2530));
#2504 = ORIENTED_EDGE('',*,*,#2505,.F.);
#2505 = EDGE_CURVE('',#2506,#2508,#2510,.T.);
#2506 = VERTEX_POINT('',#2507);
#2507 = CARTESIAN_POINT('',(310.9,-310.65,221.3125));
#2508 = VERTEX_POINT('',#2509);
#2509 = CARTESIAN_POINT('',(310.9,-310.65,231.3125));
#2510 = LINE('',#2511,#2512);
#2511 = CARTESIAN_POINT('',(310.9,-310.65,221.3125));
#2512 = VECTOR('',#2513,1.);
#2513 = DIRECTION('',(0.,0.,1.));
#2514 = ORIENTED_EDGE('',*,*,#2515,.T.);
#2515 = EDGE_CURVE('',#2506,#2516,#2518,.T.);
#2516 = VERTEX_POINT('',#2517);
#2517 = CARTESIAN_POINT('',(310.9,-295.65,221.3125));
#2518 = LINE('',#2519,#2520);
#2519 = CARTESIAN_POINT('',(310.9,-310.65,221.3125));
#2520 = VECTOR('',#2521,1.);
#2521 = DIRECTION('',(0.,1.,0.));
#2522 = ORIENTED_EDGE('',*,*,#2523,.T.);
#2523 = EDGE_CURVE('',#2516,#2524,#2526,.T.);
#2524 = VERTEX_POINT('',#2525);
#2525 = CARTESIAN_POINT('',(310.9,-295.65,231.3125));
#2526 = LINE('',#2527,#2528);
#2527 = CARTESIAN_POINT('',(310.9,-295.65,221.3125));
#2528 = VECTOR('',#2529,1.);
#2529 = DIRECTION('',(0.,0.,1.));
#2530 = ORIENTED_EDGE('',*,*,#2531,.F.);
#2531 = EDGE_CURVE('',#2508,#2524,#2532,.T.);
#2532 = LINE('',#2533,#2534);
#2533 = CARTESIAN_POINT('',(310.9,-310.65,231.3125));
#2534 = VECTOR('',#2535,1.);
#2535 = DIRECTION('',(0.,1.,0.));
#2536 = PLANE('',#2537);
#2537 = AXIS2_PLACEMENT_3D('',#2538,#2539,#2540);
#2538 = CARTESIAN_POINT('',(310.9,-310.65,221.3125));
#2539 = DIRECTION('',(1.,0.,0.));
#2540 = DIRECTION('',(0.,0.,1.));
#2541 = ADVANCED_FACE('',(#2542),#2558,.F.);
#2542 = FACE_BOUND('',#2543,.F.);
#2543 = EDGE_LOOP('',(#2544,#2550,#2551,#2557));
#2544 = ORIENTED_EDGE('',*,*,#2545,.F.);
#2545 = EDGE_CURVE('',#2466,#2506,#2546,.T.);
#2546 = LINE('',#2547,#2548);
#2547 = CARTESIAN_POINT('',(-310.9,-310.65,221.3125));
#2548 = VECTOR('',#2549,1.);
#2549 = DIRECTION('',(1.,0.,0.));
#2550 = ORIENTED_EDGE('',*,*,#2465,.T.);
#2551 = ORIENTED_EDGE('',*,*,#2552,.T.);
#2552 = EDGE_CURVE('',#2468,#2508,#2553,.T.);
#2553 = LINE('',#2554,#2555);
#2554 = CARTESIAN_POINT('',(-310.9,-310.65,231.3125));
#2555 = VECTOR('',#2556,1.);
#2556 = DIRECTION('',(1.,0.,0.));
#2557 = ORIENTED_EDGE('',*,*,#2505,.F.);
#2558 = PLANE('',#2559);
#2559 = AXIS2_PLACEMENT_3D('',#2560,#2561,#2562);
#2560 = CARTESIAN_POINT('',(-310.9,-310.65,221.3125));
#2561 = DIRECTION('',(0.,1.,0.));
#2562 = DIRECTION('',(0.,0.,1.));
#2563 = ADVANCED_FACE('',(#2564),#2580,.T.);
#2564 = FACE_BOUND('',#2565,.T.);
#2565 = EDGE_LOOP('',(#2566,#2572,#2573,#2579));
#2566 = ORIENTED_EDGE('',*,*,#2567,.F.);
#2567 = EDGE_CURVE('',#2476,#2516,#2568,.T.);
#2568 = LINE('',#2569,#2570);
#2569 = CARTESIAN_POINT('',(-310.9,-295.65,221.3125));
#2570 = VECTOR('',#2571,1.);
#2571 = DIRECTION('',(1.,0.,0.));
#2572 = ORIENTED_EDGE('',*,*,#2483,.T.);
#2573 = ORIENTED_EDGE('',*,*,#2574,.T.);
#2574 = EDGE_CURVE('',#2484,#2524,#2575,.T.);
#2575 = LINE('',#2576,#2577);
#2576 = CARTESIAN_POINT('',(-310.9,-295.65,231.3125));
#2577 = VECTOR('',#2578,1.);
#2578 = DIRECTION('',(1.,0.,0.));
#2579 = ORIENTED_EDGE('',*,*,#2523,.F.);
#2580 = PLANE('',#2581);
#2581 = AXIS2_PLACEMENT_3D('',#2582,#2583,#2584);
#2582 = CARTESIAN_POINT('',(-310.9,-295.65,221.3125));
#2583 = DIRECTION('',(0.,1.,0.));
#2584 = DIRECTION('',(0.,0.,1.));
#2585 = ADVANCED_FACE('',(#2586),#2592,.F.);
#2586 = FACE_BOUND('',#2587,.F.);
#2587 = EDGE_LOOP('',(#2588,#2589,#2590,#2591));
#2588 = ORIENTED_EDGE('',*,*,#2475,.F.);
#2589 = ORIENTED_EDGE('',*,*,#2545,.T.);
#2590 = ORIENTED_EDGE('',*,*,#2515,.T.);
#2591 = ORIENTED_EDGE('',*,*,#2567,.F.);
#2592 = PLANE('',#2593);
#2593 = AXIS2_PLACEMENT_3D('',#2594,#2595,#2596);
#2594 = CARTESIAN_POINT('',(-310.9,-310.65,221.3125));
#2595 = DIRECTION('',(0.,0.,1.));
#2596 = DIRECTION('',(1.,0.,0.));
#2597 = ADVANCED_FACE('',(#2598),#2604,.T.);
#2598 = FACE_BOUND('',#2599,.T.);
#2599 = EDGE_LOOP('',(#2600,#2601,#2602,#2603));
#2600 = ORIENTED_EDGE('',*,*,#2491,.F.);
#2601 = ORIENTED_EDGE('',*,*,#2552,.T.);
#2602 = ORIENTED_EDGE('',*,*,#2531,.T.);
#2603 = ORIENTED_EDGE('',*,*,#2574,.F.);
#2604 = PLANE('',#2605);
#2605 = AXIS2_PLACEMENT_3D('',#2606,#2607,#2608);
#2606 = CARTESIAN_POINT('',(-310.9,-310.65,231.3125));
#2607 = DIRECTION('',(0.,0.,1.));
#2608 = DIRECTION('',(1.,0.,0.));
#2609 = MANIFOLD_SOLID_BREP('',#2610);
#2610 = CLOSED_SHELL('',(#2611,#2651,#2691,#2713,#2735,#2747));
#2611 = ADVANCED_FACE('',(#2612),#2646,.F.);
#2612 = FACE_BOUND('',#2613,.F.);
#2613 = EDGE_LOOP('',(#2614,#2624,#2632,#2640));
#2614 = ORIENTED_EDGE('',*,*,#2615,.F.);
#2615 = EDGE_CURVE('',#2616,#2618,#2620,.T.);
#2616 = VERTEX_POINT('',#2617);
#2617 = CARTESIAN_POINT('',(-310.9,-310.65,255.3125));
#2618 = VERTEX_POINT('',#2619);
#2619 = CARTESIAN_POINT('',(-310.9,-310.65,265.3125));
#2620 = LINE('',#2621,#2622);
#2621 = CARTESIAN_POINT('',(-310.9,-310.65,255.3125));
#2622 = VECTOR('',#2623,1.);
#2623 = DIRECTION('',(0.,0.,1.));
#2624 = ORIENTED_EDGE('',*,*,#2625,.T.);
#2625 = EDGE_CURVE('',#2616,#2626,#2628,.T.);
#2626 = VERTEX_POINT('',#2627);
#2627 = CARTESIAN_POINT('',(-310.9,-295.65,255.3125));
#2628 = LINE('',#2629,#2630);
#2629 = CARTESIAN_POINT('',(-310.9,-310.65,255.3125));
#2630 = VECTOR('',#2631,1.);
#2631 = DIRECTION('',(0.,1.,0.));
#2632 = ORIENTED_EDGE('',*,*,#2633,.T.);
#2633 = EDGE_CURVE('',#2626,#2634,#2636,.T.);
#2634 = VERTEX_POINT('',#2635);
#2635 = CARTESIAN_POINT('',(-310.9,-295.65,265.3125));
#2636 = LINE('',#2637,#2638);
#2637 = CARTESIAN_POINT('',(-310.9,-295.65,255.3125));
#2638 = VECTOR('',#2639,1.);
#2639 = DIRECTION('',(0.,0.,1.));
#2640 = ORIENTED_EDGE('',*,*,#2641,.F.);
#2641 = EDGE_CURVE('',#2618,#2634,#2642,.T.);
#2642 = LINE('',#2643,#2644);
#2643 = CARTESIAN_POINT('',(-310.9,-310.65,265.3125));
#2644 = VECTOR('',#2645,1.);
#2645 = DIRECTION('',(0.,1.,0.));
#2646 = PLANE('',#2647);
#2647 = AXIS2_PLACEMENT_3D('',#2648,#2649,#2650);
#2648 = CARTESIAN_POINT('',(-310.9,-310.65,255.3125));
#2649 = DIRECTION('',(1.,0.,0.));
#2650 = DIRECTION('',(0.,0.,1.));
#2651 = ADVANCED_FACE('',(#2652),#2686,.T.);
#2652 = FACE_BOUND('',#2653,.T.);
#2653 = EDGE_LOOP('',(#2654,#2664,#2672,#2680));
#2654 = ORIENTED_EDGE('',*,*,#2655,.F.);
#2655 = EDGE_CURVE('',#2656,#2658,#2660,.T.);
#2656 = VERTEX_POINT('',#2657);
#2657 = CARTESIAN_POINT('',(310.9,-310.65,255.3125));
#2658 = VERTEX_POINT('',#2659);
#2659 = CARTESIAN_POINT('',(310.9,-310.65,265.3125));
#2660 = LINE('',#2661,#2662);
#2661 = CARTESIAN_POINT('',(310.9,-310.65,255.3125));
#2662 = VECTOR('',#2663,1.);
#2663 = DIRECTION('',(0.,0.,1.));
#2664 = ORIENTED_EDGE('',*,*,#2665,.T.);
#2665 = EDGE_CURVE('',#2656,#2666,#2668,.T.);
#2666 = VERTEX_POINT('',#2667);
#2667 = CARTESIAN_POINT('',(310.9,-295.65,255.3125));
#2668 = LINE('',#2669,#2670);
#2669 = CARTESIAN_POINT('',(310.9,-310.65,255.3125));
#2670 = VECTOR('',#2671,1.);
#2671 = DIRECTION('',(0.,1.,0.));
#2672 = ORIENTED_EDGE('',*,*,#2673,.T.);
#2673 = EDGE_CURVE('',#2666,#2674,#2676,.T.);
#2674 = VERTEX_POINT('',#2675);
#2675 = CARTESIAN_POINT('',(310.9,-295.65,265.3125));
#2676 = LINE('',#2677,#2678);
#2677 = CARTESIAN_POINT('',(310.9,-295.65,255.3125));
#2678 = VECTOR('',#2679,1.);
#2679 = DIRECTION('',(0.,0.,1.));
#2680 = ORIENTED_EDGE('',*,*,#2681,.F.);
#2681 = EDGE_CURVE('',#2658,#2674,#2682,.T.);
#2682 = LINE('',#2683,#2684);
#2683 = CARTESIAN_POINT('',(310.9,-310.65,265.3125));
#2684 = VECTOR('',#2685,1.);
#2685 = DIRECTION('',(0.,1.,0.));
#2686 = PLANE('',#2687);
#2687 = AXIS2_PLACEMENT_3D('',#2688,#2689,#2690);
#2688 = CARTESIAN_POINT('',(310.9,-310.65,255.3125));
#2689 = DIRECTION('',(1.,0.,0.));
#2690 = DIRECTION('',(0.,0.,1.));
#2691 = ADVANCED_FACE('',(#2692),#2708,.F.);
#2692 = FACE_BOUND('',#2693,.F.);
#2693 = EDGE_LOOP('',(#2694,#2700,#2701,#2707));
#2694 = ORIENTED_EDGE('',*,*,#2695,.F.);
#2695 = EDGE_CURVE('',#2616,#2656,#2696,.T.);
#2696 = LINE('',#2697,#2698);
#2697 = CARTESIAN_POINT('',(-310.9,-310.65,255.3125));
#2698 = VECTOR('',#2699,1.);
#2699 = DIRECTION('',(1.,0.,0.));
#2700 = ORIENTED_EDGE('',*,*,#2615,.T.);
#2701 = ORIENTED_EDGE('',*,*,#2702,.T.);
#2702 = EDGE_CURVE('',#2618,#2658,#2703,.T.);
#2703 = LINE('',#2704,#2705);
#2704 = CARTESIAN_POINT('',(-310.9,-310.65,265.3125));
#2705 = VECTOR('',#2706,1.);
#2706 = DIRECTION('',(1.,0.,0.));
#2707 = ORIENTED_EDGE('',*,*,#2655,.F.);
#2708 = PLANE('',#2709);
#2709 = AXIS2_PLACEMENT_3D('',#2710,#2711,#2712);
#2710 = CARTESIAN_POINT('',(-310.9,-310.65,255.3125));
#2711 = DIRECTION('',(0.,1.,0.));
#2712 = DIRECTION('',(0.,0.,1.));
#2713 = ADVANCED_FACE('',(#2714),#2730,.T.);
#2714 = FACE_BOUND('',#2715,.T.);
#2715 = EDGE_LOOP('',(#2716,#2722,#2723,#2729));
#2716 = ORIENTED_EDGE('',*,*,#2717,.F.);
#2717 = EDGE_CURVE('',#2626,#2666,#2718,.T.);
#2718 = LINE('',#2719,#2720);
#2719 = CARTESIAN_POINT('',(-310.9,-295.65,255.3125));
#2720 = VECTOR('',#2721,1.);
#2721 = DIRECTION('',(1.,0.,0.));
#2722 = ORIENTED_EDGE('',*,*,#2633,.T.);
#2723 = ORIENTED_EDGE('',*,*,#2724,.T.);
#2724 = EDGE_CURVE('',#2634,#2674,#2725,.T.);
#2725 = LINE('',#2726,#2727);
#2726 = CARTESIAN_POINT('',(-310.9,-295.65,265.3125));
#2727 = VECTOR('',#2728,1.);
#2728 = DIRECTION('',(1.,0.,0.));
#2729 = ORIENTED_EDGE('',*,*,#2673,.F.);
#2730 = PLANE('',#2731);
#2731 = AXIS2_PLACEMENT_3D('',#2732,#2733,#2734);
#2732 = CARTESIAN_POINT('',(-310.9,-295.65,255.3125));
#2733 = DIRECTION('',(0.,1.,0.));
#2734 = DIRECTION('',(0.,0.,1.));
#2735 = ADVANCED_FACE('',(#2736),#2742,.F.);
#2736 = FACE_BOUND('',#2737,.F.);
#2737 = EDGE_LOOP('',(#2738,#2739,#2740,#2741));
#2738 = ORIENTED_EDGE('',*,*,#2625,.F.);
#2739 = ORIENTED_EDGE('',*,*,#2695,.T.);
#2740 = ORIENTED_EDGE('',*,*,#2665,.T.);
#2741 = ORIENTED_EDGE('',*,*,#2717,.F.);
#2742 = PLANE('',#2743);
#2743 = AXIS2_PLACEMENT_3D('',#2744,#2745,#2746);
#2744 = CARTESIAN_POINT('',(-310.9,-310.65,255.3125));
#2745 = DIRECTION('',(0.,0.,1.));
#2746 = DIRECTION('',(1.,0.,0.));
#2747 = ADVANCED_FACE('',(#2748),#2754,.T.);
#2748 = FACE_BOUND('',#2749,.T.);
#2749 = EDGE_LOOP('',(#2750,#2751,#2752,#2753));
#2750 = ORIENTED_EDGE('',*,*,#2641,.F.);
#2751 = ORIENTED_EDGE('',*,*,#2702,.T.);
#2752 = ORIENTED_EDGE('',*,*,#2681,.T.);
#2753 = ORIENTED_EDGE('',*,*,#2724,.F.);
#2754 = PLANE('',#2755);
#2755 = AXIS2_PLACEMENT_3D('',#2756,#2757,#2758);
#2756 = CARTESIAN_POINT('',(-310.9,-310.65,265.3125));
#2757 = DIRECTION('',(0.,0.,1.));
#2758 = DIRECTION('',(1.,0.,0.));
#2759 = MANIFOLD_SOLID_BREP('',#2760);
#2760 = CLOSED_SHELL('',(#2761,#2801,#2841,#2863,#2885,#2897));
#2761 = ADVANCED_FACE('',(#2762),#2796,.F.);
#2762 = FACE_BOUND('',#2763,.F.);
#2763 = EDGE_LOOP('',(#2764,#2774,#2782,#2790));
#2764 = ORIENTED_EDGE('',*,*,#2765,.F.);
#2765 = EDGE_CURVE('',#2766,#2768,#2770,.T.);
#2766 = VERTEX_POINT('',#2767);
#2767 = CARTESIAN_POINT('',(-310.9,-310.65,289.3125));
#2768 = VERTEX_POINT('',#2769);
#2769 = CARTESIAN_POINT('',(-310.9,-310.65,299.3125));
#2770 = LINE('',#2771,#2772);
#2771 = CARTESIAN_POINT('',(-310.9,-310.65,289.3125));
#2772 = VECTOR('',#2773,1.);
#2773 = DIRECTION('',(0.,0.,1.));
#2774 = ORIENTED_EDGE('',*,*,#2775,.T.);
#2775 = EDGE_CURVE('',#2766,#2776,#2778,.T.);
#2776 = VERTEX_POINT('',#2777);
#2777 = CARTESIAN_POINT('',(-310.9,-295.65,289.3125));
#2778 = LINE('',#2779,#2780);
#2779 = CARTESIAN_POINT('',(-310.9,-310.65,289.3125));
#2780 = VECTOR('',#2781,1.);
#2781 = DIRECTION('',(0.,1.,0.));
#2782 = ORIENTED_EDGE('',*,*,#2783,.T.);
#2783 = EDGE_CURVE('',#2776,#2784,#2786,.T.);
#2784 = VERTEX_POINT('',#2785);
#2785 = CARTESIAN_POINT('',(-310.9,-295.65,299.3125));
#2786 = LINE('',#2787,#2788);
#2787 = CARTESIAN_POINT('',(-310.9,-295.65,289.3125));
#2788 = VECTOR('',#2789,1.);
#2789 = DIRECTION('',(0.,0.,1.));
#2790 = ORIENTED_EDGE('',*,*,#2791,.F.);
#2791 = EDGE_CURVE('',#2768,#2784,#2792,.T.);
#2792 = LINE('',#2793,#2794);
#2793 = CARTESIAN_POINT('',(-310.9,-310.65,299.3125));
#2794 = VECTOR('',#2795,1.);
#2795 = DIRECTION('',(0.,1.,0.));
#2796 = PLANE('',#2797);
#2797 = AXIS2_PLACEMENT_3D('',#2798,#2799,#2800);
#2798 = CARTESIAN_POINT('',(-310.9,-310.65,289.3125));
#2799 = DIRECTION('',(1.,0.,0.));
#2800 = DIRECTION('',(0.,0.,1.));
#2801 = ADVANCED_FACE('',(#2802),#2836,.T.);
#2802 = FACE_BOUND('',#2803,.T.);
#2803 = EDGE_LOOP('',(#2804,#2814,#2822,#2830));
#2804 = ORIENTED_EDGE('',*,*,#2805,.F.);
#2805 = EDGE_CURVE('',#2806,#2808,#2810,.T.);
#2806 = VERTEX_POINT('',#2807);
#2807 = CARTESIAN_POINT('',(310.9,-310.65,289.3125));
#2808 = VERTEX_POINT('',#2809);
#2809 = CARTESIAN_POINT('',(310.9,-310.65,299.3125));
#2810 = LINE('',#2811,#2812);
#2811 = CARTESIAN_POINT('',(310.9,-310.65,289.3125));
#2812 = VECTOR('',#2813,1.);
#2813 = DIRECTION('',(0.,0.,1.));
#2814 = ORIENTED_EDGE('',*,*,#2815,.T.);
#2815 = EDGE_CURVE('',#2806,#2816,#2818,.T.);
#2816 = VERTEX_POINT('',#2817);
#2817 = CARTESIAN_POINT('',(310.9,-295.65,289.3125));
#2818 = LINE('',#2819,#2820);
#2819 = CARTESIAN_POINT('',(310.9,-310.65,289.3125));
#2820 = VECTOR('',#2821,1.);
#2821 = DIRECTION('',(0.,1.,0.));
#2822 = ORIENTED_EDGE('',*,*,#2823,.T.);
#2823 = EDGE_CURVE('',#2816,#2824,#2826,.T.);
#2824 = VERTEX_POINT('',#2825);
#2825 = CARTESIAN_POINT('',(310.9,-295.65,299.3125));
#2826 = LINE('',#2827,#2828);
#2827 = CARTESIAN_POINT('',(310.9,-295.65,289.3125));
#2828 = VECTOR('',#2829,1.);
#2829 = DIRECTION('',(0.,0.,1.));
#2830 = ORIENTED_EDGE('',*,*,#2831,.F.);
#2831 = EDGE_CURVE('',#2808,#2824,#2832,.T.);
#2832 = LINE('',#2833,#2834);
#2833 = CARTESIAN_POINT('',(310.9,-310.65,299.3125));
#2834 = VECTOR('',#2835,1.);
#2835 = DIRECTION('',(0.,1.,0.));
#2836 = PLANE('',#2837);
#2837 = AXIS2_PLACEMENT_3D('',#2838,#2839,#2840);
#2838 = CARTESIAN_POINT('',(310.9,-310.65,289.3125));
#2839 = DIRECTION('',(1.,0.,0.));
#2840 = DIRECTION('',(0.,0.,1.));
#2841 = ADVANCED_FACE('',(#2842),#2858,.F.);
#2842 = FACE_BOUND('',#2843,.F.);
#2843 = EDGE_LOOP('',(#2844,#2850,#2851,#2857));
#2844 = ORIENTED_EDGE('',*,*,#2845,.F.);
#2845 = EDGE_CURVE('',#2766,#2806,#2846,.T.);
#2846 = LINE('',#2847,#2848);
#2847 = CARTESIAN_POINT('',(-310.9,-310.65,289.3125));
#2848 = VECTOR('',#2849,1.);
#2849 = DIRECTION('',(1.,0.,0.));
#2850 = ORIENTED_EDGE('',*,*,#2765,.T.);
#2851 = ORIENTED_EDGE('',*,*,#2852,.T.);
#2852 = EDGE_CURVE('',#2768,#2808,#2853,.T.);
#2853 = LINE('',#2854,#2855);
#2854 = CARTESIAN_POINT('',(-310.9,-310.65,299.3125));
#2855 = VECTOR('',#2856,1.);
#2856 = DIRECTION('',(1.,0.,0.));
#2857 = ORIENTED_EDGE('',*,*,#2805,.F.);
#2858 = PLANE('',#2859);
#2859 = AXIS2_PLACEMENT_3D('',#2860,#2861,#2862);
#2860 = CARTESIAN_POINT('',(-310.9,-310.65,289.3125));
#2861 = DIRECTION('',(0.,1.,0.));
#2862 = DIRECTION('',(0.,0.,1.));
#2863 = ADVANCED_FACE('',(#2864),#2880,.T.);
#2864 = FACE_BOUND('',#2865,.T.);
#2865 = EDGE_LOOP('',(#2866,#2872,#2873,#2879));
#2866 = ORIENTED_EDGE('',*,*,#2867,.F.);
#2867 = EDGE_CURVE('',#2776,#2816,#2868,.T.);
#2868 = LINE('',#2869,#2870);
#2869 = CARTESIAN_POINT('',(-310.9,-295.65,289.3125));
#2870 = VECTOR('',#2871,1.);
#2871 = DIRECTION('',(1.,0.,0.));
#2872 = ORIENTED_EDGE('',*,*,#2783,.T.);
#2873 = ORIENTED_EDGE('',*,*,#2874,.T.);
#2874 = EDGE_CURVE('',#2784,#2824,#2875,.T.);
#2875 = LINE('',#2876,#2877);
#2876 = CARTESIAN_POINT('',(-310.9,-295.65,299.3125));
#2877 = VECTOR('',#2878,1.);
#2878 = DIRECTION('',(1.,0.,0.));
#2879 = ORIENTED_EDGE('',*,*,#2823,.F.);
#2880 = PLANE('',#2881);
#2881 = AXIS2_PLACEMENT_3D('',#2882,#2883,#2884);
#2882 = CARTESIAN_POINT('',(-310.9,-295.65,289.3125));
#2883 = DIRECTION('',(0.,1.,0.));
#2884 = DIRECTION('',(0.,0.,1.));
#2885 = ADVANCED_FACE('',(#2886),#2892,.F.);
#2886 = FACE_BOUND('',#2887,.F.);
#2887 = EDGE_LOOP('',(#2888,#2889,#2890,#2891));
#2888 = ORIENTED_EDGE('',*,*,#2775,.F.);
#2889 = ORIENTED_EDGE('',*,*,#2845,.T.);
#2890 = ORIENTED_EDGE('',*,*,#2815,.T.);
#2891 = ORIENTED_EDGE('',*,*,#2867,.F.);
#2892 = PLANE('',#2893);
#2893 = AXIS2_PLACEMENT_3D('',#2894,#2895,#2896);
#2894 = CARTESIAN_POINT('',(-310.9,-310.65,289.3125));
#2895 = DIRECTION('',(0.,0.,1.));
#2896 = DIRECTION('',(1.,0.,0.));
#2897 = ADVANCED_FACE('',(#2898),#2904,.T.);
#2898 = FACE_BOUND('',#2899,.T.);
#2899 = EDGE_LOOP('',(#2900,#2901,#2902,#2903));
#2900 = ORIENTED_EDGE('',*,*,#2791,.F.);
#2901 = ORIENTED_EDGE('',*,*,#2852,.T.);
#2902 = ORIENTED_EDGE('',*,*,#2831,.T.);
#2903 = ORIENTED_EDGE('',*,*,#2874,.F.);
#2904 = PLANE('',#2905);
#2905 = AXIS2_PLACEMENT_3D('',#2906,#2907,#2908);
#2906 = CARTESIAN_POINT('',(-310.9,-310.65,299.3125));
#2907 = DIRECTION('',(0.,0.,1.));
#2908 = DIRECTION('',(1.,0.,0.));
#2909 = MANIFOLD_SOLID_BREP('',#2910);
#2910 = CLOSED_SHELL('',(#2911,#2951,#2991,#3013,#3035,#3047));
#2911 = ADVANCED_FACE('',(#2912),#2946,.F.);
#2912 = FACE_BOUND('',#2913,.F.);
#2913 = EDGE_LOOP('',(#2914,#2924,#2932,#2940));
#2914 = ORIENTED_EDGE('',*,*,#2915,.F.);
#2915 = EDGE_CURVE('',#2916,#2918,#2920,.T.);
#2916 = VERTEX_POINT('',#2917);
#2917 = CARTESIAN_POINT('',(161.882,-311.15,1.7930125E+03));
#2918 = VERTEX_POINT('',#2919);
#2919 = CARTESIAN_POINT('',(161.882,-311.15,1.8230125E+03));
#2920 = LINE('',#2921,#2922);
#2921 = CARTESIAN_POINT('',(161.882,-311.15,1.7930125E+03));
#2922 = VECTOR('',#2923,1.);
#2923 = DIRECTION('',(0.,0.,1.));
#2924 = ORIENTED_EDGE('',*,*,#2925,.T.);
#2925 = EDGE_CURVE('',#2916,#2926,#2928,.T.);
#2926 = VERTEX_POINT('',#2927);
#2927 = CARTESIAN_POINT('',(161.882,-308.15,1.7930125E+03));
#2928 = LINE('',#2929,#2930);
#2929 = CARTESIAN_POINT('',(161.882,-311.15,1.7930125E+03));
#2930 = VECTOR('',#2931,1.);
#2931 = DIRECTION('',(0.,1.,0.));
#2932 = ORIENTED_EDGE('',*,*,#2933,.T.);
#2933 = EDGE_CURVE('',#2926,#2934,#2936,.T.);
#2934 = VERTEX_POINT('',#2935);
#2935 = CARTESIAN_POINT('',(161.882,-308.15,1.8230125E+03));
#2936 = LINE('',#2937,#2938);
#2937 = CARTESIAN_POINT('',(161.882,-308.15,1.7930125E+03));
#2938 = VECTOR('',#2939,1.);
#2939 = DIRECTION('',(0.,0.,1.));
#2940 = ORIENTED_EDGE('',*,*,#2941,.F.);
#2941 = EDGE_CURVE('',#2918,#2934,#2942,.T.);
#2942 = LINE('',#2943,#2944);
#2943 = CARTESIAN_POINT('',(161.882,-311.15,1.8230125E+03));
#2944 = VECTOR('',#2945,1.);
#2945 = DIRECTION('',(0.,1.,0.));
#2946 = PLANE('',#2947);
#2947 = AXIS2_PLACEMENT_3D('',#2948,#2949,#2950);
#2948 = CARTESIAN_POINT('',(161.882,-311.15,1.7930125E+03));
#2949 = DIRECTION('',(1.,0.,0.));
#2950 = DIRECTION('',(0.,0.,1.));
#2951 = ADVANCED_FACE('',(#2952),#2986,.T.);
#2952 = FACE_BOUND('',#2953,.T.);
#2953 = EDGE_LOOP('',(#2954,#2964,#2972,#2980));
#2954 = ORIENTED_EDGE('',*,*,#2955,.F.);
#2955 = EDGE_CURVE('',#2956,#2958,#2960,.T.);
#2956 = VERTEX_POINT('',#2957);
#2957 = CARTESIAN_POINT('',(235.882,-311.15,1.7930125E+03));
#2958 = VERTEX_POINT('',#2959);
#2959 = CARTESIAN_POINT('',(235.882,-311.15,1.8230125E+03));
#2960 = LINE('',#2961,#2962);
#2961 = CARTESIAN_POINT('',(235.882,-311.15,1.7930125E+03));
#2962 = VECTOR('',#2963,1.);
#2963 = DIRECTION('',(0.,0.,1.));
#2964 = ORIENTED_EDGE('',*,*,#2965,.T.);
#2965 = EDGE_CURVE('',#2956,#2966,#2968,.T.);
#2966 = VERTEX_POINT('',#2967);
#2967 = CARTESIAN_POINT('',(235.882,-308.15,1.7930125E+03));
#2968 = LINE('',#2969,#2970);
#2969 = CARTESIAN_POINT('',(235.882,-311.15,1.7930125E+03));
#2970 = VECTOR('',#2971,1.);
#2971 = DIRECTION('',(0.,1.,0.));
#2972 = ORIENTED_EDGE('',*,*,#2973,.T.);
#2973 = EDGE_CURVE('',#2966,#2974,#2976,.T.);
#2974 = VERTEX_POINT('',#2975);
#2975 = CARTESIAN_POINT('',(235.882,-308.15,1.8230125E+03));
#2976 = LINE('',#2977,#2978);
#2977 = CARTESIAN_POINT('',(235.882,-308.15,1.7930125E+03));
#2978 = VECTOR('',#2979,1.);
#2979 = DIRECTION('',(0.,0.,1.));
#2980 = ORIENTED_EDGE('',*,*,#2981,.F.);
#2981 = EDGE_CURVE('',#2958,#2974,#2982,.T.);
#2982 = LINE('',#2983,#2984);
#2983 = CARTESIAN_POINT('',(235.882,-311.15,1.8230125E+03));
#2984 = VECTOR('',#2985,1.);
#2985 = DIRECTION('',(0.,1.,0.));
#2986 = PLANE('',#2987);
#2987 = AXIS2_PLACEMENT_3D('',#2988,#2989,#2990);
#2988 = CARTESIAN_POINT('',(235.882,-311.15,1.7930125E+03));
#2989 = DIRECTION('',(1.,0.,0.));
#2990 = DIRECTION('',(0.,0.,1.));
#2991 = ADVANCED_FACE('',(#2992),#3008,.F.);
#2992 = FACE_BOUND('',#2993,.F.);
#2993 = EDGE_LOOP('',(#2994,#3000,#3001,#3007));
#2994 = ORIENTED_EDGE('',*,*,#2995,.F.);
#2995 = EDGE_CURVE('',#2916,#2956,#2996,.T.);
#2996 = LINE('',#2997,#2998);
#2997 = CARTESIAN_POINT('',(161.882,-311.15,1.7930125E+03));
#2998 = VECTOR('',#2999,1.);
#2999 = DIRECTION('',(1.,0.,0.));
#3000 = ORIENTED_EDGE('',*,*,#2915,.T.);
#3001 = ORIENTED_EDGE('',*,*,#3002,.T.);
#3002 = EDGE_CURVE('',#2918,#2958,#3003,.T.);
#3003 = LINE('',#3004,#3005);
#3004 = CARTESIAN_POINT('',(161.882,-311.15,1.8230125E+03));
#3005 = VECTOR('',#3006,1.);
#3006 = DIRECTION('',(1.,0.,0.));
#3007 = ORIENTED_EDGE('',*,*,#2955,.F.);
#3008 = PLANE('',#3009);
#3009 = AXIS2_PLACEMENT_3D('',#3010,#3011,#3012);
#3010 = CARTESIAN_POINT('',(161.882,-311.15,1.7930125E+03));
#3011 = DIRECTION('',(0.,1.,0.));
#3012 = DIRECTION('',(0.,0.,1.));
#3013 = ADVANCED_FACE('',(#3014),#3030,.T.);
#3014 = FACE_BOUND('',#3015,.T.);
#3015 = EDGE_LOOP('',(#3016,#3022,#3023,#3029));
#3016 = ORIENTED_EDGE('',*,*,#3017,.F.);
#3017 = EDGE_CURVE('',#2926,#2966,#3018,.T.);
#3018 = LINE('',#3019,#3020);
#3019 = CARTESIAN_POINT('',(161.882,-308.15,1.7930125E+03));
#3020 = VECTOR('',#3021,1.);
#3021 = DIRECTION('',(1.,0.,0.));
#3022 = ORIENTED_EDGE('',*,*,#2933,.T.);
#3023 = ORIENTED_EDGE('',*,*,#3024,.T.);
#3024 = EDGE_CURVE('',#2934,#2974,#3025,.T.);
#3025 = LINE('',#3026,#3027);
#3026 = CARTESIAN_POINT('',(161.882,-308.15,1.8230125E+03));
#3027 = VECTOR('',#3028,1.);
#3028 = DIRECTION('',(1.,0.,0.));
#3029 = ORIENTED_EDGE('',*,*,#2973,.F.);
#3030 = PLANE('',#3031);
#3031 = AXIS2_PLACEMENT_3D('',#3032,#3033,#3034);
#3032 = CARTESIAN_POINT('',(161.882,-308.15,1.7930125E+03));
#3033 = DIRECTION('',(0.,1.,0.));
#3034 = DIRECTION('',(0.,0.,1.));
#3035 = ADVANCED_FACE('',(#3036),#3042,.F.);
#3036 = FACE_BOUND('',#3037,.F.);
#3037 = EDGE_LOOP('',(#3038,#3039,#3040,#3041));
#3038 = ORIENTED_EDGE('',*,*,#2925,.F.);
#3039 = ORIENTED_EDGE('',*,*,#2995,.T.);
#3040 = ORIENTED_EDGE('',*,*,#2965,.T.);
#3041 = ORIENTED_EDGE('',*,*,#3017,.F.);
#3042 = PLANE('',#3043);
#3043 = AXIS2_PLACEMENT_3D('',#3044,#3045,#3046);
#3044 = CARTESIAN_POINT('',(161.882,-311.15,1.7930125E+03));
#3045 = DIRECTION('',(0.,0.,1.));
#3046 = DIRECTION('',(1.,0.,0.));
#3047 = ADVANCED_FACE('',(#3048),#3054,.T.);
#3048 = FACE_BOUND('',#3049,.T.);
#3049 = EDGE_LOOP('',(#3050,#3051,#3052,#3053));
#3050 = ORIENTED_EDGE('',*,*,#2941,.F.);
#3051 = ORIENTED_EDGE('',*,*,#3002,.T.);
#3052 = ORIENTED_EDGE('',*,*,#2981,.T.);
#3053 = ORIENTED_EDGE('',*,*,#3024,.F.);
#3054 = PLANE('',#3055);
#3055 = AXIS2_PLACEMENT_3D('',#3056,#3057,#3058);
#3056 = CARTESIAN_POINT('',(161.882,-311.15,1.8230125E+03));
#3057 = DIRECTION('',(0.,0.,1.));
#3058 = DIRECTION('',(1.,0.,0.));
#3059 = MANIFOLD_SOLID_BREP('',#3060);
#3060 = CLOSED_SHELL('',(#3061,#3101,#3141,#3163,#3185,#3197));
#3061 = ADVANCED_FACE('',(#3062),#3096,.F.);
#3062 = FACE_BOUND('',#3063,.F.);
#3063 = EDGE_LOOP('',(#3064,#3074,#3082,#3090));
#3064 = ORIENTED_EDGE('',*,*,#3065,.F.);
#3065 = EDGE_CURVE('',#3066,#3068,#3070,.T.);
#3066 = VERTEX_POINT('',#3067);
#3067 = CARTESIAN_POINT('',(-324.9,311.15,127.3125));
#3068 = VERTEX_POINT('',#3069);
#3069 = CARTESIAN_POINT('',(-324.9,311.15,427.3125));
#3070 = LINE('',#3071,#3072);
#3071 = CARTESIAN_POINT('',(-324.9,311.15,127.3125));
#3072 = VECTOR('',#3073,1.);
#3073 = DIRECTION('',(0.,0.,1.));
#3074 = ORIENTED_EDGE('',*,*,#3075,.T.);
#3075 = EDGE_CURVE('',#3066,#3076,#3078,.T.);
#3076 = VERTEX_POINT('',#3077);
#3077 = CARTESIAN_POINT('',(-324.9,323.05625,127.3125));
#3078 = LINE('',#3079,#3080);
#3079 = CARTESIAN_POINT('',(-324.9,311.15,127.3125));
#3080 = VECTOR('',#3081,1.);
#3081 = DIRECTION('',(0.,1.,0.));
#3082 = ORIENTED_EDGE('',*,*,#3083,.T.);
#3083 = EDGE_CURVE('',#3076,#3084,#3086,.T.);
#3084 = VERTEX_POINT('',#3085);
#3085 = CARTESIAN_POINT('',(-324.9,323.05625,427.3125));
#3086 = LINE('',#3087,#3088);
#3087 = CARTESIAN_POINT('',(-324.9,323.05625,127.3125));
#3088 = VECTOR('',#3089,1.);
#3089 = DIRECTION('',(0.,0.,1.));
#3090 = ORIENTED_EDGE('',*,*,#3091,.F.);
#3091 = EDGE_CURVE('',#3068,#3084,#3092,.T.);
#3092 = LINE('',#3093,#3094);
#3093 = CARTESIAN_POINT('',(-324.9,311.15,427.3125));
#3094 = VECTOR('',#3095,1.);
#3095 = DIRECTION('',(0.,1.,0.));
#3096 = PLANE('',#3097);
#3097 = AXIS2_PLACEMENT_3D('',#3098,#3099,#3100);
#3098 = CARTESIAN_POINT('',(-324.9,311.15,127.3125));
#3099 = DIRECTION('',(1.,0.,0.));
#3100 = DIRECTION('',(0.,0.,1.));
#3101 = ADVANCED_FACE('',(#3102),#3136,.T.);
#3102 = FACE_BOUND('',#3103,.T.);
#3103 = EDGE_LOOP('',(#3104,#3114,#3122,#3130));
#3104 = ORIENTED_EDGE('',*,*,#3105,.F.);
#3105 = EDGE_CURVE('',#3106,#3108,#3110,.T.);
#3106 = VERTEX_POINT('',#3107);
#3107 = CARTESIAN_POINT('',(-300.9,311.15,127.3125));
#3108 = VERTEX_POINT('',#3109);
#3109 = CARTESIAN_POINT('',(-300.9,311.15,427.3125));
#3110 = LINE('',#3111,#3112);
#3111 = CARTESIAN_POINT('',(-300.9,311.15,127.3125));
#3112 = VECTOR('',#3113,1.);
#3113 = DIRECTION('',(0.,0.,1.));
#3114 = ORIENTED_EDGE('',*,*,#3115,.T.);
#3115 = EDGE_CURVE('',#3106,#3116,#3118,.T.);
#3116 = VERTEX_POINT('',#3117);
#3117 = CARTESIAN_POINT('',(-300.9,323.05625,127.3125));
#3118 = LINE('',#3119,#3120);
#3119 = CARTESIAN_POINT('',(-300.9,311.15,127.3125));
#3120 = VECTOR('',#3121,1.);
#3121 = DIRECTION('',(0.,1.,0.));
#3122 = ORIENTED_EDGE('',*,*,#3123,.T.);
#3123 = EDGE_CURVE('',#3116,#3124,#3126,.T.);
#3124 = VERTEX_POINT('',#3125);
#3125 = CARTESIAN_POINT('',(-300.9,323.05625,427.3125));
#3126 = LINE('',#3127,#3128);
#3127 = CARTESIAN_POINT('',(-300.9,323.05625,127.3125));
#3128 = VECTOR('',#3129,1.);
#3129 = DIRECTION('',(0.,0.,1.));
#3130 = ORIENTED_EDGE('',*,*,#3131,.F.);
#3131 = EDGE_CURVE('',#3108,#3124,#3132,.T.);
#3132 = LINE('',#3133,#3134);
#3133 = CARTESIAN_POINT('',(-300.9,311.15,427.3125));
#3134 = VECTOR('',#3135,1.);
#3135 = DIRECTION('',(0.,1.,0.));
#3136 = PLANE('',#3137);
#3137 = AXIS2_PLACEMENT_3D('',#3138,#3139,#3140);
#3138 = CARTESIAN_POINT('',(-300.9,311.15,127.3125));
#3139 = DIRECTION('',(1.,0.,0.));
#3140 = DIRECTION('',(0.,0.,1.));
#3141 = ADVANCED_FACE('',(#3142),#3158,.F.);
#3142 = FACE_BOUND('',#3143,.F.);
#3143 = EDGE_LOOP('',(#3144,#3150,#3151,#3157));
#3144 = ORIENTED_EDGE('',*,*,#3145,.F.);
#3145 = EDGE_CURVE('',#3066,#3106,#3146,.T.);
#3146 = LINE('',#3147,#3148);
#3147 = CARTESIAN_POINT('',(-324.9,311.15,127.3125));
#3148 = VECTOR('',#3149,1.);
#3149 = DIRECTION('',(1.,0.,0.));
#3150 = ORIENTED_EDGE('',*,*,#3065,.T.);
#3151 = ORIENTED_EDGE('',*,*,#3152,.T.);
#3152 = EDGE_CURVE('',#3068,#3108,#3153,.T.);
#3153 = LINE('',#3154,#3155);
#3154 = CARTESIAN_POINT('',(-324.9,311.15,427.3125));
#3155 = VECTOR('',#3156,1.);
#3156 = DIRECTION('',(1.,0.,0.));
#3157 = ORIENTED_EDGE('',*,*,#3105,.F.);
#3158 = PLANE('',#3159);
#3159 = AXIS2_PLACEMENT_3D('',#3160,#3161,#3162);
#3160 = CARTESIAN_POINT('',(-324.9,311.15,127.3125));
#3161 = DIRECTION('',(0.,1.,0.));
#3162 = DIRECTION('',(0.,0.,1.));
#3163 = ADVANCED_FACE('',(#3164),#3180,.T.);
#3164 = FACE_BOUND('',#3165,.T.);
#3165 = EDGE_LOOP('',(#3166,#3172,#3173,#3179));
#3166 = ORIENTED_EDGE('',*,*,#3167,.F.);
#3167 = EDGE_CURVE('',#3076,#3116,#3168,.T.);
#3168 = LINE('',#3169,#3170);
#3169 = CARTESIAN_POINT('',(-324.9,323.05625,127.3125));
#3170 = VECTOR('',#3171,1.);
#3171 = DIRECTION('',(1.,0.,0.));
#3172 = ORIENTED_EDGE('',*,*,#3083,.T.);
#3173 = ORIENTED_EDGE('',*,*,#3174,.T.);
#3174 = EDGE_CURVE('',#3084,#3124,#3175,.T.);
#3175 = LINE('',#3176,#3177);
#3176 = CARTESIAN_POINT('',(-324.9,323.05625,427.3125));
#3177 = VECTOR('',#3178,1.);
#3178 = DIRECTION('',(1.,0.,0.));
#3179 = ORIENTED_EDGE('',*,*,#3123,.F.);
#3180 = PLANE('',#3181);
#3181 = AXIS2_PLACEMENT_3D('',#3182,#3183,#3184);
#3182 = CARTESIAN_POINT('',(-324.9,323.05625,127.3125));
#3183 = DIRECTION('',(0.,1.,0.));
#3184 = DIRECTION('',(0.,0.,1.));
#3185 = ADVANCED_FACE('',(#3186),#3192,.F.);
#3186 = FACE_BOUND('',#3187,.F.);
#3187 = EDGE_LOOP('',(#3188,#3189,#3190,#3191));
#3188 = ORIENTED_EDGE('',*,*,#3075,.F.);
#3189 = ORIENTED_EDGE('',*,*,#3145,.T.);
#3190 = ORIENTED_EDGE('',*,*,#3115,.T.);
#3191 = ORIENTED_EDGE('',*,*,#3167,.F.);
#3192 = PLANE('',#3193);
#3193 = AXIS2_PLACEMENT_3D('',#3194,#3195,#3196);
#3194 = CARTESIAN_POINT('',(-324.9,311.15,127.3125));
#3195 = DIRECTION('',(0.,0.,1.));
#3196 = DIRECTION('',(1.,0.,0.));
#3197 = ADVANCED_FACE('',(#3198),#3204,.T.);
#3198 = FACE_BOUND('',#3199,.T.);
#3199 = EDGE_LOOP('',(#3200,#3201,#3202,#3203));
#3200 = ORIENTED_EDGE('',*,*,#3091,.F.);
#3201 = ORIENTED_EDGE('',*,*,#3152,.T.);
#3202 = ORIENTED_EDGE('',*,*,#3131,.T.);
#3203 = ORIENTED_EDGE('',*,*,#3174,.F.);
#3204 = PLANE('',#3205);
#3205 = AXIS2_PLACEMENT_3D('',#3206,#3207,#3208);
#3206 = CARTESIAN_POINT('',(-324.9,311.15,427.3125));
#3207 = DIRECTION('',(0.,0.,1.));
#3208 = DIRECTION('',(1.,0.,0.));
#3209 = MANIFOLD_SOLID_BREP('',#3210);
#3210 = CLOSED_SHELL('',(#3211,#3251,#3291,#3313,#3335,#3347));
#3211 = ADVANCED_FACE('',(#3212),#3246,.F.);
#3212 = FACE_BOUND('',#3213,.F.);
#3213 = EDGE_LOOP('',(#3214,#3224,#3232,#3240));
#3214 = ORIENTED_EDGE('',*,*,#3215,.F.);
#3215 = EDGE_CURVE('',#3216,#3218,#3220,.T.);
#3216 = VERTEX_POINT('',#3217);
#3217 = CARTESIAN_POINT('',(300.9,311.15,127.3125));
#3218 = VERTEX_POINT('',#3219);
#3219 = CARTESIAN_POINT('',(300.9,311.15,427.3125));
#3220 = LINE('',#3221,#3222);
#3221 = CARTESIAN_POINT('',(300.9,311.15,127.3125));
#3222 = VECTOR('',#3223,1.);
#3223 = DIRECTION('',(0.,0.,1.));
#3224 = ORIENTED_EDGE('',*,*,#3225,.T.);
#3225 = EDGE_CURVE('',#3216,#3226,#3228,.T.);
#3226 = VERTEX_POINT('',#3227);
#3227 = CARTESIAN_POINT('',(300.9,323.05625,127.3125));
#3228 = LINE('',#3229,#3230);
#3229 = CARTESIAN_POINT('',(300.9,311.15,127.3125));
#3230 = VECTOR('',#3231,1.);
#3231 = DIRECTION('',(0.,1.,0.));
#3232 = ORIENTED_EDGE('',*,*,#3233,.T.);
#3233 = EDGE_CURVE('',#3226,#3234,#3236,.T.);
#3234 = VERTEX_POINT('',#3235);
#3235 = CARTESIAN_POINT('',(300.9,323.05625,427.3125));
#3236 = LINE('',#3237,#3238);
#3237 = CARTESIAN_POINT('',(300.9,323.05625,127.3125));
#3238 = VECTOR('',#3239,1.);
#3239 = DIRECTION('',(0.,0.,1.));
#3240 = ORIENTED_EDGE('',*,*,#3241,.F.);
#3241 = EDGE_CURVE('',#3218,#3234,#3242,.T.);
#3242 = LINE('',#3243,#3244);
#3243 = CARTESIAN_POINT('',(300.9,311.15,427.3125));
#3244 = VECTOR('',#3245,1.);
#3245 = DIRECTION('',(0.,1.,0.));
#3246 = PLANE('',#3247);
#3247 = AXIS2_PLACEMENT_3D('',#3248,#3249,#3250);
#3248 = CARTESIAN_POINT('',(300.9,311.15,127.3125));
#3249 = DIRECTION('',(1.,0.,0.));
#3250 = DIRECTION('',(0.,0.,1.));
#3251 = ADVANCED_FACE('',(#3252),#3286,.T.);
#3252 = FACE_BOUND('',#3253,.T.);
#3253 = EDGE_LOOP('',(#3254,#3264,#3272,#3280));
#3254 = ORIENTED_EDGE('',*,*,#3255,.F.);
#3255 = EDGE_CURVE('',#3256,#3258,#3260,.T.);
#3256 = VERTEX_POINT('',#3257);
#3257 = CARTESIAN_POINT('',(324.9,311.15,127.3125));
#3258 = VERTEX_POINT('',#3259);
#3259 = CARTESIAN_POINT('',(324.9,311.15,427.3125));
#3260 = LINE('',#3261,#3262);
#3261 = CARTESIAN_POINT('',(324.9,311.15,127.3125));
#3262 = VECTOR('',#3263,1.);
#3263 = DIRECTION('',(0.,0.,1.));
#3264 = ORIENTED_EDGE('',*,*,#3265,.T.);
#3265 = EDGE_CURVE('',#3256,#3266,#3268,.T.);
#3266 = VERTEX_POINT('',#3267);
#3267 = CARTESIAN_POINT('',(324.9,323.05625,127.3125));
#3268 = LINE('',#3269,#3270);
#3269 = CARTESIAN_POINT('',(324.9,311.15,127.3125));
#3270 = VECTOR('',#3271,1.);
#3271 = DIRECTION('',(0.,1.,0.));
#3272 = ORIENTED_EDGE('',*,*,#3273,.T.);
#3273 = EDGE_CURVE('',#3266,#3274,#3276,.T.);
#3274 = VERTEX_POINT('',#3275);
#3275 = CARTESIAN_POINT('',(324.9,323.05625,427.3125));
#3276 = LINE('',#3277,#3278);
#3277 = CARTESIAN_POINT('',(324.9,323.05625,127.3125));
#3278 = VECTOR('',#3279,1.);
#3279 = DIRECTION('',(0.,0.,1.));
#3280 = ORIENTED_EDGE('',*,*,#3281,.F.);
#3281 = EDGE_CURVE('',#3258,#3274,#3282,.T.);
#3282 = LINE('',#3283,#3284);
#3283 = CARTESIAN_POINT('',(324.9,311.15,427.3125));
#3284 = VECTOR('',#3285,1.);
#3285 = DIRECTION('',(0.,1.,0.));
#3286 = PLANE('',#3287);
#3287 = AXIS2_PLACEMENT_3D('',#3288,#3289,#3290);
#3288 = CARTESIAN_POINT('',(324.9,311.15,127.3125));
#3289 = DIRECTION('',(1.,0.,0.));
#3290 = DIRECTION('',(0.,0.,1.));
#3291 = ADVANCED_FACE('',(#3292),#3308,.F.);
#3292 = FACE_BOUND('',#3293,.F.);
#3293 = EDGE_LOOP('',(#3294,#3300,#3301,#3307));
#3294 = ORIENTED_EDGE('',*,*,#3295,.F.);
#3295 = EDGE_CURVE('',#3216,#3256,#3296,.T.);
#3296 = LINE('',#3297,#3298);
#3297 = CARTESIAN_POINT('',(300.9,311.15,127.3125));
#3298 = VECTOR('',#3299,1.);
#3299 = DIRECTION('',(1.,0.,0.));
#3300 = ORIENTED_EDGE('',*,*,#3215,.T.);
#3301 = ORIENTED_EDGE('',*,*,#3302,.T.);
#3302 = EDGE_CURVE('',#3218,#3258,#3303,.T.);
#3303 = LINE('',#3304,#3305);
#3304 = CARTESIAN_POINT('',(300.9,311.15,427.3125));
#3305 = VECTOR('',#3306,1.);
#3306 = DIRECTION('',(1.,0.,0.));
#3307 = ORIENTED_EDGE('',*,*,#3255,.F.);
#3308 = PLANE('',#3309);
#3309 = AXIS2_PLACEMENT_3D('',#3310,#3311,#3312);
#3310 = CARTESIAN_POINT('',(300.9,311.15,127.3125));
#3311 = DIRECTION('',(0.,1.,0.));
#3312 = DIRECTION('',(0.,0.,1.));
#3313 = ADVANCED_FACE('',(#3314),#3330,.T.);
#3314 = FACE_BOUND('',#3315,.T.);
#3315 = EDGE_LOOP('',(#3316,#3322,#3323,#3329));
#3316 = ORIENTED_EDGE('',*,*,#3317,.F.);
#3317 = EDGE_CURVE('',#3226,#3266,#3318,.T.);
#3318 = LINE('',#3319,#3320);
#3319 = CARTESIAN_POINT('',(300.9,323.05625,127.3125));
#3320 = VECTOR('',#3321,1.);
#3321 = DIRECTION('',(1.,0.,0.));
#3322 = ORIENTED_EDGE('',*,*,#3233,.T.);
#3323 = ORIENTED_EDGE('',*,*,#3324,.T.);
#3324 = EDGE_CURVE('',#3234,#3274,#3325,.T.);
#3325 = LINE('',#3326,#3327);
#3326 = CARTESIAN_POINT('',(300.9,323.05625,427.3125));
#3327 = VECTOR('',#3328,1.);
#3328 = DIRECTION('',(1.,0.,0.));
#3329 = ORIENTED_EDGE('',*,*,#3273,.F.);
#3330 = PLANE('',#3331);
#3331 = AXIS2_PLACEMENT_3D('',#3332,#3333,#3334);
#3332 = CARTESIAN_POINT('',(300.9,323.05625,127.3125));
#3333 = DIRECTION('',(0.,1.,0.));
#3334 = DIRECTION('',(0.,0.,1.));
#3335 = ADVANCED_FACE('',(#3336),#3342,.F.);
#3336 = FACE_BOUND('',#3337,.F.);
#3337 = EDGE_LOOP('',(#3338,#3339,#3340,#3341));
#3338 = ORIENTED_EDGE('',*,*,#3225,.F.);
#3339 = ORIENTED_EDGE('',*,*,#3295,.T.);
#3340 = ORIENTED_EDGE('',*,*,#3265,.T.);
#3341 = ORIENTED_EDGE('',*,*,#3317,.F.);
#3342 = PLANE('',#3343);
#3343 = AXIS2_PLACEMENT_3D('',#3344,#3345,#3346);
#3344 = CARTESIAN_POINT('',(300.9,311.15,127.3125));
#3345 = DIRECTION('',(0.,0.,1.));
#3346 = DIRECTION('',(1.,0.,0.));
#3347 = ADVANCED_FACE('',(#3348),#3354,.T.);
#3348 = FACE_BOUND('',#3349,.T.);
#3349 = EDGE_LOOP('',(#3350,#3351,#3352,#3353));
#3350 = ORIENTED_EDGE('',*,*,#3241,.F.);
#3351 = ORIENTED_EDGE('',*,*,#3302,.T.);
#3352 = ORIENTED_EDGE('',*,*,#3281,.T.);
#3353 = ORIENTED_EDGE('',*,*,#3324,.F.);
#3354 = PLANE('',#3355);
#3355 = AXIS2_PLACEMENT_3D('',#3356,#3357,#3358);
#3356 = CARTESIAN_POINT('',(300.9,311.15,427.3125));
#3357 = DIRECTION('',(0.,0.,1.));
#3358 = DIRECTION('',(1.,0.,0.));
#3359 = MANIFOLD_SOLID_BREP('',#3360);
#3360 = CLOSED_SHELL('',(#3361,#3394,#3403));
#3361 = ADVANCED_FACE('',(#3362),#3389,.T.);
#3362 = FACE_BOUND('',#3363,.T.);
#3363 = EDGE_LOOP('',(#3364,#3373,#3381,#3388));
#3364 = ORIENTED_EDGE('',*,*,#3365,.F.);
#3365 = EDGE_CURVE('',#3366,#3366,#3368,.T.);
#3366 = VERTEX_POINT('',#3367);
#3367 = CARTESIAN_POINT('',(288.7625,-240.025,599.0625));
#3368 = CIRCLE('',#3369,1.75);
#3369 = AXIS2_PLACEMENT_3D('',#3370,#3371,#3372);
#3370 = CARTESIAN_POINT('',(288.7625,-240.025,597.3125));
#3371 = DIRECTION('',(1.,0.,-0.));
#3372 = DIRECTION('',(0.,0.,1.));
#3373 = ORIENTED_EDGE('',*,*,#3374,.F.);
#3374 = EDGE_CURVE('',#3375,#3366,#3377,.T.);
#3375 = VERTEX_POINT('',#3376);
#3376 = CARTESIAN_POINT('',(-288.7625,-240.025,599.0625));
#3377 = LINE('',#3378,#3379);
#3378 = CARTESIAN_POINT('',(-288.7625,-240.025,599.0625));
#3379 = VECTOR('',#3380,1.);
#3380 = DIRECTION('',(1.,0.,0.));
#3381 = ORIENTED_EDGE('',*,*,#3382,.T.);
#3382 = EDGE_CURVE('',#3375,#3375,#3383,.T.);
#3383 = CIRCLE('',#3384,1.75);
#3384 = AXIS2_PLACEMENT_3D('',#3385,#3386,#3387);
#3385 = CARTESIAN_POINT('',(-288.7625,-240.025,597.3125));
#3386 = DIRECTION('',(1.,0.,-0.));
#3387 = DIRECTION('',(0.,0.,1.));
#3388 = ORIENTED_EDGE('',*,*,#3374,.T.);
#3389 = CYLINDRICAL_SURFACE('',#3390,1.75);
#3390 = AXIS2_PLACEMENT_3D('',#3391,#3392,#3393);
#3391 = CARTESIAN_POINT('',(-288.7625,-240.025,597.3125));
#3392 = DIRECTION('',(1.,0.,0.));
#3393 = DIRECTION('',(0.,0.,1.));
#3394 = ADVANCED_FACE('',(#3395),#3398,.T.);
#3395 = FACE_BOUND('',#3396,.T.);
#3396 = EDGE_LOOP('',(#3397));
#3397 = ORIENTED_EDGE('',*,*,#3365,.T.);
#3398 = PLANE('',#3399);
#3399 = AXIS2_PLACEMENT_3D('',#3400,#3401,#3402);
#3400 = CARTESIAN_POINT('',(288.7625,-240.025,597.3125));
#3401 = DIRECTION('',(1.,0.,0.));
#3402 = DIRECTION('',(0.,0.,1.));
#3403 = ADVANCED_FACE('',(#3404),#3407,.F.);
#3404 = FACE_BOUND('',#3405,.T.);
#3405 = EDGE_LOOP('',(#3406));
#3406 = ORIENTED_EDGE('',*,*,#3382,.F.);
#3407 = PLANE('',#3408);
#3408 = AXIS2_PLACEMENT_3D('',#3409,#3410,#3411);
#3409 = CARTESIAN_POINT('',(-288.7625,-240.025,597.3125));
#3410 = DIRECTION('',(1.,0.,0.));
#3411 = DIRECTION('',(0.,0.,1.));
#3412 = MANIFOLD_SOLID_BREP('',#3413);
#3413 = CLOSED_SHELL('',(#3414,#3447,#3456));
#3414 = ADVANCED_FACE('',(#3415),#3442,.T.);
#3415 = FACE_BOUND('',#3416,.T.);
#3416 = EDGE_LOOP('',(#3417,#3426,#3434,#3441));
#3417 = ORIENTED_EDGE('',*,*,#3418,.F.);
#3418 = EDGE_CURVE('',#3419,#3419,#3421,.T.);
#3419 = VERTEX_POINT('',#3420);
#3420 = CARTESIAN_POINT('',(288.7625,220.025,599.0625));
#3421 = CIRCLE('',#3422,1.75);
#3422 = AXIS2_PLACEMENT_3D('',#3423,#3424,#3425);
#3423 = CARTESIAN_POINT('',(288.7625,220.025,597.3125));
#3424 = DIRECTION('',(1.,0.,-0.));
#3425 = DIRECTION('',(0.,0.,1.));
#3426 = ORIENTED_EDGE('',*,*,#3427,.F.);
#3427 = EDGE_CURVE('',#3428,#3419,#3430,.T.);
#3428 = VERTEX_POINT('',#3429);
#3429 = CARTESIAN_POINT('',(-288.7625,220.025,599.0625));
#3430 = LINE('',#3431,#3432);
#3431 = CARTESIAN_POINT('',(-288.7625,220.025,599.0625));
#3432 = VECTOR('',#3433,1.);
#3433 = DIRECTION('',(1.,0.,0.));
#3434 = ORIENTED_EDGE('',*,*,#3435,.T.);
#3435 = EDGE_CURVE('',#3428,#3428,#3436,.T.);
#3436 = CIRCLE('',#3437,1.75);
#3437 = AXIS2_PLACEMENT_3D('',#3438,#3439,#3440);
#3438 = CARTESIAN_POINT('',(-288.7625,220.025,597.3125));
#3439 = DIRECTION('',(1.,0.,-0.));
#3440 = DIRECTION('',(0.,0.,1.));
#3441 = ORIENTED_EDGE('',*,*,#3427,.T.);
#3442 = CYLINDRICAL_SURFACE('',#3443,1.75);
#3443 = AXIS2_PLACEMENT_3D('',#3444,#3445,#3446);
#3444 = CARTESIAN_POINT('',(-288.7625,220.025,597.3125));
#3445 = DIRECTION('',(1.,0.,0.));
#3446 = DIRECTION('',(0.,0.,1.));
#3447 = ADVANCED_FACE('',(#3448),#3451,.T.);
#3448 = FACE_BOUND('',#3449,.T.);
#3449 = EDGE_LOOP('',(#3450));
#3450 = ORIENTED_EDGE('',*,*,#3418,.T.);
#3451 = PLANE('',#3452);
#3452 = AXIS2_PLACEMENT_3D('',#3453,#3454,#3455);
#3453 = CARTESIAN_POINT('',(288.7625,220.025,597.3125));
#3454 = DIRECTION('',(1.,0.,0.));
#3455 = DIRECTION('',(0.,0.,1.));
#3456 = ADVANCED_FACE('',(#3457),#3460,.F.);
#3457 = FACE_BOUND('',#3458,.T.);
#3458 = EDGE_LOOP('',(#3459));
#3459 = ORIENTED_EDGE('',*,*,#3435,.F.);
#3460 = PLANE('',#3461);
#3461 = AXIS2_PLACEMENT_3D('',#3462,#3463,#3464);
#3462 = CARTESIAN_POINT('',(-288.7625,220.025,597.3125));
#3463 = DIRECTION('',(1.,0.,0.));
#3464 = DIRECTION('',(0.,0.,1.));
#3465 = MANIFOLD_SOLID_BREP('',#3466);
#3466 = CLOSED_SHELL('',(#3467,#3500,#3509));
#3467 = ADVANCED_FACE('',(#3468),#3495,.T.);
#3468 = FACE_BOUND('',#3469,.T.);
#3469 = EDGE_LOOP('',(#3470,#3479,#3487,#3494));
#3470 = ORIENTED_EDGE('',*,*,#3471,.F.);
#3471 = EDGE_CURVE('',#3472,#3472,#3474,.T.);
#3472 = VERTEX_POINT('',#3473);
#3473 = CARTESIAN_POINT('',(-288.7625,220.025,599.0625));
#3474 = CIRCLE('',#3475,1.75);
#3475 = AXIS2_PLACEMENT_3D('',#3476,#3477,#3478);
#3476 = CARTESIAN_POINT('',(-288.7625,220.025,597.3125));
#3477 = DIRECTION('',(0.,1.,0.));
#3478 = DIRECTION('',(0.,0.,1.));
#3479 = ORIENTED_EDGE('',*,*,#3480,.F.);
#3480 = EDGE_CURVE('',#3481,#3472,#3483,.T.);
#3481 = VERTEX_POINT('',#3482);
#3482 = CARTESIAN_POINT('',(-288.7625,-240.025,599.0625));
#3483 = LINE('',#3484,#3485);
#3484 = CARTESIAN_POINT('',(-288.7625,-240.025,599.0625));
#3485 = VECTOR('',#3486,1.);
#3486 = DIRECTION('',(0.,1.,0.));
#3487 = ORIENTED_EDGE('',*,*,#3488,.T.);
#3488 = EDGE_CURVE('',#3481,#3481,#3489,.T.);
#3489 = CIRCLE('',#3490,1.75);
#3490 = AXIS2_PLACEMENT_3D('',#3491,#3492,#3493);
#3491 = CARTESIAN_POINT('',(-288.7625,-240.025,597.3125));
#3492 = DIRECTION('',(0.,1.,0.));
#3493 = DIRECTION('',(0.,0.,1.));
#3494 = ORIENTED_EDGE('',*,*,#3480,.T.);
#3495 = CYLINDRICAL_SURFACE('',#3496,1.75);
#3496 = AXIS2_PLACEMENT_3D('',#3497,#3498,#3499);
#3497 = CARTESIAN_POINT('',(-288.7625,-240.025,597.3125));
#3498 = DIRECTION('',(0.,1.,0.));
#3499 = DIRECTION('',(0.,0.,1.));
#3500 = ADVANCED_FACE('',(#3501),#3504,.T.);
#3501 = FACE_BOUND('',#3502,.T.);
#3502 = EDGE_LOOP('',(#3503));
#3503 = ORIENTED_EDGE('',*,*,#3471,.T.);
#3504 = PLANE('',#3505);
#3505 = AXIS2_PLACEMENT_3D('',#3506,#3507,#3508);
#3506 = CARTESIAN_POINT('',(-288.7625,220.025,597.3125));
#3507 = DIRECTION('',(0.,1.,0.));
#3508 = DIRECTION('',(0.,0.,1.));
#3509 = ADVANCED_FACE('',(#3510),#3513,.F.);
#3510 = FACE_BOUND('',#3511,.T.);
#3511 = EDGE_LOOP('',(#3512));
#3512 = ORIENTED_EDGE('',*,*,#3488,.F.);
#3513 = PLANE('',#3514);
#3514 = AXIS2_PLACEMENT_3D('',#3515,#3516,#3517);
#3515 = CARTESIAN_POINT('',(-288.7625,-240.025,597.3125));
#3516 = DIRECTION('',(0.,1.,0.));
#3517 = DIRECTION('',(0.,0.,1.));
#3518 = MANIFOLD_SOLID_BREP('',#3519);
#3519 = CLOSED_SHELL('',(#3520,#3553,#3562));
#3520 = ADVANCED_FACE('',(#3521),#3548,.T.);
#3521 = FACE_BOUND('',#3522,.T.);
#3522 = EDGE_LOOP('',(#3523,#3532,#3540,#3547));
#3523 = ORIENTED_EDGE('',*,*,#3524,.F.);
#3524 = EDGE_CURVE('',#3525,#3525,#3527,.T.);
#3525 = VERTEX_POINT('',#3526);
#3526 = CARTESIAN_POINT('',(288.7625,220.025,599.0625));
#3527 = CIRCLE('',#3528,1.75);
#3528 = AXIS2_PLACEMENT_3D('',#3529,#3530,#3531);
#3529 = CARTESIAN_POINT('',(288.7625,220.025,597.3125));
#3530 = DIRECTION('',(0.,1.,0.));
#3531 = DIRECTION('',(0.,0.,1.));
#3532 = ORIENTED_EDGE('',*,*,#3533,.F.);
#3533 = EDGE_CURVE('',#3534,#3525,#3536,.T.);
#3534 = VERTEX_POINT('',#3535);
#3535 = CARTESIAN_POINT('',(288.7625,-240.025,599.0625));
#3536 = LINE('',#3537,#3538);
#3537 = CARTESIAN_POINT('',(288.7625,-240.025,599.0625));
#3538 = VECTOR('',#3539,1.);
#3539 = DIRECTION('',(0.,1.,0.));
#3540 = ORIENTED_EDGE('',*,*,#3541,.T.);
#3541 = EDGE_CURVE('',#3534,#3534,#3542,.T.);
#3542 = CIRCLE('',#3543,1.75);
#3543 = AXIS2_PLACEMENT_3D('',#3544,#3545,#3546);
#3544 = CARTESIAN_POINT('',(288.7625,-240.025,597.3125));
#3545 = DIRECTION('',(0.,1.,0.));
#3546 = DIRECTION('',(0.,0.,1.));
#3547 = ORIENTED_EDGE('',*,*,#3533,.T.);
#3548 = CYLINDRICAL_SURFACE('',#3549,1.75);
#3549 = AXIS2_PLACEMENT_3D('',#3550,#3551,#3552);
#3550 = CARTESIAN_POINT('',(288.7625,-240.025,597.3125));
#3551 = DIRECTION('',(0.,1.,0.));
#3552 = DIRECTION('',(0.,0.,1.));
#3553 = ADVANCED_FACE('',(#3554),#3557,.T.);
#3554 = FACE_BOUND('',#3555,.T.);
#3555 = EDGE_LOOP('',(#3556));
#3556 = ORIENTED_EDGE('',*,*,#3524,.T.);
#3557 = PLANE('',#3558);
#3558 = AXIS2_PLACEMENT_3D('',#3559,#3560,#3561);
#3559 = CARTESIAN_POINT('',(288.7625,220.025,597.3125));
#3560 = DIRECTION('',(0.,1.,0.));
#3561 = DIRECTION('',(0.,0.,1.));
#3562 = ADVANCED_FACE('',(#3563),#3566,.F.);
#3563 = FACE_BOUND('',#3564,.T.);
#3564 = EDGE_LOOP('',(#3565));
#3565 = ORIENTED_EDGE('',*,*,#3541,.F.);
#3566 = PLANE('',#3567);
#3567 = AXIS2_PLACEMENT_3D('',#3568,#3569,#3570);
#3568 = CARTESIAN_POINT('',(288.7625,-240.025,597.3125));
#3569 = DIRECTION('',(0.,1.,0.));
#3570 = DIRECTION('',(0.,0.,1.));
#3571 = MANIFOLD_SOLID_BREP('',#3572);
#3572 = CLOSED_SHELL('',(#3573,#3606,#3615));
#3573 = ADVANCED_FACE('',(#3574),#3601,.T.);
#3574 = FACE_BOUND('',#3575,.T.);
#3575 = EDGE_LOOP('',(#3576,#3585,#3593,#3600));
#3576 = ORIENTED_EDGE('',*,*,#3577,.F.);
#3577 = EDGE_CURVE('',#3578,#3578,#3580,.T.);
#3578 = VERTEX_POINT('',#3579);
#3579 = CARTESIAN_POINT('',(-273.7625,220.025,598.5125));
#3580 = CIRCLE('',#3581,1.2);
#3581 = AXIS2_PLACEMENT_3D('',#3582,#3583,#3584);
#3582 = CARTESIAN_POINT('',(-273.7625,220.025,597.3125));
#3583 = DIRECTION('',(0.,1.,0.));
#3584 = DIRECTION('',(0.,0.,1.));
#3585 = ORIENTED_EDGE('',*,*,#3586,.F.);
#3586 = EDGE_CURVE('',#3587,#3578,#3589,.T.);
#3587 = VERTEX_POINT('',#3588);
#3588 = CARTESIAN_POINT('',(-273.7625,-240.025,598.5125));
#3589 = LINE('',#3590,#3591);
#3590 = CARTESIAN_POINT('',(-273.7625,-240.025,598.5125));
#3591 = VECTOR('',#3592,1.);
#3592 = DIRECTION('',(0.,1.,0.));
#3593 = ORIENTED_EDGE('',*,*,#3594,.T.);
#3594 = EDGE_CURVE('',#3587,#3587,#3595,.T.);
#3595 = CIRCLE('',#3596,1.2);
#3596 = AXIS2_PLACEMENT_3D('',#3597,#3598,#3599);
#3597 = CARTESIAN_POINT('',(-273.7625,-240.025,597.3125));
#3598 = DIRECTION('',(0.,1.,0.));
#3599 = DIRECTION('',(0.,0.,1.));
#3600 = ORIENTED_EDGE('',*,*,#3586,.T.);
#3601 = CYLINDRICAL_SURFACE('',#3602,1.2);
#3602 = AXIS2_PLACEMENT_3D('',#3603,#3604,#3605);
#3603 = CARTESIAN_POINT('',(-273.7625,-240.025,597.3125));
#3604 = DIRECTION('',(0.,1.,0.));
#3605 = DIRECTION('',(0.,0.,1.));
#3606 = ADVANCED_FACE('',(#3607),#3610,.T.);
#3607 = FACE_BOUND('',#3608,.T.);
#3608 = EDGE_LOOP('',(#3609));
#3609 = ORIENTED_EDGE('',*,*,#3577,.T.);
#3610 = PLANE('',#3611);
#3611 = AXIS2_PLACEMENT_3D('',#3612,#3613,#3614);
#3612 = CARTESIAN_POINT('',(-273.7625,220.025,597.3125));
#3613 = DIRECTION('',(0.,1.,0.));
#3614 = DIRECTION('',(0.,0.,1.));
#3615 = ADVANCED_FACE('',(#3616),#3619,.F.);
#3616 = FACE_BOUND('',#3617,.T.);
#3617 = EDGE_LOOP('',(#3618));
#3618 = ORIENTED_EDGE('',*,*,#3594,.F.);
#3619 = PLANE('',#3620);
#3620 = AXIS2_PLACEMENT_3D('',#3621,#3622,#3623);
#3621 = CARTESIAN_POINT('',(-273.7625,-240.025,597.3125));
#3622 = DIRECTION('',(0.,1.,0.));
#3623 = DIRECTION('',(0.,0.,1.));
#3624 = MANIFOLD_SOLID_BREP('',#3625);
#3625 = CLOSED_SHELL('',(#3626,#3659,#3668));
#3626 = ADVANCED_FACE('',(#3627),#3654,.T.);
#3627 = FACE_BOUND('',#3628,.T.);
#3628 = EDGE_LOOP('',(#3629,#3638,#3646,#3653));
#3629 = ORIENTED_EDGE('',*,*,#3630,.F.);
#3630 = EDGE_CURVE('',#3631,#3631,#3633,.T.);
#3631 = VERTEX_POINT('',#3632);
#3632 = CARTESIAN_POINT('',(-248.875,220.025,598.5125));
#3633 = CIRCLE('',#3634,1.2);
#3634 = AXIS2_PLACEMENT_3D('',#3635,#3636,#3637);
#3635 = CARTESIAN_POINT('',(-248.875,220.025,597.3125));
#3636 = DIRECTION('',(0.,1.,0.));
#3637 = DIRECTION('',(0.,0.,1.));
#3638 = ORIENTED_EDGE('',*,*,#3639,.F.);
#3639 = EDGE_CURVE('',#3640,#3631,#3642,.T.);
#3640 = VERTEX_POINT('',#3641);
#3641 = CARTESIAN_POINT('',(-248.875,-240.025,598.5125));
#3642 = LINE('',#3643,#3644);
#3643 = CARTESIAN_POINT('',(-248.875,-240.025,598.5125));
#3644 = VECTOR('',#3645,1.);
#3645 = DIRECTION('',(0.,1.,0.));
#3646 = ORIENTED_EDGE('',*,*,#3647,.T.);
#3647 = EDGE_CURVE('',#3640,#3640,#3648,.T.);
#3648 = CIRCLE('',#3649,1.2);
#3649 = AXIS2_PLACEMENT_3D('',#3650,#3651,#3652);
#3650 = CARTESIAN_POINT('',(-248.875,-240.025,597.3125));
#3651 = DIRECTION('',(0.,1.,0.));
#3652 = DIRECTION('',(0.,0.,1.));
#3653 = ORIENTED_EDGE('',*,*,#3639,.T.);
#3654 = CYLINDRICAL_SURFACE('',#3655,1.2);
#3655 = AXIS2_PLACEMENT_3D('',#3656,#3657,#3658);
#3656 = CARTESIAN_POINT('',(-248.875,-240.025,597.3125));
#3657 = DIRECTION('',(0.,1.,0.));
#3658 = DIRECTION('',(0.,0.,1.));
#3659 = ADVANCED_FACE('',(#3660),#3663,.T.);
#3660 = FACE_BOUND('',#3661,.T.);
#3661 = EDGE_LOOP('',(#3662));
#3662 = ORIENTED_EDGE('',*,*,#3630,.T.);
#3663 = PLANE('',#3664);
#3664 = AXIS2_PLACEMENT_3D('',#3665,#3666,#3667);
#3665 = CARTESIAN_POINT('',(-248.875,220.025,597.3125));
#3666 = DIRECTION('',(0.,1.,0.));
#3667 = DIRECTION('',(0.,0.,1.));
#3668 = ADVANCED_FACE('',(#3669),#3672,.F.);
#3669 = FACE_BOUND('',#3670,.T.);
#3670 = EDGE_LOOP('',(#3671));
#3671 = ORIENTED_EDGE('',*,*,#3647,.F.);
#3672 = PLANE('',#3673);
#3673 = AXIS2_PLACEMENT_3D('',#3674,#3675,#3676);
#3674 = CARTESIAN_POINT('',(-248.875,-240.025,597.3125));
#3675 = DIRECTION('',(0.,1.,0.));
#3676 = DIRECTION('',(0.,0.,1.));
#3677 = MANIFOLD_SOLID_BREP('',#3678);
#3678 = CLOSED_SHELL('',(#3679,#3712,#3721));
#3679 = ADVANCED_FACE('',(#3680),#3707,.T.);
#3680 = FACE_BOUND('',#3681,.T.);
#3681 = EDGE_LOOP('',(#3682,#3691,#3699,#3706));
#3682 = ORIENTED_EDGE('',*,*,#3683,.F.);
#3683 = EDGE_CURVE('',#3684,#3684,#3686,.T.);
#3684 = VERTEX_POINT('',#3685);
#3685 = CARTESIAN_POINT('',(-223.9875,220.025,598.5125));
#3686 = CIRCLE('',#3687,1.2);
#3687 = AXIS2_PLACEMENT_3D('',#3688,#3689,#3690);
#3688 = CARTESIAN_POINT('',(-223.9875,220.025,597.3125));
#3689 = DIRECTION('',(0.,1.,0.));
#3690 = DIRECTION('',(0.,0.,1.));
#3691 = ORIENTED_EDGE('',*,*,#3692,.F.);
#3692 = EDGE_CURVE('',#3693,#3684,#3695,.T.);
#3693 = VERTEX_POINT('',#3694);
#3694 = CARTESIAN_POINT('',(-223.9875,-240.025,598.5125));
#3695 = LINE('',#3696,#3697);
#3696 = CARTESIAN_POINT('',(-223.9875,-240.025,598.5125));
#3697 = VECTOR('',#3698,1.);
#3698 = DIRECTION('',(0.,1.,0.));
#3699 = ORIENTED_EDGE('',*,*,#3700,.T.);
#3700 = EDGE_CURVE('',#3693,#3693,#3701,.T.);
#3701 = CIRCLE('',#3702,1.2);
#3702 = AXIS2_PLACEMENT_3D('',#3703,#3704,#3705);
#3703 = CARTESIAN_POINT('',(-223.9875,-240.025,597.3125));
#3704 = DIRECTION('',(0.,1.,0.));
#3705 = DIRECTION('',(0.,0.,1.));
#3706 = ORIENTED_EDGE('',*,*,#3692,.T.);
#3707 = CYLINDRICAL_SURFACE('',#3708,1.2);
#3708 = AXIS2_PLACEMENT_3D('',#3709,#3710,#3711);
#3709 = CARTESIAN_POINT('',(-223.9875,-240.025,597.3125));
#3710 = DIRECTION('',(0.,1.,0.));
#3711 = DIRECTION('',(0.,0.,1.));
#3712 = ADVANCED_FACE('',(#3713),#3716,.T.);
#3713 = FACE_BOUND('',#3714,.T.);
#3714 = EDGE_LOOP('',(#3715));
#3715 = ORIENTED_EDGE('',*,*,#3683,.T.);
#3716 = PLANE('',#3717);
#3717 = AXIS2_PLACEMENT_3D('',#3718,#3719,#3720);
#3718 = CARTESIAN_POINT('',(-223.9875,220.025,597.3125));
#3719 = DIRECTION('',(0.,1.,0.));
#3720 = DIRECTION('',(0.,0.,1.));
#3721 = ADVANCED_FACE('',(#3722),#3725,.F.);
#3722 = FACE_BOUND('',#3723,.T.);
#3723 = EDGE_LOOP('',(#3724));
#3724 = ORIENTED_EDGE('',*,*,#3700,.F.);
#3725 = PLANE('',#3726);
#3726 = AXIS2_PLACEMENT_3D('',#3727,#3728,#3729);
#3727 = CARTESIAN_POINT('',(-223.9875,-240.025,597.3125));
#3728 = DIRECTION('',(0.,1.,0.));
#3729 = DIRECTION('',(0.,0.,1.));
#3730 = MANIFOLD_SOLID_BREP('',#3731);
#3731 = CLOSED_SHELL('',(#3732,#3765,#3774));
#3732 = ADVANCED_FACE('',(#3733),#3760,.T.);
#3733 = FACE_BOUND('',#3734,.T.);
#3734 = EDGE_LOOP('',(#3735,#3744,#3752,#3759));
#3735 = ORIENTED_EDGE('',*,*,#3736,.F.);
#3736 = EDGE_CURVE('',#3737,#3737,#3739,.T.);
#3737 = VERTEX_POINT('',#3738);
#3738 = CARTESIAN_POINT('',(-199.1,220.025,598.5125));
#3739 = CIRCLE('',#3740,1.2);
#3740 = AXIS2_PLACEMENT_3D('',#3741,#3742,#3743);
#3741 = CARTESIAN_POINT('',(-199.1,220.025,597.3125));
#3742 = DIRECTION('',(0.,1.,0.));
#3743 = DIRECTION('',(0.,0.,1.));
#3744 = ORIENTED_EDGE('',*,*,#3745,.F.);
#3745 = EDGE_CURVE('',#3746,#3737,#3748,.T.);
#3746 = VERTEX_POINT('',#3747);
#3747 = CARTESIAN_POINT('',(-199.1,-240.025,598.5125));
#3748 = LINE('',#3749,#3750);
#3749 = CARTESIAN_POINT('',(-199.1,-240.025,598.5125));
#3750 = VECTOR('',#3751,1.);
#3751 = DIRECTION('',(0.,1.,0.));
#3752 = ORIENTED_EDGE('',*,*,#3753,.T.);
#3753 = EDGE_CURVE('',#3746,#3746,#3754,.T.);
#3754 = CIRCLE('',#3755,1.2);
#3755 = AXIS2_PLACEMENT_3D('',#3756,#3757,#3758);
#3756 = CARTESIAN_POINT('',(-199.1,-240.025,597.3125));
#3757 = DIRECTION('',(0.,1.,0.));
#3758 = DIRECTION('',(0.,0.,1.));
#3759 = ORIENTED_EDGE('',*,*,#3745,.T.);
#3760 = CYLINDRICAL_SURFACE('',#3761,1.2);
#3761 = AXIS2_PLACEMENT_3D('',#3762,#3763,#3764);
#3762 = CARTESIAN_POINT('',(-199.1,-240.025,597.3125));
#3763 = DIRECTION('',(0.,1.,0.));
#3764 = DIRECTION('',(0.,0.,1.));
#3765 = ADVANCED_FACE('',(#3766),#3769,.T.);
#3766 = FACE_BOUND('',#3767,.T.);
#3767 = EDGE_LOOP('',(#3768));
#3768 = ORIENTED_EDGE('',*,*,#3736,.T.);
#3769 = PLANE('',#3770);
#3770 = AXIS2_PLACEMENT_3D('',#3771,#3772,#3773);
#3771 = CARTESIAN_POINT('',(-199.1,220.025,597.3125));
#3772 = DIRECTION('',(0.,1.,0.));
#3773 = DIRECTION('',(0.,0.,1.));
#3774 = ADVANCED_FACE('',(#3775),#3778,.F.);
#3775 = FACE_BOUND('',#3776,.T.);
#3776 = EDGE_LOOP('',(#3777));
#3777 = ORIENTED_EDGE('',*,*,#3753,.F.);
#3778 = PLANE('',#3779);
#3779 = AXIS2_PLACEMENT_3D('',#3780,#3781,#3782);
#3780 = CARTESIAN_POINT('',(-199.1,-240.025,597.3125));
#3781 = DIRECTION('',(0.,1.,0.));
#3782 = DIRECTION('',(0.,0.,1.));
#3783 = MANIFOLD_SOLID_BREP('',#3784);
#3784 = CLOSED_SHELL('',(#3785,#3818,#3827));
#3785 = ADVANCED_FACE('',(#3786),#3813,.T.);
#3786 = FACE_BOUND('',#3787,.T.);
#3787 = EDGE_LOOP('',(#3788,#3797,#3805,#3812));
#3788 = ORIENTED_EDGE('',*,*,#3789,.F.);
#3789 = EDGE_CURVE('',#3790,#3790,#3792,.T.);
#3790 = VERTEX_POINT('',#3791);
#3791 = CARTESIAN_POINT('',(-174.2125,220.025,598.5125));
#3792 = CIRCLE('',#3793,1.2);
#3793 = AXIS2_PLACEMENT_3D('',#3794,#3795,#3796);
#3794 = CARTESIAN_POINT('',(-174.2125,220.025,597.3125));
#3795 = DIRECTION('',(0.,1.,0.));
#3796 = DIRECTION('',(0.,0.,1.));
#3797 = ORIENTED_EDGE('',*,*,#3798,.F.);
#3798 = EDGE_CURVE('',#3799,#3790,#3801,.T.);
#3799 = VERTEX_POINT('',#3800);
#3800 = CARTESIAN_POINT('',(-174.2125,-240.025,598.5125));
#3801 = LINE('',#3802,#3803);
#3802 = CARTESIAN_POINT('',(-174.2125,-240.025,598.5125));
#3803 = VECTOR('',#3804,1.);
#3804 = DIRECTION('',(0.,1.,0.));
#3805 = ORIENTED_EDGE('',*,*,#3806,.T.);
#3806 = EDGE_CURVE('',#3799,#3799,#3807,.T.);
#3807 = CIRCLE('',#3808,1.2);
#3808 = AXIS2_PLACEMENT_3D('',#3809,#3810,#3811);
#3809 = CARTESIAN_POINT('',(-174.2125,-240.025,597.3125));
#3810 = DIRECTION('',(0.,1.,0.));
#3811 = DIRECTION('',(0.,0.,1.));
#3812 = ORIENTED_EDGE('',*,*,#3798,.T.);
#3813 = CYLINDRICAL_SURFACE('',#3814,1.2);
#3814 = AXIS2_PLACEMENT_3D('',#3815,#3816,#3817);
#3815 = CARTESIAN_POINT('',(-174.2125,-240.025,597.3125));
#3816 = DIRECTION('',(0.,1.,0.));
#3817 = DIRECTION('',(0.,0.,1.));
#3818 = ADVANCED_FACE('',(#3819),#3822,.T.);
#3819 = FACE_BOUND('',#3820,.T.);
#3820 = EDGE_LOOP('',(#3821));
#3821 = ORIENTED_EDGE('',*,*,#3789,.T.);
#3822 = PLANE('',#3823);
#3823 = AXIS2_PLACEMENT_3D('',#3824,#3825,#3826);
#3824 = CARTESIAN_POINT('',(-174.2125,220.025,597.3125));
#3825 = DIRECTION('',(0.,1.,0.));
#3826 = DIRECTION('',(0.,0.,1.));
#3827 = ADVANCED_FACE('',(#3828),#3831,.F.);
#3828 = FACE_BOUND('',#3829,.T.);
#3829 = EDGE_LOOP('',(#3830));
#3830 = ORIENTED_EDGE('',*,*,#3806,.F.);
#3831 = PLANE('',#3832);
#3832 = AXIS2_PLACEMENT_3D('',#3833,#3834,#3835);
#3833 = CARTESIAN_POINT('',(-174.2125,-240.025,597.3125));
#3834 = DIRECTION('',(0.,1.,0.));
#3835 = DIRECTION('',(0.,0.,1.));
#3836 = MANIFOLD_SOLID_BREP('',#3837);
#3837 = CLOSED_SHELL('',(#3838,#3871,#3880));
#3838 = ADVANCED_FACE('',(#3839),#3866,.T.);
#3839 = FACE_BOUND('',#3840,.T.);
#3840 = EDGE_LOOP('',(#3841,#3850,#3858,#3865));
#3841 = ORIENTED_EDGE('',*,*,#3842,.F.);
#3842 = EDGE_CURVE('',#3843,#3843,#3845,.T.);
#3843 = VERTEX_POINT('',#3844);
#3844 = CARTESIAN_POINT('',(-149.325,220.025,598.5125));
#3845 = CIRCLE('',#3846,1.2);
#3846 = AXIS2_PLACEMENT_3D('',#3847,#3848,#3849);
#3847 = CARTESIAN_POINT('',(-149.325,220.025,597.3125));
#3848 = DIRECTION('',(0.,1.,0.));
#3849 = DIRECTION('',(0.,0.,1.));
#3850 = ORIENTED_EDGE('',*,*,#3851,.F.);
#3851 = EDGE_CURVE('',#3852,#3843,#3854,.T.);
#3852 = VERTEX_POINT('',#3853);
#3853 = CARTESIAN_POINT('',(-149.325,-240.025,598.5125));
#3854 = LINE('',#3855,#3856);
#3855 = CARTESIAN_POINT('',(-149.325,-240.025,598.5125));
#3856 = VECTOR('',#3857,1.);
#3857 = DIRECTION('',(0.,1.,0.));
#3858 = ORIENTED_EDGE('',*,*,#3859,.T.);
#3859 = EDGE_CURVE('',#3852,#3852,#3860,.T.);
#3860 = CIRCLE('',#3861,1.2);
#3861 = AXIS2_PLACEMENT_3D('',#3862,#3863,#3864);
#3862 = CARTESIAN_POINT('',(-149.325,-240.025,597.3125));
#3863 = DIRECTION('',(0.,1.,0.));
#3864 = DIRECTION('',(0.,0.,1.));
#3865 = ORIENTED_EDGE('',*,*,#3851,.T.);
#3866 = CYLINDRICAL_SURFACE('',#3867,1.2);
#3867 = AXIS2_PLACEMENT_3D('',#3868,#3869,#3870);
#3868 = CARTESIAN_POINT('',(-149.325,-240.025,597.3125));
#3869 = DIRECTION('',(0.,1.,0.));
#3870 = DIRECTION('',(0.,0.,1.));
#3871 = ADVANCED_FACE('',(#3872),#3875,.T.);
#3872 = FACE_BOUND('',#3873,.T.);
#3873 = EDGE_LOOP('',(#3874));
#3874 = ORIENTED_EDGE('',*,*,#3842,.T.);
#3875 = PLANE('',#3876);
#3876 = AXIS2_PLACEMENT_3D('',#3877,#3878,#3879);
#3877 = CARTESIAN_POINT('',(-149.325,220.025,597.3125));
#3878 = DIRECTION('',(0.,1.,0.));
#3879 = DIRECTION('',(0.,0.,1.));
#3880 = ADVANCED_FACE('',(#3881),#3884,.F.);
#3881 = FACE_BOUND('',#3882,.T.);
#3882 = EDGE_LOOP('',(#3883));
#3883 = ORIENTED_EDGE('',*,*,#3859,.F.);
#3884 = PLANE('',#3885);
#3885 = AXIS2_PLACEMENT_3D('',#3886,#3887,#3888);
#3886 = CARTESIAN_POINT('',(-149.325,-240.025,597.3125));
#3887 = DIRECTION('',(0.,1.,0.));
#3888 = DIRECTION('',(0.,0.,1.));
#3889 = MANIFOLD_SOLID_BREP('',#3890);
#3890 = CLOSED_SHELL('',(#3891,#3924,#3933));
#3891 = ADVANCED_FACE('',(#3892),#3919,.T.);
#3892 = FACE_BOUND('',#3893,.T.);
#3893 = EDGE_LOOP('',(#3894,#3903,#3911,#3918));
#3894 = ORIENTED_EDGE('',*,*,#3895,.F.);
#3895 = EDGE_CURVE('',#3896,#3896,#3898,.T.);
#3896 = VERTEX_POINT('',#3897);
#3897 = CARTESIAN_POINT('',(-124.4375,220.025,598.5125));
#3898 = CIRCLE('',#3899,1.2);
#3899 = AXIS2_PLACEMENT_3D('',#3900,#3901,#3902);
#3900 = CARTESIAN_POINT('',(-124.4375,220.025,597.3125));
#3901 = DIRECTION('',(0.,1.,0.));
#3902 = DIRECTION('',(0.,0.,1.));
#3903 = ORIENTED_EDGE('',*,*,#3904,.F.);
#3904 = EDGE_CURVE('',#3905,#3896,#3907,.T.);
#3905 = VERTEX_POINT('',#3906);
#3906 = CARTESIAN_POINT('',(-124.4375,-240.025,598.5125));
#3907 = LINE('',#3908,#3909);
#3908 = CARTESIAN_POINT('',(-124.4375,-240.025,598.5125));
#3909 = VECTOR('',#3910,1.);
#3910 = DIRECTION('',(0.,1.,0.));
#3911 = ORIENTED_EDGE('',*,*,#3912,.T.);
#3912 = EDGE_CURVE('',#3905,#3905,#3913,.T.);
#3913 = CIRCLE('',#3914,1.2);
#3914 = AXIS2_PLACEMENT_3D('',#3915,#3916,#3917);
#3915 = CARTESIAN_POINT('',(-124.4375,-240.025,597.3125));
#3916 = DIRECTION('',(0.,1.,0.));
#3917 = DIRECTION('',(0.,0.,1.));
#3918 = ORIENTED_EDGE('',*,*,#3904,.T.);
#3919 = CYLINDRICAL_SURFACE('',#3920,1.2);
#3920 = AXIS2_PLACEMENT_3D('',#3921,#3922,#3923);
#3921 = CARTESIAN_POINT('',(-124.4375,-240.025,597.3125));
#3922 = DIRECTION('',(0.,1.,0.));
#3923 = DIRECTION('',(0.,0.,1.));
#3924 = ADVANCED_FACE('',(#3925),#3928,.T.);
#3925 = FACE_BOUND('',#3926,.T.);
#3926 = EDGE_LOOP('',(#3927));
#3927 = ORIENTED_EDGE('',*,*,#3895,.T.);
#3928 = PLANE('',#3929);
#3929 = AXIS2_PLACEMENT_3D('',#3930,#3931,#3932);
#3930 = CARTESIAN_POINT('',(-124.4375,220.025,597.3125));
#3931 = DIRECTION('',(0.,1.,0.));
#3932 = DIRECTION('',(0.,0.,1.));
#3933 = ADVANCED_FACE('',(#3934),#3937,.F.);
#3934 = FACE_BOUND('',#3935,.T.);
#3935 = EDGE_LOOP('',(#3936));
#3936 = ORIENTED_EDGE('',*,*,#3912,.F.);
#3937 = PLANE('',#3938);
#3938 = AXIS2_PLACEMENT_3D('',#3939,#3940,#3941);
#3939 = CARTESIAN_POINT('',(-124.4375,-240.025,597.3125));
#3940 = DIRECTION('',(0.,1.,0.));
#3941 = DIRECTION('',(0.,0.,1.));
#3942 = MANIFOLD_SOLID_BREP('',#3943);
#3943 = CLOSED_SHELL('',(#3944,#3977,#3986));
#3944 = ADVANCED_FACE('',(#3945),#3972,.T.);
#3945 = FACE_BOUND('',#3946,.T.);
#3946 = EDGE_LOOP('',(#3947,#3956,#3964,#3971));
#3947 = ORIENTED_EDGE('',*,*,#3948,.F.);
#3948 = EDGE_CURVE('',#3949,#3949,#3951,.T.);
#3949 = VERTEX_POINT('',#3950);
#3950 = CARTESIAN_POINT('',(-99.55,220.025,598.5125));
#3951 = CIRCLE('',#3952,1.2);
#3952 = AXIS2_PLACEMENT_3D('',#3953,#3954,#3955);
#3953 = CARTESIAN_POINT('',(-99.55,220.025,597.3125));
#3954 = DIRECTION('',(0.,1.,0.));
#3955 = DIRECTION('',(0.,0.,1.));
#3956 = ORIENTED_EDGE('',*,*,#3957,.F.);
#3957 = EDGE_CURVE('',#3958,#3949,#3960,.T.);
#3958 = VERTEX_POINT('',#3959);
#3959 = CARTESIAN_POINT('',(-99.55,-240.025,598.5125));
#3960 = LINE('',#3961,#3962);
#3961 = CARTESIAN_POINT('',(-99.55,-240.025,598.5125));
#3962 = VECTOR('',#3963,1.);
#3963 = DIRECTION('',(0.,1.,0.));
#3964 = ORIENTED_EDGE('',*,*,#3965,.T.);
#3965 = EDGE_CURVE('',#3958,#3958,#3966,.T.);
#3966 = CIRCLE('',#3967,1.2);
#3967 = AXIS2_PLACEMENT_3D('',#3968,#3969,#3970);
#3968 = CARTESIAN_POINT('',(-99.55,-240.025,597.3125));
#3969 = DIRECTION('',(0.,1.,0.));
#3970 = DIRECTION('',(0.,0.,1.));
#3971 = ORIENTED_EDGE('',*,*,#3957,.T.);
#3972 = CYLINDRICAL_SURFACE('',#3973,1.2);
#3973 = AXIS2_PLACEMENT_3D('',#3974,#3975,#3976);
#3974 = CARTESIAN_POINT('',(-99.55,-240.025,597.3125));
#3975 = DIRECTION('',(0.,1.,0.));
#3976 = DIRECTION('',(0.,0.,1.));
#3977 = ADVANCED_FACE('',(#3978),#3981,.T.);
#3978 = FACE_BOUND('',#3979,.T.);
#3979 = EDGE_LOOP('',(#3980));
#3980 = ORIENTED_EDGE('',*,*,#3948,.T.);
#3981 = PLANE('',#3982);
#3982 = AXIS2_PLACEMENT_3D('',#3983,#3984,#3985);
#3983 = CARTESIAN_POINT('',(-99.55,220.025,597.3125));
#3984 = DIRECTION('',(0.,1.,0.));
#3985 = DIRECTION('',(0.,0.,1.));
#3986 = ADVANCED_FACE('',(#3987),#3990,.F.);
#3987 = FACE_BOUND('',#3988,.T.);
#3988 = EDGE_LOOP('',(#3989));
#3989 = ORIENTED_EDGE('',*,*,#3965,.F.);
#3990 = PLANE('',#3991);
#3991 = AXIS2_PLACEMENT_3D('',#3992,#3993,#3994);
#3992 = CARTESIAN_POINT('',(-99.55,-240.025,597.3125));
#3993 = DIRECTION('',(0.,1.,0.));
#3994 = DIRECTION('',(0.,0.,1.));
#3995 = MANIFOLD_SOLID_BREP('',#3996);
#3996 = CLOSED_SHELL('',(#3997,#4030,#4039));
#3997 = ADVANCED_FACE('',(#3998),#4025,.T.);
#3998 = FACE_BOUND('',#3999,.T.);
#3999 = EDGE_LOOP('',(#4000,#4009,#4017,#4024));
#4000 = ORIENTED_EDGE('',*,*,#4001,.F.);
#4001 = EDGE_CURVE('',#4002,#4002,#4004,.T.);
#4002 = VERTEX_POINT('',#4003);
#4003 = CARTESIAN_POINT('',(-74.6625,220.025,598.5125));
#4004 = CIRCLE('',#4005,1.2);
#4005 = AXIS2_PLACEMENT_3D('',#4006,#4007,#4008);
#4006 = CARTESIAN_POINT('',(-74.6625,220.025,597.3125));
#4007 = DIRECTION('',(0.,1.,0.));
#4008 = DIRECTION('',(0.,0.,1.));
#4009 = ORIENTED_EDGE('',*,*,#4010,.F.);
#4010 = EDGE_CURVE('',#4011,#4002,#4013,.T.);
#4011 = VERTEX_POINT('',#4012);
#4012 = CARTESIAN_POINT('',(-74.6625,-240.025,598.5125));
#4013 = LINE('',#4014,#4015);
#4014 = CARTESIAN_POINT('',(-74.6625,-240.025,598.5125));
#4015 = VECTOR('',#4016,1.);
#4016 = DIRECTION('',(0.,1.,0.));
#4017 = ORIENTED_EDGE('',*,*,#4018,.T.);
#4018 = EDGE_CURVE('',#4011,#4011,#4019,.T.);
#4019 = CIRCLE('',#4020,1.2);
#4020 = AXIS2_PLACEMENT_3D('',#4021,#4022,#4023);
#4021 = CARTESIAN_POINT('',(-74.6625,-240.025,597.3125));
#4022 = DIRECTION('',(0.,1.,0.));
#4023 = DIRECTION('',(0.,0.,1.));
#4024 = ORIENTED_EDGE('',*,*,#4010,.T.);
#4025 = CYLINDRICAL_SURFACE('',#4026,1.2);
#4026 = AXIS2_PLACEMENT_3D('',#4027,#4028,#4029);
#4027 = CARTESIAN_POINT('',(-74.6625,-240.025,597.3125));
#4028 = DIRECTION('',(0.,1.,0.));
#4029 = DIRECTION('',(0.,0.,1.));
#4030 = ADVANCED_FACE('',(#4031),#4034,.T.);
#4031 = FACE_BOUND('',#4032,.T.);
#4032 = EDGE_LOOP('',(#4033));
#4033 = ORIENTED_EDGE('',*,*,#4001,.T.);
#4034 = PLANE('',#4035);
#4035 = AXIS2_PLACEMENT_3D('',#4036,#4037,#4038);
#4036 = CARTESIAN_POINT('',(-74.6625,220.025,597.3125));
#4037 = DIRECTION('',(0.,1.,0.));
#4038 = DIRECTION('',(0.,0.,1.));
#4039 = ADVANCED_FACE('',(#4040),#4043,.F.);
#4040 = FACE_BOUND('',#4041,.T.);
#4041 = EDGE_LOOP('',(#4042));
#4042 = ORIENTED_EDGE('',*,*,#4018,.F.);
#4043 = PLANE('',#4044);
#4044 = AXIS2_PLACEMENT_3D('',#4045,#4046,#4047);
#4045 = CARTESIAN_POINT('',(-74.6625,-240.025,597.3125));
#4046 = DIRECTION('',(0.,1.,0.));
#4047 = DIRECTION('',(0.,0.,1.));
#4048 = MANIFOLD_SOLID_BREP('',#4049);
#4049 = CLOSED_SHELL('',(#4050,#4083,#4092));
#4050 = ADVANCED_FACE('',(#4051),#4078,.T.);
#4051 = FACE_BOUND('',#4052,.T.);
#4052 = EDGE_LOOP('',(#4053,#4062,#4070,#4077));
#4053 = ORIENTED_EDGE('',*,*,#4054,.F.);
#4054 = EDGE_CURVE('',#4055,#4055,#4057,.T.);
#4055 = VERTEX_POINT('',#4056);
#4056 = CARTESIAN_POINT('',(-49.775,220.025,598.5125));
#4057 = CIRCLE('',#4058,1.2);
#4058 = AXIS2_PLACEMENT_3D('',#4059,#4060,#4061);
#4059 = CARTESIAN_POINT('',(-49.775,220.025,597.3125));
#4060 = DIRECTION('',(0.,1.,0.));
#4061 = DIRECTION('',(0.,0.,1.));
#4062 = ORIENTED_EDGE('',*,*,#4063,.F.);
#4063 = EDGE_CURVE('',#4064,#4055,#4066,.T.);
#4064 = VERTEX_POINT('',#4065);
#4065 = CARTESIAN_POINT('',(-49.775,-240.025,598.5125));
#4066 = LINE('',#4067,#4068);
#4067 = CARTESIAN_POINT('',(-49.775,-240.025,598.5125));
#4068 = VECTOR('',#4069,1.);
#4069 = DIRECTION('',(0.,1.,0.));
#4070 = ORIENTED_EDGE('',*,*,#4071,.T.);
#4071 = EDGE_CURVE('',#4064,#4064,#4072,.T.);
#4072 = CIRCLE('',#4073,1.2);
#4073 = AXIS2_PLACEMENT_3D('',#4074,#4075,#4076);
#4074 = CARTESIAN_POINT('',(-49.775,-240.025,597.3125));
#4075 = DIRECTION('',(0.,1.,0.));
#4076 = DIRECTION('',(0.,0.,1.));
#4077 = ORIENTED_EDGE('',*,*,#4063,.T.);
#4078 = CYLINDRICAL_SURFACE('',#4079,1.2);
#4079 = AXIS2_PLACEMENT_3D('',#4080,#4081,#4082);
#4080 = CARTESIAN_POINT('',(-49.775,-240.025,597.3125));
#4081 = DIRECTION('',(0.,1.,0.));
#4082 = DIRECTION('',(0.,0.,1.));
#4083 = ADVANCED_FACE('',(#4084),#4087,.T.);
#4084 = FACE_BOUND('',#4085,.T.);
#4085 = EDGE_LOOP('',(#4086));
#4086 = ORIENTED_EDGE('',*,*,#4054,.T.);
#4087 = PLANE('',#4088);
#4088 = AXIS2_PLACEMENT_3D('',#4089,#4090,#4091);
#4089 = CARTESIAN_POINT('',(-49.775,220.025,597.3125));
#4090 = DIRECTION('',(0.,1.,0.));
#4091 = DIRECTION('',(0.,0.,1.));
#4092 = ADVANCED_FACE('',(#4093),#4096,.F.);
#4093 = FACE_BOUND('',#4094,.T.);
#4094 = EDGE_LOOP('',(#4095));
#4095 = ORIENTED_EDGE('',*,*,#4071,.F.);
#4096 = PLANE('',#4097);
#4097 = AXIS2_PLACEMENT_3D('',#4098,#4099,#4100);
#4098 = CARTESIAN_POINT('',(-49.775,-240.025,597.3125));
#4099 = DIRECTION('',(0.,1.,0.));
#4100 = DIRECTION('',(0.,0.,1.));
#4101 = MANIFOLD_SOLID_BREP('',#4102);
#4102 = CLOSED_SHELL('',(#4103,#4136,#4145));
#4103 = ADVANCED_FACE('',(#4104),#4131,.T.);
#4104 = FACE_BOUND('',#4105,.T.);
#4105 = EDGE_LOOP('',(#4106,#4115,#4123,#4130));
#4106 = ORIENTED_EDGE('',*,*,#4107,.F.);
#4107 = EDGE_CURVE('',#4108,#4108,#4110,.T.);
#4108 = VERTEX_POINT('',#4109);
#4109 = CARTESIAN_POINT('',(-24.8875,220.025,598.5125));
#4110 = CIRCLE('',#4111,1.2);
#4111 = AXIS2_PLACEMENT_3D('',#4112,#4113,#4114);
#4112 = CARTESIAN_POINT('',(-24.8875,220.025,597.3125));
#4113 = DIRECTION('',(0.,1.,0.));
#4114 = DIRECTION('',(0.,0.,1.));
#4115 = ORIENTED_EDGE('',*,*,#4116,.F.);
#4116 = EDGE_CURVE('',#4117,#4108,#4119,.T.);
#4117 = VERTEX_POINT('',#4118);
#4118 = CARTESIAN_POINT('',(-24.8875,-240.025,598.5125));
#4119 = LINE('',#4120,#4121);
#4120 = CARTESIAN_POINT('',(-24.8875,-240.025,598.5125));
#4121 = VECTOR('',#4122,1.);
#4122 = DIRECTION('',(0.,1.,0.));
#4123 = ORIENTED_EDGE('',*,*,#4124,.T.);
#4124 = EDGE_CURVE('',#4117,#4117,#4125,.T.);
#4125 = CIRCLE('',#4126,1.2);
#4126 = AXIS2_PLACEMENT_3D('',#4127,#4128,#4129);
#4127 = CARTESIAN_POINT('',(-24.8875,-240.025,597.3125));
#4128 = DIRECTION('',(0.,1.,0.));
#4129 = DIRECTION('',(0.,0.,1.));
#4130 = ORIENTED_EDGE('',*,*,#4116,.T.);
#4131 = CYLINDRICAL_SURFACE('',#4132,1.2);
#4132 = AXIS2_PLACEMENT_3D('',#4133,#4134,#4135);
#4133 = CARTESIAN_POINT('',(-24.8875,-240.025,597.3125));
#4134 = DIRECTION('',(0.,1.,0.));
#4135 = DIRECTION('',(0.,0.,1.));
#4136 = ADVANCED_FACE('',(#4137),#4140,.T.);
#4137 = FACE_BOUND('',#4138,.T.);
#4138 = EDGE_LOOP('',(#4139));
#4139 = ORIENTED_EDGE('',*,*,#4107,.T.);
#4140 = PLANE('',#4141);
#4141 = AXIS2_PLACEMENT_3D('',#4142,#4143,#4144);
#4142 = CARTESIAN_POINT('',(-24.8875,220.025,597.3125));
#4143 = DIRECTION('',(0.,1.,0.));
#4144 = DIRECTION('',(0.,0.,1.));
#4145 = ADVANCED_FACE('',(#4146),#4149,.F.);
#4146 = FACE_BOUND('',#4147,.T.);
#4147 = EDGE_LOOP('',(#4148));
#4148 = ORIENTED_EDGE('',*,*,#4124,.F.);
#4149 = PLANE('',#4150);
#4150 = AXIS2_PLACEMENT_3D('',#4151,#4152,#4153);
#4151 = CARTESIAN_POINT('',(-24.8875,-240.025,597.3125));
#4152 = DIRECTION('',(0.,1.,0.));
#4153 = DIRECTION('',(0.,0.,1.));
#4154 = MANIFOLD_SOLID_BREP('',#4155);
#4155 = CLOSED_SHELL('',(#4156,#4189,#4198));
#4156 = ADVANCED_FACE('',(#4157),#4184,.T.);
#4157 = FACE_BOUND('',#4158,.T.);
#4158 = EDGE_LOOP('',(#4159,#4168,#4176,#4183));
#4159 = ORIENTED_EDGE('',*,*,#4160,.F.);
#4160 = EDGE_CURVE('',#4161,#4161,#4163,.T.);
#4161 = VERTEX_POINT('',#4162);
#4162 = CARTESIAN_POINT('',(-2.939152317954E-16,220.025,598.5125));
#4163 = CIRCLE('',#4164,1.2);
#4164 = AXIS2_PLACEMENT_3D('',#4165,#4166,#4167);
#4165 = CARTESIAN_POINT('',(0.,220.025,597.3125));
#4166 = DIRECTION('',(0.,1.,0.));
#4167 = DIRECTION('',(0.,0.,1.));
#4168 = ORIENTED_EDGE('',*,*,#4169,.F.);
#4169 = EDGE_CURVE('',#4170,#4161,#4172,.T.);
#4170 = VERTEX_POINT('',#4171);
#4171 = CARTESIAN_POINT('',(-2.939152317954E-16,-240.025,598.5125));
#4172 = LINE('',#4173,#4174);
#4173 = CARTESIAN_POINT('',(-2.939152317954E-16,-240.025,598.5125));
#4174 = VECTOR('',#4175,1.);
#4175 = DIRECTION('',(0.,1.,0.));
#4176 = ORIENTED_EDGE('',*,*,#4177,.T.);
#4177 = EDGE_CURVE('',#4170,#4170,#4178,.T.);
#4178 = CIRCLE('',#4179,1.2);
#4179 = AXIS2_PLACEMENT_3D('',#4180,#4181,#4182);
#4180 = CARTESIAN_POINT('',(0.,-240.025,597.3125));
#4181 = DIRECTION('',(0.,1.,0.));
#4182 = DIRECTION('',(0.,0.,1.));
#4183 = ORIENTED_EDGE('',*,*,#4169,.T.);
#4184 = CYLINDRICAL_SURFACE('',#4185,1.2);
#4185 = AXIS2_PLACEMENT_3D('',#4186,#4187,#4188);
#4186 = CARTESIAN_POINT('',(0.,-240.025,597.3125));
#4187 = DIRECTION('',(0.,1.,0.));
#4188 = DIRECTION('',(0.,0.,1.));
#4189 = ADVANCED_FACE('',(#4190),#4193,.T.);
#4190 = FACE_BOUND('',#4191,.T.);
#4191 = EDGE_LOOP('',(#4192));
#4192 = ORIENTED_EDGE('',*,*,#4160,.T.);
#4193 = PLANE('',#4194);
#4194 = AXIS2_PLACEMENT_3D('',#4195,#4196,#4197);
#4195 = CARTESIAN_POINT('',(0.,220.025,597.3125));
#4196 = DIRECTION('',(0.,1.,0.));
#4197 = DIRECTION('',(0.,0.,1.));
#4198 = ADVANCED_FACE('',(#4199),#4202,.F.);
#4199 = FACE_BOUND('',#4200,.T.);
#4200 = EDGE_LOOP('',(#4201));
#4201 = ORIENTED_EDGE('',*,*,#4177,.F.);
#4202 = PLANE('',#4203);
#4203 = AXIS2_PLACEMENT_3D('',#4204,#4205,#4206);
#4204 = CARTESIAN_POINT('',(0.,-240.025,597.3125));
#4205 = DIRECTION('',(0.,1.,0.));
#4206 = DIRECTION('',(0.,0.,1.));
#4207 = MANIFOLD_SOLID_BREP('',#4208);
#4208 = CLOSED_SHELL('',(#4209,#4242,#4251));
#4209 = ADVANCED_FACE('',(#4210),#4237,.T.);
#4210 = FACE_BOUND('',#4211,.T.);
#4211 = EDGE_LOOP('',(#4212,#4221,#4229,#4236));
#4212 = ORIENTED_EDGE('',*,*,#4213,.F.);
#4213 = EDGE_CURVE('',#4214,#4214,#4216,.T.);
#4214 = VERTEX_POINT('',#4215);
#4215 = CARTESIAN_POINT('',(24.8875,220.025,598.5125));
#4216 = CIRCLE('',#4217,1.2);
#4217 = AXIS2_PLACEMENT_3D('',#4218,#4219,#4220);
#4218 = CARTESIAN_POINT('',(24.8875,220.025,597.3125));
#4219 = DIRECTION('',(0.,1.,0.));
#4220 = DIRECTION('',(0.,0.,1.));
#4221 = ORIENTED_EDGE('',*,*,#4222,.F.);
#4222 = EDGE_CURVE('',#4223,#4214,#4225,.T.);
#4223 = VERTEX_POINT('',#4224);
#4224 = CARTESIAN_POINT('',(24.8875,-240.025,598.5125));
#4225 = LINE('',#4226,#4227);
#4226 = CARTESIAN_POINT('',(24.8875,-240.025,598.5125));
#4227 = VECTOR('',#4228,1.);
#4228 = DIRECTION('',(0.,1.,0.));
#4229 = ORIENTED_EDGE('',*,*,#4230,.T.);
#4230 = EDGE_CURVE('',#4223,#4223,#4231,.T.);
#4231 = CIRCLE('',#4232,1.2);
#4232 = AXIS2_PLACEMENT_3D('',#4233,#4234,#4235);
#4233 = CARTESIAN_POINT('',(24.8875,-240.025,597.3125));
#4234 = DIRECTION('',(0.,1.,0.));
#4235 = DIRECTION('',(0.,0.,1.));
#4236 = ORIENTED_EDGE('',*,*,#4222,.T.);
#4237 = CYLINDRICAL_SURFACE('',#4238,1.2);
#4238 = AXIS2_PLACEMENT_3D('',#4239,#4240,#4241);
#4239 = CARTESIAN_POINT('',(24.8875,-240.025,597.3125));
#4240 = DIRECTION('',(0.,1.,0.));
#4241 = DIRECTION('',(0.,0.,1.));
#4242 = ADVANCED_FACE('',(#4243),#4246,.T.);
#4243 = FACE_BOUND('',#4244,.T.);
#4244 = EDGE_LOOP('',(#4245));
#4245 = ORIENTED_EDGE('',*,*,#4213,.T.);
#4246 = PLANE('',#4247);
#4247 = AXIS2_PLACEMENT_3D('',#4248,#4249,#4250);
#4248 = CARTESIAN_POINT('',(24.8875,220.025,597.3125));
#4249 = DIRECTION('',(0.,1.,0.));
#4250 = DIRECTION('',(0.,0.,1.));
#4251 = ADVANCED_FACE('',(#4252),#4255,.F.);
#4252 = FACE_BOUND('',#4253,.T.);
#4253 = EDGE_LOOP('',(#4254));
#4254 = ORIENTED_EDGE('',*,*,#4230,.F.);
#4255 = PLANE('',#4256);
#4256 = AXIS2_PLACEMENT_3D('',#4257,#4258,#4259);
#4257 = CARTESIAN_POINT('',(24.8875,-240.025,597.3125));
#4258 = DIRECTION('',(0.,1.,0.));
#4259 = DIRECTION('',(0.,0.,1.));
#4260 = MANIFOLD_SOLID_BREP('',#4261);
#4261 = CLOSED_SHELL('',(#4262,#4295,#4304));
#4262 = ADVANCED_FACE('',(#4263),#4290,.T.);
#4263 = FACE_BOUND('',#4264,.T.);
#4264 = EDGE_LOOP('',(#4265,#4274,#4282,#4289));
#4265 = ORIENTED_EDGE('',*,*,#4266,.F.);
#4266 = EDGE_CURVE('',#4267,#4267,#4269,.T.);
#4267 = VERTEX_POINT('',#4268);
#4268 = CARTESIAN_POINT('',(49.775,220.025,598.5125));
#4269 = CIRCLE('',#4270,1.2);
#4270 = AXIS2_PLACEMENT_3D('',#4271,#4272,#4273);
#4271 = CARTESIAN_POINT('',(49.775,220.025,597.3125));
#4272 = DIRECTION('',(0.,1.,0.));
#4273 = DIRECTION('',(0.,0.,1.));
#4274 = ORIENTED_EDGE('',*,*,#4275,.F.);
#4275 = EDGE_CURVE('',#4276,#4267,#4278,.T.);
#4276 = VERTEX_POINT('',#4277);
#4277 = CARTESIAN_POINT('',(49.775,-240.025,598.5125));
#4278 = LINE('',#4279,#4280);
#4279 = CARTESIAN_POINT('',(49.775,-240.025,598.5125));
#4280 = VECTOR('',#4281,1.);
#4281 = DIRECTION('',(0.,1.,0.));
#4282 = ORIENTED_EDGE('',*,*,#4283,.T.);
#4283 = EDGE_CURVE('',#4276,#4276,#4284,.T.);
#4284 = CIRCLE('',#4285,1.2);
#4285 = AXIS2_PLACEMENT_3D('',#4286,#4287,#4288);
#4286 = CARTESIAN_POINT('',(49.775,-240.025,597.3125));
#4287 = DIRECTION('',(0.,1.,0.));
#4288 = DIRECTION('',(0.,0.,1.));
#4289 = ORIENTED_EDGE('',*,*,#4275,.T.);
#4290 = CYLINDRICAL_SURFACE('',#4291,1.2);
#4291 = AXIS2_PLACEMENT_3D('',#4292,#4293,#4294);
#4292 = CARTESIAN_POINT('',(49.775,-240.025,597.3125));
#4293 = DIRECTION('',(0.,1.,0.));
#4294 = DIRECTION('',(0.,0.,1.));
#4295 = ADVANCED_FACE('',(#4296),#4299,.T.);
#4296 = FACE_BOUND('',#4297,.T.);
#4297 = EDGE_LOOP('',(#4298));
#4298 = ORIENTED_EDGE('',*,*,#4266,.T.);
#4299 = PLANE('',#4300);
#4300 = AXIS2_PLACEMENT_3D('',#4301,#4302,#4303);
#4301 = CARTESIAN_POINT('',(49.775,220.025,597.3125));
#4302 = DIRECTION('',(0.,1.,0.));
#4303 = DIRECTION('',(0.,0.,1.));
#4304 = ADVANCED_FACE('',(#4305),#4308,.F.);
#4305 = FACE_BOUND('',#4306,.T.);
#4306 = EDGE_LOOP('',(#4307));
#4307 = ORIENTED_EDGE('',*,*,#4283,.F.);
#4308 = PLANE('',#4309);
#4309 = AXIS2_PLACEMENT_3D('',#4310,#4311,#4312);
#4310 = CARTESIAN_POINT('',(49.775,-240.025,597.3125));
#4311 = DIRECTION('',(0.,1.,0.));
#4312 = DIRECTION('',(0.,0.,1.));
#4313 = MANIFOLD_SOLID_BREP('',#4314);
#4314 = CLOSED_SHELL('',(#4315,#4348,#4357));
#4315 = ADVANCED_FACE('',(#4316),#4343,.T.);
#4316 = FACE_BOUND('',#4317,.T.);
#4317 = EDGE_LOOP('',(#4318,#4327,#4335,#4342));
#4318 = ORIENTED_EDGE('',*,*,#4319,.F.);
#4319 = EDGE_CURVE('',#4320,#4320,#4322,.T.);
#4320 = VERTEX_POINT('',#4321);
#4321 = CARTESIAN_POINT('',(74.6625,220.025,598.5125));
#4322 = CIRCLE('',#4323,1.2);
#4323 = AXIS2_PLACEMENT_3D('',#4324,#4325,#4326);
#4324 = CARTESIAN_POINT('',(74.6625,220.025,597.3125));
#4325 = DIRECTION('',(0.,1.,0.));
#4326 = DIRECTION('',(0.,0.,1.));
#4327 = ORIENTED_EDGE('',*,*,#4328,.F.);
#4328 = EDGE_CURVE('',#4329,#4320,#4331,.T.);
#4329 = VERTEX_POINT('',#4330);
#4330 = CARTESIAN_POINT('',(74.6625,-240.025,598.5125));
#4331 = LINE('',#4332,#4333);
#4332 = CARTESIAN_POINT('',(74.6625,-240.025,598.5125));
#4333 = VECTOR('',#4334,1.);
#4334 = DIRECTION('',(0.,1.,0.));
#4335 = ORIENTED_EDGE('',*,*,#4336,.T.);
#4336 = EDGE_CURVE('',#4329,#4329,#4337,.T.);
#4337 = CIRCLE('',#4338,1.2);
#4338 = AXIS2_PLACEMENT_3D('',#4339,#4340,#4341);
#4339 = CARTESIAN_POINT('',(74.6625,-240.025,597.3125));
#4340 = DIRECTION('',(0.,1.,0.));
#4341 = DIRECTION('',(0.,0.,1.));
#4342 = ORIENTED_EDGE('',*,*,#4328,.T.);
#4343 = CYLINDRICAL_SURFACE('',#4344,1.2);
#4344 = AXIS2_PLACEMENT_3D('',#4345,#4346,#4347);
#4345 = CARTESIAN_POINT('',(74.6625,-240.025,597.3125));
#4346 = DIRECTION('',(0.,1.,0.));
#4347 = DIRECTION('',(0.,0.,1.));
#4348 = ADVANCED_FACE('',(#4349),#4352,.T.);
#4349 = FACE_BOUND('',#4350,.T.);
#4350 = EDGE_LOOP('',(#4351));
#4351 = ORIENTED_EDGE('',*,*,#4319,.T.);
#4352 = PLANE('',#4353);
#4353 = AXIS2_PLACEMENT_3D('',#4354,#4355,#4356);
#4354 = CARTESIAN_POINT('',(74.6625,220.025,597.3125));
#4355 = DIRECTION('',(0.,1.,0.));
#4356 = DIRECTION('',(0.,0.,1.));
#4357 = ADVANCED_FACE('',(#4358),#4361,.F.);
#4358 = FACE_BOUND('',#4359,.T.);
#4359 = EDGE_LOOP('',(#4360));
#4360 = ORIENTED_EDGE('',*,*,#4336,.F.);
#4361 = PLANE('',#4362);
#4362 = AXIS2_PLACEMENT_3D('',#4363,#4364,#4365);
#4363 = CARTESIAN_POINT('',(74.6625,-240.025,597.3125));
#4364 = DIRECTION('',(0.,1.,0.));
#4365 = DIRECTION('',(0.,0.,1.));
#4366 = MANIFOLD_SOLID_BREP('',#4367);
#4367 = CLOSED_SHELL('',(#4368,#4401,#4410));
#4368 = ADVANCED_FACE('',(#4369),#4396,.T.);
#4369 = FACE_BOUND('',#4370,.T.);
#4370 = EDGE_LOOP('',(#4371,#4380,#4388,#4395));
#4371 = ORIENTED_EDGE('',*,*,#4372,.F.);
#4372 = EDGE_CURVE('',#4373,#4373,#4375,.T.);
#4373 = VERTEX_POINT('',#4374);
#4374 = CARTESIAN_POINT('',(99.55,220.025,598.5125));
#4375 = CIRCLE('',#4376,1.2);
#4376 = AXIS2_PLACEMENT_3D('',#4377,#4378,#4379);
#4377 = CARTESIAN_POINT('',(99.55,220.025,597.3125));
#4378 = DIRECTION('',(0.,1.,0.));
#4379 = DIRECTION('',(0.,0.,1.));
#4380 = ORIENTED_EDGE('',*,*,#4381,.F.);
#4381 = EDGE_CURVE('',#4382,#4373,#4384,.T.);
#4382 = VERTEX_POINT('',#4383);
#4383 = CARTESIAN_POINT('',(99.55,-240.025,598.5125));
#4384 = LINE('',#4385,#4386);
#4385 = CARTESIAN_POINT('',(99.55,-240.025,598.5125));
#4386 = VECTOR('',#4387,1.);
#4387 = DIRECTION('',(0.,1.,0.));
#4388 = ORIENTED_EDGE('',*,*,#4389,.T.);
#4389 = EDGE_CURVE('',#4382,#4382,#4390,.T.);
#4390 = CIRCLE('',#4391,1.2);
#4391 = AXIS2_PLACEMENT_3D('',#4392,#4393,#4394);
#4392 = CARTESIAN_POINT('',(99.55,-240.025,597.3125));
#4393 = DIRECTION('',(0.,1.,0.));
#4394 = DIRECTION('',(0.,0.,1.));
#4395 = ORIENTED_EDGE('',*,*,#4381,.T.);
#4396 = CYLINDRICAL_SURFACE('',#4397,1.2);
#4397 = AXIS2_PLACEMENT_3D('',#4398,#4399,#4400);
#4398 = CARTESIAN_POINT('',(99.55,-240.025,597.3125));
#4399 = DIRECTION('',(0.,1.,0.));
#4400 = DIRECTION('',(0.,0.,1.));
#4401 = ADVANCED_FACE('',(#4402),#4405,.T.);
#4402 = FACE_BOUND('',#4403,.T.);
#4403 = EDGE_LOOP('',(#4404));
#4404 = ORIENTED_EDGE('',*,*,#4372,.T.);
#4405 = PLANE('',#4406);
#4406 = AXIS2_PLACEMENT_3D('',#4407,#4408,#4409);
#4407 = CARTESIAN_POINT('',(99.55,220.025,597.3125));
#4408 = DIRECTION('',(0.,1.,0.));
#4409 = DIRECTION('',(0.,0.,1.));
#4410 = ADVANCED_FACE('',(#4411),#4414,.F.);
#4411 = FACE_BOUND('',#4412,.T.);
#4412 = EDGE_LOOP('',(#4413));
#4413 = ORIENTED_EDGE('',*,*,#4389,.F.);
#4414 = PLANE('',#4415);
#4415 = AXIS2_PLACEMENT_3D('',#4416,#4417,#4418);
#4416 = CARTESIAN_POINT('',(99.55,-240.025,597.3125));
#4417 = DIRECTION('',(0.,1.,0.));
#4418 = DIRECTION('',(0.,0.,1.));
#4419 = MANIFOLD_SOLID_BREP('',#4420);
#4420 = CLOSED_SHELL('',(#4421,#4454,#4463));
#4421 = ADVANCED_FACE('',(#4422),#4449,.T.);
#4422 = FACE_BOUND('',#4423,.T.);
#4423 = EDGE_LOOP('',(#4424,#4433,#4441,#4448));
#4424 = ORIENTED_EDGE('',*,*,#4425,.F.);
#4425 = EDGE_CURVE('',#4426,#4426,#4428,.T.);
#4426 = VERTEX_POINT('',#4427);
#4427 = CARTESIAN_POINT('',(124.4375,220.025,598.5125));
#4428 = CIRCLE('',#4429,1.2);
#4429 = AXIS2_PLACEMENT_3D('',#4430,#4431,#4432);
#4430 = CARTESIAN_POINT('',(124.4375,220.025,597.3125));
#4431 = DIRECTION('',(0.,1.,0.));
#4432 = DIRECTION('',(0.,0.,1.));
#4433 = ORIENTED_EDGE('',*,*,#4434,.F.);
#4434 = EDGE_CURVE('',#4435,#4426,#4437,.T.);
#4435 = VERTEX_POINT('',#4436);
#4436 = CARTESIAN_POINT('',(124.4375,-240.025,598.5125));
#4437 = LINE('',#4438,#4439);
#4438 = CARTESIAN_POINT('',(124.4375,-240.025,598.5125));
#4439 = VECTOR('',#4440,1.);
#4440 = DIRECTION('',(0.,1.,0.));
#4441 = ORIENTED_EDGE('',*,*,#4442,.T.);
#4442 = EDGE_CURVE('',#4435,#4435,#4443,.T.);
#4443 = CIRCLE('',#4444,1.2);
#4444 = AXIS2_PLACEMENT_3D('',#4445,#4446,#4447);
#4445 = CARTESIAN_POINT('',(124.4375,-240.025,597.3125));
#4446 = DIRECTION('',(0.,1.,0.));
#4447 = DIRECTION('',(0.,0.,1.));
#4448 = ORIENTED_EDGE('',*,*,#4434,.T.);
#4449 = CYLINDRICAL_SURFACE('',#4450,1.2);
#4450 = AXIS2_PLACEMENT_3D('',#4451,#4452,#4453);
#4451 = CARTESIAN_POINT('',(124.4375,-240.025,597.3125));
#4452 = DIRECTION('',(0.,1.,0.));
#4453 = DIRECTION('',(0.,0.,1.));
#4454 = ADVANCED_FACE('',(#4455),#4458,.T.);
#4455 = FACE_BOUND('',#4456,.T.);
#4456 = EDGE_LOOP('',(#4457));
#4457 = ORIENTED_EDGE('',*,*,#4425,.T.);
#4458 = PLANE('',#4459);
#4459 = AXIS2_PLACEMENT_3D('',#4460,#4461,#4462);
#4460 = CARTESIAN_POINT('',(124.4375,220.025,597.3125));
#4461 = DIRECTION('',(0.,1.,0.));
#4462 = DIRECTION('',(0.,0.,1.));
#4463 = ADVANCED_FACE('',(#4464),#4467,.F.);
#4464 = FACE_BOUND('',#4465,.T.);
#4465 = EDGE_LOOP('',(#4466));
#4466 = ORIENTED_EDGE('',*,*,#4442,.F.);
#4467 = PLANE('',#4468);
#4468 = AXIS2_PLACEMENT_3D('',#4469,#4470,#4471);
#4469 = CARTESIAN_POINT('',(124.4375,-240.025,597.3125));
#4470 = DIRECTION('',(0.,1.,0.));
#4471 = DIRECTION('',(0.,0.,1.));
#4472 = MANIFOLD_SOLID_BREP('',#4473);
#4473 = CLOSED_SHELL('',(#4474,#4507,#4516));
#4474 = ADVANCED_FACE('',(#4475),#4502,.T.);
#4475 = FACE_BOUND('',#4476,.T.);
#4476 = EDGE_LOOP('',(#4477,#4486,#4494,#4501));
#4477 = ORIENTED_EDGE('',*,*,#4478,.F.);
#4478 = EDGE_CURVE('',#4479,#4479,#4481,.T.);
#4479 = VERTEX_POINT('',#4480);
#4480 = CARTESIAN_POINT('',(149.325,220.025,598.5125));
#4481 = CIRCLE('',#4482,1.2);
#4482 = AXIS2_PLACEMENT_3D('',#4483,#4484,#4485);
#4483 = CARTESIAN_POINT('',(149.325,220.025,597.3125));
#4484 = DIRECTION('',(0.,1.,0.));
#4485 = DIRECTION('',(0.,0.,1.));
#4486 = ORIENTED_EDGE('',*,*,#4487,.F.);
#4487 = EDGE_CURVE('',#4488,#4479,#4490,.T.);
#4488 = VERTEX_POINT('',#4489);
#4489 = CARTESIAN_POINT('',(149.325,-240.025,598.5125));
#4490 = LINE('',#4491,#4492);
#4491 = CARTESIAN_POINT('',(149.325,-240.025,598.5125));
#4492 = VECTOR('',#4493,1.);
#4493 = DIRECTION('',(0.,1.,0.));
#4494 = ORIENTED_EDGE('',*,*,#4495,.T.);
#4495 = EDGE_CURVE('',#4488,#4488,#4496,.T.);
#4496 = CIRCLE('',#4497,1.2);
#4497 = AXIS2_PLACEMENT_3D('',#4498,#4499,#4500);
#4498 = CARTESIAN_POINT('',(149.325,-240.025,597.3125));
#4499 = DIRECTION('',(0.,1.,0.));
#4500 = DIRECTION('',(0.,0.,1.));
#4501 = ORIENTED_EDGE('',*,*,#4487,.T.);
#4502 = CYLINDRICAL_SURFACE('',#4503,1.2);
#4503 = AXIS2_PLACEMENT_3D('',#4504,#4505,#4506);
#4504 = CARTESIAN_POINT('',(149.325,-240.025,597.3125));
#4505 = DIRECTION('',(0.,1.,0.));
#4506 = DIRECTION('',(0.,0.,1.));
#4507 = ADVANCED_FACE('',(#4508),#4511,.T.);
#4508 = FACE_BOUND('',#4509,.T.);
#4509 = EDGE_LOOP('',(#4510));
#4510 = ORIENTED_EDGE('',*,*,#4478,.T.);
#4511 = PLANE('',#4512);
#4512 = AXIS2_PLACEMENT_3D('',#4513,#4514,#4515);
#4513 = CARTESIAN_POINT('',(149.325,220.025,597.3125));
#4514 = DIRECTION('',(0.,1.,0.));
#4515 = DIRECTION('',(0.,0.,1.));
#4516 = ADVANCED_FACE('',(#4517),#4520,.F.);
#4517 = FACE_BOUND('',#4518,.T.);
#4518 = EDGE_LOOP('',(#4519));
#4519 = ORIENTED_EDGE('',*,*,#4495,.F.);
#4520 = PLANE('',#4521);
#4521 = AXIS2_PLACEMENT_3D('',#4522,#4523,#4524);
#4522 = CARTESIAN_POINT('',(149.325,-240.025,597.3125));
#4523 = DIRECTION('',(0.,1.,0.));
#4524 = DIRECTION('',(0.,0.,1.));
#4525 = MANIFOLD_SOLID_BREP('',#4526);
#4526 = CLOSED_SHELL('',(#4527,#4560,#4569));
#4527 = ADVANCED_FACE('',(#4528),#4555,.T.);
#4528 = FACE_BOUND('',#4529,.T.);
#4529 = EDGE_LOOP('',(#4530,#4539,#4547,#4554));
#4530 = ORIENTED_EDGE('',*,*,#4531,.F.);
#4531 = EDGE_CURVE('',#4532,#4532,#4534,.T.);
#4532 = VERTEX_POINT('',#4533);
#4533 = CARTESIAN_POINT('',(174.2125,220.025,598.5125));
#4534 = CIRCLE('',#4535,1.2);
#4535 = AXIS2_PLACEMENT_3D('',#4536,#4537,#4538);
#4536 = CARTESIAN_POINT('',(174.2125,220.025,597.3125));
#4537 = DIRECTION('',(0.,1.,0.));
#4538 = DIRECTION('',(0.,0.,1.));
#4539 = ORIENTED_EDGE('',*,*,#4540,.F.);
#4540 = EDGE_CURVE('',#4541,#4532,#4543,.T.);
#4541 = VERTEX_POINT('',#4542);
#4542 = CARTESIAN_POINT('',(174.2125,-240.025,598.5125));
#4543 = LINE('',#4544,#4545);
#4544 = CARTESIAN_POINT('',(174.2125,-240.025,598.5125));
#4545 = VECTOR('',#4546,1.);
#4546 = DIRECTION('',(0.,1.,0.));
#4547 = ORIENTED_EDGE('',*,*,#4548,.T.);
#4548 = EDGE_CURVE('',#4541,#4541,#4549,.T.);
#4549 = CIRCLE('',#4550,1.2);
#4550 = AXIS2_PLACEMENT_3D('',#4551,#4552,#4553);
#4551 = CARTESIAN_POINT('',(174.2125,-240.025,597.3125));
#4552 = DIRECTION('',(0.,1.,0.));
#4553 = DIRECTION('',(0.,0.,1.));
#4554 = ORIENTED_EDGE('',*,*,#4540,.T.);
#4555 = CYLINDRICAL_SURFACE('',#4556,1.2);
#4556 = AXIS2_PLACEMENT_3D('',#4557,#4558,#4559);
#4557 = CARTESIAN_POINT('',(174.2125,-240.025,597.3125));
#4558 = DIRECTION('',(0.,1.,0.));
#4559 = DIRECTION('',(0.,0.,1.));
#4560 = ADVANCED_FACE('',(#4561),#4564,.T.);
#4561 = FACE_BOUND('',#4562,.T.);
#4562 = EDGE_LOOP('',(#4563));
#4563 = ORIENTED_EDGE('',*,*,#4531,.T.);
#4564 = PLANE('',#4565);
#4565 = AXIS2_PLACEMENT_3D('',#4566,#4567,#4568);
#4566 = CARTESIAN_POINT('',(174.2125,220.025,597.3125));
#4567 = DIRECTION('',(0.,1.,0.));
#4568 = DIRECTION('',(0.,0.,1.));
#4569 = ADVANCED_FACE('',(#4570),#4573,.F.);
#4570 = FACE_BOUND('',#4571,.T.);
#4571 = EDGE_LOOP('',(#4572));
#4572 = ORIENTED_EDGE('',*,*,#4548,.F.);
#4573 = PLANE('',#4574);
#4574 = AXIS2_PLACEMENT_3D('',#4575,#4576,#4577);
#4575 = CARTESIAN_POINT('',(174.2125,-240.025,597.3125));
#4576 = DIRECTION('',(0.,1.,0.));
#4577 = DIRECTION('',(0.,0.,1.));
#4578 = MANIFOLD_SOLID_BREP('',#4579);
#4579 = CLOSED_SHELL('',(#4580,#4613,#4622));
#4580 = ADVANCED_FACE('',(#4581),#4608,.T.);
#4581 = FACE_BOUND('',#4582,.T.);
#4582 = EDGE_LOOP('',(#4583,#4592,#4600,#4607));
#4583 = ORIENTED_EDGE('',*,*,#4584,.F.);
#4584 = EDGE_CURVE('',#4585,#4585,#4587,.T.);
#4585 = VERTEX_POINT('',#4586);
#4586 = CARTESIAN_POINT('',(199.1,220.025,598.5125));
#4587 = CIRCLE('',#4588,1.2);
#4588 = AXIS2_PLACEMENT_3D('',#4589,#4590,#4591);
#4589 = CARTESIAN_POINT('',(199.1,220.025,597.3125));
#4590 = DIRECTION('',(0.,1.,0.));
#4591 = DIRECTION('',(0.,0.,1.));
#4592 = ORIENTED_EDGE('',*,*,#4593,.F.);
#4593 = EDGE_CURVE('',#4594,#4585,#4596,.T.);
#4594 = VERTEX_POINT('',#4595);
#4595 = CARTESIAN_POINT('',(199.1,-240.025,598.5125));
#4596 = LINE('',#4597,#4598);
#4597 = CARTESIAN_POINT('',(199.1,-240.025,598.5125));
#4598 = VECTOR('',#4599,1.);
#4599 = DIRECTION('',(0.,1.,0.));
#4600 = ORIENTED_EDGE('',*,*,#4601,.T.);
#4601 = EDGE_CURVE('',#4594,#4594,#4602,.T.);
#4602 = CIRCLE('',#4603,1.2);
#4603 = AXIS2_PLACEMENT_3D('',#4604,#4605,#4606);
#4604 = CARTESIAN_POINT('',(199.1,-240.025,597.3125));
#4605 = DIRECTION('',(0.,1.,0.));
#4606 = DIRECTION('',(0.,0.,1.));
#4607 = ORIENTED_EDGE('',*,*,#4593,.T.);
#4608 = CYLINDRICAL_SURFACE('',#4609,1.2);
#4609 = AXIS2_PLACEMENT_3D('',#4610,#4611,#4612);
#4610 = CARTESIAN_POINT('',(199.1,-240.025,597.3125));
#4611 = DIRECTION('',(0.,1.,0.));
#4612 = DIRECTION('',(0.,0.,1.));
#4613 = ADVANCED_FACE('',(#4614),#4617,.T.);
#4614 = FACE_BOUND('',#4615,.T.);
#4615 = EDGE_LOOP('',(#4616));
#4616 = ORIENTED_EDGE('',*,*,#4584,.T.);
#4617 = PLANE('',#4618);
#4618 = AXIS2_PLACEMENT_3D('',#4619,#4620,#4621);
#4619 = CARTESIAN_POINT('',(199.1,220.025,597.3125));
#4620 = DIRECTION('',(0.,1.,0.));
#4621 = DIRECTION('',(0.,0.,1.));
#4622 = ADVANCED_FACE('',(#4623),#4626,.F.);
#4623 = FACE_BOUND('',#4624,.T.);
#4624 = EDGE_LOOP('',(#4625));
#4625 = ORIENTED_EDGE('',*,*,#4601,.F.);
#4626 = PLANE('',#4627);
#4627 = AXIS2_PLACEMENT_3D('',#4628,#4629,#4630);
#4628 = CARTESIAN_POINT('',(199.1,-240.025,597.3125));
#4629 = DIRECTION('',(0.,1.,0.));
#4630 = DIRECTION('',(0.,0.,1.));
#4631 = MANIFOLD_SOLID_BREP('',#4632);
#4632 = CLOSED_SHELL('',(#4633,#4666,#4675));
#4633 = ADVANCED_FACE('',(#4634),#4661,.T.);
#4634 = FACE_BOUND('',#4635,.T.);
#4635 = EDGE_LOOP('',(#4636,#4645,#4653,#4660));
#4636 = ORIENTED_EDGE('',*,*,#4637,.F.);
#4637 = EDGE_CURVE('',#4638,#4638,#4640,.T.);
#4638 = VERTEX_POINT('',#4639);
#4639 = CARTESIAN_POINT('',(223.9875,220.025,598.5125));
#4640 = CIRCLE('',#4641,1.2);
#4641 = AXIS2_PLACEMENT_3D('',#4642,#4643,#4644);
#4642 = CARTESIAN_POINT('',(223.9875,220.025,597.3125));
#4643 = DIRECTION('',(0.,1.,0.));
#4644 = DIRECTION('',(0.,0.,1.));
#4645 = ORIENTED_EDGE('',*,*,#4646,.F.);
#4646 = EDGE_CURVE('',#4647,#4638,#4649,.T.);
#4647 = VERTEX_POINT('',#4648);
#4648 = CARTESIAN_POINT('',(223.9875,-240.025,598.5125));
#4649 = LINE('',#4650,#4651);
#4650 = CARTESIAN_POINT('',(223.9875,-240.025,598.5125));
#4651 = VECTOR('',#4652,1.);
#4652 = DIRECTION('',(0.,1.,0.));
#4653 = ORIENTED_EDGE('',*,*,#4654,.T.);
#4654 = EDGE_CURVE('',#4647,#4647,#4655,.T.);
#4655 = CIRCLE('',#4656,1.2);
#4656 = AXIS2_PLACEMENT_3D('',#4657,#4658,#4659);
#4657 = CARTESIAN_POINT('',(223.9875,-240.025,597.3125));
#4658 = DIRECTION('',(0.,1.,0.));
#4659 = DIRECTION('',(0.,0.,1.));
#4660 = ORIENTED_EDGE('',*,*,#4646,.T.);
#4661 = CYLINDRICAL_SURFACE('',#4662,1.2);
#4662 = AXIS2_PLACEMENT_3D('',#4663,#4664,#4665);
#4663 = CARTESIAN_POINT('',(223.9875,-240.025,597.3125));
#4664 = DIRECTION('',(0.,1.,0.));
#4665 = DIRECTION('',(0.,0.,1.));
#4666 = ADVANCED_FACE('',(#4667),#4670,.T.);
#4667 = FACE_BOUND('',#4668,.T.);
#4668 = EDGE_LOOP('',(#4669));
#4669 = ORIENTED_EDGE('',*,*,#4637,.T.);
#4670 = PLANE('',#4671);
#4671 = AXIS2_PLACEMENT_3D('',#4672,#4673,#4674);
#4672 = CARTESIAN_POINT('',(223.9875,220.025,597.3125));
#4673 = DIRECTION('',(0.,1.,0.));
#4674 = DIRECTION('',(0.,0.,1.));
#4675 = ADVANCED_FACE('',(#4676),#4679,.F.);
#4676 = FACE_BOUND('',#4677,.T.);
#4677 = EDGE_LOOP('',(#4678));
#4678 = ORIENTED_EDGE('',*,*,#4654,.F.);
#4679 = PLANE('',#4680);
#4680 = AXIS2_PLACEMENT_3D('',#4681,#4682,#4683);
#4681 = CARTESIAN_POINT('',(223.9875,-240.025,597.3125));
#4682 = DIRECTION('',(0.,1.,0.));
#4683 = DIRECTION('',(0.,0.,1.));
#4684 = MANIFOLD_SOLID_BREP('',#4685);
#4685 = CLOSED_SHELL('',(#4686,#4719,#4728));
#4686 = ADVANCED_FACE('',(#4687),#4714,.T.);
#4687 = FACE_BOUND('',#4688,.T.);
#4688 = EDGE_LOOP('',(#4689,#4698,#4706,#4713));
#4689 = ORIENTED_EDGE('',*,*,#4690,.F.);
#4690 = EDGE_CURVE('',#4691,#4691,#4693,.T.);
#4691 = VERTEX_POINT('',#4692);
#4692 = CARTESIAN_POINT('',(248.875,220.025,598.5125));
#4693 = CIRCLE('',#4694,1.2);
#4694 = AXIS2_PLACEMENT_3D('',#4695,#4696,#4697);
#4695 = CARTESIAN_POINT('',(248.875,220.025,597.3125));
#4696 = DIRECTION('',(0.,1.,0.));
#4697 = DIRECTION('',(0.,0.,1.));
#4698 = ORIENTED_EDGE('',*,*,#4699,.F.);
#4699 = EDGE_CURVE('',#4700,#4691,#4702,.T.);
#4700 = VERTEX_POINT('',#4701);
#4701 = CARTESIAN_POINT('',(248.875,-240.025,598.5125));
#4702 = LINE('',#4703,#4704);
#4703 = CARTESIAN_POINT('',(248.875,-240.025,598.5125));
#4704 = VECTOR('',#4705,1.);
#4705 = DIRECTION('',(0.,1.,0.));
#4706 = ORIENTED_EDGE('',*,*,#4707,.T.);
#4707 = EDGE_CURVE('',#4700,#4700,#4708,.T.);
#4708 = CIRCLE('',#4709,1.2);
#4709 = AXIS2_PLACEMENT_3D('',#4710,#4711,#4712);
#4710 = CARTESIAN_POINT('',(248.875,-240.025,597.3125));
#4711 = DIRECTION('',(0.,1.,0.));
#4712 = DIRECTION('',(0.,0.,1.));
#4713 = ORIENTED_EDGE('',*,*,#4699,.T.);
#4714 = CYLINDRICAL_SURFACE('',#4715,1.2);
#4715 = AXIS2_PLACEMENT_3D('',#4716,#4717,#4718);
#4716 = CARTESIAN_POINT('',(248.875,-240.025,597.3125));
#4717 = DIRECTION('',(0.,1.,0.));
#4718 = DIRECTION('',(0.,0.,1.));
#4719 = ADVANCED_FACE('',(#4720),#4723,.T.);
#4720 = FACE_BOUND('',#4721,.T.);
#4721 = EDGE_LOOP('',(#4722));
#4722 = ORIENTED_EDGE('',*,*,#4690,.T.);
#4723 = PLANE('',#4724);
#4724 = AXIS2_PLACEMENT_3D('',#4725,#4726,#4727);
#4725 = CARTESIAN_POINT('',(248.875,220.025,597.3125));
#4726 = DIRECTION('',(0.,1.,0.));
#4727 = DIRECTION('',(0.,0.,1.));
#4728 = ADVANCED_FACE('',(#4729),#4732,.F.);
#4729 = FACE_BOUND('',#4730,.T.);
#4730 = EDGE_LOOP('',(#4731));
#4731 = ORIENTED_EDGE('',*,*,#4707,.F.);
#4732 = PLANE('',#4733);
#4733 = AXIS2_PLACEMENT_3D('',#4734,#4735,#4736);
#4734 = CARTESIAN_POINT('',(248.875,-240.025,597.3125));
#4735 = DIRECTION('',(0.,1.,0.));
#4736 = DIRECTION('',(0.,0.,1.));
#4737 = MANIFOLD_SOLID_BREP('',#4738);
#4738 = CLOSED_SHELL('',(#4739,#4772,#4781));
#4739 = ADVANCED_FACE('',(#4740),#4767,.T.);
#4740 = FACE_BOUND('',#4741,.T.);
#4741 = EDGE_LOOP('',(#4742,#4751,#4759,#4766));
#4742 = ORIENTED_EDGE('',*,*,#4743,.F.);
#4743 = EDGE_CURVE('',#4744,#4744,#4746,.T.);
#4744 = VERTEX_POINT('',#4745);
#4745 = CARTESIAN_POINT('',(273.7625,220.025,598.5125));
#4746 = CIRCLE('',#4747,1.2);
#4747 = AXIS2_PLACEMENT_3D('',#4748,#4749,#4750);
#4748 = CARTESIAN_POINT('',(273.7625,220.025,597.3125));
#4749 = DIRECTION('',(0.,1.,0.));
#4750 = DIRECTION('',(0.,0.,1.));
#4751 = ORIENTED_EDGE('',*,*,#4752,.F.);
#4752 = EDGE_CURVE('',#4753,#4744,#4755,.T.);
#4753 = VERTEX_POINT('',#4754);
#4754 = CARTESIAN_POINT('',(273.7625,-240.025,598.5125));
#4755 = LINE('',#4756,#4757);
#4756 = CARTESIAN_POINT('',(273.7625,-240.025,598.5125));
#4757 = VECTOR('',#4758,1.);
#4758 = DIRECTION('',(0.,1.,0.));
#4759 = ORIENTED_EDGE('',*,*,#4760,.T.);
#4760 = EDGE_CURVE('',#4753,#4753,#4761,.T.);
#4761 = CIRCLE('',#4762,1.2);
#4762 = AXIS2_PLACEMENT_3D('',#4763,#4764,#4765);
#4763 = CARTESIAN_POINT('',(273.7625,-240.025,597.3125));
#4764 = DIRECTION('',(0.,1.,0.));
#4765 = DIRECTION('',(0.,0.,1.));
#4766 = ORIENTED_EDGE('',*,*,#4752,.T.);
#4767 = CYLINDRICAL_SURFACE('',#4768,1.2);
#4768 = AXIS2_PLACEMENT_3D('',#4769,#4770,#4771);
#4769 = CARTESIAN_POINT('',(273.7625,-240.025,597.3125));
#4770 = DIRECTION('',(0.,1.,0.));
#4771 = DIRECTION('',(0.,0.,1.));
#4772 = ADVANCED_FACE('',(#4773),#4776,.T.);
#4773 = FACE_BOUND('',#4774,.T.);
#4774 = EDGE_LOOP('',(#4775));
#4775 = ORIENTED_EDGE('',*,*,#4743,.T.);
#4776 = PLANE('',#4777);
#4777 = AXIS2_PLACEMENT_3D('',#4778,#4779,#4780);
#4778 = CARTESIAN_POINT('',(273.7625,220.025,597.3125));
#4779 = DIRECTION('',(0.,1.,0.));
#4780 = DIRECTION('',(0.,0.,1.));
#4781 = ADVANCED_FACE('',(#4782),#4785,.F.);
#4782 = FACE_BOUND('',#4783,.T.);
#4783 = EDGE_LOOP('',(#4784));
#4784 = ORIENTED_EDGE('',*,*,#4760,.F.);
#4785 = PLANE('',#4786);
#4786 = AXIS2_PLACEMENT_3D('',#4787,#4788,#4789);
#4787 = CARTESIAN_POINT('',(273.7625,-240.025,597.3125));
#4788 = DIRECTION('',(0.,1.,0.));
#4789 = DIRECTION('',(0.,0.,1.));
#4790 = MANIFOLD_SOLID_BREP('',#4791);
#4791 = CLOSED_SHELL('',(#4792,#4825,#4834));
#4792 = ADVANCED_FACE('',(#4793),#4820,.T.);
#4793 = FACE_BOUND('',#4794,.T.);
#4794 = EDGE_LOOP('',(#4795,#4804,#4812,#4819));
#4795 = ORIENTED_EDGE('',*,*,#4796,.F.);
#4796 = EDGE_CURVE('',#4797,#4797,#4799,.T.);
#4797 = VERTEX_POINT('',#4798);
#4798 = CARTESIAN_POINT('',(288.7625,-240.025,969.0625));
#4799 = CIRCLE('',#4800,1.75);
#4800 = AXIS2_PLACEMENT_3D('',#4801,#4802,#4803);
#4801 = CARTESIAN_POINT('',(288.7625,-240.025,967.3125));
#4802 = DIRECTION('',(1.,0.,-0.));
#4803 = DIRECTION('',(0.,0.,1.));
#4804 = ORIENTED_EDGE('',*,*,#4805,.F.);
#4805 = EDGE_CURVE('',#4806,#4797,#4808,.T.);
#4806 = VERTEX_POINT('',#4807);
#4807 = CARTESIAN_POINT('',(-288.7625,-240.025,969.0625));
#4808 = LINE('',#4809,#4810);
#4809 = CARTESIAN_POINT('',(-288.7625,-240.025,969.0625));
#4810 = VECTOR('',#4811,1.);
#4811 = DIRECTION('',(1.,0.,0.));
#4812 = ORIENTED_EDGE('',*,*,#4813,.T.);
#4813 = EDGE_CURVE('',#4806,#4806,#4814,.T.);
#4814 = CIRCLE('',#4815,1.75);
#4815 = AXIS2_PLACEMENT_3D('',#4816,#4817,#4818);
#4816 = CARTESIAN_POINT('',(-288.7625,-240.025,967.3125));
#4817 = DIRECTION('',(1.,0.,-0.));
#4818 = DIRECTION('',(0.,0.,1.));
#4819 = ORIENTED_EDGE('',*,*,#4805,.T.);
#4820 = CYLINDRICAL_SURFACE('',#4821,1.75);
#4821 = AXIS2_PLACEMENT_3D('',#4822,#4823,#4824);
#4822 = CARTESIAN_POINT('',(-288.7625,-240.025,967.3125));
#4823 = DIRECTION('',(1.,0.,0.));
#4824 = DIRECTION('',(0.,0.,1.));
#4825 = ADVANCED_FACE('',(#4826),#4829,.T.);
#4826 = FACE_BOUND('',#4827,.T.);
#4827 = EDGE_LOOP('',(#4828));
#4828 = ORIENTED_EDGE('',*,*,#4796,.T.);
#4829 = PLANE('',#4830);
#4830 = AXIS2_PLACEMENT_3D('',#4831,#4832,#4833);
#4831 = CARTESIAN_POINT('',(288.7625,-240.025,967.3125));
#4832 = DIRECTION('',(1.,0.,0.));
#4833 = DIRECTION('',(0.,0.,1.));
#4834 = ADVANCED_FACE('',(#4835),#4838,.F.);
#4835 = FACE_BOUND('',#4836,.T.);
#4836 = EDGE_LOOP('',(#4837));
#4837 = ORIENTED_EDGE('',*,*,#4813,.F.);
#4838 = PLANE('',#4839);
#4839 = AXIS2_PLACEMENT_3D('',#4840,#4841,#4842);
#4840 = CARTESIAN_POINT('',(-288.7625,-240.025,967.3125));
#4841 = DIRECTION('',(1.,0.,0.));
#4842 = DIRECTION('',(0.,0.,1.));
#4843 = MANIFOLD_SOLID_BREP('',#4844);
#4844 = CLOSED_SHELL('',(#4845,#4878,#4887));
#4845 = ADVANCED_FACE('',(#4846),#4873,.T.);
#4846 = FACE_BOUND('',#4847,.T.);
#4847 = EDGE_LOOP('',(#4848,#4857,#4865,#4872));
#4848 = ORIENTED_EDGE('',*,*,#4849,.F.);
#4849 = EDGE_CURVE('',#4850,#4850,#4852,.T.);
#4850 = VERTEX_POINT('',#4851);
#4851 = CARTESIAN_POINT('',(288.7625,220.025,969.0625));
#4852 = CIRCLE('',#4853,1.75);
#4853 = AXIS2_PLACEMENT_3D('',#4854,#4855,#4856);
#4854 = CARTESIAN_POINT('',(288.7625,220.025,967.3125));
#4855 = DIRECTION('',(1.,0.,-0.));
#4856 = DIRECTION('',(0.,0.,1.));
#4857 = ORIENTED_EDGE('',*,*,#4858,.F.);
#4858 = EDGE_CURVE('',#4859,#4850,#4861,.T.);
#4859 = VERTEX_POINT('',#4860);
#4860 = CARTESIAN_POINT('',(-288.7625,220.025,969.0625));
#4861 = LINE('',#4862,#4863);
#4862 = CARTESIAN_POINT('',(-288.7625,220.025,969.0625));
#4863 = VECTOR('',#4864,1.);
#4864 = DIRECTION('',(1.,0.,0.));
#4865 = ORIENTED_EDGE('',*,*,#4866,.T.);
#4866 = EDGE_CURVE('',#4859,#4859,#4867,.T.);
#4867 = CIRCLE('',#4868,1.75);
#4868 = AXIS2_PLACEMENT_3D('',#4869,#4870,#4871);
#4869 = CARTESIAN_POINT('',(-288.7625,220.025,967.3125));
#4870 = DIRECTION('',(1.,0.,-0.));
#4871 = DIRECTION('',(0.,0.,1.));
#4872 = ORIENTED_EDGE('',*,*,#4858,.T.);
#4873 = CYLINDRICAL_SURFACE('',#4874,1.75);
#4874 = AXIS2_PLACEMENT_3D('',#4875,#4876,#4877);
#4875 = CARTESIAN_POINT('',(-288.7625,220.025,967.3125));
#4876 = DIRECTION('',(1.,0.,0.));
#4877 = DIRECTION('',(0.,0.,1.));
#4878 = ADVANCED_FACE('',(#4879),#4882,.T.);
#4879 = FACE_BOUND('',#4880,.T.);
#4880 = EDGE_LOOP('',(#4881));
#4881 = ORIENTED_EDGE('',*,*,#4849,.T.);
#4882 = PLANE('',#4883);
#4883 = AXIS2_PLACEMENT_3D('',#4884,#4885,#4886);
#4884 = CARTESIAN_POINT('',(288.7625,220.025,967.3125));
#4885 = DIRECTION('',(1.,0.,0.));
#4886 = DIRECTION('',(0.,0.,1.));
#4887 = ADVANCED_FACE('',(#4888),#4891,.F.);
#4888 = FACE_BOUND('',#4889,.T.);
#4889 = EDGE_LOOP('',(#4890));
#4890 = ORIENTED_EDGE('',*,*,#4866,.F.);
#4891 = PLANE('',#4892);
#4892 = AXIS2_PLACEMENT_3D('',#4893,#4894,#4895);
#4893 = CARTESIAN_POINT('',(-288.7625,220.025,967.3125));
#4894 = DIRECTION('',(1.,0.,0.));
#4895 = DIRECTION('',(0.,0.,1.));
#4896 = MANIFOLD_SOLID_BREP('',#4897);
#4897 = CLOSED_SHELL('',(#4898,#4931,#4940));
#4898 = ADVANCED_FACE('',(#4899),#4926,.T.);
#4899 = FACE_BOUND('',#4900,.T.);
#4900 = EDGE_LOOP('',(#4901,#4910,#4918,#4925));
#4901 = ORIENTED_EDGE('',*,*,#4902,.F.);
#4902 = EDGE_CURVE('',#4903,#4903,#4905,.T.);
#4903 = VERTEX_POINT('',#4904);
#4904 = CARTESIAN_POINT('',(-288.7625,220.025,969.0625));
#4905 = CIRCLE('',#4906,1.75);
#4906 = AXIS2_PLACEMENT_3D('',#4907,#4908,#4909);
#4907 = CARTESIAN_POINT('',(-288.7625,220.025,967.3125));
#4908 = DIRECTION('',(0.,1.,0.));
#4909 = DIRECTION('',(0.,0.,1.));
#4910 = ORIENTED_EDGE('',*,*,#4911,.F.);
#4911 = EDGE_CURVE('',#4912,#4903,#4914,.T.);
#4912 = VERTEX_POINT('',#4913);
#4913 = CARTESIAN_POINT('',(-288.7625,-240.025,969.0625));
#4914 = LINE('',#4915,#4916);
#4915 = CARTESIAN_POINT('',(-288.7625,-240.025,969.0625));
#4916 = VECTOR('',#4917,1.);
#4917 = DIRECTION('',(0.,1.,0.));
#4918 = ORIENTED_EDGE('',*,*,#4919,.T.);
#4919 = EDGE_CURVE('',#4912,#4912,#4920,.T.);
#4920 = CIRCLE('',#4921,1.75);
#4921 = AXIS2_PLACEMENT_3D('',#4922,#4923,#4924);
#4922 = CARTESIAN_POINT('',(-288.7625,-240.025,967.3125));
#4923 = DIRECTION('',(0.,1.,0.));
#4924 = DIRECTION('',(0.,0.,1.));
#4925 = ORIENTED_EDGE('',*,*,#4911,.T.);
#4926 = CYLINDRICAL_SURFACE('',#4927,1.75);
#4927 = AXIS2_PLACEMENT_3D('',#4928,#4929,#4930);
#4928 = CARTESIAN_POINT('',(-288.7625,-240.025,967.3125));
#4929 = DIRECTION('',(0.,1.,0.));
#4930 = DIRECTION('',(0.,0.,1.));
#4931 = ADVANCED_FACE('',(#4932),#4935,.T.);
#4932 = FACE_BOUND('',#4933,.T.);
#4933 = EDGE_LOOP('',(#4934));
#4934 = ORIENTED_EDGE('',*,*,#4902,.T.);
#4935 = PLANE('',#4936);
#4936 = AXIS2_PLACEMENT_3D('',#4937,#4938,#4939);
#4937 = CARTESIAN_POINT('',(-288.7625,220.025,967.3125));
#4938 = DIRECTION('',(0.,1.,0.));
#4939 = DIRECTION('',(0.,0.,1.));
#4940 = ADVANCED_FACE('',(#4941),#4944,.F.);
#4941 = FACE_BOUND('',#4942,.T.);
#4942 = EDGE_LOOP('',(#4943));
#4943 = ORIENTED_EDGE('',*,*,#4919,.F.);
#4944 = PLANE('',#4945);
#4945 = AXIS2_PLACEMENT_3D('',#4946,#4947,#4948);
#4946 = CARTESIAN_POINT('',(-288.7625,-240.025,967.3125));
#4947 = DIRECTION('',(0.,1.,0.));
#4948 = DIRECTION('',(0.,0.,1.));
#4949 = MANIFOLD_SOLID_BREP('',#4950);
#4950 = CLOSED_SHELL('',(#4951,#4984,#4993));
#4951 = ADVANCED_FACE('',(#4952),#4979,.T.);
#4952 = FACE_BOUND('',#4953,.T.);
#4953 = EDGE_LOOP('',(#4954,#4963,#4971,#4978));
#4954 = ORIENTED_EDGE('',*,*,#4955,.F.);
#4955 = EDGE_CURVE('',#4956,#4956,#4958,.T.);
#4956 = VERTEX_POINT('',#4957);
#4957 = CARTESIAN_POINT('',(288.7625,220.025,969.0625));
#4958 = CIRCLE('',#4959,1.75);
#4959 = AXIS2_PLACEMENT_3D('',#4960,#4961,#4962);
#4960 = CARTESIAN_POINT('',(288.7625,220.025,967.3125));
#4961 = DIRECTION('',(0.,1.,0.));
#4962 = DIRECTION('',(0.,0.,1.));
#4963 = ORIENTED_EDGE('',*,*,#4964,.F.);
#4964 = EDGE_CURVE('',#4965,#4956,#4967,.T.);
#4965 = VERTEX_POINT('',#4966);
#4966 = CARTESIAN_POINT('',(288.7625,-240.025,969.0625));
#4967 = LINE('',#4968,#4969);
#4968 = CARTESIAN_POINT('',(288.7625,-240.025,969.0625));
#4969 = VECTOR('',#4970,1.);
#4970 = DIRECTION('',(0.,1.,0.));
#4971 = ORIENTED_EDGE('',*,*,#4972,.T.);
#4972 = EDGE_CURVE('',#4965,#4965,#4973,.T.);
#4973 = CIRCLE('',#4974,1.75);
#4974 = AXIS2_PLACEMENT_3D('',#4975,#4976,#4977);
#4975 = CARTESIAN_POINT('',(288.7625,-240.025,967.3125));
#4976 = DIRECTION('',(0.,1.,0.));
#4977 = DIRECTION('',(0.,0.,1.));
#4978 = ORIENTED_EDGE('',*,*,#4964,.T.);
#4979 = CYLINDRICAL_SURFACE('',#4980,1.75);
#4980 = AXIS2_PLACEMENT_3D('',#4981,#4982,#4983);
#4981 = CARTESIAN_POINT('',(288.7625,-240.025,967.3125));
#4982 = DIRECTION('',(0.,1.,0.));
#4983 = DIRECTION('',(0.,0.,1.));
#4984 = ADVANCED_FACE('',(#4985),#4988,.T.);
#4985 = FACE_BOUND('',#4986,.T.);
#4986 = EDGE_LOOP('',(#4987));
#4987 = ORIENTED_EDGE('',*,*,#4955,.T.);
#4988 = PLANE('',#4989);
#4989 = AXIS2_PLACEMENT_3D('',#4990,#4991,#4992);
#4990 = CARTESIAN_POINT('',(288.7625,220.025,967.3125));
#4991 = DIRECTION('',(0.,1.,0.));
#4992 = DIRECTION('',(0.,0.,1.));
#4993 = ADVANCED_FACE('',(#4994),#4997,.F.);
#4994 = FACE_BOUND('',#4995,.T.);
#4995 = EDGE_LOOP('',(#4996));
#4996 = ORIENTED_EDGE('',*,*,#4972,.F.);
#4997 = PLANE('',#4998);
#4998 = AXIS2_PLACEMENT_3D('',#4999,#5000,#5001);
#4999 = CARTESIAN_POINT('',(288.7625,-240.025,967.3125));
#5000 = DIRECTION('',(0.,1.,0.));
#5001 = DIRECTION('',(0.,0.,1.));
#5002 = MANIFOLD_SOLID_BREP('',#5003);
#5003 = CLOSED_SHELL('',(#5004,#5037,#5046));
#5004 = ADVANCED_FACE('',(#5005),#5032,.T.);
#5005 = FACE_BOUND('',#5006,.T.);
#5006 = EDGE_LOOP('',(#5007,#5016,#5024,#5031));
#5007 = ORIENTED_EDGE('',*,*,#5008,.F.);
#5008 = EDGE_CURVE('',#5009,#5009,#5011,.T.);
#5009 = VERTEX_POINT('',#5010);
#5010 = CARTESIAN_POINT('',(-273.7625,220.025,968.5125));
#5011 = CIRCLE('',#5012,1.2);
#5012 = AXIS2_PLACEMENT_3D('',#5013,#5014,#5015);
#5013 = CARTESIAN_POINT('',(-273.7625,220.025,967.3125));
#5014 = DIRECTION('',(0.,1.,0.));
#5015 = DIRECTION('',(0.,0.,1.));
#5016 = ORIENTED_EDGE('',*,*,#5017,.F.);
#5017 = EDGE_CURVE('',#5018,#5009,#5020,.T.);
#5018 = VERTEX_POINT('',#5019);
#5019 = CARTESIAN_POINT('',(-273.7625,-240.025,968.5125));
#5020 = LINE('',#5021,#5022);
#5021 = CARTESIAN_POINT('',(-273.7625,-240.025,968.5125));
#5022 = VECTOR('',#5023,1.);
#5023 = DIRECTION('',(0.,1.,0.));
#5024 = ORIENTED_EDGE('',*,*,#5025,.T.);
#5025 = EDGE_CURVE('',#5018,#5018,#5026,.T.);
#5026 = CIRCLE('',#5027,1.2);
#5027 = AXIS2_PLACEMENT_3D('',#5028,#5029,#5030);
#5028 = CARTESIAN_POINT('',(-273.7625,-240.025,967.3125));
#5029 = DIRECTION('',(0.,1.,0.));
#5030 = DIRECTION('',(0.,0.,1.));
#5031 = ORIENTED_EDGE('',*,*,#5017,.T.);
#5032 = CYLINDRICAL_SURFACE('',#5033,1.2);
#5033 = AXIS2_PLACEMENT_3D('',#5034,#5035,#5036);
#5034 = CARTESIAN_POINT('',(-273.7625,-240.025,967.3125));
#5035 = DIRECTION('',(0.,1.,0.));
#5036 = DIRECTION('',(0.,0.,1.));
#5037 = ADVANCED_FACE('',(#5038),#5041,.T.);
#5038 = FACE_BOUND('',#5039,.T.);
#5039 = EDGE_LOOP('',(#5040));
#5040 = ORIENTED_EDGE('',*,*,#5008,.T.);
#5041 = PLANE('',#5042);
#5042 = AXIS2_PLACEMENT_3D('',#5043,#5044,#5045);
#5043 = CARTESIAN_POINT('',(-273.7625,220.025,967.3125));
#5044 = DIRECTION('',(0.,1.,0.));
#5045 = DIRECTION('',(0.,0.,1.));
#5046 = ADVANCED_FACE('',(#5047),#5050,.F.);
#5047 = FACE_BOUND('',#5048,.T.);
#5048 = EDGE_LOOP('',(#5049));
#5049 = ORIENTED_EDGE('',*,*,#5025,.F.);
#5050 = PLANE('',#5051);
#5051 = AXIS2_PLACEMENT_3D('',#5052,#5053,#5054);
#5052 = CARTESIAN_POINT('',(-273.7625,-240.025,967.3125));
#5053 = DIRECTION('',(0.,1.,0.));
#5054 = DIRECTION('',(0.,0.,1.));
#5055 = MANIFOLD_SOLID_BREP('',#5056);
#5056 = CLOSED_SHELL('',(#5057,#5090,#5099));
#5057 = ADVANCED_FACE('',(#5058),#5085,.T.);
#5058 = FACE_BOUND('',#5059,.T.);
#5059 = EDGE_LOOP('',(#5060,#5069,#5077,#5084));
#5060 = ORIENTED_EDGE('',*,*,#5061,.F.);
#5061 = EDGE_CURVE('',#5062,#5062,#5064,.T.);
#5062 = VERTEX_POINT('',#5063);
#5063 = CARTESIAN_POINT('',(-248.875,220.025,968.5125));
#5064 = CIRCLE('',#5065,1.2);
#5065 = AXIS2_PLACEMENT_3D('',#5066,#5067,#5068);
#5066 = CARTESIAN_POINT('',(-248.875,220.025,967.3125));
#5067 = DIRECTION('',(0.,1.,0.));
#5068 = DIRECTION('',(0.,0.,1.));
#5069 = ORIENTED_EDGE('',*,*,#5070,.F.);
#5070 = EDGE_CURVE('',#5071,#5062,#5073,.T.);
#5071 = VERTEX_POINT('',#5072);
#5072 = CARTESIAN_POINT('',(-248.875,-240.025,968.5125));
#5073 = LINE('',#5074,#5075);
#5074 = CARTESIAN_POINT('',(-248.875,-240.025,968.5125));
#5075 = VECTOR('',#5076,1.);
#5076 = DIRECTION('',(0.,1.,0.));
#5077 = ORIENTED_EDGE('',*,*,#5078,.T.);
#5078 = EDGE_CURVE('',#5071,#5071,#5079,.T.);
#5079 = CIRCLE('',#5080,1.2);
#5080 = AXIS2_PLACEMENT_3D('',#5081,#5082,#5083);
#5081 = CARTESIAN_POINT('',(-248.875,-240.025,967.3125));
#5082 = DIRECTION('',(0.,1.,0.));
#5083 = DIRECTION('',(0.,0.,1.));
#5084 = ORIENTED_EDGE('',*,*,#5070,.T.);
#5085 = CYLINDRICAL_SURFACE('',#5086,1.2);
#5086 = AXIS2_PLACEMENT_3D('',#5087,#5088,#5089);
#5087 = CARTESIAN_POINT('',(-248.875,-240.025,967.3125));
#5088 = DIRECTION('',(0.,1.,0.));
#5089 = DIRECTION('',(0.,0.,1.));
#5090 = ADVANCED_FACE('',(#5091),#5094,.T.);
#5091 = FACE_BOUND('',#5092,.T.);
#5092 = EDGE_LOOP('',(#5093));
#5093 = ORIENTED_EDGE('',*,*,#5061,.T.);
#5094 = PLANE('',#5095);
#5095 = AXIS2_PLACEMENT_3D('',#5096,#5097,#5098);
#5096 = CARTESIAN_POINT('',(-248.875,220.025,967.3125));
#5097 = DIRECTION('',(0.,1.,0.));
#5098 = DIRECTION('',(0.,0.,1.));
#5099 = ADVANCED_FACE('',(#5100),#5103,.F.);
#5100 = FACE_BOUND('',#5101,.T.);
#5101 = EDGE_LOOP('',(#5102));
#5102 = ORIENTED_EDGE('',*,*,#5078,.F.);
#5103 = PLANE('',#5104);
#5104 = AXIS2_PLACEMENT_3D('',#5105,#5106,#5107);
#5105 = CARTESIAN_POINT('',(-248.875,-240.025,967.3125));
#5106 = DIRECTION('',(0.,1.,0.));
#5107 = DIRECTION('',(0.,0.,1.));
#5108 = MANIFOLD_SOLID_BREP('',#5109);
#5109 = CLOSED_SHELL('',(#5110,#5143,#5152));
#5110 = ADVANCED_FACE('',(#5111),#5138,.T.);
#5111 = FACE_BOUND('',#5112,.T.);
#5112 = EDGE_LOOP('',(#5113,#5122,#5130,#5137));
#5113 = ORIENTED_EDGE('',*,*,#5114,.F.);
#5114 = EDGE_CURVE('',#5115,#5115,#5117,.T.);
#5115 = VERTEX_POINT('',#5116);
#5116 = CARTESIAN_POINT('',(-223.9875,220.025,968.5125));
#5117 = CIRCLE('',#5118,1.2);
#5118 = AXIS2_PLACEMENT_3D('',#5119,#5120,#5121);
#5119 = CARTESIAN_POINT('',(-223.9875,220.025,967.3125));
#5120 = DIRECTION('',(0.,1.,0.));
#5121 = DIRECTION('',(0.,0.,1.));
#5122 = ORIENTED_EDGE('',*,*,#5123,.F.);
#5123 = EDGE_CURVE('',#5124,#5115,#5126,.T.);
#5124 = VERTEX_POINT('',#5125);
#5125 = CARTESIAN_POINT('',(-223.9875,-240.025,968.5125));
#5126 = LINE('',#5127,#5128);
#5127 = CARTESIAN_POINT('',(-223.9875,-240.025,968.5125));
#5128 = VECTOR('',#5129,1.);
#5129 = DIRECTION('',(0.,1.,0.));
#5130 = ORIENTED_EDGE('',*,*,#5131,.T.);
#5131 = EDGE_CURVE('',#5124,#5124,#5132,.T.);
#5132 = CIRCLE('',#5133,1.2);
#5133 = AXIS2_PLACEMENT_3D('',#5134,#5135,#5136);
#5134 = CARTESIAN_POINT('',(-223.9875,-240.025,967.3125));
#5135 = DIRECTION('',(0.,1.,0.));
#5136 = DIRECTION('',(0.,0.,1.));
#5137 = ORIENTED_EDGE('',*,*,#5123,.T.);
#5138 = CYLINDRICAL_SURFACE('',#5139,1.2);
#5139 = AXIS2_PLACEMENT_3D('',#5140,#5141,#5142);
#5140 = CARTESIAN_POINT('',(-223.9875,-240.025,967.3125));
#5141 = DIRECTION('',(0.,1.,0.));
#5142 = DIRECTION('',(0.,0.,1.));
#5143 = ADVANCED_FACE('',(#5144),#5147,.T.);
#5144 = FACE_BOUND('',#5145,.T.);
#5145 = EDGE_LOOP('',(#5146));
#5146 = ORIENTED_EDGE('',*,*,#5114,.T.);
#5147 = PLANE('',#5148);
#5148 = AXIS2_PLACEMENT_3D('',#5149,#5150,#5151);
#5149 = CARTESIAN_POINT('',(-223.9875,220.025,967.3125));
#5150 = DIRECTION('',(0.,1.,0.));
#5151 = DIRECTION('',(0.,0.,1.));
#5152 = ADVANCED_FACE('',(#5153),#5156,.F.);
#5153 = FACE_BOUND('',#5154,.T.);
#5154 = EDGE_LOOP('',(#5155));
#5155 = ORIENTED_EDGE('',*,*,#5131,.F.);
#5156 = PLANE('',#5157);
#5157 = AXIS2_PLACEMENT_3D('',#5158,#5159,#5160);
#5158 = CARTESIAN_POINT('',(-223.9875,-240.025,967.3125));
#5159 = DIRECTION('',(0.,1.,0.));
#5160 = DIRECTION('',(0.,0.,1.));
#5161 = MANIFOLD_SOLID_BREP('',#5162);
#5162 = CLOSED_SHELL('',(#5163,#5196,#5205));
#5163 = ADVANCED_FACE('',(#5164),#5191,.T.);
#5164 = FACE_BOUND('',#5165,.T.);
#5165 = EDGE_LOOP('',(#5166,#5175,#5183,#5190));
#5166 = ORIENTED_EDGE('',*,*,#5167,.F.);
#5167 = EDGE_CURVE('',#5168,#5168,#5170,.T.);
#5168 = VERTEX_POINT('',#5169);
#5169 = CARTESIAN_POINT('',(-199.1,220.025,968.5125));
#5170 = CIRCLE('',#5171,1.2);
#5171 = AXIS2_PLACEMENT_3D('',#5172,#5173,#5174);
#5172 = CARTESIAN_POINT('',(-199.1,220.025,967.3125));
#5173 = DIRECTION('',(0.,1.,0.));
#5174 = DIRECTION('',(0.,0.,1.));
#5175 = ORIENTED_EDGE('',*,*,#5176,.F.);
#5176 = EDGE_CURVE('',#5177,#5168,#5179,.T.);
#5177 = VERTEX_POINT('',#5178);
#5178 = CARTESIAN_POINT('',(-199.1,-240.025,968.5125));
#5179 = LINE('',#5180,#5181);
#5180 = CARTESIAN_POINT('',(-199.1,-240.025,968.5125));
#5181 = VECTOR('',#5182,1.);
#5182 = DIRECTION('',(0.,1.,0.));
#5183 = ORIENTED_EDGE('',*,*,#5184,.T.);
#5184 = EDGE_CURVE('',#5177,#5177,#5185,.T.);
#5185 = CIRCLE('',#5186,1.2);
#5186 = AXIS2_PLACEMENT_3D('',#5187,#5188,#5189);
#5187 = CARTESIAN_POINT('',(-199.1,-240.025,967.3125));
#5188 = DIRECTION('',(0.,1.,0.));
#5189 = DIRECTION('',(0.,0.,1.));
#5190 = ORIENTED_EDGE('',*,*,#5176,.T.);
#5191 = CYLINDRICAL_SURFACE('',#5192,1.2);
#5192 = AXIS2_PLACEMENT_3D('',#5193,#5194,#5195);
#5193 = CARTESIAN_POINT('',(-199.1,-240.025,967.3125));
#5194 = DIRECTION('',(0.,1.,0.));
#5195 = DIRECTION('',(0.,0.,1.));
#5196 = ADVANCED_FACE('',(#5197),#5200,.T.);
#5197 = FACE_BOUND('',#5198,.T.);
#5198 = EDGE_LOOP('',(#5199));
#5199 = ORIENTED_EDGE('',*,*,#5167,.T.);
#5200 = PLANE('',#5201);
#5201 = AXIS2_PLACEMENT_3D('',#5202,#5203,#5204);
#5202 = CARTESIAN_POINT('',(-199.1,220.025,967.3125));
#5203 = DIRECTION('',(0.,1.,0.));
#5204 = DIRECTION('',(0.,0.,1.));
#5205 = ADVANCED_FACE('',(#5206),#5209,.F.);
#5206 = FACE_BOUND('',#5207,.T.);
#5207 = EDGE_LOOP('',(#5208));
#5208 = ORIENTED_EDGE('',*,*,#5184,.F.);
#5209 = PLANE('',#5210);
#5210 = AXIS2_PLACEMENT_3D('',#5211,#5212,#5213);
#5211 = CARTESIAN_POINT('',(-199.1,-240.025,967.3125));
#5212 = DIRECTION('',(0.,1.,0.));
#5213 = DIRECTION('',(0.,0.,1.));
#5214 = MANIFOLD_SOLID_BREP('',#5215);
#5215 = CLOSED_SHELL('',(#5216,#5249,#5258));
#5216 = ADVANCED_FACE('',(#5217),#5244,.T.);
#5217 = FACE_BOUND('',#5218,.T.);
#5218 = EDGE_LOOP('',(#5219,#5228,#5236,#5243));
#5219 = ORIENTED_EDGE('',*,*,#5220,.F.);
#5220 = EDGE_CURVE('',#5221,#5221,#5223,.T.);
#5221 = VERTEX_POINT('',#5222);
#5222 = CARTESIAN_POINT('',(-174.2125,220.025,968.5125));
#5223 = CIRCLE('',#5224,1.2);
#5224 = AXIS2_PLACEMENT_3D('',#5225,#5226,#5227);
#5225 = CARTESIAN_POINT('',(-174.2125,220.025,967.3125));
#5226 = DIRECTION('',(0.,1.,0.));
#5227 = DIRECTION('',(0.,0.,1.));
#5228 = ORIENTED_EDGE('',*,*,#5229,.F.);
#5229 = EDGE_CURVE('',#5230,#5221,#5232,.T.);
#5230 = VERTEX_POINT('',#5231);
#5231 = CARTESIAN_POINT('',(-174.2125,-240.025,968.5125));
#5232 = LINE('',#5233,#5234);
#5233 = CARTESIAN_POINT('',(-174.2125,-240.025,968.5125));
#5234 = VECTOR('',#5235,1.);
#5235 = DIRECTION('',(0.,1.,0.));
#5236 = ORIENTED_EDGE('',*,*,#5237,.T.);
#5237 = EDGE_CURVE('',#5230,#5230,#5238,.T.);
#5238 = CIRCLE('',#5239,1.2);
#5239 = AXIS2_PLACEMENT_3D('',#5240,#5241,#5242);
#5240 = CARTESIAN_POINT('',(-174.2125,-240.025,967.3125));
#5241 = DIRECTION('',(0.,1.,0.));
#5242 = DIRECTION('',(0.,0.,1.));
#5243 = ORIENTED_EDGE('',*,*,#5229,.T.);
#5244 = CYLINDRICAL_SURFACE('',#5245,1.2);
#5245 = AXIS2_PLACEMENT_3D('',#5246,#5247,#5248);
#5246 = CARTESIAN_POINT('',(-174.2125,-240.025,967.3125));
#5247 = DIRECTION('',(0.,1.,0.));
#5248 = DIRECTION('',(0.,0.,1.));
#5249 = ADVANCED_FACE('',(#5250),#5253,.T.);
#5250 = FACE_BOUND('',#5251,.T.);
#5251 = EDGE_LOOP('',(#5252));
#5252 = ORIENTED_EDGE('',*,*,#5220,.T.);
#5253 = PLANE('',#5254);
#5254 = AXIS2_PLACEMENT_3D('',#5255,#5256,#5257);
#5255 = CARTESIAN_POINT('',(-174.2125,220.025,967.3125));
#5256 = DIRECTION('',(0.,1.,0.));
#5257 = DIRECTION('',(0.,0.,1.));
#5258 = ADVANCED_FACE('',(#5259),#5262,.F.);
#5259 = FACE_BOUND('',#5260,.T.);
#5260 = EDGE_LOOP('',(#5261));
#5261 = ORIENTED_EDGE('',*,*,#5237,.F.);
#5262 = PLANE('',#5263);
#5263 = AXIS2_PLACEMENT_3D('',#5264,#5265,#5266);
#5264 = CARTESIAN_POINT('',(-174.2125,-240.025,967.3125));
#5265 = DIRECTION('',(0.,1.,0.));
#5266 = DIRECTION('',(0.,0.,1.));
#5267 = MANIFOLD_SOLID_BREP('',#5268);
#5268 = CLOSED_SHELL('',(#5269,#5302,#5311));
#5269 = ADVANCED_FACE('',(#5270),#5297,.T.);
#5270 = FACE_BOUND('',#5271,.T.);
#5271 = EDGE_LOOP('',(#5272,#5281,#5289,#5296));
#5272 = ORIENTED_EDGE('',*,*,#5273,.F.);
#5273 = EDGE_CURVE('',#5274,#5274,#5276,.T.);
#5274 = VERTEX_POINT('',#5275);
#5275 = CARTESIAN_POINT('',(-149.325,220.025,968.5125));
#5276 = CIRCLE('',#5277,1.2);
#5277 = AXIS2_PLACEMENT_3D('',#5278,#5279,#5280);
#5278 = CARTESIAN_POINT('',(-149.325,220.025,967.3125));
#5279 = DIRECTION('',(0.,1.,0.));
#5280 = DIRECTION('',(0.,0.,1.));
#5281 = ORIENTED_EDGE('',*,*,#5282,.F.);
#5282 = EDGE_CURVE('',#5283,#5274,#5285,.T.);
#5283 = VERTEX_POINT('',#5284);
#5284 = CARTESIAN_POINT('',(-149.325,-240.025,968.5125));
#5285 = LINE('',#5286,#5287);
#5286 = CARTESIAN_POINT('',(-149.325,-240.025,968.5125));
#5287 = VECTOR('',#5288,1.);
#5288 = DIRECTION('',(0.,1.,0.));
#5289 = ORIENTED_EDGE('',*,*,#5290,.T.);
#5290 = EDGE_CURVE('',#5283,#5283,#5291,.T.);
#5291 = CIRCLE('',#5292,1.2);
#5292 = AXIS2_PLACEMENT_3D('',#5293,#5294,#5295);
#5293 = CARTESIAN_POINT('',(-149.325,-240.025,967.3125));
#5294 = DIRECTION('',(0.,1.,0.));
#5295 = DIRECTION('',(0.,0.,1.));
#5296 = ORIENTED_EDGE('',*,*,#5282,.T.);
#5297 = CYLINDRICAL_SURFACE('',#5298,1.2);
#5298 = AXIS2_PLACEMENT_3D('',#5299,#5300,#5301);
#5299 = CARTESIAN_POINT('',(-149.325,-240.025,967.3125));
#5300 = DIRECTION('',(0.,1.,0.));
#5301 = DIRECTION('',(0.,0.,1.));
#5302 = ADVANCED_FACE('',(#5303),#5306,.T.);
#5303 = FACE_BOUND('',#5304,.T.);
#5304 = EDGE_LOOP('',(#5305));
#5305 = ORIENTED_EDGE('',*,*,#5273,.T.);
#5306 = PLANE('',#5307);
#5307 = AXIS2_PLACEMENT_3D('',#5308,#5309,#5310);
#5308 = CARTESIAN_POINT('',(-149.325,220.025,967.3125));
#5309 = DIRECTION('',(0.,1.,0.));
#5310 = DIRECTION('',(0.,0.,1.));
#5311 = ADVANCED_FACE('',(#5312),#5315,.F.);
#5312 = FACE_BOUND('',#5313,.T.);
#5313 = EDGE_LOOP('',(#5314));
#5314 = ORIENTED_EDGE('',*,*,#5290,.F.);
#5315 = PLANE('',#5316);
#5316 = AXIS2_PLACEMENT_3D('',#5317,#5318,#5319);
#5317 = CARTESIAN_POINT('',(-149.325,-240.025,967.3125));
#5318 = DIRECTION('',(0.,1.,0.));
#5319 = DIRECTION('',(0.,0.,1.));
#5320 = MANIFOLD_SOLID_BREP('',#5321);
#5321 = CLOSED_SHELL('',(#5322,#5355,#5364));
#5322 = ADVANCED_FACE('',(#5323),#5350,.T.);
#5323 = FACE_BOUND('',#5324,.T.);
#5324 = EDGE_LOOP('',(#5325,#5334,#5342,#5349));
#5325 = ORIENTED_EDGE('',*,*,#5326,.F.);
#5326 = EDGE_CURVE('',#5327,#5327,#5329,.T.);
#5327 = VERTEX_POINT('',#5328);
#5328 = CARTESIAN_POINT('',(-124.4375,220.025,968.5125));
#5329 = CIRCLE('',#5330,1.2);
#5330 = AXIS2_PLACEMENT_3D('',#5331,#5332,#5333);
#5331 = CARTESIAN_POINT('',(-124.4375,220.025,967.3125));
#5332 = DIRECTION('',(0.,1.,0.));
#5333 = DIRECTION('',(0.,0.,1.));
#5334 = ORIENTED_EDGE('',*,*,#5335,.F.);
#5335 = EDGE_CURVE('',#5336,#5327,#5338,.T.);
#5336 = VERTEX_POINT('',#5337);
#5337 = CARTESIAN_POINT('',(-124.4375,-240.025,968.5125));
#5338 = LINE('',#5339,#5340);
#5339 = CARTESIAN_POINT('',(-124.4375,-240.025,968.5125));
#5340 = VECTOR('',#5341,1.);
#5341 = DIRECTION('',(0.,1.,0.));
#5342 = ORIENTED_EDGE('',*,*,#5343,.T.);
#5343 = EDGE_CURVE('',#5336,#5336,#5344,.T.);
#5344 = CIRCLE('',#5345,1.2);
#5345 = AXIS2_PLACEMENT_3D('',#5346,#5347,#5348);
#5346 = CARTESIAN_POINT('',(-124.4375,-240.025,967.3125));
#5347 = DIRECTION('',(0.,1.,0.));
#5348 = DIRECTION('',(0.,0.,1.));
#5349 = ORIENTED_EDGE('',*,*,#5335,.T.);
#5350 = CYLINDRICAL_SURFACE('',#5351,1.2);
#5351 = AXIS2_PLACEMENT_3D('',#5352,#5353,#5354);
#5352 = CARTESIAN_POINT('',(-124.4375,-240.025,967.3125));
#5353 = DIRECTION('',(0.,1.,0.));
#5354 = DIRECTION('',(0.,0.,1.));
#5355 = ADVANCED_FACE('',(#5356),#5359,.T.);
#5356 = FACE_BOUND('',#5357,.T.);
#5357 = EDGE_LOOP('',(#5358));
#5358 = ORIENTED_EDGE('',*,*,#5326,.T.);
#5359 = PLANE('',#5360);
#5360 = AXIS2_PLACEMENT_3D('',#5361,#5362,#5363);
#5361 = CARTESIAN_POINT('',(-124.4375,220.025,967.3125));
#5362 = DIRECTION('',(0.,1.,0.));
#5363 = DIRECTION('',(0.,0.,1.));
#5364 = ADVANCED_FACE('',(#5365),#5368,.F.);
#5365 = FACE_BOUND('',#5366,.T.);
#5366 = EDGE_LOOP('',(#5367));
#5367 = ORIENTED_EDGE('',*,*,#5343,.F.);
#5368 = PLANE('',#5369);
#5369 = AXIS2_PLACEMENT_3D('',#5370,#5371,#5372);
#5370 = CARTESIAN_POINT('',(-124.4375,-240.025,967.3125));
#5371 = DIRECTION('',(0.,1.,0.));
#5372 = DIRECTION('',(0.,0.,1.));
#5373 = MANIFOLD_SOLID_BREP('',#5374);
#5374 = CLOSED_SHELL('',(#5375,#5408,#5417));
#5375 = ADVANCED_FACE('',(#5376),#5403,.T.);
#5376 = FACE_BOUND('',#5377,.T.);
#5377 = EDGE_LOOP('',(#5378,#5387,#5395,#5402));
#5378 = ORIENTED_EDGE('',*,*,#5379,.F.);
#5379 = EDGE_CURVE('',#5380,#5380,#5382,.T.);
#5380 = VERTEX_POINT('',#5381);
#5381 = CARTESIAN_POINT('',(-99.55,220.025,968.5125));
#5382 = CIRCLE('',#5383,1.2);
#5383 = AXIS2_PLACEMENT_3D('',#5384,#5385,#5386);
#5384 = CARTESIAN_POINT('',(-99.55,220.025,967.3125));
#5385 = DIRECTION('',(0.,1.,0.));
#5386 = DIRECTION('',(0.,0.,1.));
#5387 = ORIENTED_EDGE('',*,*,#5388,.F.);
#5388 = EDGE_CURVE('',#5389,#5380,#5391,.T.);
#5389 = VERTEX_POINT('',#5390);
#5390 = CARTESIAN_POINT('',(-99.55,-240.025,968.5125));
#5391 = LINE('',#5392,#5393);
#5392 = CARTESIAN_POINT('',(-99.55,-240.025,968.5125));
#5393 = VECTOR('',#5394,1.);
#5394 = DIRECTION('',(0.,1.,0.));
#5395 = ORIENTED_EDGE('',*,*,#5396,.T.);
#5396 = EDGE_CURVE('',#5389,#5389,#5397,.T.);
#5397 = CIRCLE('',#5398,1.2);
#5398 = AXIS2_PLACEMENT_3D('',#5399,#5400,#5401);
#5399 = CARTESIAN_POINT('',(-99.55,-240.025,967.3125));
#5400 = DIRECTION('',(0.,1.,0.));
#5401 = DIRECTION('',(0.,0.,1.));
#5402 = ORIENTED_EDGE('',*,*,#5388,.T.);
#5403 = CYLINDRICAL_SURFACE('',#5404,1.2);
#5404 = AXIS2_PLACEMENT_3D('',#5405,#5406,#5407);
#5405 = CARTESIAN_POINT('',(-99.55,-240.025,967.3125));
#5406 = DIRECTION('',(0.,1.,0.));
#5407 = DIRECTION('',(0.,0.,1.));
#5408 = ADVANCED_FACE('',(#5409),#5412,.T.);
#5409 = FACE_BOUND('',#5410,.T.);
#5410 = EDGE_LOOP('',(#5411));
#5411 = ORIENTED_EDGE('',*,*,#5379,.T.);
#5412 = PLANE('',#5413);
#5413 = AXIS2_PLACEMENT_3D('',#5414,#5415,#5416);
#5414 = CARTESIAN_POINT('',(-99.55,220.025,967.3125));
#5415 = DIRECTION('',(0.,1.,0.));
#5416 = DIRECTION('',(0.,0.,1.));
#5417 = ADVANCED_FACE('',(#5418),#5421,.F.);
#5418 = FACE_BOUND('',#5419,.T.);
#5419 = EDGE_LOOP('',(#5420));
#5420 = ORIENTED_EDGE('',*,*,#5396,.F.);
#5421 = PLANE('',#5422);
#5422 = AXIS2_PLACEMENT_3D('',#5423,#5424,#5425);
#5423 = CARTESIAN_POINT('',(-99.55,-240.025,967.3125));
#5424 = DIRECTION('',(0.,1.,0.));
#5425 = DIRECTION('',(0.,0.,1.));
#5426 = MANIFOLD_SOLID_BREP('',#5427);
#5427 = CLOSED_SHELL('',(#5428,#5461,#5470));
#5428 = ADVANCED_FACE('',(#5429),#5456,.T.);
#5429 = FACE_BOUND('',#5430,.T.);
#5430 = EDGE_LOOP('',(#5431,#5440,#5448,#5455));
#5431 = ORIENTED_EDGE('',*,*,#5432,.F.);
#5432 = EDGE_CURVE('',#5433,#5433,#5435,.T.);
#5433 = VERTEX_POINT('',#5434);
#5434 = CARTESIAN_POINT('',(-74.6625,220.025,968.5125));
#5435 = CIRCLE('',#5436,1.2);
#5436 = AXIS2_PLACEMENT_3D('',#5437,#5438,#5439);
#5437 = CARTESIAN_POINT('',(-74.6625,220.025,967.3125));
#5438 = DIRECTION('',(0.,1.,0.));
#5439 = DIRECTION('',(0.,0.,1.));
#5440 = ORIENTED_EDGE('',*,*,#5441,.F.);
#5441 = EDGE_CURVE('',#5442,#5433,#5444,.T.);
#5442 = VERTEX_POINT('',#5443);
#5443 = CARTESIAN_POINT('',(-74.6625,-240.025,968.5125));
#5444 = LINE('',#5445,#5446);
#5445 = CARTESIAN_POINT('',(-74.6625,-240.025,968.5125));
#5446 = VECTOR('',#5447,1.);
#5447 = DIRECTION('',(0.,1.,0.));
#5448 = ORIENTED_EDGE('',*,*,#5449,.T.);
#5449 = EDGE_CURVE('',#5442,#5442,#5450,.T.);
#5450 = CIRCLE('',#5451,1.2);
#5451 = AXIS2_PLACEMENT_3D('',#5452,#5453,#5454);
#5452 = CARTESIAN_POINT('',(-74.6625,-240.025,967.3125));
#5453 = DIRECTION('',(0.,1.,0.));
#5454 = DIRECTION('',(0.,0.,1.));
#5455 = ORIENTED_EDGE('',*,*,#5441,.T.);
#5456 = CYLINDRICAL_SURFACE('',#5457,1.2);
#5457 = AXIS2_PLACEMENT_3D('',#5458,#5459,#5460);
#5458 = CARTESIAN_POINT('',(-74.6625,-240.025,967.3125));
#5459 = DIRECTION('',(0.,1.,0.));
#5460 = DIRECTION('',(0.,0.,1.));
#5461 = ADVANCED_FACE('',(#5462),#5465,.T.);
#5462 = FACE_BOUND('',#5463,.T.);
#5463 = EDGE_LOOP('',(#5464));
#5464 = ORIENTED_EDGE('',*,*,#5432,.T.);
#5465 = PLANE('',#5466);
#5466 = AXIS2_PLACEMENT_3D('',#5467,#5468,#5469);
#5467 = CARTESIAN_POINT('',(-74.6625,220.025,967.3125));
#5468 = DIRECTION('',(0.,1.,0.));
#5469 = DIRECTION('',(0.,0.,1.));
#5470 = ADVANCED_FACE('',(#5471),#5474,.F.);
#5471 = FACE_BOUND('',#5472,.T.);
#5472 = EDGE_LOOP('',(#5473));
#5473 = ORIENTED_EDGE('',*,*,#5449,.F.);
#5474 = PLANE('',#5475);
#5475 = AXIS2_PLACEMENT_3D('',#5476,#5477,#5478);
#5476 = CARTESIAN_POINT('',(-74.6625,-240.025,967.3125));
#5477 = DIRECTION('',(0.,1.,0.));
#5478 = DIRECTION('',(0.,0.,1.));
#5479 = MANIFOLD_SOLID_BREP('',#5480);
#5480 = CLOSED_SHELL('',(#5481,#5514,#5523));
#5481 = ADVANCED_FACE('',(#5482),#5509,.T.);
#5482 = FACE_BOUND('',#5483,.T.);
#5483 = EDGE_LOOP('',(#5484,#5493,#5501,#5508));
#5484 = ORIENTED_EDGE('',*,*,#5485,.F.);
#5485 = EDGE_CURVE('',#5486,#5486,#5488,.T.);
#5486 = VERTEX_POINT('',#5487);
#5487 = CARTESIAN_POINT('',(-49.775,220.025,968.5125));
#5488 = CIRCLE('',#5489,1.2);
#5489 = AXIS2_PLACEMENT_3D('',#5490,#5491,#5492);
#5490 = CARTESIAN_POINT('',(-49.775,220.025,967.3125));
#5491 = DIRECTION('',(0.,1.,0.));
#5492 = DIRECTION('',(0.,0.,1.));
#5493 = ORIENTED_EDGE('',*,*,#5494,.F.);
#5494 = EDGE_CURVE('',#5495,#5486,#5497,.T.);
#5495 = VERTEX_POINT('',#5496);
#5496 = CARTESIAN_POINT('',(-49.775,-240.025,968.5125));
#5497 = LINE('',#5498,#5499);
#5498 = CARTESIAN_POINT('',(-49.775,-240.025,968.5125));
#5499 = VECTOR('',#5500,1.);
#5500 = DIRECTION('',(0.,1.,0.));
#5501 = ORIENTED_EDGE('',*,*,#5502,.T.);
#5502 = EDGE_CURVE('',#5495,#5495,#5503,.T.);
#5503 = CIRCLE('',#5504,1.2);
#5504 = AXIS2_PLACEMENT_3D('',#5505,#5506,#5507);
#5505 = CARTESIAN_POINT('',(-49.775,-240.025,967.3125));
#5506 = DIRECTION('',(0.,1.,0.));
#5507 = DIRECTION('',(0.,0.,1.));
#5508 = ORIENTED_EDGE('',*,*,#5494,.T.);
#5509 = CYLINDRICAL_SURFACE('',#5510,1.2);
#5510 = AXIS2_PLACEMENT_3D('',#5511,#5512,#5513);
#5511 = CARTESIAN_POINT('',(-49.775,-240.025,967.3125));
#5512 = DIRECTION('',(0.,1.,0.));
#5513 = DIRECTION('',(0.,0.,1.));
#5514 = ADVANCED_FACE('',(#5515),#5518,.T.);
#5515 = FACE_BOUND('',#5516,.T.);
#5516 = EDGE_LOOP('',(#5517));
#5517 = ORIENTED_EDGE('',*,*,#5485,.T.);
#5518 = PLANE('',#5519);
#5519 = AXIS2_PLACEMENT_3D('',#5520,#5521,#5522);
#5520 = CARTESIAN_POINT('',(-49.775,220.025,967.3125));
#5521 = DIRECTION('',(0.,1.,0.));
#5522 = DIRECTION('',(0.,0.,1.));
#5523 = ADVANCED_FACE('',(#5524),#5527,.F.);
#5524 = FACE_BOUND('',#5525,.T.);
#5525 = EDGE_LOOP('',(#5526));
#5526 = ORIENTED_EDGE('',*,*,#5502,.F.);
#5527 = PLANE('',#5528);
#5528 = AXIS2_PLACEMENT_3D('',#5529,#5530,#5531);
#5529 = CARTESIAN_POINT('',(-49.775,-240.025,967.3125));
#5530 = DIRECTION('',(0.,1.,0.));
#5531 = DIRECTION('',(0.,0.,1.));
#5532 = MANIFOLD_SOLID_BREP('',#5533);
#5533 = CLOSED_SHELL('',(#5534,#5567,#5576));
#5534 = ADVANCED_FACE('',(#5535),#5562,.T.);
#5535 = FACE_BOUND('',#5536,.T.);
#5536 = EDGE_LOOP('',(#5537,#5546,#5554,#5561));
#5537 = ORIENTED_EDGE('',*,*,#5538,.F.);
#5538 = EDGE_CURVE('',#5539,#5539,#5541,.T.);
#5539 = VERTEX_POINT('',#5540);
#5540 = CARTESIAN_POINT('',(-24.8875,220.025,968.5125));
#5541 = CIRCLE('',#5542,1.2);
#5542 = AXIS2_PLACEMENT_3D('',#5543,#5544,#5545);
#5543 = CARTESIAN_POINT('',(-24.8875,220.025,967.3125));
#5544 = DIRECTION('',(0.,1.,0.));
#5545 = DIRECTION('',(0.,0.,1.));
#5546 = ORIENTED_EDGE('',*,*,#5547,.F.);
#5547 = EDGE_CURVE('',#5548,#5539,#5550,.T.);
#5548 = VERTEX_POINT('',#5549);
#5549 = CARTESIAN_POINT('',(-24.8875,-240.025,968.5125));
#5550 = LINE('',#5551,#5552);
#5551 = CARTESIAN_POINT('',(-24.8875,-240.025,968.5125));
#5552 = VECTOR('',#5553,1.);
#5553 = DIRECTION('',(0.,1.,0.));
#5554 = ORIENTED_EDGE('',*,*,#5555,.T.);
#5555 = EDGE_CURVE('',#5548,#5548,#5556,.T.);
#5556 = CIRCLE('',#5557,1.2);
#5557 = AXIS2_PLACEMENT_3D('',#5558,#5559,#5560);
#5558 = CARTESIAN_POINT('',(-24.8875,-240.025,967.3125));
#5559 = DIRECTION('',(0.,1.,0.));
#5560 = DIRECTION('',(0.,0.,1.));
#5561 = ORIENTED_EDGE('',*,*,#5547,.T.);
#5562 = CYLINDRICAL_SURFACE('',#5563,1.2);
#5563 = AXIS2_PLACEMENT_3D('',#5564,#5565,#5566);
#5564 = CARTESIAN_POINT('',(-24.8875,-240.025,967.3125));
#5565 = DIRECTION('',(0.,1.,0.));
#5566 = DIRECTION('',(0.,0.,1.));
#5567 = ADVANCED_FACE('',(#5568),#5571,.T.);
#5568 = FACE_BOUND('',#5569,.T.);
#5569 = EDGE_LOOP('',(#5570));
#5570 = ORIENTED_EDGE('',*,*,#5538,.T.);
#5571 = PLANE('',#5572);
#5572 = AXIS2_PLACEMENT_3D('',#5573,#5574,#5575);
#5573 = CARTESIAN_POINT('',(-24.8875,220.025,967.3125));
#5574 = DIRECTION('',(0.,1.,0.));
#5575 = DIRECTION('',(0.,0.,1.));
#5576 = ADVANCED_FACE('',(#5577),#5580,.F.);
#5577 = FACE_BOUND('',#5578,.T.);
#5578 = EDGE_LOOP('',(#5579));
#5579 = ORIENTED_EDGE('',*,*,#5555,.F.);
#5580 = PLANE('',#5581);
#5581 = AXIS2_PLACEMENT_3D('',#5582,#5583,#5584);
#5582 = CARTESIAN_POINT('',(-24.8875,-240.025,967.3125));
#5583 = DIRECTION('',(0.,1.,0.));
#5584 = DIRECTION('',(0.,0.,1.));
#5585 = MANIFOLD_SOLID_BREP('',#5586);
#5586 = CLOSED_SHELL('',(#5587,#5620,#5629));
#5587 = ADVANCED_FACE('',(#5588),#5615,.T.);
#5588 = FACE_BOUND('',#5589,.T.);
#5589 = EDGE_LOOP('',(#5590,#5599,#5607,#5614));
#5590 = ORIENTED_EDGE('',*,*,#5591,.F.);
#5591 = EDGE_CURVE('',#5592,#5592,#5594,.T.);
#5592 = VERTEX_POINT('',#5593);
#5593 = CARTESIAN_POINT('',(-2.939152317954E-16,220.025,968.5125));
#5594 = CIRCLE('',#5595,1.2);
#5595 = AXIS2_PLACEMENT_3D('',#5596,#5597,#5598);
#5596 = CARTESIAN_POINT('',(0.,220.025,967.3125));
#5597 = DIRECTION('',(0.,1.,0.));
#5598 = DIRECTION('',(0.,0.,1.));
#5599 = ORIENTED_EDGE('',*,*,#5600,.F.);
#5600 = EDGE_CURVE('',#5601,#5592,#5603,.T.);
#5601 = VERTEX_POINT('',#5602);
#5602 = CARTESIAN_POINT('',(-2.939152317954E-16,-240.025,968.5125));
#5603 = LINE('',#5604,#5605);
#5604 = CARTESIAN_POINT('',(-2.939152317954E-16,-240.025,968.5125));
#5605 = VECTOR('',#5606,1.);
#5606 = DIRECTION('',(0.,1.,0.));
#5607 = ORIENTED_EDGE('',*,*,#5608,.T.);
#5608 = EDGE_CURVE('',#5601,#5601,#5609,.T.);
#5609 = CIRCLE('',#5610,1.2);
#5610 = AXIS2_PLACEMENT_3D('',#5611,#5612,#5613);
#5611 = CARTESIAN_POINT('',(0.,-240.025,967.3125));
#5612 = DIRECTION('',(0.,1.,0.));
#5613 = DIRECTION('',(0.,0.,1.));
#5614 = ORIENTED_EDGE('',*,*,#5600,.T.);
#5615 = CYLINDRICAL_SURFACE('',#5616,1.2);
#5616 = AXIS2_PLACEMENT_3D('',#5617,#5618,#5619);
#5617 = CARTESIAN_POINT('',(0.,-240.025,967.3125));
#5618 = DIRECTION('',(0.,1.,0.));
#5619 = DIRECTION('',(0.,0.,1.));
#5620 = ADVANCED_FACE('',(#5621),#5624,.T.);
#5621 = FACE_BOUND('',#5622,.T.);
#5622 = EDGE_LOOP('',(#5623));
#5623 = ORIENTED_EDGE('',*,*,#5591,.T.);
#5624 = PLANE('',#5625);
#5625 = AXIS2_PLACEMENT_3D('',#5626,#5627,#5628);
#5626 = CARTESIAN_POINT('',(0.,220.025,967.3125));
#5627 = DIRECTION('',(0.,1.,0.));
#5628 = DIRECTION('',(0.,0.,1.));
#5629 = ADVANCED_FACE('',(#5630),#5633,.F.);
#5630 = FACE_BOUND('',#5631,.T.);
#5631 = EDGE_LOOP('',(#5632));
#5632 = ORIENTED_EDGE('',*,*,#5608,.F.);
#5633 = PLANE('',#5634);
#5634 = AXIS2_PLACEMENT_3D('',#5635,#5636,#5637);
#5635 = CARTESIAN_POINT('',(0.,-240.025,967.3125));
#5636 = DIRECTION('',(0.,1.,0.));
#5637 = DIRECTION('',(0.,0.,1.));
#5638 = MANIFOLD_SOLID_BREP('',#5639);
#5639 = CLOSED_SHELL('',(#5640,#5673,#5682));
#5640 = ADVANCED_FACE('',(#5641),#5668,.T.);
#5641 = FACE_BOUND('',#5642,.T.);
#5642 = EDGE_LOOP('',(#5643,#5652,#5660,#5667));
#5643 = ORIENTED_EDGE('',*,*,#5644,.F.);
#5644 = EDGE_CURVE('',#5645,#5645,#5647,.T.);
#5645 = VERTEX_POINT('',#5646);
#5646 = CARTESIAN_POINT('',(24.8875,220.025,968.5125));
#5647 = CIRCLE('',#5648,1.2);
#5648 = AXIS2_PLACEMENT_3D('',#5649,#5650,#5651);
#5649 = CARTESIAN_POINT('',(24.8875,220.025,967.3125));
#5650 = DIRECTION('',(0.,1.,0.));
#5651 = DIRECTION('',(0.,0.,1.));
#5652 = ORIENTED_EDGE('',*,*,#5653,.F.);
#5653 = EDGE_CURVE('',#5654,#5645,#5656,.T.);
#5654 = VERTEX_POINT('',#5655);
#5655 = CARTESIAN_POINT('',(24.8875,-240.025,968.5125));
#5656 = LINE('',#5657,#5658);
#5657 = CARTESIAN_POINT('',(24.8875,-240.025,968.5125));
#5658 = VECTOR('',#5659,1.);
#5659 = DIRECTION('',(0.,1.,0.));
#5660 = ORIENTED_EDGE('',*,*,#5661,.T.);
#5661 = EDGE_CURVE('',#5654,#5654,#5662,.T.);
#5662 = CIRCLE('',#5663,1.2);
#5663 = AXIS2_PLACEMENT_3D('',#5664,#5665,#5666);
#5664 = CARTESIAN_POINT('',(24.8875,-240.025,967.3125));
#5665 = DIRECTION('',(0.,1.,0.));
#5666 = DIRECTION('',(0.,0.,1.));
#5667 = ORIENTED_EDGE('',*,*,#5653,.T.);
#5668 = CYLINDRICAL_SURFACE('',#5669,1.2);
#5669 = AXIS2_PLACEMENT_3D('',#5670,#5671,#5672);
#5670 = CARTESIAN_POINT('',(24.8875,-240.025,967.3125));
#5671 = DIRECTION('',(0.,1.,0.));
#5672 = DIRECTION('',(0.,0.,1.));
#5673 = ADVANCED_FACE('',(#5674),#5677,.T.);
#5674 = FACE_BOUND('',#5675,.T.);
#5675 = EDGE_LOOP('',(#5676));
#5676 = ORIENTED_EDGE('',*,*,#5644,.T.);
#5677 = PLANE('',#5678);
#5678 = AXIS2_PLACEMENT_3D('',#5679,#5680,#5681);
#5679 = CARTESIAN_POINT('',(24.8875,220.025,967.3125));
#5680 = DIRECTION('',(0.,1.,0.));
#5681 = DIRECTION('',(0.,0.,1.));
#5682 = ADVANCED_FACE('',(#5683),#5686,.F.);
#5683 = FACE_BOUND('',#5684,.T.);
#5684 = EDGE_LOOP('',(#5685));
#5685 = ORIENTED_EDGE('',*,*,#5661,.F.);
#5686 = PLANE('',#5687);
#5687 = AXIS2_PLACEMENT_3D('',#5688,#5689,#5690);
#5688 = CARTESIAN_POINT('',(24.8875,-240.025,967.3125));
#5689 = DIRECTION('',(0.,1.,0.));
#5690 = DIRECTION('',(0.,0.,1.));
#5691 = MANIFOLD_SOLID_BREP('',#5692);
#5692 = CLOSED_SHELL('',(#5693,#5726,#5735));
#5693 = ADVANCED_FACE('',(#5694),#5721,.T.);
#5694 = FACE_BOUND('',#5695,.T.);
#5695 = EDGE_LOOP('',(#5696,#5705,#5713,#5720));
#5696 = ORIENTED_EDGE('',*,*,#5697,.F.);
#5697 = EDGE_CURVE('',#5698,#5698,#5700,.T.);
#5698 = VERTEX_POINT('',#5699);
#5699 = CARTESIAN_POINT('',(49.775,220.025,968.5125));
#5700 = CIRCLE('',#5701,1.2);
#5701 = AXIS2_PLACEMENT_3D('',#5702,#5703,#5704);
#5702 = CARTESIAN_POINT('',(49.775,220.025,967.3125));
#5703 = DIRECTION('',(0.,1.,0.));
#5704 = DIRECTION('',(0.,0.,1.));
#5705 = ORIENTED_EDGE('',*,*,#5706,.F.);
#5706 = EDGE_CURVE('',#5707,#5698,#5709,.T.);
#5707 = VERTEX_POINT('',#5708);
#5708 = CARTESIAN_POINT('',(49.775,-240.025,968.5125));
#5709 = LINE('',#5710,#5711);
#5710 = CARTESIAN_POINT('',(49.775,-240.025,968.5125));
#5711 = VECTOR('',#5712,1.);
#5712 = DIRECTION('',(0.,1.,0.));
#5713 = ORIENTED_EDGE('',*,*,#5714,.T.);
#5714 = EDGE_CURVE('',#5707,#5707,#5715,.T.);
#5715 = CIRCLE('',#5716,1.2);
#5716 = AXIS2_PLACEMENT_3D('',#5717,#5718,#5719);
#5717 = CARTESIAN_POINT('',(49.775,-240.025,967.3125));
#5718 = DIRECTION('',(0.,1.,0.));
#5719 = DIRECTION('',(0.,0.,1.));
#5720 = ORIENTED_EDGE('',*,*,#5706,.T.);
#5721 = CYLINDRICAL_SURFACE('',#5722,1.2);
#5722 = AXIS2_PLACEMENT_3D('',#5723,#5724,#5725);
#5723 = CARTESIAN_POINT('',(49.775,-240.025,967.3125));
#5724 = DIRECTION('',(0.,1.,0.));
#5725 = DIRECTION('',(0.,0.,1.));
#5726 = ADVANCED_FACE('',(#5727),#5730,.T.);
#5727 = FACE_BOUND('',#5728,.T.);
#5728 = EDGE_LOOP('',(#5729));
#5729 = ORIENTED_EDGE('',*,*,#5697,.T.);
#5730 = PLANE('',#5731);
#5731 = AXIS2_PLACEMENT_3D('',#5732,#5733,#5734);
#5732 = CARTESIAN_POINT('',(49.775,220.025,967.3125));
#5733 = DIRECTION('',(0.,1.,0.));
#5734 = DIRECTION('',(0.,0.,1.));
#5735 = ADVANCED_FACE('',(#5736),#5739,.F.);
#5736 = FACE_BOUND('',#5737,.T.);
#5737 = EDGE_LOOP('',(#5738));
#5738 = ORIENTED_EDGE('',*,*,#5714,.F.);
#5739 = PLANE('',#5740);
#5740 = AXIS2_PLACEMENT_3D('',#5741,#5742,#5743);
#5741 = CARTESIAN_POINT('',(49.775,-240.025,967.3125));
#5742 = DIRECTION('',(0.,1.,0.));
#5743 = DIRECTION('',(0.,0.,1.));
#5744 = MANIFOLD_SOLID_BREP('',#5745);
#5745 = CLOSED_SHELL('',(#5746,#5779,#5788));
#5746 = ADVANCED_FACE('',(#5747),#5774,.T.);
#5747 = FACE_BOUND('',#5748,.T.);
#5748 = EDGE_LOOP('',(#5749,#5758,#5766,#5773));
#5749 = ORIENTED_EDGE('',*,*,#5750,.F.);
#5750 = EDGE_CURVE('',#5751,#5751,#5753,.T.);
#5751 = VERTEX_POINT('',#5752);
#5752 = CARTESIAN_POINT('',(74.6625,220.025,968.5125));
#5753 = CIRCLE('',#5754,1.2);
#5754 = AXIS2_PLACEMENT_3D('',#5755,#5756,#5757);
#5755 = CARTESIAN_POINT('',(74.6625,220.025,967.3125));
#5756 = DIRECTION('',(0.,1.,0.));
#5757 = DIRECTION('',(0.,0.,1.));
#5758 = ORIENTED_EDGE('',*,*,#5759,.F.);
#5759 = EDGE_CURVE('',#5760,#5751,#5762,.T.);
#5760 = VERTEX_POINT('',#5761);
#5761 = CARTESIAN_POINT('',(74.6625,-240.025,968.5125));
#5762 = LINE('',#5763,#5764);
#5763 = CARTESIAN_POINT('',(74.6625,-240.025,968.5125));
#5764 = VECTOR('',#5765,1.);
#5765 = DIRECTION('',(0.,1.,0.));
#5766 = ORIENTED_EDGE('',*,*,#5767,.T.);
#5767 = EDGE_CURVE('',#5760,#5760,#5768,.T.);
#5768 = CIRCLE('',#5769,1.2);
#5769 = AXIS2_PLACEMENT_3D('',#5770,#5771,#5772);
#5770 = CARTESIAN_POINT('',(74.6625,-240.025,967.3125));
#5771 = DIRECTION('',(0.,1.,0.));
#5772 = DIRECTION('',(0.,0.,1.));
#5773 = ORIENTED_EDGE('',*,*,#5759,.T.);
#5774 = CYLINDRICAL_SURFACE('',#5775,1.2);
#5775 = AXIS2_PLACEMENT_3D('',#5776,#5777,#5778);
#5776 = CARTESIAN_POINT('',(74.6625,-240.025,967.3125));
#5777 = DIRECTION('',(0.,1.,0.));
#5778 = DIRECTION('',(0.,0.,1.));
#5779 = ADVANCED_FACE('',(#5780),#5783,.T.);
#5780 = FACE_BOUND('',#5781,.T.);
#5781 = EDGE_LOOP('',(#5782));
#5782 = ORIENTED_EDGE('',*,*,#5750,.T.);
#5783 = PLANE('',#5784);
#5784 = AXIS2_PLACEMENT_3D('',#5785,#5786,#5787);
#5785 = CARTESIAN_POINT('',(74.6625,220.025,967.3125));
#5786 = DIRECTION('',(0.,1.,0.));
#5787 = DIRECTION('',(0.,0.,1.));
#5788 = ADVANCED_FACE('',(#5789),#5792,.F.);
#5789 = FACE_BOUND('',#5790,.T.);
#5790 = EDGE_LOOP('',(#5791));
#5791 = ORIENTED_EDGE('',*,*,#5767,.F.);
#5792 = PLANE('',#5793);
#5793 = AXIS2_PLACEMENT_3D('',#5794,#5795,#5796);
#5794 = CARTESIAN_POINT('',(74.6625,-240.025,967.3125));
#5795 = DIRECTION('',(0.,1.,0.));
#5796 = DIRECTION('',(0.,0.,1.));
#5797 = MANIFOLD_SOLID_BREP('',#5798);
#5798 = CLOSED_SHELL('',(#5799,#5832,#5841));
#5799 = ADVANCED_FACE('',(#5800),#5827,.T.);
#5800 = FACE_BOUND('',#5801,.T.);
#5801 = EDGE_LOOP('',(#5802,#5811,#5819,#5826));
#5802 = ORIENTED_EDGE('',*,*,#5803,.F.);
#5803 = EDGE_CURVE('',#5804,#5804,#5806,.T.);
#5804 = VERTEX_POINT('',#5805);
#5805 = CARTESIAN_POINT('',(99.55,220.025,968.5125));
#5806 = CIRCLE('',#5807,1.2);
#5807 = AXIS2_PLACEMENT_3D('',#5808,#5809,#5810);
#5808 = CARTESIAN_POINT('',(99.55,220.025,967.3125));
#5809 = DIRECTION('',(0.,1.,0.));
#5810 = DIRECTION('',(0.,0.,1.));
#5811 = ORIENTED_EDGE('',*,*,#5812,.F.);
#5812 = EDGE_CURVE('',#5813,#5804,#5815,.T.);
#5813 = VERTEX_POINT('',#5814);
#5814 = CARTESIAN_POINT('',(99.55,-240.025,968.5125));
#5815 = LINE('',#5816,#5817);
#5816 = CARTESIAN_POINT('',(99.55,-240.025,968.5125));
#5817 = VECTOR('',#5818,1.);
#5818 = DIRECTION('',(0.,1.,0.));
#5819 = ORIENTED_EDGE('',*,*,#5820,.T.);
#5820 = EDGE_CURVE('',#5813,#5813,#5821,.T.);
#5821 = CIRCLE('',#5822,1.2);
#5822 = AXIS2_PLACEMENT_3D('',#5823,#5824,#5825);
#5823 = CARTESIAN_POINT('',(99.55,-240.025,967.3125));
#5824 = DIRECTION('',(0.,1.,0.));
#5825 = DIRECTION('',(0.,0.,1.));
#5826 = ORIENTED_EDGE('',*,*,#5812,.T.);
#5827 = CYLINDRICAL_SURFACE('',#5828,1.2);
#5828 = AXIS2_PLACEMENT_3D('',#5829,#5830,#5831);
#5829 = CARTESIAN_POINT('',(99.55,-240.025,967.3125));
#5830 = DIRECTION('',(0.,1.,0.));
#5831 = DIRECTION('',(0.,0.,1.));
#5832 = ADVANCED_FACE('',(#5833),#5836,.T.);
#5833 = FACE_BOUND('',#5834,.T.);
#5834 = EDGE_LOOP('',(#5835));
#5835 = ORIENTED_EDGE('',*,*,#5803,.T.);
#5836 = PLANE('',#5837);
#5837 = AXIS2_PLACEMENT_3D('',#5838,#5839,#5840);
#5838 = CARTESIAN_POINT('',(99.55,220.025,967.3125));
#5839 = DIRECTION('',(0.,1.,0.));
#5840 = DIRECTION('',(0.,0.,1.));
#5841 = ADVANCED_FACE('',(#5842),#5845,.F.);
#5842 = FACE_BOUND('',#5843,.T.);
#5843 = EDGE_LOOP('',(#5844));
#5844 = ORIENTED_EDGE('',*,*,#5820,.F.);
#5845 = PLANE('',#5846);
#5846 = AXIS2_PLACEMENT_3D('',#5847,#5848,#5849);
#5847 = CARTESIAN_POINT('',(99.55,-240.025,967.3125));
#5848 = DIRECTION('',(0.,1.,0.));
#5849 = DIRECTION('',(0.,0.,1.));
#5850 = MANIFOLD_SOLID_BREP('',#5851);
#5851 = CLOSED_SHELL('',(#5852,#5885,#5894));
#5852 = ADVANCED_FACE('',(#5853),#5880,.T.);
#5853 = FACE_BOUND('',#5854,.T.);
#5854 = EDGE_LOOP('',(#5855,#5864,#5872,#5879));
#5855 = ORIENTED_EDGE('',*,*,#5856,.F.);
#5856 = EDGE_CURVE('',#5857,#5857,#5859,.T.);
#5857 = VERTEX_POINT('',#5858);
#5858 = CARTESIAN_POINT('',(124.4375,220.025,968.5125));
#5859 = CIRCLE('',#5860,1.2);
#5860 = AXIS2_PLACEMENT_3D('',#5861,#5862,#5863);
#5861 = CARTESIAN_POINT('',(124.4375,220.025,967.3125));
#5862 = DIRECTION('',(0.,1.,0.));
#5863 = DIRECTION('',(0.,0.,1.));
#5864 = ORIENTED_EDGE('',*,*,#5865,.F.);
#5865 = EDGE_CURVE('',#5866,#5857,#5868,.T.);
#5866 = VERTEX_POINT('',#5867);
#5867 = CARTESIAN_POINT('',(124.4375,-240.025,968.5125));
#5868 = LINE('',#5869,#5870);
#5869 = CARTESIAN_POINT('',(124.4375,-240.025,968.5125));
#5870 = VECTOR('',#5871,1.);
#5871 = DIRECTION('',(0.,1.,0.));
#5872 = ORIENTED_EDGE('',*,*,#5873,.T.);
#5873 = EDGE_CURVE('',#5866,#5866,#5874,.T.);
#5874 = CIRCLE('',#5875,1.2);
#5875 = AXIS2_PLACEMENT_3D('',#5876,#5877,#5878);
#5876 = CARTESIAN_POINT('',(124.4375,-240.025,967.3125));
#5877 = DIRECTION('',(0.,1.,0.));
#5878 = DIRECTION('',(0.,0.,1.));
#5879 = ORIENTED_EDGE('',*,*,#5865,.T.);
#5880 = CYLINDRICAL_SURFACE('',#5881,1.2);
#5881 = AXIS2_PLACEMENT_3D('',#5882,#5883,#5884);
#5882 = CARTESIAN_POINT('',(124.4375,-240.025,967.3125));
#5883 = DIRECTION('',(0.,1.,0.));
#5884 = DIRECTION('',(0.,0.,1.));
#5885 = ADVANCED_FACE('',(#5886),#5889,.T.);
#5886 = FACE_BOUND('',#5887,.T.);
#5887 = EDGE_LOOP('',(#5888));
#5888 = ORIENTED_EDGE('',*,*,#5856,.T.);
#5889 = PLANE('',#5890);
#5890 = AXIS2_PLACEMENT_3D('',#5891,#5892,#5893);
#5891 = CARTESIAN_POINT('',(124.4375,220.025,967.3125));
#5892 = DIRECTION('',(0.,1.,0.));
#5893 = DIRECTION('',(0.,0.,1.));
#5894 = ADVANCED_FACE('',(#5895),#5898,.F.);
#5895 = FACE_BOUND('',#5896,.T.);
#5896 = EDGE_LOOP('',(#5897));
#5897 = ORIENTED_EDGE('',*,*,#5873,.F.);
#5898 = PLANE('',#5899);
#5899 = AXIS2_PLACEMENT_3D('',#5900,#5901,#5902);
#5900 = CARTESIAN_POINT('',(124.4375,-240.025,967.3125));
#5901 = DIRECTION('',(0.,1.,0.));
#5902 = DIRECTION('',(0.,0.,1.));
#5903 = MANIFOLD_SOLID_BREP('',#5904);
#5904 = CLOSED_SHELL('',(#5905,#5938,#5947));
#5905 = ADVANCED_FACE('',(#5906),#5933,.T.);
#5906 = FACE_BOUND('',#5907,.T.);
#5907 = EDGE_LOOP('',(#5908,#5917,#5925,#5932));
#5908 = ORIENTED_EDGE('',*,*,#5909,.F.);
#5909 = EDGE_CURVE('',#5910,#5910,#5912,.T.);
#5910 = VERTEX_POINT('',#5911);
#5911 = CARTESIAN_POINT('',(149.325,220.025,968.5125));
#5912 = CIRCLE('',#5913,1.2);
#5913 = AXIS2_PLACEMENT_3D('',#5914,#5915,#5916);
#5914 = CARTESIAN_POINT('',(149.325,220.025,967.3125));
#5915 = DIRECTION('',(0.,1.,0.));
#5916 = DIRECTION('',(0.,0.,1.));
#5917 = ORIENTED_EDGE('',*,*,#5918,.F.);
#5918 = EDGE_CURVE('',#5919,#5910,#5921,.T.);
#5919 = VERTEX_POINT('',#5920);
#5920 = CARTESIAN_POINT('',(149.325,-240.025,968.5125));
#5921 = LINE('',#5922,#5923);
#5922 = CARTESIAN_POINT('',(149.325,-240.025,968.5125));
#5923 = VECTOR('',#5924,1.);
#5924 = DIRECTION('',(0.,1.,0.));
#5925 = ORIENTED_EDGE('',*,*,#5926,.T.);
#5926 = EDGE_CURVE('',#5919,#5919,#5927,.T.);
#5927 = CIRCLE('',#5928,1.2);
#5928 = AXIS2_PLACEMENT_3D('',#5929,#5930,#5931);
#5929 = CARTESIAN_POINT('',(149.325,-240.025,967.3125));
#5930 = DIRECTION('',(0.,1.,0.));
#5931 = DIRECTION('',(0.,0.,1.));
#5932 = ORIENTED_EDGE('',*,*,#5918,.T.);
#5933 = CYLINDRICAL_SURFACE('',#5934,1.2);
#5934 = AXIS2_PLACEMENT_3D('',#5935,#5936,#5937);
#5935 = CARTESIAN_POINT('',(149.325,-240.025,967.3125));
#5936 = DIRECTION('',(0.,1.,0.));
#5937 = DIRECTION('',(0.,0.,1.));
#5938 = ADVANCED_FACE('',(#5939),#5942,.T.);
#5939 = FACE_BOUND('',#5940,.T.);
#5940 = EDGE_LOOP('',(#5941));
#5941 = ORIENTED_EDGE('',*,*,#5909,.T.);
#5942 = PLANE('',#5943);
#5943 = AXIS2_PLACEMENT_3D('',#5944,#5945,#5946);
#5944 = CARTESIAN_POINT('',(149.325,220.025,967.3125));
#5945 = DIRECTION('',(0.,1.,0.));
#5946 = DIRECTION('',(0.,0.,1.));
#5947 = ADVANCED_FACE('',(#5948),#5951,.F.);
#5948 = FACE_BOUND('',#5949,.T.);
#5949 = EDGE_LOOP('',(#5950));
#5950 = ORIENTED_EDGE('',*,*,#5926,.F.);
#5951 = PLANE('',#5952);
#5952 = AXIS2_PLACEMENT_3D('',#5953,#5954,#5955);
#5953 = CARTESIAN_POINT('',(149.325,-240.025,967.3125));
#5954 = DIRECTION('',(0.,1.,0.));
#5955 = DIRECTION('',(0.,0.,1.));
#5956 = MANIFOLD_SOLID_BREP('',#5957);
#5957 = CLOSED_SHELL('',(#5958,#5991,#6000));
#5958 = ADVANCED_FACE('',(#5959),#5986,.T.);
#5959 = FACE_BOUND('',#5960,.T.);
#5960 = EDGE_LOOP('',(#5961,#5970,#5978,#5985));
#5961 = ORIENTED_EDGE('',*,*,#5962,.F.);
#5962 = EDGE_CURVE('',#5963,#5963,#5965,.T.);
#5963 = VERTEX_POINT('',#5964);
#5964 = CARTESIAN_POINT('',(174.2125,220.025,968.5125));
#5965 = CIRCLE('',#5966,1.2);
#5966 = AXIS2_PLACEMENT_3D('',#5967,#5968,#5969);
#5967 = CARTESIAN_POINT('',(174.2125,220.025,967.3125));
#5968 = DIRECTION('',(0.,1.,0.));
#5969 = DIRECTION('',(0.,0.,1.));
#5970 = ORIENTED_EDGE('',*,*,#5971,.F.);
#5971 = EDGE_CURVE('',#5972,#5963,#5974,.T.);
#5972 = VERTEX_POINT('',#5973);
#5973 = CARTESIAN_POINT('',(174.2125,-240.025,968.5125));
#5974 = LINE('',#5975,#5976);
#5975 = CARTESIAN_POINT('',(174.2125,-240.025,968.5125));
#5976 = VECTOR('',#5977,1.);
#5977 = DIRECTION('',(0.,1.,0.));
#5978 = ORIENTED_EDGE('',*,*,#5979,.T.);
#5979 = EDGE_CURVE('',#5972,#5972,#5980,.T.);
#5980 = CIRCLE('',#5981,1.2);
#5981 = AXIS2_PLACEMENT_3D('',#5982,#5983,#5984);
#5982 = CARTESIAN_POINT('',(174.2125,-240.025,967.3125));
#5983 = DIRECTION('',(0.,1.,0.));
#5984 = DIRECTION('',(0.,0.,1.));
#5985 = ORIENTED_EDGE('',*,*,#5971,.T.);
#5986 = CYLINDRICAL_SURFACE('',#5987,1.2);
#5987 = AXIS2_PLACEMENT_3D('',#5988,#5989,#5990);
#5988 = CARTESIAN_POINT('',(174.2125,-240.025,967.3125));
#5989 = DIRECTION('',(0.,1.,0.));
#5990 = DIRECTION('',(0.,0.,1.));
#5991 = ADVANCED_FACE('',(#5992),#5995,.T.);
#5992 = FACE_BOUND('',#5993,.T.);
#5993 = EDGE_LOOP('',(#5994));
#5994 = ORIENTED_EDGE('',*,*,#5962,.T.);
#5995 = PLANE('',#5996);
#5996 = AXIS2_PLACEMENT_3D('',#5997,#5998,#5999);
#5997 = CARTESIAN_POINT('',(174.2125,220.025,967.3125));
#5998 = DIRECTION('',(0.,1.,0.));
#5999 = DIRECTION('',(0.,0.,1.));
#6000 = ADVANCED_FACE('',(#6001),#6004,.F.);
#6001 = FACE_BOUND('',#6002,.T.);
#6002 = EDGE_LOOP('',(#6003));
#6003 = ORIENTED_EDGE('',*,*,#5979,.F.);
#6004 = PLANE('',#6005);
#6005 = AXIS2_PLACEMENT_3D('',#6006,#6007,#6008);
#6006 = CARTESIAN_POINT('',(174.2125,-240.025,967.3125));
#6007 = DIRECTION('',(0.,1.,0.));
#6008 = DIRECTION('',(0.,0.,1.));
#6009 = MANIFOLD_SOLID_BREP('',#6010);
#6010 = CLOSED_SHELL('',(#6011,#6044,#6053));
#6011 = ADVANCED_FACE('',(#6012),#6039,.T.);
#6012 = FACE_BOUND('',#6013,.T.);
#6013 = EDGE_LOOP('',(#6014,#6023,#6031,#6038));
#6014 = ORIENTED_EDGE('',*,*,#6015,.F.);
#6015 = EDGE_CURVE('',#6016,#6016,#6018,.T.);
#6016 = VERTEX_POINT('',#6017);
#6017 = CARTESIAN_POINT('',(199.1,220.025,968.5125));
#6018 = CIRCLE('',#6019,1.2);
#6019 = AXIS2_PLACEMENT_3D('',#6020,#6021,#6022);
#6020 = CARTESIAN_POINT('',(199.1,220.025,967.3125));
#6021 = DIRECTION('',(0.,1.,0.));
#6022 = DIRECTION('',(0.,0.,1.));
#6023 = ORIENTED_EDGE('',*,*,#6024,.F.);
#6024 = EDGE_CURVE('',#6025,#6016,#6027,.T.);
#6025 = VERTEX_POINT('',#6026);
#6026 = CARTESIAN_POINT('',(199.1,-240.025,968.5125));
#6027 = LINE('',#6028,#6029);
#6028 = CARTESIAN_POINT('',(199.1,-240.025,968.5125));
#6029 = VECTOR('',#6030,1.);
#6030 = DIRECTION('',(0.,1.,0.));
#6031 = ORIENTED_EDGE('',*,*,#6032,.T.);
#6032 = EDGE_CURVE('',#6025,#6025,#6033,.T.);
#6033 = CIRCLE('',#6034,1.2);
#6034 = AXIS2_PLACEMENT_3D('',#6035,#6036,#6037);
#6035 = CARTESIAN_POINT('',(199.1,-240.025,967.3125));
#6036 = DIRECTION('',(0.,1.,0.));
#6037 = DIRECTION('',(0.,0.,1.));
#6038 = ORIENTED_EDGE('',*,*,#6024,.T.);
#6039 = CYLINDRICAL_SURFACE('',#6040,1.2);
#6040 = AXIS2_PLACEMENT_3D('',#6041,#6042,#6043);
#6041 = CARTESIAN_POINT('',(199.1,-240.025,967.3125));
#6042 = DIRECTION('',(0.,1.,0.));
#6043 = DIRECTION('',(0.,0.,1.));
#6044 = ADVANCED_FACE('',(#6045),#6048,.T.);
#6045 = FACE_BOUND('',#6046,.T.);
#6046 = EDGE_LOOP('',(#6047));
#6047 = ORIENTED_EDGE('',*,*,#6015,.T.);
#6048 = PLANE('',#6049);
#6049 = AXIS2_PLACEMENT_3D('',#6050,#6051,#6052);
#6050 = CARTESIAN_POINT('',(199.1,220.025,967.3125));
#6051 = DIRECTION('',(0.,1.,0.));
#6052 = DIRECTION('',(0.,0.,1.));
#6053 = ADVANCED_FACE('',(#6054),#6057,.F.);
#6054 = FACE_BOUND('',#6055,.T.);
#6055 = EDGE_LOOP('',(#6056));
#6056 = ORIENTED_EDGE('',*,*,#6032,.F.);
#6057 = PLANE('',#6058);
#6058 = AXIS2_PLACEMENT_3D('',#6059,#6060,#6061);
#6059 = CARTESIAN_POINT('',(199.1,-240.025,967.3125));
#6060 = DIRECTION('',(0.,1.,0.));
#6061 = DIRECTION('',(0.,0.,1.));
#6062 = MANIFOLD_SOLID_BREP('',#6063);
#6063 = CLOSED_SHELL('',(#6064,#6097,#6106));
#6064 = ADVANCED_FACE('',(#6065),#6092,.T.);
#6065 = FACE_BOUND('',#6066,.T.);
#6066 = EDGE_LOOP('',(#6067,#6076,#6084,#6091));
#6067 = ORIENTED_EDGE('',*,*,#6068,.F.);
#6068 = EDGE_CURVE('',#6069,#6069,#6071,.T.);
#6069 = VERTEX_POINT('',#6070);
#6070 = CARTESIAN_POINT('',(223.9875,220.025,968.5125));
#6071 = CIRCLE('',#6072,1.2);
#6072 = AXIS2_PLACEMENT_3D('',#6073,#6074,#6075);
#6073 = CARTESIAN_POINT('',(223.9875,220.025,967.3125));
#6074 = DIRECTION('',(0.,1.,0.));
#6075 = DIRECTION('',(0.,0.,1.));
#6076 = ORIENTED_EDGE('',*,*,#6077,.F.);
#6077 = EDGE_CURVE('',#6078,#6069,#6080,.T.);
#6078 = VERTEX_POINT('',#6079);
#6079 = CARTESIAN_POINT('',(223.9875,-240.025,968.5125));
#6080 = LINE('',#6081,#6082);
#6081 = CARTESIAN_POINT('',(223.9875,-240.025,968.5125));
#6082 = VECTOR('',#6083,1.);
#6083 = DIRECTION('',(0.,1.,0.));
#6084 = ORIENTED_EDGE('',*,*,#6085,.T.);
#6085 = EDGE_CURVE('',#6078,#6078,#6086,.T.);
#6086 = CIRCLE('',#6087,1.2);
#6087 = AXIS2_PLACEMENT_3D('',#6088,#6089,#6090);
#6088 = CARTESIAN_POINT('',(223.9875,-240.025,967.3125));
#6089 = DIRECTION('',(0.,1.,0.));
#6090 = DIRECTION('',(0.,0.,1.));
#6091 = ORIENTED_EDGE('',*,*,#6077,.T.);
#6092 = CYLINDRICAL_SURFACE('',#6093,1.2);
#6093 = AXIS2_PLACEMENT_3D('',#6094,#6095,#6096);
#6094 = CARTESIAN_POINT('',(223.9875,-240.025,967.3125));
#6095 = DIRECTION('',(0.,1.,0.));
#6096 = DIRECTION('',(0.,0.,1.));
#6097 = ADVANCED_FACE('',(#6098),#6101,.T.);
#6098 = FACE_BOUND('',#6099,.T.);
#6099 = EDGE_LOOP('',(#6100));
#6100 = ORIENTED_EDGE('',*,*,#6068,.T.);
#6101 = PLANE('',#6102);
#6102 = AXIS2_PLACEMENT_3D('',#6103,#6104,#6105);
#6103 = CARTESIAN_POINT('',(223.9875,220.025,967.3125));
#6104 = DIRECTION('',(0.,1.,0.));
#6105 = DIRECTION('',(0.,0.,1.));
#6106 = ADVANCED_FACE('',(#6107),#6110,.F.);
#6107 = FACE_BOUND('',#6108,.T.);
#6108 = EDGE_LOOP('',(#6109));
#6109 = ORIENTED_EDGE('',*,*,#6085,.F.);
#6110 = PLANE('',#6111);
#6111 = AXIS2_PLACEMENT_3D('',#6112,#6113,#6114);
#6112 = CARTESIAN_POINT('',(223.9875,-240.025,967.3125));
#6113 = DIRECTION('',(0.,1.,0.));
#6114 = DIRECTION('',(0.,0.,1.));
#6115 = MANIFOLD_SOLID_BREP('',#6116);
#6116 = CLOSED_SHELL('',(#6117,#6150,#6159));
#6117 = ADVANCED_FACE('',(#6118),#6145,.T.);
#6118 = FACE_BOUND('',#6119,.T.);
#6119 = EDGE_LOOP('',(#6120,#6129,#6137,#6144));
#6120 = ORIENTED_EDGE('',*,*,#6121,.F.);
#6121 = EDGE_CURVE('',#6122,#6122,#6124,.T.);
#6122 = VERTEX_POINT('',#6123);
#6123 = CARTESIAN_POINT('',(248.875,220.025,968.5125));
#6124 = CIRCLE('',#6125,1.2);
#6125 = AXIS2_PLACEMENT_3D('',#6126,#6127,#6128);
#6126 = CARTESIAN_POINT('',(248.875,220.025,967.3125));
#6127 = DIRECTION('',(0.,1.,0.));
#6128 = DIRECTION('',(0.,0.,1.));
#6129 = ORIENTED_EDGE('',*,*,#6130,.F.);
#6130 = EDGE_CURVE('',#6131,#6122,#6133,.T.);
#6131 = VERTEX_POINT('',#6132);
#6132 = CARTESIAN_POINT('',(248.875,-240.025,968.5125));
#6133 = LINE('',#6134,#6135);
#6134 = CARTESIAN_POINT('',(248.875,-240.025,968.5125));
#6135 = VECTOR('',#6136,1.);
#6136 = DIRECTION('',(0.,1.,0.));
#6137 = ORIENTED_EDGE('',*,*,#6138,.T.);
#6138 = EDGE_CURVE('',#6131,#6131,#6139,.T.);
#6139 = CIRCLE('',#6140,1.2);
#6140 = AXIS2_PLACEMENT_3D('',#6141,#6142,#6143);
#6141 = CARTESIAN_POINT('',(248.875,-240.025,967.3125));
#6142 = DIRECTION('',(0.,1.,0.));
#6143 = DIRECTION('',(0.,0.,1.));
#6144 = ORIENTED_EDGE('',*,*,#6130,.T.);
#6145 = CYLINDRICAL_SURFACE('',#6146,1.2);
#6146 = AXIS2_PLACEMENT_3D('',#6147,#6148,#6149);
#6147 = CARTESIAN_POINT('',(248.875,-240.025,967.3125));
#6148 = DIRECTION('',(0.,1.,0.));
#6149 = DIRECTION('',(0.,0.,1.));
#6150 = ADVANCED_FACE('',(#6151),#6154,.T.);
#6151 = FACE_BOUND('',#6152,.T.);
#6152 = EDGE_LOOP('',(#6153));
#6153 = ORIENTED_EDGE('',*,*,#6121,.T.);
#6154 = PLANE('',#6155);
#6155 = AXIS2_PLACEMENT_3D('',#6156,#6157,#6158);
#6156 = CARTESIAN_POINT('',(248.875,220.025,967.3125));
#6157 = DIRECTION('',(0.,1.,0.));
#6158 = DIRECTION('',(0.,0.,1.));
#6159 = ADVANCED_FACE('',(#6160),#6163,.F.);
#6160 = FACE_BOUND('',#6161,.T.);
#6161 = EDGE_LOOP('',(#6162));
#6162 = ORIENTED_EDGE('',*,*,#6138,.F.);
#6163 = PLANE('',#6164);
#6164 = AXIS2_PLACEMENT_3D('',#6165,#6166,#6167);
#6165 = CARTESIAN_POINT('',(248.875,-240.025,967.3125));
#6166 = DIRECTION('',(0.,1.,0.));
#6167 = DIRECTION('',(0.,0.,1.));
#6168 = MANIFOLD_SOLID_BREP('',#6169);
#6169 = CLOSED_SHELL('',(#6170,#6203,#6212));
#6170 = ADVANCED_FACE('',(#6171),#6198,.T.);
#6171 = FACE_BOUND('',#6172,.T.);
#6172 = EDGE_LOOP('',(#6173,#6182,#6190,#6197));
#6173 = ORIENTED_EDGE('',*,*,#6174,.F.);
#6174 = EDGE_CURVE('',#6175,#6175,#6177,.T.);
#6175 = VERTEX_POINT('',#6176);
#6176 = CARTESIAN_POINT('',(273.7625,220.025,968.5125));
#6177 = CIRCLE('',#6178,1.2);
#6178 = AXIS2_PLACEMENT_3D('',#6179,#6180,#6181);
#6179 = CARTESIAN_POINT('',(273.7625,220.025,967.3125));
#6180 = DIRECTION('',(0.,1.,0.));
#6181 = DIRECTION('',(0.,0.,1.));
#6182 = ORIENTED_EDGE('',*,*,#6183,.F.);
#6183 = EDGE_CURVE('',#6184,#6175,#6186,.T.);
#6184 = VERTEX_POINT('',#6185);
#6185 = CARTESIAN_POINT('',(273.7625,-240.025,968.5125));
#6186 = LINE('',#6187,#6188);
#6187 = CARTESIAN_POINT('',(273.7625,-240.025,968.5125));
#6188 = VECTOR('',#6189,1.);
#6189 = DIRECTION('',(0.,1.,0.));
#6190 = ORIENTED_EDGE('',*,*,#6191,.T.);
#6191 = EDGE_CURVE('',#6184,#6184,#6192,.T.);
#6192 = CIRCLE('',#6193,1.2);
#6193 = AXIS2_PLACEMENT_3D('',#6194,#6195,#6196);
#6194 = CARTESIAN_POINT('',(273.7625,-240.025,967.3125));
#6195 = DIRECTION('',(0.,1.,0.));
#6196 = DIRECTION('',(0.,0.,1.));
#6197 = ORIENTED_EDGE('',*,*,#6183,.T.);
#6198 = CYLINDRICAL_SURFACE('',#6199,1.2);
#6199 = AXIS2_PLACEMENT_3D('',#6200,#6201,#6202);
#6200 = CARTESIAN_POINT('',(273.7625,-240.025,967.3125));
#6201 = DIRECTION('',(0.,1.,0.));
#6202 = DIRECTION('',(0.,0.,1.));
#6203 = ADVANCED_FACE('',(#6204),#6207,.T.);
#6204 = FACE_BOUND('',#6205,.T.);
#6205 = EDGE_LOOP('',(#6206));
#6206 = ORIENTED_EDGE('',*,*,#6174,.T.);
#6207 = PLANE('',#6208);
#6208 = AXIS2_PLACEMENT_3D('',#6209,#6210,#6211);
#6209 = CARTESIAN_POINT('',(273.7625,220.025,967.3125));
#6210 = DIRECTION('',(0.,1.,0.));
#6211 = DIRECTION('',(0.,0.,1.));
#6212 = ADVANCED_FACE('',(#6213),#6216,.F.);
#6213 = FACE_BOUND('',#6214,.T.);
#6214 = EDGE_LOOP('',(#6215));
#6215 = ORIENTED_EDGE('',*,*,#6191,.F.);
#6216 = PLANE('',#6217);
#6217 = AXIS2_PLACEMENT_3D('',#6218,#6219,#6220);
#6218 = CARTESIAN_POINT('',(273.7625,-240.025,967.3125));
#6219 = DIRECTION('',(0.,1.,0.));
#6220 = DIRECTION('',(0.,0.,1.));
#6221 = MANIFOLD_SOLID_BREP('',#6222);
#6222 = CLOSED_SHELL('',(#6223,#6256,#6265));
#6223 = ADVANCED_FACE('',(#6224),#6251,.T.);
#6224 = FACE_BOUND('',#6225,.T.);
#6225 = EDGE_LOOP('',(#6226,#6235,#6243,#6250));
#6226 = ORIENTED_EDGE('',*,*,#6227,.F.);
#6227 = EDGE_CURVE('',#6228,#6228,#6230,.T.);
#6228 = VERTEX_POINT('',#6229);
#6229 = CARTESIAN_POINT('',(288.7625,-240.025,1.3390625E+03));
#6230 = CIRCLE('',#6231,1.75);
#6231 = AXIS2_PLACEMENT_3D('',#6232,#6233,#6234);
#6232 = CARTESIAN_POINT('',(288.7625,-240.025,1.3373125E+03));
#6233 = DIRECTION('',(1.,0.,-0.));
#6234 = DIRECTION('',(0.,0.,1.));
#6235 = ORIENTED_EDGE('',*,*,#6236,.F.);
#6236 = EDGE_CURVE('',#6237,#6228,#6239,.T.);
#6237 = VERTEX_POINT('',#6238);
#6238 = CARTESIAN_POINT('',(-288.7625,-240.025,1.3390625E+03));
#6239 = LINE('',#6240,#6241);
#6240 = CARTESIAN_POINT('',(-288.7625,-240.025,1.3390625E+03));
#6241 = VECTOR('',#6242,1.);
#6242 = DIRECTION('',(1.,0.,0.));
#6243 = ORIENTED_EDGE('',*,*,#6244,.T.);
#6244 = EDGE_CURVE('',#6237,#6237,#6245,.T.);
#6245 = CIRCLE('',#6246,1.75);
#6246 = AXIS2_PLACEMENT_3D('',#6247,#6248,#6249);
#6247 = CARTESIAN_POINT('',(-288.7625,-240.025,1.3373125E+03));
#6248 = DIRECTION('',(1.,0.,-0.));
#6249 = DIRECTION('',(0.,0.,1.));
#6250 = ORIENTED_EDGE('',*,*,#6236,.T.);
#6251 = CYLINDRICAL_SURFACE('',#6252,1.75);
#6252 = AXIS2_PLACEMENT_3D('',#6253,#6254,#6255);
#6253 = CARTESIAN_POINT('',(-288.7625,-240.025,1.3373125E+03));
#6254 = DIRECTION('',(1.,0.,0.));
#6255 = DIRECTION('',(0.,0.,1.));
#6256 = ADVANCED_FACE('',(#6257),#6260,.T.);
#6257 = FACE_BOUND('',#6258,.T.);
#6258 = EDGE_LOOP('',(#6259));
#6259 = ORIENTED_EDGE('',*,*,#6227,.T.);
#6260 = PLANE('',#6261);
#6261 = AXIS2_PLACEMENT_3D('',#6262,#6263,#6264);
#6262 = CARTESIAN_POINT('',(288.7625,-240.025,1.3373125E+03));
#6263 = DIRECTION('',(1.,0.,0.));
#6264 = DIRECTION('',(0.,0.,1.));
#6265 = ADVANCED_FACE('',(#6266),#6269,.F.);
#6266 = FACE_BOUND('',#6267,.T.);
#6267 = EDGE_LOOP('',(#6268));
#6268 = ORIENTED_EDGE('',*,*,#6244,.F.);
#6269 = PLANE('',#6270);
#6270 = AXIS2_PLACEMENT_3D('',#6271,#6272,#6273);
#6271 = CARTESIAN_POINT('',(-288.7625,-240.025,1.3373125E+03));
#6272 = DIRECTION('',(1.,0.,0.));
#6273 = DIRECTION('',(0.,0.,1.));
#6274 = MANIFOLD_SOLID_BREP('',#6275);
#6275 = CLOSED_SHELL('',(#6276,#6309,#6318));
#6276 = ADVANCED_FACE('',(#6277),#6304,.T.);
#6277 = FACE_BOUND('',#6278,.T.);
#6278 = EDGE_LOOP('',(#6279,#6288,#6296,#6303));
#6279 = ORIENTED_EDGE('',*,*,#6280,.F.);
#6280 = EDGE_CURVE('',#6281,#6281,#6283,.T.);
#6281 = VERTEX_POINT('',#6282);
#6282 = CARTESIAN_POINT('',(288.7625,220.025,1.3390625E+03));
#6283 = CIRCLE('',#6284,1.75);
#6284 = AXIS2_PLACEMENT_3D('',#6285,#6286,#6287);
#6285 = CARTESIAN_POINT('',(288.7625,220.025,1.3373125E+03));
#6286 = DIRECTION('',(1.,0.,-0.));
#6287 = DIRECTION('',(0.,0.,1.));
#6288 = ORIENTED_EDGE('',*,*,#6289,.F.);
#6289 = EDGE_CURVE('',#6290,#6281,#6292,.T.);
#6290 = VERTEX_POINT('',#6291);
#6291 = CARTESIAN_POINT('',(-288.7625,220.025,1.3390625E+03));
#6292 = LINE('',#6293,#6294);
#6293 = CARTESIAN_POINT('',(-288.7625,220.025,1.3390625E+03));
#6294 = VECTOR('',#6295,1.);
#6295 = DIRECTION('',(1.,0.,0.));
#6296 = ORIENTED_EDGE('',*,*,#6297,.T.);
#6297 = EDGE_CURVE('',#6290,#6290,#6298,.T.);
#6298 = CIRCLE('',#6299,1.75);
#6299 = AXIS2_PLACEMENT_3D('',#6300,#6301,#6302);
#6300 = CARTESIAN_POINT('',(-288.7625,220.025,1.3373125E+03));
#6301 = DIRECTION('',(1.,0.,-0.));
#6302 = DIRECTION('',(0.,0.,1.));
#6303 = ORIENTED_EDGE('',*,*,#6289,.T.);
#6304 = CYLINDRICAL_SURFACE('',#6305,1.75);
#6305 = AXIS2_PLACEMENT_3D('',#6306,#6307,#6308);
#6306 = CARTESIAN_POINT('',(-288.7625,220.025,1.3373125E+03));
#6307 = DIRECTION('',(1.,0.,0.));
#6308 = DIRECTION('',(0.,0.,1.));
#6309 = ADVANCED_FACE('',(#6310),#6313,.T.);
#6310 = FACE_BOUND('',#6311,.T.);
#6311 = EDGE_LOOP('',(#6312));
#6312 = ORIENTED_EDGE('',*,*,#6280,.T.);
#6313 = PLANE('',#6314);
#6314 = AXIS2_PLACEMENT_3D('',#6315,#6316,#6317);
#6315 = CARTESIAN_POINT('',(288.7625,220.025,1.3373125E+03));
#6316 = DIRECTION('',(1.,0.,0.));
#6317 = DIRECTION('',(0.,0.,1.));
#6318 = ADVANCED_FACE('',(#6319),#6322,.F.);
#6319 = FACE_BOUND('',#6320,.T.);
#6320 = EDGE_LOOP('',(#6321));
#6321 = ORIENTED_EDGE('',*,*,#6297,.F.);
#6322 = PLANE('',#6323);
#6323 = AXIS2_PLACEMENT_3D('',#6324,#6325,#6326);
#6324 = CARTESIAN_POINT('',(-288.7625,220.025,1.3373125E+03));
#6325 = DIRECTION('',(1.,0.,0.));
#6326 = DIRECTION('',(0.,0.,1.));
#6327 = MANIFOLD_SOLID_BREP('',#6328);
#6328 = CLOSED_SHELL('',(#6329,#6362,#6371));
#6329 = ADVANCED_FACE('',(#6330),#6357,.T.);
#6330 = FACE_BOUND('',#6331,.T.);
#6331 = EDGE_LOOP('',(#6332,#6341,#6349,#6356));
#6332 = ORIENTED_EDGE('',*,*,#6333,.F.);
#6333 = EDGE_CURVE('',#6334,#6334,#6336,.T.);
#6334 = VERTEX_POINT('',#6335);
#6335 = CARTESIAN_POINT('',(-288.7625,220.025,1.3390625E+03));
#6336 = CIRCLE('',#6337,1.75);
#6337 = AXIS2_PLACEMENT_3D('',#6338,#6339,#6340);
#6338 = CARTESIAN_POINT('',(-288.7625,220.025,1.3373125E+03));
#6339 = DIRECTION('',(0.,1.,0.));
#6340 = DIRECTION('',(0.,0.,1.));
#6341 = ORIENTED_EDGE('',*,*,#6342,.F.);
#6342 = EDGE_CURVE('',#6343,#6334,#6345,.T.);
#6343 = VERTEX_POINT('',#6344);
#6344 = CARTESIAN_POINT('',(-288.7625,-240.025,1.3390625E+03));
#6345 = LINE('',#6346,#6347);
#6346 = CARTESIAN_POINT('',(-288.7625,-240.025,1.3390625E+03));
#6347 = VECTOR('',#6348,1.);
#6348 = DIRECTION('',(0.,1.,0.));
#6349 = ORIENTED_EDGE('',*,*,#6350,.T.);
#6350 = EDGE_CURVE('',#6343,#6343,#6351,.T.);
#6351 = CIRCLE('',#6352,1.75);
#6352 = AXIS2_PLACEMENT_3D('',#6353,#6354,#6355);
#6353 = CARTESIAN_POINT('',(-288.7625,-240.025,1.3373125E+03));
#6354 = DIRECTION('',(0.,1.,0.));
#6355 = DIRECTION('',(0.,0.,1.));
#6356 = ORIENTED_EDGE('',*,*,#6342,.T.);
#6357 = CYLINDRICAL_SURFACE('',#6358,1.75);
#6358 = AXIS2_PLACEMENT_3D('',#6359,#6360,#6361);
#6359 = CARTESIAN_POINT('',(-288.7625,-240.025,1.3373125E+03));
#6360 = DIRECTION('',(0.,1.,0.));
#6361 = DIRECTION('',(0.,0.,1.));
#6362 = ADVANCED_FACE('',(#6363),#6366,.T.);
#6363 = FACE_BOUND('',#6364,.T.);
#6364 = EDGE_LOOP('',(#6365));
#6365 = ORIENTED_EDGE('',*,*,#6333,.T.);
#6366 = PLANE('',#6367);
#6367 = AXIS2_PLACEMENT_3D('',#6368,#6369,#6370);
#6368 = CARTESIAN_POINT('',(-288.7625,220.025,1.3373125E+03));
#6369 = DIRECTION('',(0.,1.,0.));
#6370 = DIRECTION('',(0.,0.,1.));
#6371 = ADVANCED_FACE('',(#6372),#6375,.F.);
#6372 = FACE_BOUND('',#6373,.T.);
#6373 = EDGE_LOOP('',(#6374));
#6374 = ORIENTED_EDGE('',*,*,#6350,.F.);
#6375 = PLANE('',#6376);
#6376 = AXIS2_PLACEMENT_3D('',#6377,#6378,#6379);
#6377 = CARTESIAN_POINT('',(-288.7625,-240.025,1.3373125E+03));
#6378 = DIRECTION('',(0.,1.,0.));
#6379 = DIRECTION('',(0.,0.,1.));
#6380 = MANIFOLD_SOLID_BREP('',#6381);
#6381 = CLOSED_SHELL('',(#6382,#6415,#6424));
#6382 = ADVANCED_FACE('',(#6383),#6410,.T.);
#6383 = FACE_BOUND('',#6384,.T.);
#6384 = EDGE_LOOP('',(#6385,#6394,#6402,#6409));
#6385 = ORIENTED_EDGE('',*,*,#6386,.F.);
#6386 = EDGE_CURVE('',#6387,#6387,#6389,.T.);
#6387 = VERTEX_POINT('',#6388);
#6388 = CARTESIAN_POINT('',(288.7625,220.025,1.3390625E+03));
#6389 = CIRCLE('',#6390,1.75);
#6390 = AXIS2_PLACEMENT_3D('',#6391,#6392,#6393);
#6391 = CARTESIAN_POINT('',(288.7625,220.025,1.3373125E+03));
#6392 = DIRECTION('',(0.,1.,0.));
#6393 = DIRECTION('',(0.,0.,1.));
#6394 = ORIENTED_EDGE('',*,*,#6395,.F.);
#6395 = EDGE_CURVE('',#6396,#6387,#6398,.T.);
#6396 = VERTEX_POINT('',#6397);
#6397 = CARTESIAN_POINT('',(288.7625,-240.025,1.3390625E+03));
#6398 = LINE('',#6399,#6400);
#6399 = CARTESIAN_POINT('',(288.7625,-240.025,1.3390625E+03));
#6400 = VECTOR('',#6401,1.);
#6401 = DIRECTION('',(0.,1.,0.));
#6402 = ORIENTED_EDGE('',*,*,#6403,.T.);
#6403 = EDGE_CURVE('',#6396,#6396,#6404,.T.);
#6404 = CIRCLE('',#6405,1.75);
#6405 = AXIS2_PLACEMENT_3D('',#6406,#6407,#6408);
#6406 = CARTESIAN_POINT('',(288.7625,-240.025,1.3373125E+03));
#6407 = DIRECTION('',(0.,1.,0.));
#6408 = DIRECTION('',(0.,0.,1.));
#6409 = ORIENTED_EDGE('',*,*,#6395,.T.);
#6410 = CYLINDRICAL_SURFACE('',#6411,1.75);
#6411 = AXIS2_PLACEMENT_3D('',#6412,#6413,#6414);
#6412 = CARTESIAN_POINT('',(288.7625,-240.025,1.3373125E+03));
#6413 = DIRECTION('',(0.,1.,0.));
#6414 = DIRECTION('',(0.,0.,1.));
#6415 = ADVANCED_FACE('',(#6416),#6419,.T.);
#6416 = FACE_BOUND('',#6417,.T.);
#6417 = EDGE_LOOP('',(#6418));
#6418 = ORIENTED_EDGE('',*,*,#6386,.T.);
#6419 = PLANE('',#6420);
#6420 = AXIS2_PLACEMENT_3D('',#6421,#6422,#6423);
#6421 = CARTESIAN_POINT('',(288.7625,220.025,1.3373125E+03));
#6422 = DIRECTION('',(0.,1.,0.));
#6423 = DIRECTION('',(0.,0.,1.));
#6424 = ADVANCED_FACE('',(#6425),#6428,.F.);
#6425 = FACE_BOUND('',#6426,.T.);
#6426 = EDGE_LOOP('',(#6427));
#6427 = ORIENTED_EDGE('',*,*,#6403,.F.);
#6428 = PLANE('',#6429);
#6429 = AXIS2_PLACEMENT_3D('',#6430,#6431,#6432);
#6430 = CARTESIAN_POINT('',(288.7625,-240.025,1.3373125E+03));
#6431 = DIRECTION('',(0.,1.,0.));
#6432 = DIRECTION('',(0.,0.,1.));
#6433 = MANIFOLD_SOLID_BREP('',#6434);
#6434 = CLOSED_SHELL('',(#6435,#6468,#6477));
#6435 = ADVANCED_FACE('',(#6436),#6463,.T.);
#6436 = FACE_BOUND('',#6437,.T.);
#6437 = EDGE_LOOP('',(#6438,#6447,#6455,#6462));
#6438 = ORIENTED_EDGE('',*,*,#6439,.F.);
#6439 = EDGE_CURVE('',#6440,#6440,#6442,.T.);
#6440 = VERTEX_POINT('',#6441);
#6441 = CARTESIAN_POINT('',(-273.7625,220.025,1.3385125E+03));
#6442 = CIRCLE('',#6443,1.2);
#6443 = AXIS2_PLACEMENT_3D('',#6444,#6445,#6446);
#6444 = CARTESIAN_POINT('',(-273.7625,220.025,1.3373125E+03));
#6445 = DIRECTION('',(0.,1.,0.));
#6446 = DIRECTION('',(0.,0.,1.));
#6447 = ORIENTED_EDGE('',*,*,#6448,.F.);
#6448 = EDGE_CURVE('',#6449,#6440,#6451,.T.);
#6449 = VERTEX_POINT('',#6450);
#6450 = CARTESIAN_POINT('',(-273.7625,-240.025,1.3385125E+03));
#6451 = LINE('',#6452,#6453);
#6452 = CARTESIAN_POINT('',(-273.7625,-240.025,1.3385125E+03));
#6453 = VECTOR('',#6454,1.);
#6454 = DIRECTION('',(0.,1.,0.));
#6455 = ORIENTED_EDGE('',*,*,#6456,.T.);
#6456 = EDGE_CURVE('',#6449,#6449,#6457,.T.);
#6457 = CIRCLE('',#6458,1.2);
#6458 = AXIS2_PLACEMENT_3D('',#6459,#6460,#6461);
#6459 = CARTESIAN_POINT('',(-273.7625,-240.025,1.3373125E+03));
#6460 = DIRECTION('',(0.,1.,0.));
#6461 = DIRECTION('',(0.,0.,1.));
#6462 = ORIENTED_EDGE('',*,*,#6448,.T.);
#6463 = CYLINDRICAL_SURFACE('',#6464,1.2);
#6464 = AXIS2_PLACEMENT_3D('',#6465,#6466,#6467);
#6465 = CARTESIAN_POINT('',(-273.7625,-240.025,1.3373125E+03));
#6466 = DIRECTION('',(0.,1.,0.));
#6467 = DIRECTION('',(0.,0.,1.));
#6468 = ADVANCED_FACE('',(#6469),#6472,.T.);
#6469 = FACE_BOUND('',#6470,.T.);
#6470 = EDGE_LOOP('',(#6471));
#6471 = ORIENTED_EDGE('',*,*,#6439,.T.);
#6472 = PLANE('',#6473);
#6473 = AXIS2_PLACEMENT_3D('',#6474,#6475,#6476);
#6474 = CARTESIAN_POINT('',(-273.7625,220.025,1.3373125E+03));
#6475 = DIRECTION('',(0.,1.,0.));
#6476 = DIRECTION('',(0.,0.,1.));
#6477 = ADVANCED_FACE('',(#6478),#6481,.F.);
#6478 = FACE_BOUND('',#6479,.T.);
#6479 = EDGE_LOOP('',(#6480));
#6480 = ORIENTED_EDGE('',*,*,#6456,.F.);
#6481 = PLANE('',#6482);
#6482 = AXIS2_PLACEMENT_3D('',#6483,#6484,#6485);
#6483 = CARTESIAN_POINT('',(-273.7625,-240.025,1.3373125E+03));
#6484 = DIRECTION('',(0.,1.,0.));
#6485 = DIRECTION('',(0.,0.,1.));
#6486 = MANIFOLD_SOLID_BREP('',#6487);
#6487 = CLOSED_SHELL('',(#6488,#6521,#6530));
#6488 = ADVANCED_FACE('',(#6489),#6516,.T.);
#6489 = FACE_BOUND('',#6490,.T.);
#6490 = EDGE_LOOP('',(#6491,#6500,#6508,#6515));
#6491 = ORIENTED_EDGE('',*,*,#6492,.F.);
#6492 = EDGE_CURVE('',#6493,#6493,#6495,.T.);
#6493 = VERTEX_POINT('',#6494);
#6494 = CARTESIAN_POINT('',(-248.875,220.025,1.3385125E+03));
#6495 = CIRCLE('',#6496,1.2);
#6496 = AXIS2_PLACEMENT_3D('',#6497,#6498,#6499);
#6497 = CARTESIAN_POINT('',(-248.875,220.025,1.3373125E+03));
#6498 = DIRECTION('',(0.,1.,0.));
#6499 = DIRECTION('',(0.,0.,1.));
#6500 = ORIENTED_EDGE('',*,*,#6501,.F.);
#6501 = EDGE_CURVE('',#6502,#6493,#6504,.T.);
#6502 = VERTEX_POINT('',#6503);
#6503 = CARTESIAN_POINT('',(-248.875,-240.025,1.3385125E+03));
#6504 = LINE('',#6505,#6506);
#6505 = CARTESIAN_POINT('',(-248.875,-240.025,1.3385125E+03));
#6506 = VECTOR('',#6507,1.);
#6507 = DIRECTION('',(0.,1.,0.));
#6508 = ORIENTED_EDGE('',*,*,#6509,.T.);
#6509 = EDGE_CURVE('',#6502,#6502,#6510,.T.);
#6510 = CIRCLE('',#6511,1.2);
#6511 = AXIS2_PLACEMENT_3D('',#6512,#6513,#6514);
#6512 = CARTESIAN_POINT('',(-248.875,-240.025,1.3373125E+03));
#6513 = DIRECTION('',(0.,1.,0.));
#6514 = DIRECTION('',(0.,0.,1.));
#6515 = ORIENTED_EDGE('',*,*,#6501,.T.);
#6516 = CYLINDRICAL_SURFACE('',#6517,1.2);
#6517 = AXIS2_PLACEMENT_3D('',#6518,#6519,#6520);
#6518 = CARTESIAN_POINT('',(-248.875,-240.025,1.3373125E+03));
#6519 = DIRECTION('',(0.,1.,0.));
#6520 = DIRECTION('',(0.,0.,1.));
#6521 = ADVANCED_FACE('',(#6522),#6525,.T.);
#6522 = FACE_BOUND('',#6523,.T.);
#6523 = EDGE_LOOP('',(#6524));
#6524 = ORIENTED_EDGE('',*,*,#6492,.T.);
#6525 = PLANE('',#6526);
#6526 = AXIS2_PLACEMENT_3D('',#6527,#6528,#6529);
#6527 = CARTESIAN_POINT('',(-248.875,220.025,1.3373125E+03));
#6528 = DIRECTION('',(0.,1.,0.));
#6529 = DIRECTION('',(0.,0.,1.));
#6530 = ADVANCED_FACE('',(#6531),#6534,.F.);
#6531 = FACE_BOUND('',#6532,.T.);
#6532 = EDGE_LOOP('',(#6533));
#6533 = ORIENTED_EDGE('',*,*,#6509,.F.);
#6534 = PLANE('',#6535);
#6535 = AXIS2_PLACEMENT_3D('',#6536,#6537,#6538);
#6536 = CARTESIAN_POINT('',(-248.875,-240.025,1.3373125E+03));
#6537 = DIRECTION('',(0.,1.,0.));
#6538 = DIRECTION('',(0.,0.,1.));
#6539 = MANIFOLD_SOLID_BREP('',#6540);
#6540 = CLOSED_SHELL('',(#6541,#6574,#6583));
#6541 = ADVANCED_FACE('',(#6542),#6569,.T.);
#6542 = FACE_BOUND('',#6543,.T.);
#6543 = EDGE_LOOP('',(#6544,#6553,#6561,#6568));
#6544 = ORIENTED_EDGE('',*,*,#6545,.F.);
#6545 = EDGE_CURVE('',#6546,#6546,#6548,.T.);
#6546 = VERTEX_POINT('',#6547);
#6547 = CARTESIAN_POINT('',(-223.9875,220.025,1.3385125E+03));
#6548 = CIRCLE('',#6549,1.2);
#6549 = AXIS2_PLACEMENT_3D('',#6550,#6551,#6552);
#6550 = CARTESIAN_POINT('',(-223.9875,220.025,1.3373125E+03));
#6551 = DIRECTION('',(0.,1.,0.));
#6552 = DIRECTION('',(0.,0.,1.));
#6553 = ORIENTED_EDGE('',*,*,#6554,.F.);
#6554 = EDGE_CURVE('',#6555,#6546,#6557,.T.);
#6555 = VERTEX_POINT('',#6556);
#6556 = CARTESIAN_POINT('',(-223.9875,-240.025,1.3385125E+03));
#6557 = LINE('',#6558,#6559);
#6558 = CARTESIAN_POINT('',(-223.9875,-240.025,1.3385125E+03));
#6559 = VECTOR('',#6560,1.);
#6560 = DIRECTION('',(0.,1.,0.));
#6561 = ORIENTED_EDGE('',*,*,#6562,.T.);
#6562 = EDGE_CURVE('',#6555,#6555,#6563,.T.);
#6563 = CIRCLE('',#6564,1.2);
#6564 = AXIS2_PLACEMENT_3D('',#6565,#6566,#6567);
#6565 = CARTESIAN_POINT('',(-223.9875,-240.025,1.3373125E+03));
#6566 = DIRECTION('',(0.,1.,0.));
#6567 = DIRECTION('',(0.,0.,1.));
#6568 = ORIENTED_EDGE('',*,*,#6554,.T.);
#6569 = CYLINDRICAL_SURFACE('',#6570,1.2);
#6570 = AXIS2_PLACEMENT_3D('',#6571,#6572,#6573);
#6571 = CARTESIAN_POINT('',(-223.9875,-240.025,1.3373125E+03));
#6572 = DIRECTION('',(0.,1.,0.));
#6573 = DIRECTION('',(0.,0.,1.));
#6574 = ADVANCED_FACE('',(#6575),#6578,.T.);
#6575 = FACE_BOUND('',#6576,.T.);
#6576 = EDGE_LOOP('',(#6577));
#6577 = ORIENTED_EDGE('',*,*,#6545,.T.);
#6578 = PLANE('',#6579);
#6579 = AXIS2_PLACEMENT_3D('',#6580,#6581,#6582);
#6580 = CARTESIAN_POINT('',(-223.9875,220.025,1.3373125E+03));
#6581 = DIRECTION('',(0.,1.,0.));
#6582 = DIRECTION('',(0.,0.,1.));
#6583 = ADVANCED_FACE('',(#6584),#6587,.F.);
#6584 = FACE_BOUND('',#6585,.T.);
#6585 = EDGE_LOOP('',(#6586));
#6586 = ORIENTED_EDGE('',*,*,#6562,.F.);
#6587 = PLANE('',#6588);
#6588 = AXIS2_PLACEMENT_3D('',#6589,#6590,#6591);
#6589 = CARTESIAN_POINT('',(-223.9875,-240.025,1.3373125E+03));
#6590 = DIRECTION('',(0.,1.,0.));
#6591 = DIRECTION('',(0.,0.,1.));
#6592 = MANIFOLD_SOLID_BREP('',#6593);
#6593 = CLOSED_SHELL('',(#6594,#6627,#6636));
#6594 = ADVANCED_FACE('',(#6595),#6622,.T.);
#6595 = FACE_BOUND('',#6596,.T.);
#6596 = EDGE_LOOP('',(#6597,#6606,#6614,#6621));
#6597 = ORIENTED_EDGE('',*,*,#6598,.F.);
#6598 = EDGE_CURVE('',#6599,#6599,#6601,.T.);
#6599 = VERTEX_POINT('',#6600);
#6600 = CARTESIAN_POINT('',(-199.1,220.025,1.3385125E+03));
#6601 = CIRCLE('',#6602,1.2);
#6602 = AXIS2_PLACEMENT_3D('',#6603,#6604,#6605);
#6603 = CARTESIAN_POINT('',(-199.1,220.025,1.3373125E+03));
#6604 = DIRECTION('',(0.,1.,0.));
#6605 = DIRECTION('',(0.,0.,1.));
#6606 = ORIENTED_EDGE('',*,*,#6607,.F.);
#6607 = EDGE_CURVE('',#6608,#6599,#6610,.T.);
#6608 = VERTEX_POINT('',#6609);
#6609 = CARTESIAN_POINT('',(-199.1,-240.025,1.3385125E+03));
#6610 = LINE('',#6611,#6612);
#6611 = CARTESIAN_POINT('',(-199.1,-240.025,1.3385125E+03));
#6612 = VECTOR('',#6613,1.);
#6613 = DIRECTION('',(0.,1.,0.));
#6614 = ORIENTED_EDGE('',*,*,#6615,.T.);
#6615 = EDGE_CURVE('',#6608,#6608,#6616,.T.);
#6616 = CIRCLE('',#6617,1.2);
#6617 = AXIS2_PLACEMENT_3D('',#6618,#6619,#6620);
#6618 = CARTESIAN_POINT('',(-199.1,-240.025,1.3373125E+03));
#6619 = DIRECTION('',(0.,1.,0.));
#6620 = DIRECTION('',(0.,0.,1.));
#6621 = ORIENTED_EDGE('',*,*,#6607,.T.);
#6622 = CYLINDRICAL_SURFACE('',#6623,1.2);
#6623 = AXIS2_PLACEMENT_3D('',#6624,#6625,#6626);
#6624 = CARTESIAN_POINT('',(-199.1,-240.025,1.3373125E+03));
#6625 = DIRECTION('',(0.,1.,0.));
#6626 = DIRECTION('',(0.,0.,1.));
#6627 = ADVANCED_FACE('',(#6628),#6631,.T.);
#6628 = FACE_BOUND('',#6629,.T.);
#6629 = EDGE_LOOP('',(#6630));
#6630 = ORIENTED_EDGE('',*,*,#6598,.T.);
#6631 = PLANE('',#6632);
#6632 = AXIS2_PLACEMENT_3D('',#6633,#6634,#6635);
#6633 = CARTESIAN_POINT('',(-199.1,220.025,1.3373125E+03));
#6634 = DIRECTION('',(0.,1.,0.));
#6635 = DIRECTION('',(0.,0.,1.));
#6636 = ADVANCED_FACE('',(#6637),#6640,.F.);
#6637 = FACE_BOUND('',#6638,.T.);
#6638 = EDGE_LOOP('',(#6639));
#6639 = ORIENTED_EDGE('',*,*,#6615,.F.);
#6640 = PLANE('',#6641);
#6641 = AXIS2_PLACEMENT_3D('',#6642,#6643,#6644);
#6642 = CARTESIAN_POINT('',(-199.1,-240.025,1.3373125E+03));
#6643 = DIRECTION('',(0.,1.,0.));
#6644 = DIRECTION('',(0.,0.,1.));
#6645 = MANIFOLD_SOLID_BREP('',#6646);
#6646 = CLOSED_SHELL('',(#6647,#6680,#6689));
#6647 = ADVANCED_FACE('',(#6648),#6675,.T.);
#6648 = FACE_BOUND('',#6649,.T.);
#6649 = EDGE_LOOP('',(#6650,#6659,#6667,#6674));
#6650 = ORIENTED_EDGE('',*,*,#6651,.F.);
#6651 = EDGE_CURVE('',#6652,#6652,#6654,.T.);
#6652 = VERTEX_POINT('',#6653);
#6653 = CARTESIAN_POINT('',(-174.2125,220.025,1.3385125E+03));
#6654 = CIRCLE('',#6655,1.2);
#6655 = AXIS2_PLACEMENT_3D('',#6656,#6657,#6658);
#6656 = CARTESIAN_POINT('',(-174.2125,220.025,1.3373125E+03));
#6657 = DIRECTION('',(0.,1.,0.));
#6658 = DIRECTION('',(0.,0.,1.));
#6659 = ORIENTED_EDGE('',*,*,#6660,.F.);
#6660 = EDGE_CURVE('',#6661,#6652,#6663,.T.);
#6661 = VERTEX_POINT('',#6662);
#6662 = CARTESIAN_POINT('',(-174.2125,-240.025,1.3385125E+03));
#6663 = LINE('',#6664,#6665);
#6664 = CARTESIAN_POINT('',(-174.2125,-240.025,1.3385125E+03));
#6665 = VECTOR('',#6666,1.);
#6666 = DIRECTION('',(0.,1.,0.));
#6667 = ORIENTED_EDGE('',*,*,#6668,.T.);
#6668 = EDGE_CURVE('',#6661,#6661,#6669,.T.);
#6669 = CIRCLE('',#6670,1.2);
#6670 = AXIS2_PLACEMENT_3D('',#6671,#6672,#6673);
#6671 = CARTESIAN_POINT('',(-174.2125,-240.025,1.3373125E+03));
#6672 = DIRECTION('',(0.,1.,0.));
#6673 = DIRECTION('',(0.,0.,1.));
#6674 = ORIENTED_EDGE('',*,*,#6660,.T.);
#6675 = CYLINDRICAL_SURFACE('',#6676,1.2);
#6676 = AXIS2_PLACEMENT_3D('',#6677,#6678,#6679);
#6677 = CARTESIAN_POINT('',(-174.2125,-240.025,1.3373125E+03));
#6678 = DIRECTION('',(0.,1.,0.));
#6679 = DIRECTION('',(0.,0.,1.));
#6680 = ADVANCED_FACE('',(#6681),#6684,.T.);
#6681 = FACE_BOUND('',#6682,.T.);
#6682 = EDGE_LOOP('',(#6683));
#6683 = ORIENTED_EDGE('',*,*,#6651,.T.);
#6684 = PLANE('',#6685);
#6685 = AXIS2_PLACEMENT_3D('',#6686,#6687,#6688);
#6686 = CARTESIAN_POINT('',(-174.2125,220.025,1.3373125E+03));
#6687 = DIRECTION('',(0.,1.,0.));
#6688 = DIRECTION('',(0.,0.,1.));
#6689 = ADVANCED_FACE('',(#6690),#6693,.F.);
#6690 = FACE_BOUND('',#6691,.T.);
#6691 = EDGE_LOOP('',(#6692));
#6692 = ORIENTED_EDGE('',*,*,#6668,.F.);
#6693 = PLANE('',#6694);
#6694 = AXIS2_PLACEMENT_3D('',#6695,#6696,#6697);
#6695 = CARTESIAN_POINT('',(-174.2125,-240.025,1.3373125E+03));
#6696 = DIRECTION('',(0.,1.,0.));
#6697 = DIRECTION('',(0.,0.,1.));
#6698 = MANIFOLD_SOLID_BREP('',#6699);
#6699 = CLOSED_SHELL('',(#6700,#6733,#6742));
#6700 = ADVANCED_FACE('',(#6701),#6728,.T.);
#6701 = FACE_BOUND('',#6702,.T.);
#6702 = EDGE_LOOP('',(#6703,#6712,#6720,#6727));
#6703 = ORIENTED_EDGE('',*,*,#6704,.F.);
#6704 = EDGE_CURVE('',#6705,#6705,#6707,.T.);
#6705 = VERTEX_POINT('',#6706);
#6706 = CARTESIAN_POINT('',(-149.325,220.025,1.3385125E+03));
#6707 = CIRCLE('',#6708,1.2);
#6708 = AXIS2_PLACEMENT_3D('',#6709,#6710,#6711);
#6709 = CARTESIAN_POINT('',(-149.325,220.025,1.3373125E+03));
#6710 = DIRECTION('',(0.,1.,0.));
#6711 = DIRECTION('',(0.,0.,1.));
#6712 = ORIENTED_EDGE('',*,*,#6713,.F.);
#6713 = EDGE_CURVE('',#6714,#6705,#6716,.T.);
#6714 = VERTEX_POINT('',#6715);
#6715 = CARTESIAN_POINT('',(-149.325,-240.025,1.3385125E+03));
#6716 = LINE('',#6717,#6718);
#6717 = CARTESIAN_POINT('',(-149.325,-240.025,1.3385125E+03));
#6718 = VECTOR('',#6719,1.);
#6719 = DIRECTION('',(0.,1.,0.));
#6720 = ORIENTED_EDGE('',*,*,#6721,.T.);
#6721 = EDGE_CURVE('',#6714,#6714,#6722,.T.);
#6722 = CIRCLE('',#6723,1.2);
#6723 = AXIS2_PLACEMENT_3D('',#6724,#6725,#6726);
#6724 = CARTESIAN_POINT('',(-149.325,-240.025,1.3373125E+03));
#6725 = DIRECTION('',(0.,1.,0.));
#6726 = DIRECTION('',(0.,0.,1.));
#6727 = ORIENTED_EDGE('',*,*,#6713,.T.);
#6728 = CYLINDRICAL_SURFACE('',#6729,1.2);
#6729 = AXIS2_PLACEMENT_3D('',#6730,#6731,#6732);
#6730 = CARTESIAN_POINT('',(-149.325,-240.025,1.3373125E+03));
#6731 = DIRECTION('',(0.,1.,0.));
#6732 = DIRECTION('',(0.,0.,1.));
#6733 = ADVANCED_FACE('',(#6734),#6737,.T.);
#6734 = FACE_BOUND('',#6735,.T.);
#6735 = EDGE_LOOP('',(#6736));
#6736 = ORIENTED_EDGE('',*,*,#6704,.T.);
#6737 = PLANE('',#6738);
#6738 = AXIS2_PLACEMENT_3D('',#6739,#6740,#6741);
#6739 = CARTESIAN_POINT('',(-149.325,220.025,1.3373125E+03));
#6740 = DIRECTION('',(0.,1.,0.));
#6741 = DIRECTION('',(0.,0.,1.));
#6742 = ADVANCED_FACE('',(#6743),#6746,.F.);
#6743 = FACE_BOUND('',#6744,.T.);
#6744 = EDGE_LOOP('',(#6745));
#6745 = ORIENTED_EDGE('',*,*,#6721,.F.);
#6746 = PLANE('',#6747);
#6747 = AXIS2_PLACEMENT_3D('',#6748,#6749,#6750);
#6748 = CARTESIAN_POINT('',(-149.325,-240.025,1.3373125E+03));
#6749 = DIRECTION('',(0.,1.,0.));
#6750 = DIRECTION('',(0.,0.,1.));
#6751 = MANIFOLD_SOLID_BREP('',#6752);
#6752 = CLOSED_SHELL('',(#6753,#6786,#6795));
#6753 = ADVANCED_FACE('',(#6754),#6781,.T.);
#6754 = FACE_BOUND('',#6755,.T.);
#6755 = EDGE_LOOP('',(#6756,#6765,#6773,#6780));
#6756 = ORIENTED_EDGE('',*,*,#6757,.F.);
#6757 = EDGE_CURVE('',#6758,#6758,#6760,.T.);
#6758 = VERTEX_POINT('',#6759);
#6759 = CARTESIAN_POINT('',(-124.4375,220.025,1.3385125E+03));
#6760 = CIRCLE('',#6761,1.2);
#6761 = AXIS2_PLACEMENT_3D('',#6762,#6763,#6764);
#6762 = CARTESIAN_POINT('',(-124.4375,220.025,1.3373125E+03));
#6763 = DIRECTION('',(0.,1.,0.));
#6764 = DIRECTION('',(0.,0.,1.));
#6765 = ORIENTED_EDGE('',*,*,#6766,.F.);
#6766 = EDGE_CURVE('',#6767,#6758,#6769,.T.);
#6767 = VERTEX_POINT('',#6768);
#6768 = CARTESIAN_POINT('',(-124.4375,-240.025,1.3385125E+03));
#6769 = LINE('',#6770,#6771);
#6770 = CARTESIAN_POINT('',(-124.4375,-240.025,1.3385125E+03));
#6771 = VECTOR('',#6772,1.);
#6772 = DIRECTION('',(0.,1.,0.));
#6773 = ORIENTED_EDGE('',*,*,#6774,.T.);
#6774 = EDGE_CURVE('',#6767,#6767,#6775,.T.);
#6775 = CIRCLE('',#6776,1.2);
#6776 = AXIS2_PLACEMENT_3D('',#6777,#6778,#6779);
#6777 = CARTESIAN_POINT('',(-124.4375,-240.025,1.3373125E+03));
#6778 = DIRECTION('',(0.,1.,0.));
#6779 = DIRECTION('',(0.,0.,1.));
#6780 = ORIENTED_EDGE('',*,*,#6766,.T.);
#6781 = CYLINDRICAL_SURFACE('',#6782,1.2);
#6782 = AXIS2_PLACEMENT_3D('',#6783,#6784,#6785);
#6783 = CARTESIAN_POINT('',(-124.4375,-240.025,1.3373125E+03));
#6784 = DIRECTION('',(0.,1.,0.));
#6785 = DIRECTION('',(0.,0.,1.));
#6786 = ADVANCED_FACE('',(#6787),#6790,.T.);
#6787 = FACE_BOUND('',#6788,.T.);
#6788 = EDGE_LOOP('',(#6789));
#6789 = ORIENTED_EDGE('',*,*,#6757,.T.);
#6790 = PLANE('',#6791);
#6791 = AXIS2_PLACEMENT_3D('',#6792,#6793,#6794);
#6792 = CARTESIAN_POINT('',(-124.4375,220.025,1.3373125E+03));
#6793 = DIRECTION('',(0.,1.,0.));
#6794 = DIRECTION('',(0.,0.,1.));
#6795 = ADVANCED_FACE('',(#6796),#6799,.F.);
#6796 = FACE_BOUND('',#6797,.T.);
#6797 = EDGE_LOOP('',(#6798));
#6798 = ORIENTED_EDGE('',*,*,#6774,.F.);
#6799 = PLANE('',#6800);
#6800 = AXIS2_PLACEMENT_3D('',#6801,#6802,#6803);
#6801 = CARTESIAN_POINT('',(-124.4375,-240.025,1.3373125E+03));
#6802 = DIRECTION('',(0.,1.,0.));
#6803 = DIRECTION('',(0.,0.,1.));
#6804 = MANIFOLD_SOLID_BREP('',#6805);
#6805 = CLOSED_SHELL('',(#6806,#6839,#6848));
#6806 = ADVANCED_FACE('',(#6807),#6834,.T.);
#6807 = FACE_BOUND('',#6808,.T.);
#6808 = EDGE_LOOP('',(#6809,#6818,#6826,#6833));
#6809 = ORIENTED_EDGE('',*,*,#6810,.F.);
#6810 = EDGE_CURVE('',#6811,#6811,#6813,.T.);
#6811 = VERTEX_POINT('',#6812);
#6812 = CARTESIAN_POINT('',(-99.55,220.025,1.3385125E+03));
#6813 = CIRCLE('',#6814,1.2);
#6814 = AXIS2_PLACEMENT_3D('',#6815,#6816,#6817);
#6815 = CARTESIAN_POINT('',(-99.55,220.025,1.3373125E+03));
#6816 = DIRECTION('',(0.,1.,0.));
#6817 = DIRECTION('',(0.,0.,1.));
#6818 = ORIENTED_EDGE('',*,*,#6819,.F.);
#6819 = EDGE_CURVE('',#6820,#6811,#6822,.T.);
#6820 = VERTEX_POINT('',#6821);
#6821 = CARTESIAN_POINT('',(-99.55,-240.025,1.3385125E+03));
#6822 = LINE('',#6823,#6824);
#6823 = CARTESIAN_POINT('',(-99.55,-240.025,1.3385125E+03));
#6824 = VECTOR('',#6825,1.);
#6825 = DIRECTION('',(0.,1.,0.));
#6826 = ORIENTED_EDGE('',*,*,#6827,.T.);
#6827 = EDGE_CURVE('',#6820,#6820,#6828,.T.);
#6828 = CIRCLE('',#6829,1.2);
#6829 = AXIS2_PLACEMENT_3D('',#6830,#6831,#6832);
#6830 = CARTESIAN_POINT('',(-99.55,-240.025,1.3373125E+03));
#6831 = DIRECTION('',(0.,1.,0.));
#6832 = DIRECTION('',(0.,0.,1.));
#6833 = ORIENTED_EDGE('',*,*,#6819,.T.);
#6834 = CYLINDRICAL_SURFACE('',#6835,1.2);
#6835 = AXIS2_PLACEMENT_3D('',#6836,#6837,#6838);
#6836 = CARTESIAN_POINT('',(-99.55,-240.025,1.3373125E+03));
#6837 = DIRECTION('',(0.,1.,0.));
#6838 = DIRECTION('',(0.,0.,1.));
#6839 = ADVANCED_FACE('',(#6840),#6843,.T.);
#6840 = FACE_BOUND('',#6841,.T.);
#6841 = EDGE_LOOP('',(#6842));
#6842 = ORIENTED_EDGE('',*,*,#6810,.T.);
#6843 = PLANE('',#6844);
#6844 = AXIS2_PLACEMENT_3D('',#6845,#6846,#6847);
#6845 = CARTESIAN_POINT('',(-99.55,220.025,1.3373125E+03));
#6846 = DIRECTION('',(0.,1.,0.));
#6847 = DIRECTION('',(0.,0.,1.));
#6848 = ADVANCED_FACE('',(#6849),#6852,.F.);
#6849 = FACE_BOUND('',#6850,.T.);
#6850 = EDGE_LOOP('',(#6851));
#6851 = ORIENTED_EDGE('',*,*,#6827,.F.);
#6852 = PLANE('',#6853);
#6853 = AXIS2_PLACEMENT_3D('',#6854,#6855,#6856);
#6854 = CARTESIAN_POINT('',(-99.55,-240.025,1.3373125E+03));
#6855 = DIRECTION('',(0.,1.,0.));
#6856 = DIRECTION('',(0.,0.,1.));
#6857 = MANIFOLD_SOLID_BREP('',#6858);
#6858 = CLOSED_SHELL('',(#6859,#6892,#6901));
#6859 = ADVANCED_FACE('',(#6860),#6887,.T.);
#6860 = FACE_BOUND('',#6861,.T.);
#6861 = EDGE_LOOP('',(#6862,#6871,#6879,#6886));
#6862 = ORIENTED_EDGE('',*,*,#6863,.F.);
#6863 = EDGE_CURVE('',#6864,#6864,#6866,.T.);
#6864 = VERTEX_POINT('',#6865);
#6865 = CARTESIAN_POINT('',(-74.6625,220.025,1.3385125E+03));
#6866 = CIRCLE('',#6867,1.2);
#6867 = AXIS2_PLACEMENT_3D('',#6868,#6869,#6870);
#6868 = CARTESIAN_POINT('',(-74.6625,220.025,1.3373125E+03));
#6869 = DIRECTION('',(0.,1.,0.));
#6870 = DIRECTION('',(0.,0.,1.));
#6871 = ORIENTED_EDGE('',*,*,#6872,.F.);
#6872 = EDGE_CURVE('',#6873,#6864,#6875,.T.);
#6873 = VERTEX_POINT('',#6874);
#6874 = CARTESIAN_POINT('',(-74.6625,-240.025,1.3385125E+03));
#6875 = LINE('',#6876,#6877);
#6876 = CARTESIAN_POINT('',(-74.6625,-240.025,1.3385125E+03));
#6877 = VECTOR('',#6878,1.);
#6878 = DIRECTION('',(0.,1.,0.));
#6879 = ORIENTED_EDGE('',*,*,#6880,.T.);
#6880 = EDGE_CURVE('',#6873,#6873,#6881,.T.);
#6881 = CIRCLE('',#6882,1.2);
#6882 = AXIS2_PLACEMENT_3D('',#6883,#6884,#6885);
#6883 = CARTESIAN_POINT('',(-74.6625,-240.025,1.3373125E+03));
#6884 = DIRECTION('',(0.,1.,0.));
#6885 = DIRECTION('',(0.,0.,1.));
#6886 = ORIENTED_EDGE('',*,*,#6872,.T.);
#6887 = CYLINDRICAL_SURFACE('',#6888,1.2);
#6888 = AXIS2_PLACEMENT_3D('',#6889,#6890,#6891);
#6889 = CARTESIAN_POINT('',(-74.6625,-240.025,1.3373125E+03));
#6890 = DIRECTION('',(0.,1.,0.));
#6891 = DIRECTION('',(0.,0.,1.));
#6892 = ADVANCED_FACE('',(#6893),#6896,.T.);
#6893 = FACE_BOUND('',#6894,.T.);
#6894 = EDGE_LOOP('',(#6895));
#6895 = ORIENTED_EDGE('',*,*,#6863,.T.);
#6896 = PLANE('',#6897);
#6897 = AXIS2_PLACEMENT_3D('',#6898,#6899,#6900);
#6898 = CARTESIAN_POINT('',(-74.6625,220.025,1.3373125E+03));
#6899 = DIRECTION('',(0.,1.,0.));
#6900 = DIRECTION('',(0.,0.,1.));
#6901 = ADVANCED_FACE('',(#6902),#6905,.F.);
#6902 = FACE_BOUND('',#6903,.T.);
#6903 = EDGE_LOOP('',(#6904));
#6904 = ORIENTED_EDGE('',*,*,#6880,.F.);
#6905 = PLANE('',#6906);
#6906 = AXIS2_PLACEMENT_3D('',#6907,#6908,#6909);
#6907 = CARTESIAN_POINT('',(-74.6625,-240.025,1.3373125E+03));
#6908 = DIRECTION('',(0.,1.,0.));
#6909 = DIRECTION('',(0.,0.,1.));
#6910 = MANIFOLD_SOLID_BREP('',#6911);
#6911 = CLOSED_SHELL('',(#6912,#6945,#6954));
#6912 = ADVANCED_FACE('',(#6913),#6940,.T.);
#6913 = FACE_BOUND('',#6914,.T.);
#6914 = EDGE_LOOP('',(#6915,#6924,#6932,#6939));
#6915 = ORIENTED_EDGE('',*,*,#6916,.F.);
#6916 = EDGE_CURVE('',#6917,#6917,#6919,.T.);
#6917 = VERTEX_POINT('',#6918);
#6918 = CARTESIAN_POINT('',(-49.775,220.025,1.3385125E+03));
#6919 = CIRCLE('',#6920,1.2);
#6920 = AXIS2_PLACEMENT_3D('',#6921,#6922,#6923);
#6921 = CARTESIAN_POINT('',(-49.775,220.025,1.3373125E+03));
#6922 = DIRECTION('',(0.,1.,0.));
#6923 = DIRECTION('',(0.,0.,1.));
#6924 = ORIENTED_EDGE('',*,*,#6925,.F.);
#6925 = EDGE_CURVE('',#6926,#6917,#6928,.T.);
#6926 = VERTEX_POINT('',#6927);
#6927 = CARTESIAN_POINT('',(-49.775,-240.025,1.3385125E+03));
#6928 = LINE('',#6929,#6930);
#6929 = CARTESIAN_POINT('',(-49.775,-240.025,1.3385125E+03));
#6930 = VECTOR('',#6931,1.);
#6931 = DIRECTION('',(0.,1.,0.));
#6932 = ORIENTED_EDGE('',*,*,#6933,.T.);
#6933 = EDGE_CURVE('',#6926,#6926,#6934,.T.);
#6934 = CIRCLE('',#6935,1.2);
#6935 = AXIS2_PLACEMENT_3D('',#6936,#6937,#6938);
#6936 = CARTESIAN_POINT('',(-49.775,-240.025,1.3373125E+03));
#6937 = DIRECTION('',(0.,1.,0.));
#6938 = DIRECTION('',(0.,0.,1.));
#6939 = ORIENTED_EDGE('',*,*,#6925,.T.);
#6940 = CYLINDRICAL_SURFACE('',#6941,1.2);
#6941 = AXIS2_PLACEMENT_3D('',#6942,#6943,#6944);
#6942 = CARTESIAN_POINT('',(-49.775,-240.025,1.3373125E+03));
#6943 = DIRECTION('',(0.,1.,0.));
#6944 = DIRECTION('',(0.,0.,1.));
#6945 = ADVANCED_FACE('',(#6946),#6949,.T.);
#6946 = FACE_BOUND('',#6947,.T.);
#6947 = EDGE_LOOP('',(#6948));
#6948 = ORIENTED_EDGE('',*,*,#6916,.T.);
#6949 = PLANE('',#6950);
#6950 = AXIS2_PLACEMENT_3D('',#6951,#6952,#6953);
#6951 = CARTESIAN_POINT('',(-49.775,220.025,1.3373125E+03));
#6952 = DIRECTION('',(0.,1.,0.));
#6953 = DIRECTION('',(0.,0.,1.));
#6954 = ADVANCED_FACE('',(#6955),#6958,.F.);
#6955 = FACE_BOUND('',#6956,.T.);
#6956 = EDGE_LOOP('',(#6957));
#6957 = ORIENTED_EDGE('',*,*,#6933,.F.);
#6958 = PLANE('',#6959);
#6959 = AXIS2_PLACEMENT_3D('',#6960,#6961,#6962);
#6960 = CARTESIAN_POINT('',(-49.775,-240.025,1.3373125E+03));
#6961 = DIRECTION('',(0.,1.,0.));
#6962 = DIRECTION('',(0.,0.,1.));
#6963 = MANIFOLD_SOLID_BREP('',#6964);
#6964 = CLOSED_SHELL('',(#6965,#6998,#7007));
#6965 = ADVANCED_FACE('',(#6966),#6993,.T.);
#6966 = FACE_BOUND('',#6967,.T.);
#6967 = EDGE_LOOP('',(#6968,#6977,#6985,#6992));
#6968 = ORIENTED_EDGE('',*,*,#6969,.F.);
#6969 = EDGE_CURVE('',#6970,#6970,#6972,.T.);
#6970 = VERTEX_POINT('',#6971);
#6971 = CARTESIAN_POINT('',(-24.8875,220.025,1.3385125E+03));
#6972 = CIRCLE('',#6973,1.2);
#6973 = AXIS2_PLACEMENT_3D('',#6974,#6975,#6976);
#6974 = CARTESIAN_POINT('',(-24.8875,220.025,1.3373125E+03));
#6975 = DIRECTION('',(0.,1.,0.));
#6976 = DIRECTION('',(0.,0.,1.));
#6977 = ORIENTED_EDGE('',*,*,#6978,.F.);
#6978 = EDGE_CURVE('',#6979,#6970,#6981,.T.);
#6979 = VERTEX_POINT('',#6980);
#6980 = CARTESIAN_POINT('',(-24.8875,-240.025,1.3385125E+03));
#6981 = LINE('',#6982,#6983);
#6982 = CARTESIAN_POINT('',(-24.8875,-240.025,1.3385125E+03));
#6983 = VECTOR('',#6984,1.);
#6984 = DIRECTION('',(0.,1.,0.));
#6985 = ORIENTED_EDGE('',*,*,#6986,.T.);
#6986 = EDGE_CURVE('',#6979,#6979,#6987,.T.);
#6987 = CIRCLE('',#6988,1.2);
#6988 = AXIS2_PLACEMENT_3D('',#6989,#6990,#6991);
#6989 = CARTESIAN_POINT('',(-24.8875,-240.025,1.3373125E+03));
#6990 = DIRECTION('',(0.,1.,0.));
#6991 = DIRECTION('',(0.,0.,1.));
#6992 = ORIENTED_EDGE('',*,*,#6978,.T.);
#6993 = CYLINDRICAL_SURFACE('',#6994,1.2);
#6994 = AXIS2_PLACEMENT_3D('',#6995,#6996,#6997);
#6995 = CARTESIAN_POINT('',(-24.8875,-240.025,1.3373125E+03));
#6996 = DIRECTION('',(0.,1.,0.));
#6997 = DIRECTION('',(0.,0.,1.));
#6998 = ADVANCED_FACE('',(#6999),#7002,.T.);
#6999 = FACE_BOUND('',#7000,.T.);
#7000 = EDGE_LOOP('',(#7001));
#7001 = ORIENTED_EDGE('',*,*,#6969,.T.);
#7002 = PLANE('',#7003);
#7003 = AXIS2_PLACEMENT_3D('',#7004,#7005,#7006);
#7004 = CARTESIAN_POINT('',(-24.8875,220.025,1.3373125E+03));
#7005 = DIRECTION('',(0.,1.,0.));
#7006 = DIRECTION('',(0.,0.,1.));
#7007 = ADVANCED_FACE('',(#7008),#7011,.F.);
#7008 = FACE_BOUND('',#7009,.T.);
#7009 = EDGE_LOOP('',(#7010));
#7010 = ORIENTED_EDGE('',*,*,#6986,.F.);
#7011 = PLANE('',#7012);
#7012 = AXIS2_PLACEMENT_3D('',#7013,#7014,#7015);
#7013 = CARTESIAN_POINT('',(-24.8875,-240.025,1.3373125E+03));
#7014 = DIRECTION('',(0.,1.,0.));
#7015 = DIRECTION('',(0.,0.,1.));
#7016 = MANIFOLD_SOLID_BREP('',#7017);
#7017 = CLOSED_SHELL('',(#7018,#7051,#7060));
#7018 = ADVANCED_FACE('',(#7019),#7046,.T.);
#7019 = FACE_BOUND('',#7020,.T.);
#7020 = EDGE_LOOP('',(#7021,#7030,#7038,#7045));
#7021 = ORIENTED_EDGE('',*,*,#7022,.F.);
#7022 = EDGE_CURVE('',#7023,#7023,#7025,.T.);
#7023 = VERTEX_POINT('',#7024);
#7024 = CARTESIAN_POINT('',(-2.939152317954E-16,220.025,1.3385125E+03));
#7025 = CIRCLE('',#7026,1.2);
#7026 = AXIS2_PLACEMENT_3D('',#7027,#7028,#7029);
#7027 = CARTESIAN_POINT('',(0.,220.025,1.3373125E+03));
#7028 = DIRECTION('',(0.,1.,0.));
#7029 = DIRECTION('',(0.,0.,1.));
#7030 = ORIENTED_EDGE('',*,*,#7031,.F.);
#7031 = EDGE_CURVE('',#7032,#7023,#7034,.T.);
#7032 = VERTEX_POINT('',#7033);
#7033 = CARTESIAN_POINT('',(-2.939152317954E-16,-240.025,1.3385125E+03)
  );
#7034 = LINE('',#7035,#7036);
#7035 = CARTESIAN_POINT('',(-2.939152317954E-16,-240.025,1.3385125E+03)
  );
#7036 = VECTOR('',#7037,1.);
#7037 = DIRECTION('',(0.,1.,0.));
#7038 = ORIENTED_EDGE('',*,*,#7039,.T.);
#7039 = EDGE_CURVE('',#7032,#7032,#7040,.T.);
#7040 = CIRCLE('',#7041,1.2);
#7041 = AXIS2_PLACEMENT_3D('',#7042,#7043,#7044);
#7042 = CARTESIAN_POINT('',(0.,-240.025,1.3373125E+03));
#7043 = DIRECTION('',(0.,1.,0.));
#7044 = DIRECTION('',(0.,0.,1.));
#7045 = ORIENTED_EDGE('',*,*,#7031,.T.);
#7046 = CYLINDRICAL_SURFACE('',#7047,1.2);
#7047 = AXIS2_PLACEMENT_3D('',#7048,#7049,#7050);
#7048 = CARTESIAN_POINT('',(0.,-240.025,1.3373125E+03));
#7049 = DIRECTION('',(0.,1.,0.));
#7050 = DIRECTION('',(0.,0.,1.));
#7051 = ADVANCED_FACE('',(#7052),#7055,.T.);
#7052 = FACE_BOUND('',#7053,.T.);
#7053 = EDGE_LOOP('',(#7054));
#7054 = ORIENTED_EDGE('',*,*,#7022,.T.);
#7055 = PLANE('',#7056);
#7056 = AXIS2_PLACEMENT_3D('',#7057,#7058,#7059);
#7057 = CARTESIAN_POINT('',(0.,220.025,1.3373125E+03));
#7058 = DIRECTION('',(0.,1.,0.));
#7059 = DIRECTION('',(0.,0.,1.));
#7060 = ADVANCED_FACE('',(#7061),#7064,.F.);
#7061 = FACE_BOUND('',#7062,.T.);
#7062 = EDGE_LOOP('',(#7063));
#7063 = ORIENTED_EDGE('',*,*,#7039,.F.);
#7064 = PLANE('',#7065);
#7065 = AXIS2_PLACEMENT_3D('',#7066,#7067,#7068);
#7066 = CARTESIAN_POINT('',(0.,-240.025,1.3373125E+03));
#7067 = DIRECTION('',(0.,1.,0.));
#7068 = DIRECTION('',(0.,0.,1.));
#7069 = MANIFOLD_SOLID_BREP('',#7070);
#7070 = CLOSED_SHELL('',(#7071,#7104,#7113));
#7071 = ADVANCED_FACE('',(#7072),#7099,.T.);
#7072 = FACE_BOUND('',#7073,.T.);
#7073 = EDGE_LOOP('',(#7074,#7083,#7091,#7098));
#7074 = ORIENTED_EDGE('',*,*,#7075,.F.);
#7075 = EDGE_CURVE('',#7076,#7076,#7078,.T.);
#7076 = VERTEX_POINT('',#7077);
#7077 = CARTESIAN_POINT('',(24.8875,220.025,1.3385125E+03));
#7078 = CIRCLE('',#7079,1.2);
#7079 = AXIS2_PLACEMENT_3D('',#7080,#7081,#7082);
#7080 = CARTESIAN_POINT('',(24.8875,220.025,1.3373125E+03));
#7081 = DIRECTION('',(0.,1.,0.));
#7082 = DIRECTION('',(0.,0.,1.));
#7083 = ORIENTED_EDGE('',*,*,#7084,.F.);
#7084 = EDGE_CURVE('',#7085,#7076,#7087,.T.);
#7085 = VERTEX_POINT('',#7086);
#7086 = CARTESIAN_POINT('',(24.8875,-240.025,1.3385125E+03));
#7087 = LINE('',#7088,#7089);
#7088 = CARTESIAN_POINT('',(24.8875,-240.025,1.3385125E+03));
#7089 = VECTOR('',#7090,1.);
#7090 = DIRECTION('',(0.,1.,0.));
#7091 = ORIENTED_EDGE('',*,*,#7092,.T.);
#7092 = EDGE_CURVE('',#7085,#7085,#7093,.T.);
#7093 = CIRCLE('',#7094,1.2);
#7094 = AXIS2_PLACEMENT_3D('',#7095,#7096,#7097);
#7095 = CARTESIAN_POINT('',(24.8875,-240.025,1.3373125E+03));
#7096 = DIRECTION('',(0.,1.,0.));
#7097 = DIRECTION('',(0.,0.,1.));
#7098 = ORIENTED_EDGE('',*,*,#7084,.T.);
#7099 = CYLINDRICAL_SURFACE('',#7100,1.2);
#7100 = AXIS2_PLACEMENT_3D('',#7101,#7102,#7103);
#7101 = CARTESIAN_POINT('',(24.8875,-240.025,1.3373125E+03));
#7102 = DIRECTION('',(0.,1.,0.));
#7103 = DIRECTION('',(0.,0.,1.));
#7104 = ADVANCED_FACE('',(#7105),#7108,.T.);
#7105 = FACE_BOUND('',#7106,.T.);
#7106 = EDGE_LOOP('',(#7107));
#7107 = ORIENTED_EDGE('',*,*,#7075,.T.);
#7108 = PLANE('',#7109);
#7109 = AXIS2_PLACEMENT_3D('',#7110,#7111,#7112);
#7110 = CARTESIAN_POINT('',(24.8875,220.025,1.3373125E+03));
#7111 = DIRECTION('',(0.,1.,0.));
#7112 = DIRECTION('',(0.,0.,1.));
#7113 = ADVANCED_FACE('',(#7114),#7117,.F.);
#7114 = FACE_BOUND('',#7115,.T.);
#7115 = EDGE_LOOP('',(#7116));
#7116 = ORIENTED_EDGE('',*,*,#7092,.F.);
#7117 = PLANE('',#7118);
#7118 = AXIS2_PLACEMENT_3D('',#7119,#7120,#7121);
#7119 = CARTESIAN_POINT('',(24.8875,-240.025,1.3373125E+03));
#7120 = DIRECTION('',(0.,1.,0.));
#7121 = DIRECTION('',(0.,0.,1.));
#7122 = MANIFOLD_SOLID_BREP('',#7123);
#7123 = CLOSED_SHELL('',(#7124,#7157,#7166));
#7124 = ADVANCED_FACE('',(#7125),#7152,.T.);
#7125 = FACE_BOUND('',#7126,.T.);
#7126 = EDGE_LOOP('',(#7127,#7136,#7144,#7151));
#7127 = ORIENTED_EDGE('',*,*,#7128,.F.);
#7128 = EDGE_CURVE('',#7129,#7129,#7131,.T.);
#7129 = VERTEX_POINT('',#7130);
#7130 = CARTESIAN_POINT('',(49.775,220.025,1.3385125E+03));
#7131 = CIRCLE('',#7132,1.2);
#7132 = AXIS2_PLACEMENT_3D('',#7133,#7134,#7135);
#7133 = CARTESIAN_POINT('',(49.775,220.025,1.3373125E+03));
#7134 = DIRECTION('',(0.,1.,0.));
#7135 = DIRECTION('',(0.,0.,1.));
#7136 = ORIENTED_EDGE('',*,*,#7137,.F.);
#7137 = EDGE_CURVE('',#7138,#7129,#7140,.T.);
#7138 = VERTEX_POINT('',#7139);
#7139 = CARTESIAN_POINT('',(49.775,-240.025,1.3385125E+03));
#7140 = LINE('',#7141,#7142);
#7141 = CARTESIAN_POINT('',(49.775,-240.025,1.3385125E+03));
#7142 = VECTOR('',#7143,1.);
#7143 = DIRECTION('',(0.,1.,0.));
#7144 = ORIENTED_EDGE('',*,*,#7145,.T.);
#7145 = EDGE_CURVE('',#7138,#7138,#7146,.T.);
#7146 = CIRCLE('',#7147,1.2);
#7147 = AXIS2_PLACEMENT_3D('',#7148,#7149,#7150);
#7148 = CARTESIAN_POINT('',(49.775,-240.025,1.3373125E+03));
#7149 = DIRECTION('',(0.,1.,0.));
#7150 = DIRECTION('',(0.,0.,1.));
#7151 = ORIENTED_EDGE('',*,*,#7137,.T.);
#7152 = CYLINDRICAL_SURFACE('',#7153,1.2);
#7153 = AXIS2_PLACEMENT_3D('',#7154,#7155,#7156);
#7154 = CARTESIAN_POINT('',(49.775,-240.025,1.3373125E+03));
#7155 = DIRECTION('',(0.,1.,0.));
#7156 = DIRECTION('',(0.,0.,1.));
#7157 = ADVANCED_FACE('',(#7158),#7161,.T.);
#7158 = FACE_BOUND('',#7159,.T.);
#7159 = EDGE_LOOP('',(#7160));
#7160 = ORIENTED_EDGE('',*,*,#7128,.T.);
#7161 = PLANE('',#7162);
#7162 = AXIS2_PLACEMENT_3D('',#7163,#7164,#7165);
#7163 = CARTESIAN_POINT('',(49.775,220.025,1.3373125E+03));
#7164 = DIRECTION('',(0.,1.,0.));
#7165 = DIRECTION('',(0.,0.,1.));
#7166 = ADVANCED_FACE('',(#7167),#7170,.F.);
#7167 = FACE_BOUND('',#7168,.T.);
#7168 = EDGE_LOOP('',(#7169));
#7169 = ORIENTED_EDGE('',*,*,#7145,.F.);
#7170 = PLANE('',#7171);
#7171 = AXIS2_PLACEMENT_3D('',#7172,#7173,#7174);
#7172 = CARTESIAN_POINT('',(49.775,-240.025,1.3373125E+03));
#7173 = DIRECTION('',(0.,1.,0.));
#7174 = DIRECTION('',(0.,0.,1.));
#7175 = MANIFOLD_SOLID_BREP('',#7176);
#7176 = CLOSED_SHELL('',(#7177,#7210,#7219));
#7177 = ADVANCED_FACE('',(#7178),#7205,.T.);
#7178 = FACE_BOUND('',#7179,.T.);
#7179 = EDGE_LOOP('',(#7180,#7189,#7197,#7204));
#7180 = ORIENTED_EDGE('',*,*,#7181,.F.);
#7181 = EDGE_CURVE('',#7182,#7182,#7184,.T.);
#7182 = VERTEX_POINT('',#7183);
#7183 = CARTESIAN_POINT('',(74.6625,220.025,1.3385125E+03));
#7184 = CIRCLE('',#7185,1.2);
#7185 = AXIS2_PLACEMENT_3D('',#7186,#7187,#7188);
#7186 = CARTESIAN_POINT('',(74.6625,220.025,1.3373125E+03));
#7187 = DIRECTION('',(0.,1.,0.));
#7188 = DIRECTION('',(0.,0.,1.));
#7189 = ORIENTED_EDGE('',*,*,#7190,.F.);
#7190 = EDGE_CURVE('',#7191,#7182,#7193,.T.);
#7191 = VERTEX_POINT('',#7192);
#7192 = CARTESIAN_POINT('',(74.6625,-240.025,1.3385125E+03));
#7193 = LINE('',#7194,#7195);
#7194 = CARTESIAN_POINT('',(74.6625,-240.025,1.3385125E+03));
#7195 = VECTOR('',#7196,1.);
#7196 = DIRECTION('',(0.,1.,0.));
#7197 = ORIENTED_EDGE('',*,*,#7198,.T.);
#7198 = EDGE_CURVE('',#7191,#7191,#7199,.T.);
#7199 = CIRCLE('',#7200,1.2);
#7200 = AXIS2_PLACEMENT_3D('',#7201,#7202,#7203);
#7201 = CARTESIAN_POINT('',(74.6625,-240.025,1.3373125E+03));
#7202 = DIRECTION('',(0.,1.,0.));
#7203 = DIRECTION('',(0.,0.,1.));
#7204 = ORIENTED_EDGE('',*,*,#7190,.T.);
#7205 = CYLINDRICAL_SURFACE('',#7206,1.2);
#7206 = AXIS2_PLACEMENT_3D('',#7207,#7208,#7209);
#7207 = CARTESIAN_POINT('',(74.6625,-240.025,1.3373125E+03));
#7208 = DIRECTION('',(0.,1.,0.));
#7209 = DIRECTION('',(0.,0.,1.));
#7210 = ADVANCED_FACE('',(#7211),#7214,.T.);
#7211 = FACE_BOUND('',#7212,.T.);
#7212 = EDGE_LOOP('',(#7213));
#7213 = ORIENTED_EDGE('',*,*,#7181,.T.);
#7214 = PLANE('',#7215);
#7215 = AXIS2_PLACEMENT_3D('',#7216,#7217,#7218);
#7216 = CARTESIAN_POINT('',(74.6625,220.025,1.3373125E+03));
#7217 = DIRECTION('',(0.,1.,0.));
#7218 = DIRECTION('',(0.,0.,1.));
#7219 = ADVANCED_FACE('',(#7220),#7223,.F.);
#7220 = FACE_BOUND('',#7221,.T.);
#7221 = EDGE_LOOP('',(#7222));
#7222 = ORIENTED_EDGE('',*,*,#7198,.F.);
#7223 = PLANE('',#7224);
#7224 = AXIS2_PLACEMENT_3D('',#7225,#7226,#7227);
#7225 = CARTESIAN_POINT('',(74.6625,-240.025,1.3373125E+03));
#7226 = DIRECTION('',(0.,1.,0.));
#7227 = DIRECTION('',(0.,0.,1.));
#7228 = MANIFOLD_SOLID_BREP('',#7229);
#7229 = CLOSED_SHELL('',(#7230,#7263,#7272));
#7230 = ADVANCED_FACE('',(#7231),#7258,.T.);
#7231 = FACE_BOUND('',#7232,.T.);
#7232 = EDGE_LOOP('',(#7233,#7242,#7250,#7257));
#7233 = ORIENTED_EDGE('',*,*,#7234,.F.);
#7234 = EDGE_CURVE('',#7235,#7235,#7237,.T.);
#7235 = VERTEX_POINT('',#7236);
#7236 = CARTESIAN_POINT('',(99.55,220.025,1.3385125E+03));
#7237 = CIRCLE('',#7238,1.2);
#7238 = AXIS2_PLACEMENT_3D('',#7239,#7240,#7241);
#7239 = CARTESIAN_POINT('',(99.55,220.025,1.3373125E+03));
#7240 = DIRECTION('',(0.,1.,0.));
#7241 = DIRECTION('',(0.,0.,1.));
#7242 = ORIENTED_EDGE('',*,*,#7243,.F.);
#7243 = EDGE_CURVE('',#7244,#7235,#7246,.T.);
#7244 = VERTEX_POINT('',#7245);
#7245 = CARTESIAN_POINT('',(99.55,-240.025,1.3385125E+03));
#7246 = LINE('',#7247,#7248);
#7247 = CARTESIAN_POINT('',(99.55,-240.025,1.3385125E+03));
#7248 = VECTOR('',#7249,1.);
#7249 = DIRECTION('',(0.,1.,0.));
#7250 = ORIENTED_EDGE('',*,*,#7251,.T.);
#7251 = EDGE_CURVE('',#7244,#7244,#7252,.T.);
#7252 = CIRCLE('',#7253,1.2);
#7253 = AXIS2_PLACEMENT_3D('',#7254,#7255,#7256);
#7254 = CARTESIAN_POINT('',(99.55,-240.025,1.3373125E+03));
#7255 = DIRECTION('',(0.,1.,0.));
#7256 = DIRECTION('',(0.,0.,1.));
#7257 = ORIENTED_EDGE('',*,*,#7243,.T.);
#7258 = CYLINDRICAL_SURFACE('',#7259,1.2);
#7259 = AXIS2_PLACEMENT_3D('',#7260,#7261,#7262);
#7260 = CARTESIAN_POINT('',(99.55,-240.025,1.3373125E+03));
#7261 = DIRECTION('',(0.,1.,0.));
#7262 = DIRECTION('',(0.,0.,1.));
#7263 = ADVANCED_FACE('',(#7264),#7267,.T.);
#7264 = FACE_BOUND('',#7265,.T.);
#7265 = EDGE_LOOP('',(#7266));
#7266 = ORIENTED_EDGE('',*,*,#7234,.T.);
#7267 = PLANE('',#7268);
#7268 = AXIS2_PLACEMENT_3D('',#7269,#7270,#7271);
#7269 = CARTESIAN_POINT('',(99.55,220.025,1.3373125E+03));
#7270 = DIRECTION('',(0.,1.,0.));
#7271 = DIRECTION('',(0.,0.,1.));
#7272 = ADVANCED_FACE('',(#7273),#7276,.F.);
#7273 = FACE_BOUND('',#7274,.T.);
#7274 = EDGE_LOOP('',(#7275));
#7275 = ORIENTED_EDGE('',*,*,#7251,.F.);
#7276 = PLANE('',#7277);
#7277 = AXIS2_PLACEMENT_3D('',#7278,#7279,#7280);
#7278 = CARTESIAN_POINT('',(99.55,-240.025,1.3373125E+03));
#7279 = DIRECTION('',(0.,1.,0.));
#7280 = DIRECTION('',(0.,0.,1.));
#7281 = MANIFOLD_SOLID_BREP('',#7282);
#7282 = CLOSED_SHELL('',(#7283,#7316,#7325));
#7283 = ADVANCED_FACE('',(#7284),#7311,.T.);
#7284 = FACE_BOUND('',#7285,.T.);
#7285 = EDGE_LOOP('',(#7286,#7295,#7303,#7310));
#7286 = ORIENTED_EDGE('',*,*,#7287,.F.);
#7287 = EDGE_CURVE('',#7288,#7288,#7290,.T.);
#7288 = VERTEX_POINT('',#7289);
#7289 = CARTESIAN_POINT('',(124.4375,220.025,1.3385125E+03));
#7290 = CIRCLE('',#7291,1.2);
#7291 = AXIS2_PLACEMENT_3D('',#7292,#7293,#7294);
#7292 = CARTESIAN_POINT('',(124.4375,220.025,1.3373125E+03));
#7293 = DIRECTION('',(0.,1.,0.));
#7294 = DIRECTION('',(0.,0.,1.));
#7295 = ORIENTED_EDGE('',*,*,#7296,.F.);
#7296 = EDGE_CURVE('',#7297,#7288,#7299,.T.);
#7297 = VERTEX_POINT('',#7298);
#7298 = CARTESIAN_POINT('',(124.4375,-240.025,1.3385125E+03));
#7299 = LINE('',#7300,#7301);
#7300 = CARTESIAN_POINT('',(124.4375,-240.025,1.3385125E+03));
#7301 = VECTOR('',#7302,1.);
#7302 = DIRECTION('',(0.,1.,0.));
#7303 = ORIENTED_EDGE('',*,*,#7304,.T.);
#7304 = EDGE_CURVE('',#7297,#7297,#7305,.T.);
#7305 = CIRCLE('',#7306,1.2);
#7306 = AXIS2_PLACEMENT_3D('',#7307,#7308,#7309);
#7307 = CARTESIAN_POINT('',(124.4375,-240.025,1.3373125E+03));
#7308 = DIRECTION('',(0.,1.,0.));
#7309 = DIRECTION('',(0.,0.,1.));
#7310 = ORIENTED_EDGE('',*,*,#7296,.T.);
#7311 = CYLINDRICAL_SURFACE('',#7312,1.2);
#7312 = AXIS2_PLACEMENT_3D('',#7313,#7314,#7315);
#7313 = CARTESIAN_POINT('',(124.4375,-240.025,1.3373125E+03));
#7314 = DIRECTION('',(0.,1.,0.));
#7315 = DIRECTION('',(0.,0.,1.));
#7316 = ADVANCED_FACE('',(#7317),#7320,.T.);
#7317 = FACE_BOUND('',#7318,.T.);
#7318 = EDGE_LOOP('',(#7319));
#7319 = ORIENTED_EDGE('',*,*,#7287,.T.);
#7320 = PLANE('',#7321);
#7321 = AXIS2_PLACEMENT_3D('',#7322,#7323,#7324);
#7322 = CARTESIAN_POINT('',(124.4375,220.025,1.3373125E+03));
#7323 = DIRECTION('',(0.,1.,0.));
#7324 = DIRECTION('',(0.,0.,1.));
#7325 = ADVANCED_FACE('',(#7326),#7329,.F.);
#7326 = FACE_BOUND('',#7327,.T.);
#7327 = EDGE_LOOP('',(#7328));
#7328 = ORIENTED_EDGE('',*,*,#7304,.F.);
#7329 = PLANE('',#7330);
#7330 = AXIS2_PLACEMENT_3D('',#7331,#7332,#7333);
#7331 = CARTESIAN_POINT('',(124.4375,-240.025,1.3373125E+03));
#7332 = DIRECTION('',(0.,1.,0.));
#7333 = DIRECTION('',(0.,0.,1.));
#7334 = MANIFOLD_SOLID_BREP('',#7335);
#7335 = CLOSED_SHELL('',(#7336,#7369,#7378));
#7336 = ADVANCED_FACE('',(#7337),#7364,.T.);
#7337 = FACE_BOUND('',#7338,.T.);
#7338 = EDGE_LOOP('',(#7339,#7348,#7356,#7363));
#7339 = ORIENTED_EDGE('',*,*,#7340,.F.);
#7340 = EDGE_CURVE('',#7341,#7341,#7343,.T.);
#7341 = VERTEX_POINT('',#7342);
#7342 = CARTESIAN_POINT('',(149.325,220.025,1.3385125E+03));
#7343 = CIRCLE('',#7344,1.2);
#7344 = AXIS2_PLACEMENT_3D('',#7345,#7346,#7347);
#7345 = CARTESIAN_POINT('',(149.325,220.025,1.3373125E+03));
#7346 = DIRECTION('',(0.,1.,0.));
#7347 = DIRECTION('',(0.,0.,1.));
#7348 = ORIENTED_EDGE('',*,*,#7349,.F.);
#7349 = EDGE_CURVE('',#7350,#7341,#7352,.T.);
#7350 = VERTEX_POINT('',#7351);
#7351 = CARTESIAN_POINT('',(149.325,-240.025,1.3385125E+03));
#7352 = LINE('',#7353,#7354);
#7353 = CARTESIAN_POINT('',(149.325,-240.025,1.3385125E+03));
#7354 = VECTOR('',#7355,1.);
#7355 = DIRECTION('',(0.,1.,0.));
#7356 = ORIENTED_EDGE('',*,*,#7357,.T.);
#7357 = EDGE_CURVE('',#7350,#7350,#7358,.T.);
#7358 = CIRCLE('',#7359,1.2);
#7359 = AXIS2_PLACEMENT_3D('',#7360,#7361,#7362);
#7360 = CARTESIAN_POINT('',(149.325,-240.025,1.3373125E+03));
#7361 = DIRECTION('',(0.,1.,0.));
#7362 = DIRECTION('',(0.,0.,1.));
#7363 = ORIENTED_EDGE('',*,*,#7349,.T.);
#7364 = CYLINDRICAL_SURFACE('',#7365,1.2);
#7365 = AXIS2_PLACEMENT_3D('',#7366,#7367,#7368);
#7366 = CARTESIAN_POINT('',(149.325,-240.025,1.3373125E+03));
#7367 = DIRECTION('',(0.,1.,0.));
#7368 = DIRECTION('',(0.,0.,1.));
#7369 = ADVANCED_FACE('',(#7370),#7373,.T.);
#7370 = FACE_BOUND('',#7371,.T.);
#7371 = EDGE_LOOP('',(#7372));
#7372 = ORIENTED_EDGE('',*,*,#7340,.T.);
#7373 = PLANE('',#7374);
#7374 = AXIS2_PLACEMENT_3D('',#7375,#7376,#7377);
#7375 = CARTESIAN_POINT('',(149.325,220.025,1.3373125E+03));
#7376 = DIRECTION('',(0.,1.,0.));
#7377 = DIRECTION('',(0.,0.,1.));
#7378 = ADVANCED_FACE('',(#7379),#7382,.F.);
#7379 = FACE_BOUND('',#7380,.T.);
#7380 = EDGE_LOOP('',(#7381));
#7381 = ORIENTED_EDGE('',*,*,#7357,.F.);
#7382 = PLANE('',#7383);
#7383 = AXIS2_PLACEMENT_3D('',#7384,#7385,#7386);
#7384 = CARTESIAN_POINT('',(149.325,-240.025,1.3373125E+03));
#7385 = DIRECTION('',(0.,1.,0.));
#7386 = DIRECTION('',(0.,0.,1.));
#7387 = MANIFOLD_SOLID_BREP('',#7388);
#7388 = CLOSED_SHELL('',(#7389,#7422,#7431));
#7389 = ADVANCED_FACE('',(#7390),#7417,.T.);
#7390 = FACE_BOUND('',#7391,.T.);
#7391 = EDGE_LOOP('',(#7392,#7401,#7409,#7416));
#7392 = ORIENTED_EDGE('',*,*,#7393,.F.);
#7393 = EDGE_CURVE('',#7394,#7394,#7396,.T.);
#7394 = VERTEX_POINT('',#7395);
#7395 = CARTESIAN_POINT('',(174.2125,220.025,1.3385125E+03));
#7396 = CIRCLE('',#7397,1.2);
#7397 = AXIS2_PLACEMENT_3D('',#7398,#7399,#7400);
#7398 = CARTESIAN_POINT('',(174.2125,220.025,1.3373125E+03));
#7399 = DIRECTION('',(0.,1.,0.));
#7400 = DIRECTION('',(0.,0.,1.));
#7401 = ORIENTED_EDGE('',*,*,#7402,.F.);
#7402 = EDGE_CURVE('',#7403,#7394,#7405,.T.);
#7403 = VERTEX_POINT('',#7404);
#7404 = CARTESIAN_POINT('',(174.2125,-240.025,1.3385125E+03));
#7405 = LINE('',#7406,#7407);
#7406 = CARTESIAN_POINT('',(174.2125,-240.025,1.3385125E+03));
#7407 = VECTOR('',#7408,1.);
#7408 = DIRECTION('',(0.,1.,0.));
#7409 = ORIENTED_EDGE('',*,*,#7410,.T.);
#7410 = EDGE_CURVE('',#7403,#7403,#7411,.T.);
#7411 = CIRCLE('',#7412,1.2);
#7412 = AXIS2_PLACEMENT_3D('',#7413,#7414,#7415);
#7413 = CARTESIAN_POINT('',(174.2125,-240.025,1.3373125E+03));
#7414 = DIRECTION('',(0.,1.,0.));
#7415 = DIRECTION('',(0.,0.,1.));
#7416 = ORIENTED_EDGE('',*,*,#7402,.T.);
#7417 = CYLINDRICAL_SURFACE('',#7418,1.2);
#7418 = AXIS2_PLACEMENT_3D('',#7419,#7420,#7421);
#7419 = CARTESIAN_POINT('',(174.2125,-240.025,1.3373125E+03));
#7420 = DIRECTION('',(0.,1.,0.));
#7421 = DIRECTION('',(0.,0.,1.));
#7422 = ADVANCED_FACE('',(#7423),#7426,.T.);
#7423 = FACE_BOUND('',#7424,.T.);
#7424 = EDGE_LOOP('',(#7425));
#7425 = ORIENTED_EDGE('',*,*,#7393,.T.);
#7426 = PLANE('',#7427);
#7427 = AXIS2_PLACEMENT_3D('',#7428,#7429,#7430);
#7428 = CARTESIAN_POINT('',(174.2125,220.025,1.3373125E+03));
#7429 = DIRECTION('',(0.,1.,0.));
#7430 = DIRECTION('',(0.,0.,1.));
#7431 = ADVANCED_FACE('',(#7432),#7435,.F.);
#7432 = FACE_BOUND('',#7433,.T.);
#7433 = EDGE_LOOP('',(#7434));
#7434 = ORIENTED_EDGE('',*,*,#7410,.F.);
#7435 = PLANE('',#7436);
#7436 = AXIS2_PLACEMENT_3D('',#7437,#7438,#7439);
#7437 = CARTESIAN_POINT('',(174.2125,-240.025,1.3373125E+03));
#7438 = DIRECTION('',(0.,1.,0.));
#7439 = DIRECTION('',(0.,0.,1.));
#7440 = MANIFOLD_SOLID_BREP('',#7441);
#7441 = CLOSED_SHELL('',(#7442,#7475,#7484));
#7442 = ADVANCED_FACE('',(#7443),#7470,.T.);
#7443 = FACE_BOUND('',#7444,.T.);
#7444 = EDGE_LOOP('',(#7445,#7454,#7462,#7469));
#7445 = ORIENTED_EDGE('',*,*,#7446,.F.);
#7446 = EDGE_CURVE('',#7447,#7447,#7449,.T.);
#7447 = VERTEX_POINT('',#7448);
#7448 = CARTESIAN_POINT('',(199.1,220.025,1.3385125E+03));
#7449 = CIRCLE('',#7450,1.2);
#7450 = AXIS2_PLACEMENT_3D('',#7451,#7452,#7453);
#7451 = CARTESIAN_POINT('',(199.1,220.025,1.3373125E+03));
#7452 = DIRECTION('',(0.,1.,0.));
#7453 = DIRECTION('',(0.,0.,1.));
#7454 = ORIENTED_EDGE('',*,*,#7455,.F.);
#7455 = EDGE_CURVE('',#7456,#7447,#7458,.T.);
#7456 = VERTEX_POINT('',#7457);
#7457 = CARTESIAN_POINT('',(199.1,-240.025,1.3385125E+03));
#7458 = LINE('',#7459,#7460);
#7459 = CARTESIAN_POINT('',(199.1,-240.025,1.3385125E+03));
#7460 = VECTOR('',#7461,1.);
#7461 = DIRECTION('',(0.,1.,0.));
#7462 = ORIENTED_EDGE('',*,*,#7463,.T.);
#7463 = EDGE_CURVE('',#7456,#7456,#7464,.T.);
#7464 = CIRCLE('',#7465,1.2);
#7465 = AXIS2_PLACEMENT_3D('',#7466,#7467,#7468);
#7466 = CARTESIAN_POINT('',(199.1,-240.025,1.3373125E+03));
#7467 = DIRECTION('',(0.,1.,0.));
#7468 = DIRECTION('',(0.,0.,1.));
#7469 = ORIENTED_EDGE('',*,*,#7455,.T.);
#7470 = CYLINDRICAL_SURFACE('',#7471,1.2);
#7471 = AXIS2_PLACEMENT_3D('',#7472,#7473,#7474);
#7472 = CARTESIAN_POINT('',(199.1,-240.025,1.3373125E+03));
#7473 = DIRECTION('',(0.,1.,0.));
#7474 = DIRECTION('',(0.,0.,1.));
#7475 = ADVANCED_FACE('',(#7476),#7479,.T.);
#7476 = FACE_BOUND('',#7477,.T.);
#7477 = EDGE_LOOP('',(#7478));
#7478 = ORIENTED_EDGE('',*,*,#7446,.T.);
#7479 = PLANE('',#7480);
#7480 = AXIS2_PLACEMENT_3D('',#7481,#7482,#7483);
#7481 = CARTESIAN_POINT('',(199.1,220.025,1.3373125E+03));
#7482 = DIRECTION('',(0.,1.,0.));
#7483 = DIRECTION('',(0.,0.,1.));
#7484 = ADVANCED_FACE('',(#7485),#7488,.F.);
#7485 = FACE_BOUND('',#7486,.T.);
#7486 = EDGE_LOOP('',(#7487));
#7487 = ORIENTED_EDGE('',*,*,#7463,.F.);
#7488 = PLANE('',#7489);
#7489 = AXIS2_PLACEMENT_3D('',#7490,#7491,#7492);
#7490 = CARTESIAN_POINT('',(199.1,-240.025,1.3373125E+03));
#7491 = DIRECTION('',(0.,1.,0.));
#7492 = DIRECTION('',(0.,0.,1.));
#7493 = MANIFOLD_SOLID_BREP('',#7494);
#7494 = CLOSED_SHELL('',(#7495,#7528,#7537));
#7495 = ADVANCED_FACE('',(#7496),#7523,.T.);
#7496 = FACE_BOUND('',#7497,.T.);
#7497 = EDGE_LOOP('',(#7498,#7507,#7515,#7522));
#7498 = ORIENTED_EDGE('',*,*,#7499,.F.);
#7499 = EDGE_CURVE('',#7500,#7500,#7502,.T.);
#7500 = VERTEX_POINT('',#7501);
#7501 = CARTESIAN_POINT('',(223.9875,220.025,1.3385125E+03));
#7502 = CIRCLE('',#7503,1.2);
#7503 = AXIS2_PLACEMENT_3D('',#7504,#7505,#7506);
#7504 = CARTESIAN_POINT('',(223.9875,220.025,1.3373125E+03));
#7505 = DIRECTION('',(0.,1.,0.));
#7506 = DIRECTION('',(0.,0.,1.));
#7507 = ORIENTED_EDGE('',*,*,#7508,.F.);
#7508 = EDGE_CURVE('',#7509,#7500,#7511,.T.);
#7509 = VERTEX_POINT('',#7510);
#7510 = CARTESIAN_POINT('',(223.9875,-240.025,1.3385125E+03));
#7511 = LINE('',#7512,#7513);
#7512 = CARTESIAN_POINT('',(223.9875,-240.025,1.3385125E+03));
#7513 = VECTOR('',#7514,1.);
#7514 = DIRECTION('',(0.,1.,0.));
#7515 = ORIENTED_EDGE('',*,*,#7516,.T.);
#7516 = EDGE_CURVE('',#7509,#7509,#7517,.T.);
#7517 = CIRCLE('',#7518,1.2);
#7518 = AXIS2_PLACEMENT_3D('',#7519,#7520,#7521);
#7519 = CARTESIAN_POINT('',(223.9875,-240.025,1.3373125E+03));
#7520 = DIRECTION('',(0.,1.,0.));
#7521 = DIRECTION('',(0.,0.,1.));
#7522 = ORIENTED_EDGE('',*,*,#7508,.T.);
#7523 = CYLINDRICAL_SURFACE('',#7524,1.2);
#7524 = AXIS2_PLACEMENT_3D('',#7525,#7526,#7527);
#7525 = CARTESIAN_POINT('',(223.9875,-240.025,1.3373125E+03));
#7526 = DIRECTION('',(0.,1.,0.));
#7527 = DIRECTION('',(0.,0.,1.));
#7528 = ADVANCED_FACE('',(#7529),#7532,.T.);
#7529 = FACE_BOUND('',#7530,.T.);
#7530 = EDGE_LOOP('',(#7531));
#7531 = ORIENTED_EDGE('',*,*,#7499,.T.);
#7532 = PLANE('',#7533);
#7533 = AXIS2_PLACEMENT_3D('',#7534,#7535,#7536);
#7534 = CARTESIAN_POINT('',(223.9875,220.025,1.3373125E+03));
#7535 = DIRECTION('',(0.,1.,0.));
#7536 = DIRECTION('',(0.,0.,1.));
#7537 = ADVANCED_FACE('',(#7538),#7541,.F.);
#7538 = FACE_BOUND('',#7539,.T.);
#7539 = EDGE_LOOP('',(#7540));
#7540 = ORIENTED_EDGE('',*,*,#7516,.F.);
#7541 = PLANE('',#7542);
#7542 = AXIS2_PLACEMENT_3D('',#7543,#7544,#7545);
#7543 = CARTESIAN_POINT('',(223.9875,-240.025,1.3373125E+03));
#7544 = DIRECTION('',(0.,1.,0.));
#7545 = DIRECTION('',(0.,0.,1.));
#7546 = MANIFOLD_SOLID_BREP('',#7547);
#7547 = CLOSED_SHELL('',(#7548,#7581,#7590));
#7548 = ADVANCED_FACE('',(#7549),#7576,.T.);
#7549 = FACE_BOUND('',#7550,.T.);
#7550 = EDGE_LOOP('',(#7551,#7560,#7568,#7575));
#7551 = ORIENTED_EDGE('',*,*,#7552,.F.);
#7552 = EDGE_CURVE('',#7553,#7553,#7555,.T.);
#7553 = VERTEX_POINT('',#7554);
#7554 = CARTESIAN_POINT('',(248.875,220.025,1.3385125E+03));
#7555 = CIRCLE('',#7556,1.2);
#7556 = AXIS2_PLACEMENT_3D('',#7557,#7558,#7559);
#7557 = CARTESIAN_POINT('',(248.875,220.025,1.3373125E+03));
#7558 = DIRECTION('',(0.,1.,0.));
#7559 = DIRECTION('',(0.,0.,1.));
#7560 = ORIENTED_EDGE('',*,*,#7561,.F.);
#7561 = EDGE_CURVE('',#7562,#7553,#7564,.T.);
#7562 = VERTEX_POINT('',#7563);
#7563 = CARTESIAN_POINT('',(248.875,-240.025,1.3385125E+03));
#7564 = LINE('',#7565,#7566);
#7565 = CARTESIAN_POINT('',(248.875,-240.025,1.3385125E+03));
#7566 = VECTOR('',#7567,1.);
#7567 = DIRECTION('',(0.,1.,0.));
#7568 = ORIENTED_EDGE('',*,*,#7569,.T.);
#7569 = EDGE_CURVE('',#7562,#7562,#7570,.T.);
#7570 = CIRCLE('',#7571,1.2);
#7571 = AXIS2_PLACEMENT_3D('',#7572,#7573,#7574);
#7572 = CARTESIAN_POINT('',(248.875,-240.025,1.3373125E+03));
#7573 = DIRECTION('',(0.,1.,0.));
#7574 = DIRECTION('',(0.,0.,1.));
#7575 = ORIENTED_EDGE('',*,*,#7561,.T.);
#7576 = CYLINDRICAL_SURFACE('',#7577,1.2);
#7577 = AXIS2_PLACEMENT_3D('',#7578,#7579,#7580);
#7578 = CARTESIAN_POINT('',(248.875,-240.025,1.3373125E+03));
#7579 = DIRECTION('',(0.,1.,0.));
#7580 = DIRECTION('',(0.,0.,1.));
#7581 = ADVANCED_FACE('',(#7582),#7585,.T.);
#7582 = FACE_BOUND('',#7583,.T.);
#7583 = EDGE_LOOP('',(#7584));
#7584 = ORIENTED_EDGE('',*,*,#7552,.T.);
#7585 = PLANE('',#7586);
#7586 = AXIS2_PLACEMENT_3D('',#7587,#7588,#7589);
#7587 = CARTESIAN_POINT('',(248.875,220.025,1.3373125E+03));
#7588 = DIRECTION('',(0.,1.,0.));
#7589 = DIRECTION('',(0.,0.,1.));
#7590 = ADVANCED_FACE('',(#7591),#7594,.F.);
#7591 = FACE_BOUND('',#7592,.T.);
#7592 = EDGE_LOOP('',(#7593));
#7593 = ORIENTED_EDGE('',*,*,#7569,.F.);
#7594 = PLANE('',#7595);
#7595 = AXIS2_PLACEMENT_3D('',#7596,#7597,#7598);
#7596 = CARTESIAN_POINT('',(248.875,-240.025,1.3373125E+03));
#7597 = DIRECTION('',(0.,1.,0.));
#7598 = DIRECTION('',(0.,0.,1.));
#7599 = MANIFOLD_SOLID_BREP('',#7600);
#7600 = CLOSED_SHELL('',(#7601,#7634,#7643));
#7601 = ADVANCED_FACE('',(#7602),#7629,.T.);
#7602 = FACE_BOUND('',#7603,.T.);
#7603 = EDGE_LOOP('',(#7604,#7613,#7621,#7628));
#7604 = ORIENTED_EDGE('',*,*,#7605,.F.);
#7605 = EDGE_CURVE('',#7606,#7606,#7608,.T.);
#7606 = VERTEX_POINT('',#7607);
#7607 = CARTESIAN_POINT('',(273.7625,220.025,1.3385125E+03));
#7608 = CIRCLE('',#7609,1.2);
#7609 = AXIS2_PLACEMENT_3D('',#7610,#7611,#7612);
#7610 = CARTESIAN_POINT('',(273.7625,220.025,1.3373125E+03));
#7611 = DIRECTION('',(0.,1.,0.));
#7612 = DIRECTION('',(0.,0.,1.));
#7613 = ORIENTED_EDGE('',*,*,#7614,.F.);
#7614 = EDGE_CURVE('',#7615,#7606,#7617,.T.);
#7615 = VERTEX_POINT('',#7616);
#7616 = CARTESIAN_POINT('',(273.7625,-240.025,1.3385125E+03));
#7617 = LINE('',#7618,#7619);
#7618 = CARTESIAN_POINT('',(273.7625,-240.025,1.3385125E+03));
#7619 = VECTOR('',#7620,1.);
#7620 = DIRECTION('',(0.,1.,0.));
#7621 = ORIENTED_EDGE('',*,*,#7622,.T.);
#7622 = EDGE_CURVE('',#7615,#7615,#7623,.T.);
#7623 = CIRCLE('',#7624,1.2);
#7624 = AXIS2_PLACEMENT_3D('',#7625,#7626,#7627);
#7625 = CARTESIAN_POINT('',(273.7625,-240.025,1.3373125E+03));
#7626 = DIRECTION('',(0.,1.,0.));
#7627 = DIRECTION('',(0.,0.,1.));
#7628 = ORIENTED_EDGE('',*,*,#7614,.T.);
#7629 = CYLINDRICAL_SURFACE('',#7630,1.2);
#7630 = AXIS2_PLACEMENT_3D('',#7631,#7632,#7633);
#7631 = CARTESIAN_POINT('',(273.7625,-240.025,1.3373125E+03));
#7632 = DIRECTION('',(0.,1.,0.));
#7633 = DIRECTION('',(0.,0.,1.));
#7634 = ADVANCED_FACE('',(#7635),#7638,.T.);
#7635 = FACE_BOUND('',#7636,.T.);
#7636 = EDGE_LOOP('',(#7637));
#7637 = ORIENTED_EDGE('',*,*,#7605,.T.);
#7638 = PLANE('',#7639);
#7639 = AXIS2_PLACEMENT_3D('',#7640,#7641,#7642);
#7640 = CARTESIAN_POINT('',(273.7625,220.025,1.3373125E+03));
#7641 = DIRECTION('',(0.,1.,0.));
#7642 = DIRECTION('',(0.,0.,1.));
#7643 = ADVANCED_FACE('',(#7644),#7647,.F.);
#7644 = FACE_BOUND('',#7645,.T.);
#7645 = EDGE_LOOP('',(#7646));
#7646 = ORIENTED_EDGE('',*,*,#7622,.F.);
#7647 = PLANE('',#7648);
#7648 = AXIS2_PLACEMENT_3D('',#7649,#7650,#7651);
#7649 = CARTESIAN_POINT('',(273.7625,-240.025,1.3373125E+03));
#7650 = DIRECTION('',(0.,1.,0.));
#7651 = DIRECTION('',(0.,0.,1.));
#7652 = MANIFOLD_SOLID_BREP('',#7653);
#7653 = CLOSED_SHELL('',(#7654,#7687,#7706));
#7654 = ADVANCED_FACE('',(#7655),#7682,.T.);
#7655 = FACE_BOUND('',#7656,.T.);
#7656 = EDGE_LOOP('',(#7657,#7666,#7674,#7681));
#7657 = ORIENTED_EDGE('',*,*,#7658,.F.);
#7658 = EDGE_CURVE('',#7659,#7659,#7661,.T.);
#7659 = VERTEX_POINT('',#7660);
#7660 = CARTESIAN_POINT('',(208.,115.,224.3125));
#7661 = CIRCLE('',#7662,78.);
#7662 = AXIS2_PLACEMENT_3D('',#7663,#7664,#7665);
#7663 = CARTESIAN_POINT('',(130.,115.,224.3125));
#7664 = DIRECTION('',(0.,0.,1.));
#7665 = DIRECTION('',(1.,0.,0.));
#7666 = ORIENTED_EDGE('',*,*,#7667,.F.);
#7667 = EDGE_CURVE('',#7668,#7659,#7670,.T.);
#7668 = VERTEX_POINT('',#7669);
#7669 = CARTESIAN_POINT('',(208.,115.,119.3125));
#7670 = LINE('',#7671,#7672);
#7671 = CARTESIAN_POINT('',(208.,115.,119.3125));
#7672 = VECTOR('',#7673,1.);
#7673 = DIRECTION('',(0.,0.,1.));
#7674 = ORIENTED_EDGE('',*,*,#7675,.T.);
#7675 = EDGE_CURVE('',#7668,#7668,#7676,.T.);
#7676 = CIRCLE('',#7677,78.);
#7677 = AXIS2_PLACEMENT_3D('',#7678,#7679,#7680);
#7678 = CARTESIAN_POINT('',(130.,115.,119.3125));
#7679 = DIRECTION('',(0.,0.,1.));
#7680 = DIRECTION('',(1.,0.,0.));
#7681 = ORIENTED_EDGE('',*,*,#7667,.T.);
#7682 = CYLINDRICAL_SURFACE('',#7683,78.);
#7683 = AXIS2_PLACEMENT_3D('',#7684,#7685,#7686);
#7684 = CARTESIAN_POINT('',(130.,115.,119.3125));
#7685 = DIRECTION('',(0.,0.,1.));
#7686 = DIRECTION('',(1.,0.,0.));
#7687 = ADVANCED_FACE('',(#7688),#7701,.T.);
#7688 = FACE_BOUND('',#7689,.T.);
#7689 = EDGE_LOOP('',(#7690,#7699,#7700));
#7690 = ORIENTED_EDGE('',*,*,#7691,.F.);
#7691 = EDGE_CURVE('',#7659,#7692,#7694,.T.);
#7692 = VERTEX_POINT('',#7693);
#7693 = CARTESIAN_POINT('',(130.,115.,302.3125));
#7694 = CIRCLE('',#7695,78.);
#7695 = AXIS2_PLACEMENT_3D('',#7696,#7697,#7698);
#7696 = CARTESIAN_POINT('',(130.,115.,224.3125));
#7697 = DIRECTION('',(-2.449293598295E-16,-1.,0.));
#7698 = DIRECTION('',(1.,-2.449293598295E-16,0.));
#7699 = ORIENTED_EDGE('',*,*,#7658,.T.);
#7700 = ORIENTED_EDGE('',*,*,#7691,.T.);
#7701 = SPHERICAL_SURFACE('',#7702,78.);
#7702 = AXIS2_PLACEMENT_3D('',#7703,#7704,#7705);
#7703 = CARTESIAN_POINT('',(130.,115.,224.3125));
#7704 = DIRECTION('',(0.,0.,1.));
#7705 = DIRECTION('',(1.,0.,0.));
#7706 = ADVANCED_FACE('',(#7707),#7710,.F.);
#7707 = FACE_BOUND('',#7708,.T.);
#7708 = EDGE_LOOP('',(#7709));
#7709 = ORIENTED_EDGE('',*,*,#7675,.F.);
#7710 = PLANE('',#7711);
#7711 = AXIS2_PLACEMENT_3D('',#7712,#7713,#7714);
#7712 = CARTESIAN_POINT('',(130.,115.,119.3125));
#7713 = DIRECTION('',(0.,0.,1.));
#7714 = DIRECTION('',(1.,0.,0.));
#7715 = MANIFOLD_SOLID_BREP('',#7716);
#7716 = CLOSED_SHELL('',(#7717,#7757,#7797,#7819,#7841,#7853));
#7717 = ADVANCED_FACE('',(#7718),#7752,.F.);
#7718 = FACE_BOUND('',#7719,.F.);
#7719 = EDGE_LOOP('',(#7720,#7730,#7738,#7746));
#7720 = ORIENTED_EDGE('',*,*,#7721,.F.);
#7721 = EDGE_CURVE('',#7722,#7724,#7726,.T.);
#7722 = VERTEX_POINT('',#7723);
#7723 = CARTESIAN_POINT('',(42.5,46.,117.3125));
#7724 = VERTEX_POINT('',#7725);
#7725 = CARTESIAN_POINT('',(42.5,46.,123.3125));
#7726 = LINE('',#7727,#7728);
#7727 = CARTESIAN_POINT('',(42.5,46.,117.3125));
#7728 = VECTOR('',#7729,1.);
#7729 = DIRECTION('',(0.,0.,1.));
#7730 = ORIENTED_EDGE('',*,*,#7731,.T.);
#7731 = EDGE_CURVE('',#7722,#7732,#7734,.T.);
#7732 = VERTEX_POINT('',#7733);
#7733 = CARTESIAN_POINT('',(42.5,70.,117.3125));
#7734 = LINE('',#7735,#7736);
#7735 = CARTESIAN_POINT('',(42.5,46.,117.3125));
#7736 = VECTOR('',#7737,1.);
#7737 = DIRECTION('',(0.,1.,0.));
#7738 = ORIENTED_EDGE('',*,*,#7739,.T.);
#7739 = EDGE_CURVE('',#7732,#7740,#7742,.T.);
#7740 = VERTEX_POINT('',#7741);
#7741 = CARTESIAN_POINT('',(42.5,70.,123.3125));
#7742 = LINE('',#7743,#7744);
#7743 = CARTESIAN_POINT('',(42.5,70.,117.3125));
#7744 = VECTOR('',#7745,1.);
#7745 = DIRECTION('',(0.,0.,1.));
#7746 = ORIENTED_EDGE('',*,*,#7747,.F.);
#7747 = EDGE_CURVE('',#7724,#7740,#7748,.T.);
#7748 = LINE('',#7749,#7750);
#7749 = CARTESIAN_POINT('',(42.5,46.,123.3125));
#7750 = VECTOR('',#7751,1.);
#7751 = DIRECTION('',(0.,1.,0.));
#7752 = PLANE('',#7753);
#7753 = AXIS2_PLACEMENT_3D('',#7754,#7755,#7756);
#7754 = CARTESIAN_POINT('',(42.5,46.,117.3125));
#7755 = DIRECTION('',(1.,0.,0.));
#7756 = DIRECTION('',(0.,0.,1.));
#7757 = ADVANCED_FACE('',(#7758),#7792,.T.);
#7758 = FACE_BOUND('',#7759,.T.);
#7759 = EDGE_LOOP('',(#7760,#7770,#7778,#7786));
#7760 = ORIENTED_EDGE('',*,*,#7761,.F.);
#7761 = EDGE_CURVE('',#7762,#7764,#7766,.T.);
#7762 = VERTEX_POINT('',#7763);
#7763 = CARTESIAN_POINT('',(87.5,46.,117.3125));
#7764 = VERTEX_POINT('',#7765);
#7765 = CARTESIAN_POINT('',(87.5,46.,123.3125));
#7766 = LINE('',#7767,#7768);
#7767 = CARTESIAN_POINT('',(87.5,46.,117.3125));
#7768 = VECTOR('',#7769,1.);
#7769 = DIRECTION('',(0.,0.,1.));
#7770 = ORIENTED_EDGE('',*,*,#7771,.T.);
#7771 = EDGE_CURVE('',#7762,#7772,#7774,.T.);
#7772 = VERTEX_POINT('',#7773);
#7773 = CARTESIAN_POINT('',(87.5,70.,117.3125));
#7774 = LINE('',#7775,#7776);
#7775 = CARTESIAN_POINT('',(87.5,46.,117.3125));
#7776 = VECTOR('',#7777,1.);
#7777 = DIRECTION('',(0.,1.,0.));
#7778 = ORIENTED_EDGE('',*,*,#7779,.T.);
#7779 = EDGE_CURVE('',#7772,#7780,#7782,.T.);
#7780 = VERTEX_POINT('',#7781);
#7781 = CARTESIAN_POINT('',(87.5,70.,123.3125));
#7782 = LINE('',#7783,#7784);
#7783 = CARTESIAN_POINT('',(87.5,70.,117.3125));
#7784 = VECTOR('',#7785,1.);
#7785 = DIRECTION('',(0.,0.,1.));
#7786 = ORIENTED_EDGE('',*,*,#7787,.F.);
#7787 = EDGE_CURVE('',#7764,#7780,#7788,.T.);
#7788 = LINE('',#7789,#7790);
#7789 = CARTESIAN_POINT('',(87.5,46.,123.3125));
#7790 = VECTOR('',#7791,1.);
#7791 = DIRECTION('',(0.,1.,0.));
#7792 = PLANE('',#7793);
#7793 = AXIS2_PLACEMENT_3D('',#7794,#7795,#7796);
#7794 = CARTESIAN_POINT('',(87.5,46.,117.3125));
#7795 = DIRECTION('',(1.,0.,0.));
#7796 = DIRECTION('',(0.,0.,1.));
#7797 = ADVANCED_FACE('',(#7798),#7814,.F.);
#7798 = FACE_BOUND('',#7799,.F.);
#7799 = EDGE_LOOP('',(#7800,#7806,#7807,#7813));
#7800 = ORIENTED_EDGE('',*,*,#7801,.F.);
#7801 = EDGE_CURVE('',#7722,#7762,#7802,.T.);
#7802 = LINE('',#7803,#7804);
#7803 = CARTESIAN_POINT('',(42.5,46.,117.3125));
#7804 = VECTOR('',#7805,1.);
#7805 = DIRECTION('',(1.,0.,0.));
#7806 = ORIENTED_EDGE('',*,*,#7721,.T.);
#7807 = ORIENTED_EDGE('',*,*,#7808,.T.);
#7808 = EDGE_CURVE('',#7724,#7764,#7809,.T.);
#7809 = LINE('',#7810,#7811);
#7810 = CARTESIAN_POINT('',(42.5,46.,123.3125));
#7811 = VECTOR('',#7812,1.);
#7812 = DIRECTION('',(1.,0.,0.));
#7813 = ORIENTED_EDGE('',*,*,#7761,.F.);
#7814 = PLANE('',#7815);
#7815 = AXIS2_PLACEMENT_3D('',#7816,#7817,#7818);
#7816 = CARTESIAN_POINT('',(42.5,46.,117.3125));
#7817 = DIRECTION('',(0.,1.,0.));
#7818 = DIRECTION('',(0.,0.,1.));
#7819 = ADVANCED_FACE('',(#7820),#7836,.T.);
#7820 = FACE_BOUND('',#7821,.T.);
#7821 = EDGE_LOOP('',(#7822,#7828,#7829,#7835));
#7822 = ORIENTED_EDGE('',*,*,#7823,.F.);
#7823 = EDGE_CURVE('',#7732,#7772,#7824,.T.);
#7824 = LINE('',#7825,#7826);
#7825 = CARTESIAN_POINT('',(42.5,70.,117.3125));
#7826 = VECTOR('',#7827,1.);
#7827 = DIRECTION('',(1.,0.,0.));
#7828 = ORIENTED_EDGE('',*,*,#7739,.T.);
#7829 = ORIENTED_EDGE('',*,*,#7830,.T.);
#7830 = EDGE_CURVE('',#7740,#7780,#7831,.T.);
#7831 = LINE('',#7832,#7833);
#7832 = CARTESIAN_POINT('',(42.5,70.,123.3125));
#7833 = VECTOR('',#7834,1.);
#7834 = DIRECTION('',(1.,0.,0.));
#7835 = ORIENTED_EDGE('',*,*,#7779,.F.);
#7836 = PLANE('',#7837);
#7837 = AXIS2_PLACEMENT_3D('',#7838,#7839,#7840);
#7838 = CARTESIAN_POINT('',(42.5,70.,117.3125));
#7839 = DIRECTION('',(0.,1.,0.));
#7840 = DIRECTION('',(0.,0.,1.));
#7841 = ADVANCED_FACE('',(#7842),#7848,.F.);
#7842 = FACE_BOUND('',#7843,.F.);
#7843 = EDGE_LOOP('',(#7844,#7845,#7846,#7847));
#7844 = ORIENTED_EDGE('',*,*,#7731,.F.);
#7845 = ORIENTED_EDGE('',*,*,#7801,.T.);
#7846 = ORIENTED_EDGE('',*,*,#7771,.T.);
#7847 = ORIENTED_EDGE('',*,*,#7823,.F.);
#7848 = PLANE('',#7849);
#7849 = AXIS2_PLACEMENT_3D('',#7850,#7851,#7852);
#7850 = CARTESIAN_POINT('',(42.5,46.,117.3125));
#7851 = DIRECTION('',(0.,0.,1.));
#7852 = DIRECTION('',(1.,0.,0.));
#7853 = ADVANCED_FACE('',(#7854),#7860,.T.);
#7854 = FACE_BOUND('',#7855,.T.);
#7855 = EDGE_LOOP('',(#7856,#7857,#7858,#7859));
#7856 = ORIENTED_EDGE('',*,*,#7747,.F.);
#7857 = ORIENTED_EDGE('',*,*,#7808,.T.);
#7858 = ORIENTED_EDGE('',*,*,#7787,.T.);
#7859 = ORIENTED_EDGE('',*,*,#7830,.F.);
#7860 = PLANE('',#7861);
#7861 = AXIS2_PLACEMENT_3D('',#7862,#7863,#7864);
#7862 = CARTESIAN_POINT('',(42.5,46.,123.3125));
#7863 = DIRECTION('',(0.,0.,1.));
#7864 = DIRECTION('',(1.,0.,0.));
#7865 = MANIFOLD_SOLID_BREP('',#7866);
#7866 = CLOSED_SHELL('',(#7867,#7907,#7947,#7969,#7991,#8003));
#7867 = ADVANCED_FACE('',(#7868),#7902,.F.);
#7868 = FACE_BOUND('',#7869,.F.);
#7869 = EDGE_LOOP('',(#7870,#7880,#7888,#7896));
#7870 = ORIENTED_EDGE('',*,*,#7871,.F.);
#7871 = EDGE_CURVE('',#7872,#7874,#7876,.T.);
#7872 = VERTEX_POINT('',#7873);
#7873 = CARTESIAN_POINT('',(42.5,160.,117.3125));
#7874 = VERTEX_POINT('',#7875);
#7875 = CARTESIAN_POINT('',(42.5,160.,123.3125));
#7876 = LINE('',#7877,#7878);
#7877 = CARTESIAN_POINT('',(42.5,160.,117.3125));
#7878 = VECTOR('',#7879,1.);
#7879 = DIRECTION('',(0.,0.,1.));
#7880 = ORIENTED_EDGE('',*,*,#7881,.T.);
#7881 = EDGE_CURVE('',#7872,#7882,#7884,.T.);
#7882 = VERTEX_POINT('',#7883);
#7883 = CARTESIAN_POINT('',(42.5,184.,117.3125));
#7884 = LINE('',#7885,#7886);
#7885 = CARTESIAN_POINT('',(42.5,160.,117.3125));
#7886 = VECTOR('',#7887,1.);
#7887 = DIRECTION('',(0.,1.,0.));
#7888 = ORIENTED_EDGE('',*,*,#7889,.T.);
#7889 = EDGE_CURVE('',#7882,#7890,#7892,.T.);
#7890 = VERTEX_POINT('',#7891);
#7891 = CARTESIAN_POINT('',(42.5,184.,123.3125));
#7892 = LINE('',#7893,#7894);
#7893 = CARTESIAN_POINT('',(42.5,184.,117.3125));
#7894 = VECTOR('',#7895,1.);
#7895 = DIRECTION('',(0.,0.,1.));
#7896 = ORIENTED_EDGE('',*,*,#7897,.F.);
#7897 = EDGE_CURVE('',#7874,#7890,#7898,.T.);
#7898 = LINE('',#7899,#7900);
#7899 = CARTESIAN_POINT('',(42.5,160.,123.3125));
#7900 = VECTOR('',#7901,1.);
#7901 = DIRECTION('',(0.,1.,0.));
#7902 = PLANE('',#7903);
#7903 = AXIS2_PLACEMENT_3D('',#7904,#7905,#7906);
#7904 = CARTESIAN_POINT('',(42.5,160.,117.3125));
#7905 = DIRECTION('',(1.,0.,0.));
#7906 = DIRECTION('',(0.,0.,1.));
#7907 = ADVANCED_FACE('',(#7908),#7942,.T.);
#7908 = FACE_BOUND('',#7909,.T.);
#7909 = EDGE_LOOP('',(#7910,#7920,#7928,#7936));
#7910 = ORIENTED_EDGE('',*,*,#7911,.F.);
#7911 = EDGE_CURVE('',#7912,#7914,#7916,.T.);
#7912 = VERTEX_POINT('',#7913);
#7913 = CARTESIAN_POINT('',(87.5,160.,117.3125));
#7914 = VERTEX_POINT('',#7915);
#7915 = CARTESIAN_POINT('',(87.5,160.,123.3125));
#7916 = LINE('',#7917,#7918);
#7917 = CARTESIAN_POINT('',(87.5,160.,117.3125));
#7918 = VECTOR('',#7919,1.);
#7919 = DIRECTION('',(0.,0.,1.));
#7920 = ORIENTED_EDGE('',*,*,#7921,.T.);
#7921 = EDGE_CURVE('',#7912,#7922,#7924,.T.);
#7922 = VERTEX_POINT('',#7923);
#7923 = CARTESIAN_POINT('',(87.5,184.,117.3125));
#7924 = LINE('',#7925,#7926);
#7925 = CARTESIAN_POINT('',(87.5,160.,117.3125));
#7926 = VECTOR('',#7927,1.);
#7927 = DIRECTION('',(0.,1.,0.));
#7928 = ORIENTED_EDGE('',*,*,#7929,.T.);
#7929 = EDGE_CURVE('',#7922,#7930,#7932,.T.);
#7930 = VERTEX_POINT('',#7931);
#7931 = CARTESIAN_POINT('',(87.5,184.,123.3125));
#7932 = LINE('',#7933,#7934);
#7933 = CARTESIAN_POINT('',(87.5,184.,117.3125));
#7934 = VECTOR('',#7935,1.);
#7935 = DIRECTION('',(0.,0.,1.));
#7936 = ORIENTED_EDGE('',*,*,#7937,.F.);
#7937 = EDGE_CURVE('',#7914,#7930,#7938,.T.);
#7938 = LINE('',#7939,#7940);
#7939 = CARTESIAN_POINT('',(87.5,160.,123.3125));
#7940 = VECTOR('',#7941,1.);
#7941 = DIRECTION('',(0.,1.,0.));
#7942 = PLANE('',#7943);
#7943 = AXIS2_PLACEMENT_3D('',#7944,#7945,#7946);
#7944 = CARTESIAN_POINT('',(87.5,160.,117.3125));
#7945 = DIRECTION('',(1.,0.,0.));
#7946 = DIRECTION('',(0.,0.,1.));
#7947 = ADVANCED_FACE('',(#7948),#7964,.F.);
#7948 = FACE_BOUND('',#7949,.F.);
#7949 = EDGE_LOOP('',(#7950,#7956,#7957,#7963));
#7950 = ORIENTED_EDGE('',*,*,#7951,.F.);
#7951 = EDGE_CURVE('',#7872,#7912,#7952,.T.);
#7952 = LINE('',#7953,#7954);
#7953 = CARTESIAN_POINT('',(42.5,160.,117.3125));
#7954 = VECTOR('',#7955,1.);
#7955 = DIRECTION('',(1.,0.,0.));
#7956 = ORIENTED_EDGE('',*,*,#7871,.T.);
#7957 = ORIENTED_EDGE('',*,*,#7958,.T.);
#7958 = EDGE_CURVE('',#7874,#7914,#7959,.T.);
#7959 = LINE('',#7960,#7961);
#7960 = CARTESIAN_POINT('',(42.5,160.,123.3125));
#7961 = VECTOR('',#7962,1.);
#7962 = DIRECTION('',(1.,0.,0.));
#7963 = ORIENTED_EDGE('',*,*,#7911,.F.);
#7964 = PLANE('',#7965);
#7965 = AXIS2_PLACEMENT_3D('',#7966,#7967,#7968);
#7966 = CARTESIAN_POINT('',(42.5,160.,117.3125));
#7967 = DIRECTION('',(0.,1.,0.));
#7968 = DIRECTION('',(0.,0.,1.));
#7969 = ADVANCED_FACE('',(#7970),#7986,.T.);
#7970 = FACE_BOUND('',#7971,.T.);
#7971 = EDGE_LOOP('',(#7972,#7978,#7979,#7985));
#7972 = ORIENTED_EDGE('',*,*,#7973,.F.);
#7973 = EDGE_CURVE('',#7882,#7922,#7974,.T.);
#7974 = LINE('',#7975,#7976);
#7975 = CARTESIAN_POINT('',(42.5,184.,117.3125));
#7976 = VECTOR('',#7977,1.);
#7977 = DIRECTION('',(1.,0.,0.));
#7978 = ORIENTED_EDGE('',*,*,#7889,.T.);
#7979 = ORIENTED_EDGE('',*,*,#7980,.T.);
#7980 = EDGE_CURVE('',#7890,#7930,#7981,.T.);
#7981 = LINE('',#7982,#7983);
#7982 = CARTESIAN_POINT('',(42.5,184.,123.3125));
#7983 = VECTOR('',#7984,1.);
#7984 = DIRECTION('',(1.,0.,0.));
#7985 = ORIENTED_EDGE('',*,*,#7929,.F.);
#7986 = PLANE('',#7987);
#7987 = AXIS2_PLACEMENT_3D('',#7988,#7989,#7990);
#7988 = CARTESIAN_POINT('',(42.5,184.,117.3125));
#7989 = DIRECTION('',(0.,1.,0.));
#7990 = DIRECTION('',(0.,0.,1.));
#7991 = ADVANCED_FACE('',(#7992),#7998,.F.);
#7992 = FACE_BOUND('',#7993,.F.);
#7993 = EDGE_LOOP('',(#7994,#7995,#7996,#7997));
#7994 = ORIENTED_EDGE('',*,*,#7881,.F.);
#7995 = ORIENTED_EDGE('',*,*,#7951,.T.);
#7996 = ORIENTED_EDGE('',*,*,#7921,.T.);
#7997 = ORIENTED_EDGE('',*,*,#7973,.F.);
#7998 = PLANE('',#7999);
#7999 = AXIS2_PLACEMENT_3D('',#8000,#8001,#8002);
#8000 = CARTESIAN_POINT('',(42.5,160.,117.3125));
#8001 = DIRECTION('',(0.,0.,1.));
#8002 = DIRECTION('',(1.,0.,0.));
#8003 = ADVANCED_FACE('',(#8004),#8010,.T.);
#8004 = FACE_BOUND('',#8005,.T.);
#8005 = EDGE_LOOP('',(#8006,#8007,#8008,#8009));
#8006 = ORIENTED_EDGE('',*,*,#7897,.F.);
#8007 = ORIENTED_EDGE('',*,*,#7958,.T.);
#8008 = ORIENTED_EDGE('',*,*,#7937,.T.);
#8009 = ORIENTED_EDGE('',*,*,#7980,.F.);
#8010 = PLANE('',#8011);
#8011 = AXIS2_PLACEMENT_3D('',#8012,#8013,#8014);
#8012 = CARTESIAN_POINT('',(42.5,160.,123.3125));
#8013 = DIRECTION('',(0.,0.,1.));
#8014 = DIRECTION('',(1.,0.,0.));
#8015 = MANIFOLD_SOLID_BREP('',#8016);
#8016 = CLOSED_SHELL('',(#8017,#8057,#8097,#8119,#8141,#8153));
#8017 = ADVANCED_FACE('',(#8018),#8052,.F.);
#8018 = FACE_BOUND('',#8019,.F.);
#8019 = EDGE_LOOP('',(#8020,#8030,#8038,#8046));
#8020 = ORIENTED_EDGE('',*,*,#8021,.F.);
#8021 = EDGE_CURVE('',#8022,#8024,#8026,.T.);
#8022 = VERTEX_POINT('',#8023);
#8023 = CARTESIAN_POINT('',(172.5,46.,117.3125));
#8024 = VERTEX_POINT('',#8025);
#8025 = CARTESIAN_POINT('',(172.5,46.,123.3125));
#8026 = LINE('',#8027,#8028);
#8027 = CARTESIAN_POINT('',(172.5,46.,117.3125));
#8028 = VECTOR('',#8029,1.);
#8029 = DIRECTION('',(0.,0.,1.));
#8030 = ORIENTED_EDGE('',*,*,#8031,.T.);
#8031 = EDGE_CURVE('',#8022,#8032,#8034,.T.);
#8032 = VERTEX_POINT('',#8033);
#8033 = CARTESIAN_POINT('',(172.5,70.,117.3125));
#8034 = LINE('',#8035,#8036);
#8035 = CARTESIAN_POINT('',(172.5,46.,117.3125));
#8036 = VECTOR('',#8037,1.);
#8037 = DIRECTION('',(0.,1.,0.));
#8038 = ORIENTED_EDGE('',*,*,#8039,.T.);
#8039 = EDGE_CURVE('',#8032,#8040,#8042,.T.);
#8040 = VERTEX_POINT('',#8041);
#8041 = CARTESIAN_POINT('',(172.5,70.,123.3125));
#8042 = LINE('',#8043,#8044);
#8043 = CARTESIAN_POINT('',(172.5,70.,117.3125));
#8044 = VECTOR('',#8045,1.);
#8045 = DIRECTION('',(0.,0.,1.));
#8046 = ORIENTED_EDGE('',*,*,#8047,.F.);
#8047 = EDGE_CURVE('',#8024,#8040,#8048,.T.);
#8048 = LINE('',#8049,#8050);
#8049 = CARTESIAN_POINT('',(172.5,46.,123.3125));
#8050 = VECTOR('',#8051,1.);
#8051 = DIRECTION('',(0.,1.,0.));
#8052 = PLANE('',#8053);
#8053 = AXIS2_PLACEMENT_3D('',#8054,#8055,#8056);
#8054 = CARTESIAN_POINT('',(172.5,46.,117.3125));
#8055 = DIRECTION('',(1.,0.,0.));
#8056 = DIRECTION('',(0.,0.,1.));
#8057 = ADVANCED_FACE('',(#8058),#8092,.T.);
#8058 = FACE_BOUND('',#8059,.T.);
#8059 = EDGE_LOOP('',(#8060,#8070,#8078,#8086));
#8060 = ORIENTED_EDGE('',*,*,#8061,.F.);
#8061 = EDGE_CURVE('',#8062,#8064,#8066,.T.);
#8062 = VERTEX_POINT('',#8063);
#8063 = CARTESIAN_POINT('',(217.5,46.,117.3125));
#8064 = VERTEX_POINT('',#8065);
#8065 = CARTESIAN_POINT('',(217.5,46.,123.3125));
#8066 = LINE('',#8067,#8068);
#8067 = CARTESIAN_POINT('',(217.5,46.,117.3125));
#8068 = VECTOR('',#8069,1.);
#8069 = DIRECTION('',(0.,0.,1.));
#8070 = ORIENTED_EDGE('',*,*,#8071,.T.);
#8071 = EDGE_CURVE('',#8062,#8072,#8074,.T.);
#8072 = VERTEX_POINT('',#8073);
#8073 = CARTESIAN_POINT('',(217.5,70.,117.3125));
#8074 = LINE('',#8075,#8076);
#8075 = CARTESIAN_POINT('',(217.5,46.,117.3125));
#8076 = VECTOR('',#8077,1.);
#8077 = DIRECTION('',(0.,1.,0.));
#8078 = ORIENTED_EDGE('',*,*,#8079,.T.);
#8079 = EDGE_CURVE('',#8072,#8080,#8082,.T.);
#8080 = VERTEX_POINT('',#8081);
#8081 = CARTESIAN_POINT('',(217.5,70.,123.3125));
#8082 = LINE('',#8083,#8084);
#8083 = CARTESIAN_POINT('',(217.5,70.,117.3125));
#8084 = VECTOR('',#8085,1.);
#8085 = DIRECTION('',(0.,0.,1.));
#8086 = ORIENTED_EDGE('',*,*,#8087,.F.);
#8087 = EDGE_CURVE('',#8064,#8080,#8088,.T.);
#8088 = LINE('',#8089,#8090);
#8089 = CARTESIAN_POINT('',(217.5,46.,123.3125));
#8090 = VECTOR('',#8091,1.);
#8091 = DIRECTION('',(0.,1.,0.));
#8092 = PLANE('',#8093);
#8093 = AXIS2_PLACEMENT_3D('',#8094,#8095,#8096);
#8094 = CARTESIAN_POINT('',(217.5,46.,117.3125));
#8095 = DIRECTION('',(1.,0.,0.));
#8096 = DIRECTION('',(0.,0.,1.));
#8097 = ADVANCED_FACE('',(#8098),#8114,.F.);
#8098 = FACE_BOUND('',#8099,.F.);
#8099 = EDGE_LOOP('',(#8100,#8106,#8107,#8113));
#8100 = ORIENTED_EDGE('',*,*,#8101,.F.);
#8101 = EDGE_CURVE('',#8022,#8062,#8102,.T.);
#8102 = LINE('',#8103,#8104);
#8103 = CARTESIAN_POINT('',(172.5,46.,117.3125));
#8104 = VECTOR('',#8105,1.);
#8105 = DIRECTION('',(1.,0.,0.));
#8106 = ORIENTED_EDGE('',*,*,#8021,.T.);
#8107 = ORIENTED_EDGE('',*,*,#8108,.T.);
#8108 = EDGE_CURVE('',#8024,#8064,#8109,.T.);
#8109 = LINE('',#8110,#8111);
#8110 = CARTESIAN_POINT('',(172.5,46.,123.3125));
#8111 = VECTOR('',#8112,1.);
#8112 = DIRECTION('',(1.,0.,0.));
#8113 = ORIENTED_EDGE('',*,*,#8061,.F.);
#8114 = PLANE('',#8115);
#8115 = AXIS2_PLACEMENT_3D('',#8116,#8117,#8118);
#8116 = CARTESIAN_POINT('',(172.5,46.,117.3125));
#8117 = DIRECTION('',(0.,1.,0.));
#8118 = DIRECTION('',(0.,0.,1.));
#8119 = ADVANCED_FACE('',(#8120),#8136,.T.);
#8120 = FACE_BOUND('',#8121,.T.);
#8121 = EDGE_LOOP('',(#8122,#8128,#8129,#8135));
#8122 = ORIENTED_EDGE('',*,*,#8123,.F.);
#8123 = EDGE_CURVE('',#8032,#8072,#8124,.T.);
#8124 = LINE('',#8125,#8126);
#8125 = CARTESIAN_POINT('',(172.5,70.,117.3125));
#8126 = VECTOR('',#8127,1.);
#8127 = DIRECTION('',(1.,0.,0.));
#8128 = ORIENTED_EDGE('',*,*,#8039,.T.);
#8129 = ORIENTED_EDGE('',*,*,#8130,.T.);
#8130 = EDGE_CURVE('',#8040,#8080,#8131,.T.);
#8131 = LINE('',#8132,#8133);
#8132 = CARTESIAN_POINT('',(172.5,70.,123.3125));
#8133 = VECTOR('',#8134,1.);
#8134 = DIRECTION('',(1.,0.,0.));
#8135 = ORIENTED_EDGE('',*,*,#8079,.F.);
#8136 = PLANE('',#8137);
#8137 = AXIS2_PLACEMENT_3D('',#8138,#8139,#8140);
#8138 = CARTESIAN_POINT('',(172.5,70.,117.3125));
#8139 = DIRECTION('',(0.,1.,0.));
#8140 = DIRECTION('',(0.,0.,1.));
#8141 = ADVANCED_FACE('',(#8142),#8148,.F.);
#8142 = FACE_BOUND('',#8143,.F.);
#8143 = EDGE_LOOP('',(#8144,#8145,#8146,#8147));
#8144 = ORIENTED_EDGE('',*,*,#8031,.F.);
#8145 = ORIENTED_EDGE('',*,*,#8101,.T.);
#8146 = ORIENTED_EDGE('',*,*,#8071,.T.);
#8147 = ORIENTED_EDGE('',*,*,#8123,.F.);
#8148 = PLANE('',#8149);
#8149 = AXIS2_PLACEMENT_3D('',#8150,#8151,#8152);
#8150 = CARTESIAN_POINT('',(172.5,46.,117.3125));
#8151 = DIRECTION('',(0.,0.,1.));
#8152 = DIRECTION('',(1.,0.,0.));
#8153 = ADVANCED_FACE('',(#8154),#8160,.T.);
#8154 = FACE_BOUND('',#8155,.T.);
#8155 = EDGE_LOOP('',(#8156,#8157,#8158,#8159));
#8156 = ORIENTED_EDGE('',*,*,#8047,.F.);
#8157 = ORIENTED_EDGE('',*,*,#8108,.T.);
#8158 = ORIENTED_EDGE('',*,*,#8087,.T.);
#8159 = ORIENTED_EDGE('',*,*,#8130,.F.);
#8160 = PLANE('',#8161);
#8161 = AXIS2_PLACEMENT_3D('',#8162,#8163,#8164);
#8162 = CARTESIAN_POINT('',(172.5,46.,123.3125));
#8163 = DIRECTION('',(0.,0.,1.));
#8164 = DIRECTION('',(1.,0.,0.));
#8165 = MANIFOLD_SOLID_BREP('',#8166);
#8166 = CLOSED_SHELL('',(#8167,#8207,#8247,#8269,#8291,#8303));
#8167 = ADVANCED_FACE('',(#8168),#8202,.F.);
#8168 = FACE_BOUND('',#8169,.F.);
#8169 = EDGE_LOOP('',(#8170,#8180,#8188,#8196));
#8170 = ORIENTED_EDGE('',*,*,#8171,.F.);
#8171 = EDGE_CURVE('',#8172,#8174,#8176,.T.);
#8172 = VERTEX_POINT('',#8173);
#8173 = CARTESIAN_POINT('',(172.5,160.,117.3125));
#8174 = VERTEX_POINT('',#8175);
#8175 = CARTESIAN_POINT('',(172.5,160.,123.3125));
#8176 = LINE('',#8177,#8178);
#8177 = CARTESIAN_POINT('',(172.5,160.,117.3125));
#8178 = VECTOR('',#8179,1.);
#8179 = DIRECTION('',(0.,0.,1.));
#8180 = ORIENTED_EDGE('',*,*,#8181,.T.);
#8181 = EDGE_CURVE('',#8172,#8182,#8184,.T.);
#8182 = VERTEX_POINT('',#8183);
#8183 = CARTESIAN_POINT('',(172.5,184.,117.3125));
#8184 = LINE('',#8185,#8186);
#8185 = CARTESIAN_POINT('',(172.5,160.,117.3125));
#8186 = VECTOR('',#8187,1.);
#8187 = DIRECTION('',(0.,1.,0.));
#8188 = ORIENTED_EDGE('',*,*,#8189,.T.);
#8189 = EDGE_CURVE('',#8182,#8190,#8192,.T.);
#8190 = VERTEX_POINT('',#8191);
#8191 = CARTESIAN_POINT('',(172.5,184.,123.3125));
#8192 = LINE('',#8193,#8194);
#8193 = CARTESIAN_POINT('',(172.5,184.,117.3125));
#8194 = VECTOR('',#8195,1.);
#8195 = DIRECTION('',(0.,0.,1.));
#8196 = ORIENTED_EDGE('',*,*,#8197,.F.);
#8197 = EDGE_CURVE('',#8174,#8190,#8198,.T.);
#8198 = LINE('',#8199,#8200);
#8199 = CARTESIAN_POINT('',(172.5,160.,123.3125));
#8200 = VECTOR('',#8201,1.);
#8201 = DIRECTION('',(0.,1.,0.));
#8202 = PLANE('',#8203);
#8203 = AXIS2_PLACEMENT_3D('',#8204,#8205,#8206);
#8204 = CARTESIAN_POINT('',(172.5,160.,117.3125));
#8205 = DIRECTION('',(1.,0.,0.));
#8206 = DIRECTION('',(0.,0.,1.));
#8207 = ADVANCED_FACE('',(#8208),#8242,.T.);
#8208 = FACE_BOUND('',#8209,.T.);
#8209 = EDGE_LOOP('',(#8210,#8220,#8228,#8236));
#8210 = ORIENTED_EDGE('',*,*,#8211,.F.);
#8211 = EDGE_CURVE('',#8212,#8214,#8216,.T.);
#8212 = VERTEX_POINT('',#8213);
#8213 = CARTESIAN_POINT('',(217.5,160.,117.3125));
#8214 = VERTEX_POINT('',#8215);
#8215 = CARTESIAN_POINT('',(217.5,160.,123.3125));
#8216 = LINE('',#8217,#8218);
#8217 = CARTESIAN_POINT('',(217.5,160.,117.3125));
#8218 = VECTOR('',#8219,1.);
#8219 = DIRECTION('',(0.,0.,1.));
#8220 = ORIENTED_EDGE('',*,*,#8221,.T.);
#8221 = EDGE_CURVE('',#8212,#8222,#8224,.T.);
#8222 = VERTEX_POINT('',#8223);
#8223 = CARTESIAN_POINT('',(217.5,184.,117.3125));
#8224 = LINE('',#8225,#8226);
#8225 = CARTESIAN_POINT('',(217.5,160.,117.3125));
#8226 = VECTOR('',#8227,1.);
#8227 = DIRECTION('',(0.,1.,0.));
#8228 = ORIENTED_EDGE('',*,*,#8229,.T.);
#8229 = EDGE_CURVE('',#8222,#8230,#8232,.T.);
#8230 = VERTEX_POINT('',#8231);
#8231 = CARTESIAN_POINT('',(217.5,184.,123.3125));
#8232 = LINE('',#8233,#8234);
#8233 = CARTESIAN_POINT('',(217.5,184.,117.3125));
#8234 = VECTOR('',#8235,1.);
#8235 = DIRECTION('',(0.,0.,1.));
#8236 = ORIENTED_EDGE('',*,*,#8237,.F.);
#8237 = EDGE_CURVE('',#8214,#8230,#8238,.T.);
#8238 = LINE('',#8239,#8240);
#8239 = CARTESIAN_POINT('',(217.5,160.,123.3125));
#8240 = VECTOR('',#8241,1.);
#8241 = DIRECTION('',(0.,1.,0.));
#8242 = PLANE('',#8243);
#8243 = AXIS2_PLACEMENT_3D('',#8244,#8245,#8246);
#8244 = CARTESIAN_POINT('',(217.5,160.,117.3125));
#8245 = DIRECTION('',(1.,0.,0.));
#8246 = DIRECTION('',(0.,0.,1.));
#8247 = ADVANCED_FACE('',(#8248),#8264,.F.);
#8248 = FACE_BOUND('',#8249,.F.);
#8249 = EDGE_LOOP('',(#8250,#8256,#8257,#8263));
#8250 = ORIENTED_EDGE('',*,*,#8251,.F.);
#8251 = EDGE_CURVE('',#8172,#8212,#8252,.T.);
#8252 = LINE('',#8253,#8254);
#8253 = CARTESIAN_POINT('',(172.5,160.,117.3125));
#8254 = VECTOR('',#8255,1.);
#8255 = DIRECTION('',(1.,0.,0.));
#8256 = ORIENTED_EDGE('',*,*,#8171,.T.);
#8257 = ORIENTED_EDGE('',*,*,#8258,.T.);
#8258 = EDGE_CURVE('',#8174,#8214,#8259,.T.);
#8259 = LINE('',#8260,#8261);
#8260 = CARTESIAN_POINT('',(172.5,160.,123.3125));
#8261 = VECTOR('',#8262,1.);
#8262 = DIRECTION('',(1.,0.,0.));
#8263 = ORIENTED_EDGE('',*,*,#8211,.F.);
#8264 = PLANE('',#8265);
#8265 = AXIS2_PLACEMENT_3D('',#8266,#8267,#8268);
#8266 = CARTESIAN_POINT('',(172.5,160.,117.3125));
#8267 = DIRECTION('',(0.,1.,0.));
#8268 = DIRECTION('',(0.,0.,1.));
#8269 = ADVANCED_FACE('',(#8270),#8286,.T.);
#8270 = FACE_BOUND('',#8271,.T.);
#8271 = EDGE_LOOP('',(#8272,#8278,#8279,#8285));
#8272 = ORIENTED_EDGE('',*,*,#8273,.F.);
#8273 = EDGE_CURVE('',#8182,#8222,#8274,.T.);
#8274 = LINE('',#8275,#8276);
#8275 = CARTESIAN_POINT('',(172.5,184.,117.3125));
#8276 = VECTOR('',#8277,1.);
#8277 = DIRECTION('',(1.,0.,0.));
#8278 = ORIENTED_EDGE('',*,*,#8189,.T.);
#8279 = ORIENTED_EDGE('',*,*,#8280,.T.);
#8280 = EDGE_CURVE('',#8190,#8230,#8281,.T.);
#8281 = LINE('',#8282,#8283);
#8282 = CARTESIAN_POINT('',(172.5,184.,123.3125));
#8283 = VECTOR('',#8284,1.);
#8284 = DIRECTION('',(1.,0.,0.));
#8285 = ORIENTED_EDGE('',*,*,#8229,.F.);
#8286 = PLANE('',#8287);
#8287 = AXIS2_PLACEMENT_3D('',#8288,#8289,#8290);
#8288 = CARTESIAN_POINT('',(172.5,184.,117.3125));
#8289 = DIRECTION('',(0.,1.,0.));
#8290 = DIRECTION('',(0.,0.,1.));
#8291 = ADVANCED_FACE('',(#8292),#8298,.F.);
#8292 = FACE_BOUND('',#8293,.F.);
#8293 = EDGE_LOOP('',(#8294,#8295,#8296,#8297));
#8294 = ORIENTED_EDGE('',*,*,#8181,.F.);
#8295 = ORIENTED_EDGE('',*,*,#8251,.T.);
#8296 = ORIENTED_EDGE('',*,*,#8221,.T.);
#8297 = ORIENTED_EDGE('',*,*,#8273,.F.);
#8298 = PLANE('',#8299);
#8299 = AXIS2_PLACEMENT_3D('',#8300,#8301,#8302);
#8300 = CARTESIAN_POINT('',(172.5,160.,117.3125));
#8301 = DIRECTION('',(0.,0.,1.));
#8302 = DIRECTION('',(1.,0.,0.));
#8303 = ADVANCED_FACE('',(#8304),#8310,.T.);
#8304 = FACE_BOUND('',#8305,.T.);
#8305 = EDGE_LOOP('',(#8306,#8307,#8308,#8309));
#8306 = ORIENTED_EDGE('',*,*,#8197,.F.);
#8307 = ORIENTED_EDGE('',*,*,#8258,.T.);
#8308 = ORIENTED_EDGE('',*,*,#8237,.T.);
#8309 = ORIENTED_EDGE('',*,*,#8280,.F.);
#8310 = PLANE('',#8311);
#8311 = AXIS2_PLACEMENT_3D('',#8312,#8313,#8314);
#8312 = CARTESIAN_POINT('',(172.5,160.,123.3125));
#8313 = DIRECTION('',(0.,0.,1.));
#8314 = DIRECTION('',(1.,0.,0.));
#8315 = MANIFOLD_SOLID_BREP('',#8316);
#8316 = CLOSED_SHELL('',(#8317,#8357,#8397,#8419,#8441,#8453));
#8317 = ADVANCED_FACE('',(#8318),#8352,.F.);
#8318 = FACE_BOUND('',#8319,.F.);
#8319 = EDGE_LOOP('',(#8320,#8330,#8338,#8346));
#8320 = ORIENTED_EDGE('',*,*,#8321,.F.);
#8321 = EDGE_CURVE('',#8322,#8324,#8326,.T.);
#8322 = VERTEX_POINT('',#8323);
#8323 = CARTESIAN_POINT('',(-287.5,-197.5,122.3125));
#8324 = VERTEX_POINT('',#8325);
#8325 = CARTESIAN_POINT('',(-287.5,-197.5,262.3125));
#8326 = LINE('',#8327,#8328);
#8327 = CARTESIAN_POINT('',(-287.5,-197.5,122.3125));
#8328 = VECTOR('',#8329,1.);
#8329 = DIRECTION('',(0.,0.,1.));
#8330 = ORIENTED_EDGE('',*,*,#8331,.T.);
#8331 = EDGE_CURVE('',#8322,#8332,#8334,.T.);
#8332 = VERTEX_POINT('',#8333);
#8333 = CARTESIAN_POINT('',(-287.5,-112.5,122.3125));
#8334 = LINE('',#8335,#8336);
#8335 = CARTESIAN_POINT('',(-287.5,-197.5,122.3125));
#8336 = VECTOR('',#8337,1.);
#8337 = DIRECTION('',(0.,1.,0.));
#8338 = ORIENTED_EDGE('',*,*,#8339,.T.);
#8339 = EDGE_CURVE('',#8332,#8340,#8342,.T.);
#8340 = VERTEX_POINT('',#8341);
#8341 = CARTESIAN_POINT('',(-287.5,-112.5,262.3125));
#8342 = LINE('',#8343,#8344);
#8343 = CARTESIAN_POINT('',(-287.5,-112.5,122.3125));
#8344 = VECTOR('',#8345,1.);
#8345 = DIRECTION('',(0.,0.,1.));
#8346 = ORIENTED_EDGE('',*,*,#8347,.F.);
#8347 = EDGE_CURVE('',#8324,#8340,#8348,.T.);
#8348 = LINE('',#8349,#8350);
#8349 = CARTESIAN_POINT('',(-287.5,-197.5,262.3125));
#8350 = VECTOR('',#8351,1.);
#8351 = DIRECTION('',(0.,1.,0.));
#8352 = PLANE('',#8353);
#8353 = AXIS2_PLACEMENT_3D('',#8354,#8355,#8356);
#8354 = CARTESIAN_POINT('',(-287.5,-197.5,122.3125));
#8355 = DIRECTION('',(1.,0.,0.));
#8356 = DIRECTION('',(0.,0.,1.));
#8357 = ADVANCED_FACE('',(#8358),#8392,.T.);
#8358 = FACE_BOUND('',#8359,.T.);
#8359 = EDGE_LOOP('',(#8360,#8370,#8378,#8386));
#8360 = ORIENTED_EDGE('',*,*,#8361,.F.);
#8361 = EDGE_CURVE('',#8362,#8364,#8366,.T.);
#8362 = VERTEX_POINT('',#8363);
#8363 = CARTESIAN_POINT('',(7.5,-197.5,122.3125));
#8364 = VERTEX_POINT('',#8365);
#8365 = CARTESIAN_POINT('',(7.5,-197.5,262.3125));
#8366 = LINE('',#8367,#8368);
#8367 = CARTESIAN_POINT('',(7.5,-197.5,122.3125));
#8368 = VECTOR('',#8369,1.);
#8369 = DIRECTION('',(0.,0.,1.));
#8370 = ORIENTED_EDGE('',*,*,#8371,.T.);
#8371 = EDGE_CURVE('',#8362,#8372,#8374,.T.);
#8372 = VERTEX_POINT('',#8373);
#8373 = CARTESIAN_POINT('',(7.5,-112.5,122.3125));
#8374 = LINE('',#8375,#8376);
#8375 = CARTESIAN_POINT('',(7.5,-197.5,122.3125));
#8376 = VECTOR('',#8377,1.);
#8377 = DIRECTION('',(0.,1.,0.));
#8378 = ORIENTED_EDGE('',*,*,#8379,.T.);
#8379 = EDGE_CURVE('',#8372,#8380,#8382,.T.);
#8380 = VERTEX_POINT('',#8381);
#8381 = CARTESIAN_POINT('',(7.5,-112.5,262.3125));
#8382 = LINE('',#8383,#8384);
#8383 = CARTESIAN_POINT('',(7.5,-112.5,122.3125));
#8384 = VECTOR('',#8385,1.);
#8385 = DIRECTION('',(0.,0.,1.));
#8386 = ORIENTED_EDGE('',*,*,#8387,.F.);
#8387 = EDGE_CURVE('',#8364,#8380,#8388,.T.);
#8388 = LINE('',#8389,#8390);
#8389 = CARTESIAN_POINT('',(7.5,-197.5,262.3125));
#8390 = VECTOR('',#8391,1.);
#8391 = DIRECTION('',(0.,1.,0.));
#8392 = PLANE('',#8393);
#8393 = AXIS2_PLACEMENT_3D('',#8394,#8395,#8396);
#8394 = CARTESIAN_POINT('',(7.5,-197.5,122.3125));
#8395 = DIRECTION('',(1.,0.,0.));
#8396 = DIRECTION('',(0.,0.,1.));
#8397 = ADVANCED_FACE('',(#8398),#8414,.F.);
#8398 = FACE_BOUND('',#8399,.F.);
#8399 = EDGE_LOOP('',(#8400,#8406,#8407,#8413));
#8400 = ORIENTED_EDGE('',*,*,#8401,.F.);
#8401 = EDGE_CURVE('',#8322,#8362,#8402,.T.);
#8402 = LINE('',#8403,#8404);
#8403 = CARTESIAN_POINT('',(-287.5,-197.5,122.3125));
#8404 = VECTOR('',#8405,1.);
#8405 = DIRECTION('',(1.,0.,0.));
#8406 = ORIENTED_EDGE('',*,*,#8321,.T.);
#8407 = ORIENTED_EDGE('',*,*,#8408,.T.);
#8408 = EDGE_CURVE('',#8324,#8364,#8409,.T.);
#8409 = LINE('',#8410,#8411);
#8410 = CARTESIAN_POINT('',(-287.5,-197.5,262.3125));
#8411 = VECTOR('',#8412,1.);
#8412 = DIRECTION('',(1.,0.,0.));
#8413 = ORIENTED_EDGE('',*,*,#8361,.F.);
#8414 = PLANE('',#8415);
#8415 = AXIS2_PLACEMENT_3D('',#8416,#8417,#8418);
#8416 = CARTESIAN_POINT('',(-287.5,-197.5,122.3125));
#8417 = DIRECTION('',(0.,1.,0.));
#8418 = DIRECTION('',(0.,0.,1.));
#8419 = ADVANCED_FACE('',(#8420),#8436,.T.);
#8420 = FACE_BOUND('',#8421,.T.);
#8421 = EDGE_LOOP('',(#8422,#8428,#8429,#8435));
#8422 = ORIENTED_EDGE('',*,*,#8423,.F.);
#8423 = EDGE_CURVE('',#8332,#8372,#8424,.T.);
#8424 = LINE('',#8425,#8426);
#8425 = CARTESIAN_POINT('',(-287.5,-112.5,122.3125));
#8426 = VECTOR('',#8427,1.);
#8427 = DIRECTION('',(1.,0.,0.));
#8428 = ORIENTED_EDGE('',*,*,#8339,.T.);
#8429 = ORIENTED_EDGE('',*,*,#8430,.T.);
#8430 = EDGE_CURVE('',#8340,#8380,#8431,.T.);
#8431 = LINE('',#8432,#8433);
#8432 = CARTESIAN_POINT('',(-287.5,-112.5,262.3125));
#8433 = VECTOR('',#8434,1.);
#8434 = DIRECTION('',(1.,0.,0.));
#8435 = ORIENTED_EDGE('',*,*,#8379,.F.);
#8436 = PLANE('',#8437);
#8437 = AXIS2_PLACEMENT_3D('',#8438,#8439,#8440);
#8438 = CARTESIAN_POINT('',(-287.5,-112.5,122.3125));
#8439 = DIRECTION('',(0.,1.,0.));
#8440 = DIRECTION('',(0.,0.,1.));
#8441 = ADVANCED_FACE('',(#8442),#8448,.F.);
#8442 = FACE_BOUND('',#8443,.F.);
#8443 = EDGE_LOOP('',(#8444,#8445,#8446,#8447));
#8444 = ORIENTED_EDGE('',*,*,#8331,.F.);
#8445 = ORIENTED_EDGE('',*,*,#8401,.T.);
#8446 = ORIENTED_EDGE('',*,*,#8371,.T.);
#8447 = ORIENTED_EDGE('',*,*,#8423,.F.);
#8448 = PLANE('',#8449);
#8449 = AXIS2_PLACEMENT_3D('',#8450,#8451,#8452);
#8450 = CARTESIAN_POINT('',(-287.5,-197.5,122.3125));
#8451 = DIRECTION('',(0.,0.,1.));
#8452 = DIRECTION('',(1.,0.,0.));
#8453 = ADVANCED_FACE('',(#8454),#8460,.T.);
#8454 = FACE_BOUND('',#8455,.T.);
#8455 = EDGE_LOOP('',(#8456,#8457,#8458,#8459));
#8456 = ORIENTED_EDGE('',*,*,#8347,.F.);
#8457 = ORIENTED_EDGE('',*,*,#8408,.T.);
#8458 = ORIENTED_EDGE('',*,*,#8387,.T.);
#8459 = ORIENTED_EDGE('',*,*,#8430,.F.);
#8460 = PLANE('',#8461);
#8461 = AXIS2_PLACEMENT_3D('',#8462,#8463,#8464);
#8462 = CARTESIAN_POINT('',(-287.5,-197.5,262.3125));
#8463 = DIRECTION('',(0.,0.,1.));
#8464 = DIRECTION('',(1.,0.,0.));
#8465 = MANIFOLD_SOLID_BREP('',#8466);
#8466 = CLOSED_SHELL('',(#8467,#8507,#8547,#8569,#8591,#8603));
#8467 = ADVANCED_FACE('',(#8468),#8502,.F.);
#8468 = FACE_BOUND('',#8469,.F.);
#8469 = EDGE_LOOP('',(#8470,#8480,#8488,#8496));
#8470 = ORIENTED_EDGE('',*,*,#8471,.F.);
#8471 = EDGE_CURVE('',#8472,#8474,#8476,.T.);
#8472 = VERTEX_POINT('',#8473);
#8473 = CARTESIAN_POINT('',(-280.5,-200.,121.3125));
#8474 = VERTEX_POINT('',#8475);
#8475 = CARTESIAN_POINT('',(-280.5,-200.,263.3125));
#8476 = LINE('',#8477,#8478);
#8477 = CARTESIAN_POINT('',(-280.5,-200.,121.3125));
#8478 = VECTOR('',#8479,1.);
#8479 = DIRECTION('',(0.,0.,1.));
#8480 = ORIENTED_EDGE('',*,*,#8481,.T.);
#8481 = EDGE_CURVE('',#8472,#8482,#8484,.T.);
#8482 = VERTEX_POINT('',#8483);
#8483 = CARTESIAN_POINT('',(-280.5,-110.,121.3125));
#8484 = LINE('',#8485,#8486);
#8485 = CARTESIAN_POINT('',(-280.5,-200.,121.3125));
#8486 = VECTOR('',#8487,1.);
#8487 = DIRECTION('',(0.,1.,0.));
#8488 = ORIENTED_EDGE('',*,*,#8489,.T.);
#8489 = EDGE_CURVE('',#8482,#8490,#8492,.T.);
#8490 = VERTEX_POINT('',#8491);
#8491 = CARTESIAN_POINT('',(-280.5,-110.,263.3125));
#8492 = LINE('',#8493,#8494);
#8493 = CARTESIAN_POINT('',(-280.5,-110.,121.3125));
#8494 = VECTOR('',#8495,1.);
#8495 = DIRECTION('',(0.,0.,1.));
#8496 = ORIENTED_EDGE('',*,*,#8497,.F.);
#8497 = EDGE_CURVE('',#8474,#8490,#8498,.T.);
#8498 = LINE('',#8499,#8500);
#8499 = CARTESIAN_POINT('',(-280.5,-200.,263.3125));
#8500 = VECTOR('',#8501,1.);
#8501 = DIRECTION('',(0.,1.,0.));
#8502 = PLANE('',#8503);
#8503 = AXIS2_PLACEMENT_3D('',#8504,#8505,#8506);
#8504 = CARTESIAN_POINT('',(-280.5,-200.,121.3125));
#8505 = DIRECTION('',(1.,0.,0.));
#8506 = DIRECTION('',(0.,0.,1.));
#8507 = ADVANCED_FACE('',(#8508),#8542,.T.);
#8508 = FACE_BOUND('',#8509,.T.);
#8509 = EDGE_LOOP('',(#8510,#8520,#8528,#8536));
#8510 = ORIENTED_EDGE('',*,*,#8511,.F.);
#8511 = EDGE_CURVE('',#8512,#8514,#8516,.T.);
#8512 = VERTEX_POINT('',#8513);
#8513 = CARTESIAN_POINT('',(-279.5,-200.,121.3125));
#8514 = VERTEX_POINT('',#8515);
#8515 = CARTESIAN_POINT('',(-279.5,-200.,263.3125));
#8516 = LINE('',#8517,#8518);
#8517 = CARTESIAN_POINT('',(-279.5,-200.,121.3125));
#8518 = VECTOR('',#8519,1.);
#8519 = DIRECTION('',(0.,0.,1.));
#8520 = ORIENTED_EDGE('',*,*,#8521,.T.);
#8521 = EDGE_CURVE('',#8512,#8522,#8524,.T.);
#8522 = VERTEX_POINT('',#8523);
#8523 = CARTESIAN_POINT('',(-279.5,-110.,121.3125));
#8524 = LINE('',#8525,#8526);
#8525 = CARTESIAN_POINT('',(-279.5,-200.,121.3125));
#8526 = VECTOR('',#8527,1.);
#8527 = DIRECTION('',(0.,1.,0.));
#8528 = ORIENTED_EDGE('',*,*,#8529,.T.);
#8529 = EDGE_CURVE('',#8522,#8530,#8532,.T.);
#8530 = VERTEX_POINT('',#8531);
#8531 = CARTESIAN_POINT('',(-279.5,-110.,263.3125));
#8532 = LINE('',#8533,#8534);
#8533 = CARTESIAN_POINT('',(-279.5,-110.,121.3125));
#8534 = VECTOR('',#8535,1.);
#8535 = DIRECTION('',(0.,0.,1.));
#8536 = ORIENTED_EDGE('',*,*,#8537,.F.);
#8537 = EDGE_CURVE('',#8514,#8530,#8538,.T.);
#8538 = LINE('',#8539,#8540);
#8539 = CARTESIAN_POINT('',(-279.5,-200.,263.3125));
#8540 = VECTOR('',#8541,1.);
#8541 = DIRECTION('',(0.,1.,0.));
#8542 = PLANE('',#8543);
#8543 = AXIS2_PLACEMENT_3D('',#8544,#8545,#8546);
#8544 = CARTESIAN_POINT('',(-279.5,-200.,121.3125));
#8545 = DIRECTION('',(1.,0.,0.));
#8546 = DIRECTION('',(0.,0.,1.));
#8547 = ADVANCED_FACE('',(#8548),#8564,.F.);
#8548 = FACE_BOUND('',#8549,.F.);
#8549 = EDGE_LOOP('',(#8550,#8556,#8557,#8563));
#8550 = ORIENTED_EDGE('',*,*,#8551,.F.);
#8551 = EDGE_CURVE('',#8472,#8512,#8552,.T.);
#8552 = LINE('',#8553,#8554);
#8553 = CARTESIAN_POINT('',(-280.5,-200.,121.3125));
#8554 = VECTOR('',#8555,1.);
#8555 = DIRECTION('',(1.,0.,0.));
#8556 = ORIENTED_EDGE('',*,*,#8471,.T.);
#8557 = ORIENTED_EDGE('',*,*,#8558,.T.);
#8558 = EDGE_CURVE('',#8474,#8514,#8559,.T.);
#8559 = LINE('',#8560,#8561);
#8560 = CARTESIAN_POINT('',(-280.5,-200.,263.3125));
#8561 = VECTOR('',#8562,1.);
#8562 = DIRECTION('',(1.,0.,0.));
#8563 = ORIENTED_EDGE('',*,*,#8511,.F.);
#8564 = PLANE('',#8565);
#8565 = AXIS2_PLACEMENT_3D('',#8566,#8567,#8568);
#8566 = CARTESIAN_POINT('',(-280.5,-200.,121.3125));
#8567 = DIRECTION('',(0.,1.,0.));
#8568 = DIRECTION('',(0.,0.,1.));
#8569 = ADVANCED_FACE('',(#8570),#8586,.T.);
#8570 = FACE_BOUND('',#8571,.T.);
#8571 = EDGE_LOOP('',(#8572,#8578,#8579,#8585));
#8572 = ORIENTED_EDGE('',*,*,#8573,.F.);
#8573 = EDGE_CURVE('',#8482,#8522,#8574,.T.);
#8574 = LINE('',#8575,#8576);
#8575 = CARTESIAN_POINT('',(-280.5,-110.,121.3125));
#8576 = VECTOR('',#8577,1.);
#8577 = DIRECTION('',(1.,0.,0.));
#8578 = ORIENTED_EDGE('',*,*,#8489,.T.);
#8579 = ORIENTED_EDGE('',*,*,#8580,.T.);
#8580 = EDGE_CURVE('',#8490,#8530,#8581,.T.);
#8581 = LINE('',#8582,#8583);
#8582 = CARTESIAN_POINT('',(-280.5,-110.,263.3125));
#8583 = VECTOR('',#8584,1.);
#8584 = DIRECTION('',(1.,0.,0.));
#8585 = ORIENTED_EDGE('',*,*,#8529,.F.);
#8586 = PLANE('',#8587);
#8587 = AXIS2_PLACEMENT_3D('',#8588,#8589,#8590);
#8588 = CARTESIAN_POINT('',(-280.5,-110.,121.3125));
#8589 = DIRECTION('',(0.,1.,0.));
#8590 = DIRECTION('',(0.,0.,1.));
#8591 = ADVANCED_FACE('',(#8592),#8598,.F.);
#8592 = FACE_BOUND('',#8593,.F.);
#8593 = EDGE_LOOP('',(#8594,#8595,#8596,#8597));
#8594 = ORIENTED_EDGE('',*,*,#8481,.F.);
#8595 = ORIENTED_EDGE('',*,*,#8551,.T.);
#8596 = ORIENTED_EDGE('',*,*,#8521,.T.);
#8597 = ORIENTED_EDGE('',*,*,#8573,.F.);
#8598 = PLANE('',#8599);
#8599 = AXIS2_PLACEMENT_3D('',#8600,#8601,#8602);
#8600 = CARTESIAN_POINT('',(-280.5,-200.,121.3125));
#8601 = DIRECTION('',(0.,0.,1.));
#8602 = DIRECTION('',(1.,0.,0.));
#8603 = ADVANCED_FACE('',(#8604),#8610,.T.);
#8604 = FACE_BOUND('',#8605,.T.);
#8605 = EDGE_LOOP('',(#8606,#8607,#8608,#8609));
#8606 = ORIENTED_EDGE('',*,*,#8497,.F.);
#8607 = ORIENTED_EDGE('',*,*,#8558,.T.);
#8608 = ORIENTED_EDGE('',*,*,#8537,.T.);
#8609 = ORIENTED_EDGE('',*,*,#8580,.F.);
#8610 = PLANE('',#8611);
#8611 = AXIS2_PLACEMENT_3D('',#8612,#8613,#8614);
#8612 = CARTESIAN_POINT('',(-280.5,-200.,263.3125));
#8613 = DIRECTION('',(0.,0.,1.));
#8614 = DIRECTION('',(1.,0.,0.));
#8615 = MANIFOLD_SOLID_BREP('',#8616);
#8616 = CLOSED_SHELL('',(#8617,#8657,#8697,#8719,#8741,#8753));
#8617 = ADVANCED_FACE('',(#8618),#8652,.F.);
#8618 = FACE_BOUND('',#8619,.F.);
#8619 = EDGE_LOOP('',(#8620,#8630,#8638,#8646));
#8620 = ORIENTED_EDGE('',*,*,#8621,.F.);
#8621 = EDGE_CURVE('',#8622,#8624,#8626,.T.);
#8622 = VERTEX_POINT('',#8623);
#8623 = CARTESIAN_POINT('',(-268.5,-200.,121.3125));
#8624 = VERTEX_POINT('',#8625);
#8625 = CARTESIAN_POINT('',(-268.5,-200.,263.3125));
#8626 = LINE('',#8627,#8628);
#8627 = CARTESIAN_POINT('',(-268.5,-200.,121.3125));
#8628 = VECTOR('',#8629,1.);
#8629 = DIRECTION('',(0.,0.,1.));
#8630 = ORIENTED_EDGE('',*,*,#8631,.T.);
#8631 = EDGE_CURVE('',#8622,#8632,#8634,.T.);
#8632 = VERTEX_POINT('',#8633);
#8633 = CARTESIAN_POINT('',(-268.5,-110.,121.3125));
#8634 = LINE('',#8635,#8636);
#8635 = CARTESIAN_POINT('',(-268.5,-200.,121.3125));
#8636 = VECTOR('',#8637,1.);
#8637 = DIRECTION('',(0.,1.,0.));
#8638 = ORIENTED_EDGE('',*,*,#8639,.T.);
#8639 = EDGE_CURVE('',#8632,#8640,#8642,.T.);
#8640 = VERTEX_POINT('',#8641);
#8641 = CARTESIAN_POINT('',(-268.5,-110.,263.3125));
#8642 = LINE('',#8643,#8644);
#8643 = CARTESIAN_POINT('',(-268.5,-110.,121.3125));
#8644 = VECTOR('',#8645,1.);
#8645 = DIRECTION('',(0.,0.,1.));
#8646 = ORIENTED_EDGE('',*,*,#8647,.F.);
#8647 = EDGE_CURVE('',#8624,#8640,#8648,.T.);
#8648 = LINE('',#8649,#8650);
#8649 = CARTESIAN_POINT('',(-268.5,-200.,263.3125));
#8650 = VECTOR('',#8651,1.);
#8651 = DIRECTION('',(0.,1.,0.));
#8652 = PLANE('',#8653);
#8653 = AXIS2_PLACEMENT_3D('',#8654,#8655,#8656);
#8654 = CARTESIAN_POINT('',(-268.5,-200.,121.3125));
#8655 = DIRECTION('',(1.,0.,0.));
#8656 = DIRECTION('',(0.,0.,1.));
#8657 = ADVANCED_FACE('',(#8658),#8692,.T.);
#8658 = FACE_BOUND('',#8659,.T.);
#8659 = EDGE_LOOP('',(#8660,#8670,#8678,#8686));
#8660 = ORIENTED_EDGE('',*,*,#8661,.F.);
#8661 = EDGE_CURVE('',#8662,#8664,#8666,.T.);
#8662 = VERTEX_POINT('',#8663);
#8663 = CARTESIAN_POINT('',(-267.5,-200.,121.3125));
#8664 = VERTEX_POINT('',#8665);
#8665 = CARTESIAN_POINT('',(-267.5,-200.,263.3125));
#8666 = LINE('',#8667,#8668);
#8667 = CARTESIAN_POINT('',(-267.5,-200.,121.3125));
#8668 = VECTOR('',#8669,1.);
#8669 = DIRECTION('',(0.,0.,1.));
#8670 = ORIENTED_EDGE('',*,*,#8671,.T.);
#8671 = EDGE_CURVE('',#8662,#8672,#8674,.T.);
#8672 = VERTEX_POINT('',#8673);
#8673 = CARTESIAN_POINT('',(-267.5,-110.,121.3125));
#8674 = LINE('',#8675,#8676);
#8675 = CARTESIAN_POINT('',(-267.5,-200.,121.3125));
#8676 = VECTOR('',#8677,1.);
#8677 = DIRECTION('',(0.,1.,0.));
#8678 = ORIENTED_EDGE('',*,*,#8679,.T.);
#8679 = EDGE_CURVE('',#8672,#8680,#8682,.T.);
#8680 = VERTEX_POINT('',#8681);
#8681 = CARTESIAN_POINT('',(-267.5,-110.,263.3125));
#8682 = LINE('',#8683,#8684);
#8683 = CARTESIAN_POINT('',(-267.5,-110.,121.3125));
#8684 = VECTOR('',#8685,1.);
#8685 = DIRECTION('',(0.,0.,1.));
#8686 = ORIENTED_EDGE('',*,*,#8687,.F.);
#8687 = EDGE_CURVE('',#8664,#8680,#8688,.T.);
#8688 = LINE('',#8689,#8690);
#8689 = CARTESIAN_POINT('',(-267.5,-200.,263.3125));
#8690 = VECTOR('',#8691,1.);
#8691 = DIRECTION('',(0.,1.,0.));
#8692 = PLANE('',#8693);
#8693 = AXIS2_PLACEMENT_3D('',#8694,#8695,#8696);
#8694 = CARTESIAN_POINT('',(-267.5,-200.,121.3125));
#8695 = DIRECTION('',(1.,0.,0.));
#8696 = DIRECTION('',(0.,0.,1.));
#8697 = ADVANCED_FACE('',(#8698),#8714,.F.);
#8698 = FACE_BOUND('',#8699,.F.);
#8699 = EDGE_LOOP('',(#8700,#8706,#8707,#8713));
#8700 = ORIENTED_EDGE('',*,*,#8701,.F.);
#8701 = EDGE_CURVE('',#8622,#8662,#8702,.T.);
#8702 = LINE('',#8703,#8704);
#8703 = CARTESIAN_POINT('',(-268.5,-200.,121.3125));
#8704 = VECTOR('',#8705,1.);
#8705 = DIRECTION('',(1.,0.,0.));
#8706 = ORIENTED_EDGE('',*,*,#8621,.T.);
#8707 = ORIENTED_EDGE('',*,*,#8708,.T.);
#8708 = EDGE_CURVE('',#8624,#8664,#8709,.T.);
#8709 = LINE('',#8710,#8711);
#8710 = CARTESIAN_POINT('',(-268.5,-200.,263.3125));
#8711 = VECTOR('',#8712,1.);
#8712 = DIRECTION('',(1.,0.,0.));
#8713 = ORIENTED_EDGE('',*,*,#8661,.F.);
#8714 = PLANE('',#8715);
#8715 = AXIS2_PLACEMENT_3D('',#8716,#8717,#8718);
#8716 = CARTESIAN_POINT('',(-268.5,-200.,121.3125));
#8717 = DIRECTION('',(0.,1.,0.));
#8718 = DIRECTION('',(0.,0.,1.));
#8719 = ADVANCED_FACE('',(#8720),#8736,.T.);
#8720 = FACE_BOUND('',#8721,.T.);
#8721 = EDGE_LOOP('',(#8722,#8728,#8729,#8735));
#8722 = ORIENTED_EDGE('',*,*,#8723,.F.);
#8723 = EDGE_CURVE('',#8632,#8672,#8724,.T.);
#8724 = LINE('',#8725,#8726);
#8725 = CARTESIAN_POINT('',(-268.5,-110.,121.3125));
#8726 = VECTOR('',#8727,1.);
#8727 = DIRECTION('',(1.,0.,0.));
#8728 = ORIENTED_EDGE('',*,*,#8639,.T.);
#8729 = ORIENTED_EDGE('',*,*,#8730,.T.);
#8730 = EDGE_CURVE('',#8640,#8680,#8731,.T.);
#8731 = LINE('',#8732,#8733);
#8732 = CARTESIAN_POINT('',(-268.5,-110.,263.3125));
#8733 = VECTOR('',#8734,1.);
#8734 = DIRECTION('',(1.,0.,0.));
#8735 = ORIENTED_EDGE('',*,*,#8679,.F.);
#8736 = PLANE('',#8737);
#8737 = AXIS2_PLACEMENT_3D('',#8738,#8739,#8740);
#8738 = CARTESIAN_POINT('',(-268.5,-110.,121.3125));
#8739 = DIRECTION('',(0.,1.,0.));
#8740 = DIRECTION('',(0.,0.,1.));
#8741 = ADVANCED_FACE('',(#8742),#8748,.F.);
#8742 = FACE_BOUND('',#8743,.F.);
#8743 = EDGE_LOOP('',(#8744,#8745,#8746,#8747));
#8744 = ORIENTED_EDGE('',*,*,#8631,.F.);
#8745 = ORIENTED_EDGE('',*,*,#8701,.T.);
#8746 = ORIENTED_EDGE('',*,*,#8671,.T.);
#8747 = ORIENTED_EDGE('',*,*,#8723,.F.);
#8748 = PLANE('',#8749);
#8749 = AXIS2_PLACEMENT_3D('',#8750,#8751,#8752);
#8750 = CARTESIAN_POINT('',(-268.5,-200.,121.3125));
#8751 = DIRECTION('',(0.,0.,1.));
#8752 = DIRECTION('',(1.,0.,0.));
#8753 = ADVANCED_FACE('',(#8754),#8760,.T.);
#8754 = FACE_BOUND('',#8755,.T.);
#8755 = EDGE_LOOP('',(#8756,#8757,#8758,#8759));
#8756 = ORIENTED_EDGE('',*,*,#8647,.F.);
#8757 = ORIENTED_EDGE('',*,*,#8708,.T.);
#8758 = ORIENTED_EDGE('',*,*,#8687,.T.);
#8759 = ORIENTED_EDGE('',*,*,#8730,.F.);
#8760 = PLANE('',#8761);
#8761 = AXIS2_PLACEMENT_3D('',#8762,#8763,#8764);
#8762 = CARTESIAN_POINT('',(-268.5,-200.,263.3125));
#8763 = DIRECTION('',(0.,0.,1.));
#8764 = DIRECTION('',(1.,0.,0.));
#8765 = MANIFOLD_SOLID_BREP('',#8766);
#8766 = CLOSED_SHELL('',(#8767,#8807,#8847,#8869,#8891,#8903));
#8767 = ADVANCED_FACE('',(#8768),#8802,.F.);
#8768 = FACE_BOUND('',#8769,.F.);
#8769 = EDGE_LOOP('',(#8770,#8780,#8788,#8796));
#8770 = ORIENTED_EDGE('',*,*,#8771,.F.);
#8771 = EDGE_CURVE('',#8772,#8774,#8776,.T.);
#8772 = VERTEX_POINT('',#8773);
#8773 = CARTESIAN_POINT('',(-256.5,-200.,121.3125));
#8774 = VERTEX_POINT('',#8775);
#8775 = CARTESIAN_POINT('',(-256.5,-200.,263.3125));
#8776 = LINE('',#8777,#8778);
#8777 = CARTESIAN_POINT('',(-256.5,-200.,121.3125));
#8778 = VECTOR('',#8779,1.);
#8779 = DIRECTION('',(0.,0.,1.));
#8780 = ORIENTED_EDGE('',*,*,#8781,.T.);
#8781 = EDGE_CURVE('',#8772,#8782,#8784,.T.);
#8782 = VERTEX_POINT('',#8783);
#8783 = CARTESIAN_POINT('',(-256.5,-110.,121.3125));
#8784 = LINE('',#8785,#8786);
#8785 = CARTESIAN_POINT('',(-256.5,-200.,121.3125));
#8786 = VECTOR('',#8787,1.);
#8787 = DIRECTION('',(0.,1.,0.));
#8788 = ORIENTED_EDGE('',*,*,#8789,.T.);
#8789 = EDGE_CURVE('',#8782,#8790,#8792,.T.);
#8790 = VERTEX_POINT('',#8791);
#8791 = CARTESIAN_POINT('',(-256.5,-110.,263.3125));
#8792 = LINE('',#8793,#8794);
#8793 = CARTESIAN_POINT('',(-256.5,-110.,121.3125));
#8794 = VECTOR('',#8795,1.);
#8795 = DIRECTION('',(0.,0.,1.));
#8796 = ORIENTED_EDGE('',*,*,#8797,.F.);
#8797 = EDGE_CURVE('',#8774,#8790,#8798,.T.);
#8798 = LINE('',#8799,#8800);
#8799 = CARTESIAN_POINT('',(-256.5,-200.,263.3125));
#8800 = VECTOR('',#8801,1.);
#8801 = DIRECTION('',(0.,1.,0.));
#8802 = PLANE('',#8803);
#8803 = AXIS2_PLACEMENT_3D('',#8804,#8805,#8806);
#8804 = CARTESIAN_POINT('',(-256.5,-200.,121.3125));
#8805 = DIRECTION('',(1.,0.,0.));
#8806 = DIRECTION('',(0.,0.,1.));
#8807 = ADVANCED_FACE('',(#8808),#8842,.T.);
#8808 = FACE_BOUND('',#8809,.T.);
#8809 = EDGE_LOOP('',(#8810,#8820,#8828,#8836));
#8810 = ORIENTED_EDGE('',*,*,#8811,.F.);
#8811 = EDGE_CURVE('',#8812,#8814,#8816,.T.);
#8812 = VERTEX_POINT('',#8813);
#8813 = CARTESIAN_POINT('',(-255.5,-200.,121.3125));
#8814 = VERTEX_POINT('',#8815);
#8815 = CARTESIAN_POINT('',(-255.5,-200.,263.3125));
#8816 = LINE('',#8817,#8818);
#8817 = CARTESIAN_POINT('',(-255.5,-200.,121.3125));
#8818 = VECTOR('',#8819,1.);
#8819 = DIRECTION('',(0.,0.,1.));
#8820 = ORIENTED_EDGE('',*,*,#8821,.T.);
#8821 = EDGE_CURVE('',#8812,#8822,#8824,.T.);
#8822 = VERTEX_POINT('',#8823);
#8823 = CARTESIAN_POINT('',(-255.5,-110.,121.3125));
#8824 = LINE('',#8825,#8826);
#8825 = CARTESIAN_POINT('',(-255.5,-200.,121.3125));
#8826 = VECTOR('',#8827,1.);
#8827 = DIRECTION('',(0.,1.,0.));
#8828 = ORIENTED_EDGE('',*,*,#8829,.T.);
#8829 = EDGE_CURVE('',#8822,#8830,#8832,.T.);
#8830 = VERTEX_POINT('',#8831);
#8831 = CARTESIAN_POINT('',(-255.5,-110.,263.3125));
#8832 = LINE('',#8833,#8834);
#8833 = CARTESIAN_POINT('',(-255.5,-110.,121.3125));
#8834 = VECTOR('',#8835,1.);
#8835 = DIRECTION('',(0.,0.,1.));
#8836 = ORIENTED_EDGE('',*,*,#8837,.F.);
#8837 = EDGE_CURVE('',#8814,#8830,#8838,.T.);
#8838 = LINE('',#8839,#8840);
#8839 = CARTESIAN_POINT('',(-255.5,-200.,263.3125));
#8840 = VECTOR('',#8841,1.);
#8841 = DIRECTION('',(0.,1.,0.));
#8842 = PLANE('',#8843);
#8843 = AXIS2_PLACEMENT_3D('',#8844,#8845,#8846);
#8844 = CARTESIAN_POINT('',(-255.5,-200.,121.3125));
#8845 = DIRECTION('',(1.,0.,0.));
#8846 = DIRECTION('',(0.,0.,1.));
#8847 = ADVANCED_FACE('',(#8848),#8864,.F.);
#8848 = FACE_BOUND('',#8849,.F.);
#8849 = EDGE_LOOP('',(#8850,#8856,#8857,#8863));
#8850 = ORIENTED_EDGE('',*,*,#8851,.F.);
#8851 = EDGE_CURVE('',#8772,#8812,#8852,.T.);
#8852 = LINE('',#8853,#8854);
#8853 = CARTESIAN_POINT('',(-256.5,-200.,121.3125));
#8854 = VECTOR('',#8855,1.);
#8855 = DIRECTION('',(1.,0.,0.));
#8856 = ORIENTED_EDGE('',*,*,#8771,.T.);
#8857 = ORIENTED_EDGE('',*,*,#8858,.T.);
#8858 = EDGE_CURVE('',#8774,#8814,#8859,.T.);
#8859 = LINE('',#8860,#8861);
#8860 = CARTESIAN_POINT('',(-256.5,-200.,263.3125));
#8861 = VECTOR('',#8862,1.);
#8862 = DIRECTION('',(1.,0.,0.));
#8863 = ORIENTED_EDGE('',*,*,#8811,.F.);
#8864 = PLANE('',#8865);
#8865 = AXIS2_PLACEMENT_3D('',#8866,#8867,#8868);
#8866 = CARTESIAN_POINT('',(-256.5,-200.,121.3125));
#8867 = DIRECTION('',(0.,1.,0.));
#8868 = DIRECTION('',(0.,0.,1.));
#8869 = ADVANCED_FACE('',(#8870),#8886,.T.);
#8870 = FACE_BOUND('',#8871,.T.);
#8871 = EDGE_LOOP('',(#8872,#8878,#8879,#8885));
#8872 = ORIENTED_EDGE('',*,*,#8873,.F.);
#8873 = EDGE_CURVE('',#8782,#8822,#8874,.T.);
#8874 = LINE('',#8875,#8876);
#8875 = CARTESIAN_POINT('',(-256.5,-110.,121.3125));
#8876 = VECTOR('',#8877,1.);
#8877 = DIRECTION('',(1.,0.,0.));
#8878 = ORIENTED_EDGE('',*,*,#8789,.T.);
#8879 = ORIENTED_EDGE('',*,*,#8880,.T.);
#8880 = EDGE_CURVE('',#8790,#8830,#8881,.T.);
#8881 = LINE('',#8882,#8883);
#8882 = CARTESIAN_POINT('',(-256.5,-110.,263.3125));
#8883 = VECTOR('',#8884,1.);
#8884 = DIRECTION('',(1.,0.,0.));
#8885 = ORIENTED_EDGE('',*,*,#8829,.F.);
#8886 = PLANE('',#8887);
#8887 = AXIS2_PLACEMENT_3D('',#8888,#8889,#8890);
#8888 = CARTESIAN_POINT('',(-256.5,-110.,121.3125));
#8889 = DIRECTION('',(0.,1.,0.));
#8890 = DIRECTION('',(0.,0.,1.));
#8891 = ADVANCED_FACE('',(#8892),#8898,.F.);
#8892 = FACE_BOUND('',#8893,.F.);
#8893 = EDGE_LOOP('',(#8894,#8895,#8896,#8897));
#8894 = ORIENTED_EDGE('',*,*,#8781,.F.);
#8895 = ORIENTED_EDGE('',*,*,#8851,.T.);
#8896 = ORIENTED_EDGE('',*,*,#8821,.T.);
#8897 = ORIENTED_EDGE('',*,*,#8873,.F.);
#8898 = PLANE('',#8899);
#8899 = AXIS2_PLACEMENT_3D('',#8900,#8901,#8902);
#8900 = CARTESIAN_POINT('',(-256.5,-200.,121.3125));
#8901 = DIRECTION('',(0.,0.,1.));
#8902 = DIRECTION('',(1.,0.,0.));
#8903 = ADVANCED_FACE('',(#8904),#8910,.T.);
#8904 = FACE_BOUND('',#8905,.T.);
#8905 = EDGE_LOOP('',(#8906,#8907,#8908,#8909));
#8906 = ORIENTED_EDGE('',*,*,#8797,.F.);
#8907 = ORIENTED_EDGE('',*,*,#8858,.T.);
#8908 = ORIENTED_EDGE('',*,*,#8837,.T.);
#8909 = ORIENTED_EDGE('',*,*,#8880,.F.);
#8910 = PLANE('',#8911);
#8911 = AXIS2_PLACEMENT_3D('',#8912,#8913,#8914);
#8912 = CARTESIAN_POINT('',(-256.5,-200.,263.3125));
#8913 = DIRECTION('',(0.,0.,1.));
#8914 = DIRECTION('',(1.,0.,0.));
#8915 = MANIFOLD_SOLID_BREP('',#8916);
#8916 = CLOSED_SHELL('',(#8917,#8957,#8997,#9019,#9041,#9053));
#8917 = ADVANCED_FACE('',(#8918),#8952,.F.);
#8918 = FACE_BOUND('',#8919,.F.);
#8919 = EDGE_LOOP('',(#8920,#8930,#8938,#8946));
#8920 = ORIENTED_EDGE('',*,*,#8921,.F.);
#8921 = EDGE_CURVE('',#8922,#8924,#8926,.T.);
#8922 = VERTEX_POINT('',#8923);
#8923 = CARTESIAN_POINT('',(-244.5,-200.,121.3125));
#8924 = VERTEX_POINT('',#8925);
#8925 = CARTESIAN_POINT('',(-244.5,-200.,263.3125));
#8926 = LINE('',#8927,#8928);
#8927 = CARTESIAN_POINT('',(-244.5,-200.,121.3125));
#8928 = VECTOR('',#8929,1.);
#8929 = DIRECTION('',(0.,0.,1.));
#8930 = ORIENTED_EDGE('',*,*,#8931,.T.);
#8931 = EDGE_CURVE('',#8922,#8932,#8934,.T.);
#8932 = VERTEX_POINT('',#8933);
#8933 = CARTESIAN_POINT('',(-244.5,-110.,121.3125));
#8934 = LINE('',#8935,#8936);
#8935 = CARTESIAN_POINT('',(-244.5,-200.,121.3125));
#8936 = VECTOR('',#8937,1.);
#8937 = DIRECTION('',(0.,1.,0.));
#8938 = ORIENTED_EDGE('',*,*,#8939,.T.);
#8939 = EDGE_CURVE('',#8932,#8940,#8942,.T.);
#8940 = VERTEX_POINT('',#8941);
#8941 = CARTESIAN_POINT('',(-244.5,-110.,263.3125));
#8942 = LINE('',#8943,#8944);
#8943 = CARTESIAN_POINT('',(-244.5,-110.,121.3125));
#8944 = VECTOR('',#8945,1.);
#8945 = DIRECTION('',(0.,0.,1.));
#8946 = ORIENTED_EDGE('',*,*,#8947,.F.);
#8947 = EDGE_CURVE('',#8924,#8940,#8948,.T.);
#8948 = LINE('',#8949,#8950);
#8949 = CARTESIAN_POINT('',(-244.5,-200.,263.3125));
#8950 = VECTOR('',#8951,1.);
#8951 = DIRECTION('',(0.,1.,0.));
#8952 = PLANE('',#8953);
#8953 = AXIS2_PLACEMENT_3D('',#8954,#8955,#8956);
#8954 = CARTESIAN_POINT('',(-244.5,-200.,121.3125));
#8955 = DIRECTION('',(1.,0.,0.));
#8956 = DIRECTION('',(0.,0.,1.));
#8957 = ADVANCED_FACE('',(#8958),#8992,.T.);
#8958 = FACE_BOUND('',#8959,.T.);
#8959 = EDGE_LOOP('',(#8960,#8970,#8978,#8986));
#8960 = ORIENTED_EDGE('',*,*,#8961,.F.);
#8961 = EDGE_CURVE('',#8962,#8964,#8966,.T.);
#8962 = VERTEX_POINT('',#8963);
#8963 = CARTESIAN_POINT('',(-243.5,-200.,121.3125));
#8964 = VERTEX_POINT('',#8965);
#8965 = CARTESIAN_POINT('',(-243.5,-200.,263.3125));
#8966 = LINE('',#8967,#8968);
#8967 = CARTESIAN_POINT('',(-243.5,-200.,121.3125));
#8968 = VECTOR('',#8969,1.);
#8969 = DIRECTION('',(0.,0.,1.));
#8970 = ORIENTED_EDGE('',*,*,#8971,.T.);
#8971 = EDGE_CURVE('',#8962,#8972,#8974,.T.);
#8972 = VERTEX_POINT('',#8973);
#8973 = CARTESIAN_POINT('',(-243.5,-110.,121.3125));
#8974 = LINE('',#8975,#8976);
#8975 = CARTESIAN_POINT('',(-243.5,-200.,121.3125));
#8976 = VECTOR('',#8977,1.);
#8977 = DIRECTION('',(0.,1.,0.));
#8978 = ORIENTED_EDGE('',*,*,#8979,.T.);
#8979 = EDGE_CURVE('',#8972,#8980,#8982,.T.);
#8980 = VERTEX_POINT('',#8981);
#8981 = CARTESIAN_POINT('',(-243.5,-110.,263.3125));
#8982 = LINE('',#8983,#8984);
#8983 = CARTESIAN_POINT('',(-243.5,-110.,121.3125));
#8984 = VECTOR('',#8985,1.);
#8985 = DIRECTION('',(0.,0.,1.));
#8986 = ORIENTED_EDGE('',*,*,#8987,.F.);
#8987 = EDGE_CURVE('',#8964,#8980,#8988,.T.);
#8988 = LINE('',#8989,#8990);
#8989 = CARTESIAN_POINT('',(-243.5,-200.,263.3125));
#8990 = VECTOR('',#8991,1.);
#8991 = DIRECTION('',(0.,1.,0.));
#8992 = PLANE('',#8993);
#8993 = AXIS2_PLACEMENT_3D('',#8994,#8995,#8996);
#8994 = CARTESIAN_POINT('',(-243.5,-200.,121.3125));
#8995 = DIRECTION('',(1.,0.,0.));
#8996 = DIRECTION('',(0.,0.,1.));
#8997 = ADVANCED_FACE('',(#8998),#9014,.F.);
#8998 = FACE_BOUND('',#8999,.F.);
#8999 = EDGE_LOOP('',(#9000,#9006,#9007,#9013));
#9000 = ORIENTED_EDGE('',*,*,#9001,.F.);
#9001 = EDGE_CURVE('',#8922,#8962,#9002,.T.);
#9002 = LINE('',#9003,#9004);
#9003 = CARTESIAN_POINT('',(-244.5,-200.,121.3125));
#9004 = VECTOR('',#9005,1.);
#9005 = DIRECTION('',(1.,0.,0.));
#9006 = ORIENTED_EDGE('',*,*,#8921,.T.);
#9007 = ORIENTED_EDGE('',*,*,#9008,.T.);
#9008 = EDGE_CURVE('',#8924,#8964,#9009,.T.);
#9009 = LINE('',#9010,#9011);
#9010 = CARTESIAN_POINT('',(-244.5,-200.,263.3125));
#9011 = VECTOR('',#9012,1.);
#9012 = DIRECTION('',(1.,0.,0.));
#9013 = ORIENTED_EDGE('',*,*,#8961,.F.);
#9014 = PLANE('',#9015);
#9015 = AXIS2_PLACEMENT_3D('',#9016,#9017,#9018);
#9016 = CARTESIAN_POINT('',(-244.5,-200.,121.3125));
#9017 = DIRECTION('',(0.,1.,0.));
#9018 = DIRECTION('',(0.,0.,1.));
#9019 = ADVANCED_FACE('',(#9020),#9036,.T.);
#9020 = FACE_BOUND('',#9021,.T.);
#9021 = EDGE_LOOP('',(#9022,#9028,#9029,#9035));
#9022 = ORIENTED_EDGE('',*,*,#9023,.F.);
#9023 = EDGE_CURVE('',#8932,#8972,#9024,.T.);
#9024 = LINE('',#9025,#9026);
#9025 = CARTESIAN_POINT('',(-244.5,-110.,121.3125));
#9026 = VECTOR('',#9027,1.);
#9027 = DIRECTION('',(1.,0.,0.));
#9028 = ORIENTED_EDGE('',*,*,#8939,.T.);
#9029 = ORIENTED_EDGE('',*,*,#9030,.T.);
#9030 = EDGE_CURVE('',#8940,#8980,#9031,.T.);
#9031 = LINE('',#9032,#9033);
#9032 = CARTESIAN_POINT('',(-244.5,-110.,263.3125));
#9033 = VECTOR('',#9034,1.);
#9034 = DIRECTION('',(1.,0.,0.));
#9035 = ORIENTED_EDGE('',*,*,#8979,.F.);
#9036 = PLANE('',#9037);
#9037 = AXIS2_PLACEMENT_3D('',#9038,#9039,#9040);
#9038 = CARTESIAN_POINT('',(-244.5,-110.,121.3125));
#9039 = DIRECTION('',(0.,1.,0.));
#9040 = DIRECTION('',(0.,0.,1.));
#9041 = ADVANCED_FACE('',(#9042),#9048,.F.);
#9042 = FACE_BOUND('',#9043,.F.);
#9043 = EDGE_LOOP('',(#9044,#9045,#9046,#9047));
#9044 = ORIENTED_EDGE('',*,*,#8931,.F.);
#9045 = ORIENTED_EDGE('',*,*,#9001,.T.);
#9046 = ORIENTED_EDGE('',*,*,#8971,.T.);
#9047 = ORIENTED_EDGE('',*,*,#9023,.F.);
#9048 = PLANE('',#9049);
#9049 = AXIS2_PLACEMENT_3D('',#9050,#9051,#9052);
#9050 = CARTESIAN_POINT('',(-244.5,-200.,121.3125));
#9051 = DIRECTION('',(0.,0.,1.));
#9052 = DIRECTION('',(1.,0.,0.));
#9053 = ADVANCED_FACE('',(#9054),#9060,.T.);
#9054 = FACE_BOUND('',#9055,.T.);
#9055 = EDGE_LOOP('',(#9056,#9057,#9058,#9059));
#9056 = ORIENTED_EDGE('',*,*,#8947,.F.);
#9057 = ORIENTED_EDGE('',*,*,#9008,.T.);
#9058 = ORIENTED_EDGE('',*,*,#8987,.T.);
#9059 = ORIENTED_EDGE('',*,*,#9030,.F.);
#9060 = PLANE('',#9061);
#9061 = AXIS2_PLACEMENT_3D('',#9062,#9063,#9064);
#9062 = CARTESIAN_POINT('',(-244.5,-200.,263.3125));
#9063 = DIRECTION('',(0.,0.,1.));
#9064 = DIRECTION('',(1.,0.,0.));
#9065 = MANIFOLD_SOLID_BREP('',#9066);
#9066 = CLOSED_SHELL('',(#9067,#9107,#9147,#9169,#9191,#9203));
#9067 = ADVANCED_FACE('',(#9068),#9102,.F.);
#9068 = FACE_BOUND('',#9069,.F.);
#9069 = EDGE_LOOP('',(#9070,#9080,#9088,#9096));
#9070 = ORIENTED_EDGE('',*,*,#9071,.F.);
#9071 = EDGE_CURVE('',#9072,#9074,#9076,.T.);
#9072 = VERTEX_POINT('',#9073);
#9073 = CARTESIAN_POINT('',(-232.5,-200.,121.3125));
#9074 = VERTEX_POINT('',#9075);
#9075 = CARTESIAN_POINT('',(-232.5,-200.,263.3125));
#9076 = LINE('',#9077,#9078);
#9077 = CARTESIAN_POINT('',(-232.5,-200.,121.3125));
#9078 = VECTOR('',#9079,1.);
#9079 = DIRECTION('',(0.,0.,1.));
#9080 = ORIENTED_EDGE('',*,*,#9081,.T.);
#9081 = EDGE_CURVE('',#9072,#9082,#9084,.T.);
#9082 = VERTEX_POINT('',#9083);
#9083 = CARTESIAN_POINT('',(-232.5,-110.,121.3125));
#9084 = LINE('',#9085,#9086);
#9085 = CARTESIAN_POINT('',(-232.5,-200.,121.3125));
#9086 = VECTOR('',#9087,1.);
#9087 = DIRECTION('',(0.,1.,0.));
#9088 = ORIENTED_EDGE('',*,*,#9089,.T.);
#9089 = EDGE_CURVE('',#9082,#9090,#9092,.T.);
#9090 = VERTEX_POINT('',#9091);
#9091 = CARTESIAN_POINT('',(-232.5,-110.,263.3125));
#9092 = LINE('',#9093,#9094);
#9093 = CARTESIAN_POINT('',(-232.5,-110.,121.3125));
#9094 = VECTOR('',#9095,1.);
#9095 = DIRECTION('',(0.,0.,1.));
#9096 = ORIENTED_EDGE('',*,*,#9097,.F.);
#9097 = EDGE_CURVE('',#9074,#9090,#9098,.T.);
#9098 = LINE('',#9099,#9100);
#9099 = CARTESIAN_POINT('',(-232.5,-200.,263.3125));
#9100 = VECTOR('',#9101,1.);
#9101 = DIRECTION('',(0.,1.,0.));
#9102 = PLANE('',#9103);
#9103 = AXIS2_PLACEMENT_3D('',#9104,#9105,#9106);
#9104 = CARTESIAN_POINT('',(-232.5,-200.,121.3125));
#9105 = DIRECTION('',(1.,0.,0.));
#9106 = DIRECTION('',(0.,0.,1.));
#9107 = ADVANCED_FACE('',(#9108),#9142,.T.);
#9108 = FACE_BOUND('',#9109,.T.);
#9109 = EDGE_LOOP('',(#9110,#9120,#9128,#9136));
#9110 = ORIENTED_EDGE('',*,*,#9111,.F.);
#9111 = EDGE_CURVE('',#9112,#9114,#9116,.T.);
#9112 = VERTEX_POINT('',#9113);
#9113 = CARTESIAN_POINT('',(-231.5,-200.,121.3125));
#9114 = VERTEX_POINT('',#9115);
#9115 = CARTESIAN_POINT('',(-231.5,-200.,263.3125));
#9116 = LINE('',#9117,#9118);
#9117 = CARTESIAN_POINT('',(-231.5,-200.,121.3125));
#9118 = VECTOR('',#9119,1.);
#9119 = DIRECTION('',(0.,0.,1.));
#9120 = ORIENTED_EDGE('',*,*,#9121,.T.);
#9121 = EDGE_CURVE('',#9112,#9122,#9124,.T.);
#9122 = VERTEX_POINT('',#9123);
#9123 = CARTESIAN_POINT('',(-231.5,-110.,121.3125));
#9124 = LINE('',#9125,#9126);
#9125 = CARTESIAN_POINT('',(-231.5,-200.,121.3125));
#9126 = VECTOR('',#9127,1.);
#9127 = DIRECTION('',(0.,1.,0.));
#9128 = ORIENTED_EDGE('',*,*,#9129,.T.);
#9129 = EDGE_CURVE('',#9122,#9130,#9132,.T.);
#9130 = VERTEX_POINT('',#9131);
#9131 = CARTESIAN_POINT('',(-231.5,-110.,263.3125));
#9132 = LINE('',#9133,#9134);
#9133 = CARTESIAN_POINT('',(-231.5,-110.,121.3125));
#9134 = VECTOR('',#9135,1.);
#9135 = DIRECTION('',(0.,0.,1.));
#9136 = ORIENTED_EDGE('',*,*,#9137,.F.);
#9137 = EDGE_CURVE('',#9114,#9130,#9138,.T.);
#9138 = LINE('',#9139,#9140);
#9139 = CARTESIAN_POINT('',(-231.5,-200.,263.3125));
#9140 = VECTOR('',#9141,1.);
#9141 = DIRECTION('',(0.,1.,0.));
#9142 = PLANE('',#9143);
#9143 = AXIS2_PLACEMENT_3D('',#9144,#9145,#9146);
#9144 = CARTESIAN_POINT('',(-231.5,-200.,121.3125));
#9145 = DIRECTION('',(1.,0.,0.));
#9146 = DIRECTION('',(0.,0.,1.));
#9147 = ADVANCED_FACE('',(#9148),#9164,.F.);
#9148 = FACE_BOUND('',#9149,.F.);
#9149 = EDGE_LOOP('',(#9150,#9156,#9157,#9163));
#9150 = ORIENTED_EDGE('',*,*,#9151,.F.);
#9151 = EDGE_CURVE('',#9072,#9112,#9152,.T.);
#9152 = LINE('',#9153,#9154);
#9153 = CARTESIAN_POINT('',(-232.5,-200.,121.3125));
#9154 = VECTOR('',#9155,1.);
#9155 = DIRECTION('',(1.,0.,0.));
#9156 = ORIENTED_EDGE('',*,*,#9071,.T.);
#9157 = ORIENTED_EDGE('',*,*,#9158,.T.);
#9158 = EDGE_CURVE('',#9074,#9114,#9159,.T.);
#9159 = LINE('',#9160,#9161);
#9160 = CARTESIAN_POINT('',(-232.5,-200.,263.3125));
#9161 = VECTOR('',#9162,1.);
#9162 = DIRECTION('',(1.,0.,0.));
#9163 = ORIENTED_EDGE('',*,*,#9111,.F.);
#9164 = PLANE('',#9165);
#9165 = AXIS2_PLACEMENT_3D('',#9166,#9167,#9168);
#9166 = CARTESIAN_POINT('',(-232.5,-200.,121.3125));
#9167 = DIRECTION('',(0.,1.,0.));
#9168 = DIRECTION('',(0.,0.,1.));
#9169 = ADVANCED_FACE('',(#9170),#9186,.T.);
#9170 = FACE_BOUND('',#9171,.T.);
#9171 = EDGE_LOOP('',(#9172,#9178,#9179,#9185));
#9172 = ORIENTED_EDGE('',*,*,#9173,.F.);
#9173 = EDGE_CURVE('',#9082,#9122,#9174,.T.);
#9174 = LINE('',#9175,#9176);
#9175 = CARTESIAN_POINT('',(-232.5,-110.,121.3125));
#9176 = VECTOR('',#9177,1.);
#9177 = DIRECTION('',(1.,0.,0.));
#9178 = ORIENTED_EDGE('',*,*,#9089,.T.);
#9179 = ORIENTED_EDGE('',*,*,#9180,.T.);
#9180 = EDGE_CURVE('',#9090,#9130,#9181,.T.);
#9181 = LINE('',#9182,#9183);
#9182 = CARTESIAN_POINT('',(-232.5,-110.,263.3125));
#9183 = VECTOR('',#9184,1.);
#9184 = DIRECTION('',(1.,0.,0.));
#9185 = ORIENTED_EDGE('',*,*,#9129,.F.);
#9186 = PLANE('',#9187);
#9187 = AXIS2_PLACEMENT_3D('',#9188,#9189,#9190);
#9188 = CARTESIAN_POINT('',(-232.5,-110.,121.3125));
#9189 = DIRECTION('',(0.,1.,0.));
#9190 = DIRECTION('',(0.,0.,1.));
#9191 = ADVANCED_FACE('',(#9192),#9198,.F.);
#9192 = FACE_BOUND('',#9193,.F.);
#9193 = EDGE_LOOP('',(#9194,#9195,#9196,#9197));
#9194 = ORIENTED_EDGE('',*,*,#9081,.F.);
#9195 = ORIENTED_EDGE('',*,*,#9151,.T.);
#9196 = ORIENTED_EDGE('',*,*,#9121,.T.);
#9197 = ORIENTED_EDGE('',*,*,#9173,.F.);
#9198 = PLANE('',#9199);
#9199 = AXIS2_PLACEMENT_3D('',#9200,#9201,#9202);
#9200 = CARTESIAN_POINT('',(-232.5,-200.,121.3125));
#9201 = DIRECTION('',(0.,0.,1.));
#9202 = DIRECTION('',(1.,0.,0.));
#9203 = ADVANCED_FACE('',(#9204),#9210,.T.);
#9204 = FACE_BOUND('',#9205,.T.);
#9205 = EDGE_LOOP('',(#9206,#9207,#9208,#9209));
#9206 = ORIENTED_EDGE('',*,*,#9097,.F.);
#9207 = ORIENTED_EDGE('',*,*,#9158,.T.);
#9208 = ORIENTED_EDGE('',*,*,#9137,.T.);
#9209 = ORIENTED_EDGE('',*,*,#9180,.F.);
#9210 = PLANE('',#9211);
#9211 = AXIS2_PLACEMENT_3D('',#9212,#9213,#9214);
#9212 = CARTESIAN_POINT('',(-232.5,-200.,263.3125));
#9213 = DIRECTION('',(0.,0.,1.));
#9214 = DIRECTION('',(1.,0.,0.));
#9215 = MANIFOLD_SOLID_BREP('',#9216);
#9216 = CLOSED_SHELL('',(#9217,#9257,#9297,#9319,#9341,#9353));
#9217 = ADVANCED_FACE('',(#9218),#9252,.F.);
#9218 = FACE_BOUND('',#9219,.F.);
#9219 = EDGE_LOOP('',(#9220,#9230,#9238,#9246));
#9220 = ORIENTED_EDGE('',*,*,#9221,.F.);
#9221 = EDGE_CURVE('',#9222,#9224,#9226,.T.);
#9222 = VERTEX_POINT('',#9223);
#9223 = CARTESIAN_POINT('',(-220.5,-200.,121.3125));
#9224 = VERTEX_POINT('',#9225);
#9225 = CARTESIAN_POINT('',(-220.5,-200.,263.3125));
#9226 = LINE('',#9227,#9228);
#9227 = CARTESIAN_POINT('',(-220.5,-200.,121.3125));
#9228 = VECTOR('',#9229,1.);
#9229 = DIRECTION('',(0.,0.,1.));
#9230 = ORIENTED_EDGE('',*,*,#9231,.T.);
#9231 = EDGE_CURVE('',#9222,#9232,#9234,.T.);
#9232 = VERTEX_POINT('',#9233);
#9233 = CARTESIAN_POINT('',(-220.5,-110.,121.3125));
#9234 = LINE('',#9235,#9236);
#9235 = CARTESIAN_POINT('',(-220.5,-200.,121.3125));
#9236 = VECTOR('',#9237,1.);
#9237 = DIRECTION('',(0.,1.,0.));
#9238 = ORIENTED_EDGE('',*,*,#9239,.T.);
#9239 = EDGE_CURVE('',#9232,#9240,#9242,.T.);
#9240 = VERTEX_POINT('',#9241);
#9241 = CARTESIAN_POINT('',(-220.5,-110.,263.3125));
#9242 = LINE('',#9243,#9244);
#9243 = CARTESIAN_POINT('',(-220.5,-110.,121.3125));
#9244 = VECTOR('',#9245,1.);
#9245 = DIRECTION('',(0.,0.,1.));
#9246 = ORIENTED_EDGE('',*,*,#9247,.F.);
#9247 = EDGE_CURVE('',#9224,#9240,#9248,.T.);
#9248 = LINE('',#9249,#9250);
#9249 = CARTESIAN_POINT('',(-220.5,-200.,263.3125));
#9250 = VECTOR('',#9251,1.);
#9251 = DIRECTION('',(0.,1.,0.));
#9252 = PLANE('',#9253);
#9253 = AXIS2_PLACEMENT_3D('',#9254,#9255,#9256);
#9254 = CARTESIAN_POINT('',(-220.5,-200.,121.3125));
#9255 = DIRECTION('',(1.,0.,0.));
#9256 = DIRECTION('',(0.,0.,1.));
#9257 = ADVANCED_FACE('',(#9258),#9292,.T.);
#9258 = FACE_BOUND('',#9259,.T.);
#9259 = EDGE_LOOP('',(#9260,#9270,#9278,#9286));
#9260 = ORIENTED_EDGE('',*,*,#9261,.F.);
#9261 = EDGE_CURVE('',#9262,#9264,#9266,.T.);
#9262 = VERTEX_POINT('',#9263);
#9263 = CARTESIAN_POINT('',(-219.5,-200.,121.3125));
#9264 = VERTEX_POINT('',#9265);
#9265 = CARTESIAN_POINT('',(-219.5,-200.,263.3125));
#9266 = LINE('',#9267,#9268);
#9267 = CARTESIAN_POINT('',(-219.5,-200.,121.3125));
#9268 = VECTOR('',#9269,1.);
#9269 = DIRECTION('',(0.,0.,1.));
#9270 = ORIENTED_EDGE('',*,*,#9271,.T.);
#9271 = EDGE_CURVE('',#9262,#9272,#9274,.T.);
#9272 = VERTEX_POINT('',#9273);
#9273 = CARTESIAN_POINT('',(-219.5,-110.,121.3125));
#9274 = LINE('',#9275,#9276);
#9275 = CARTESIAN_POINT('',(-219.5,-200.,121.3125));
#9276 = VECTOR('',#9277,1.);
#9277 = DIRECTION('',(0.,1.,0.));
#9278 = ORIENTED_EDGE('',*,*,#9279,.T.);
#9279 = EDGE_CURVE('',#9272,#9280,#9282,.T.);
#9280 = VERTEX_POINT('',#9281);
#9281 = CARTESIAN_POINT('',(-219.5,-110.,263.3125));
#9282 = LINE('',#9283,#9284);
#9283 = CARTESIAN_POINT('',(-219.5,-110.,121.3125));
#9284 = VECTOR('',#9285,1.);
#9285 = DIRECTION('',(0.,0.,1.));
#9286 = ORIENTED_EDGE('',*,*,#9287,.F.);
#9287 = EDGE_CURVE('',#9264,#9280,#9288,.T.);
#9288 = LINE('',#9289,#9290);
#9289 = CARTESIAN_POINT('',(-219.5,-200.,263.3125));
#9290 = VECTOR('',#9291,1.);
#9291 = DIRECTION('',(0.,1.,0.));
#9292 = PLANE('',#9293);
#9293 = AXIS2_PLACEMENT_3D('',#9294,#9295,#9296);
#9294 = CARTESIAN_POINT('',(-219.5,-200.,121.3125));
#9295 = DIRECTION('',(1.,0.,0.));
#9296 = DIRECTION('',(0.,0.,1.));
#9297 = ADVANCED_FACE('',(#9298),#9314,.F.);
#9298 = FACE_BOUND('',#9299,.F.);
#9299 = EDGE_LOOP('',(#9300,#9306,#9307,#9313));
#9300 = ORIENTED_EDGE('',*,*,#9301,.F.);
#9301 = EDGE_CURVE('',#9222,#9262,#9302,.T.);
#9302 = LINE('',#9303,#9304);
#9303 = CARTESIAN_POINT('',(-220.5,-200.,121.3125));
#9304 = VECTOR('',#9305,1.);
#9305 = DIRECTION('',(1.,0.,0.));
#9306 = ORIENTED_EDGE('',*,*,#9221,.T.);
#9307 = ORIENTED_EDGE('',*,*,#9308,.T.);
#9308 = EDGE_CURVE('',#9224,#9264,#9309,.T.);
#9309 = LINE('',#9310,#9311);
#9310 = CARTESIAN_POINT('',(-220.5,-200.,263.3125));
#9311 = VECTOR('',#9312,1.);
#9312 = DIRECTION('',(1.,0.,0.));
#9313 = ORIENTED_EDGE('',*,*,#9261,.F.);
#9314 = PLANE('',#9315);
#9315 = AXIS2_PLACEMENT_3D('',#9316,#9317,#9318);
#9316 = CARTESIAN_POINT('',(-220.5,-200.,121.3125));
#9317 = DIRECTION('',(0.,1.,0.));
#9318 = DIRECTION('',(0.,0.,1.));
#9319 = ADVANCED_FACE('',(#9320),#9336,.T.);
#9320 = FACE_BOUND('',#9321,.T.);
#9321 = EDGE_LOOP('',(#9322,#9328,#9329,#9335));
#9322 = ORIENTED_EDGE('',*,*,#9323,.F.);
#9323 = EDGE_CURVE('',#9232,#9272,#9324,.T.);
#9324 = LINE('',#9325,#9326);
#9325 = CARTESIAN_POINT('',(-220.5,-110.,121.3125));
#9326 = VECTOR('',#9327,1.);
#9327 = DIRECTION('',(1.,0.,0.));
#9328 = ORIENTED_EDGE('',*,*,#9239,.T.);
#9329 = ORIENTED_EDGE('',*,*,#9330,.T.);
#9330 = EDGE_CURVE('',#9240,#9280,#9331,.T.);
#9331 = LINE('',#9332,#9333);
#9332 = CARTESIAN_POINT('',(-220.5,-110.,263.3125));
#9333 = VECTOR('',#9334,1.);
#9334 = DIRECTION('',(1.,0.,0.));
#9335 = ORIENTED_EDGE('',*,*,#9279,.F.);
#9336 = PLANE('',#9337);
#9337 = AXIS2_PLACEMENT_3D('',#9338,#9339,#9340);
#9338 = CARTESIAN_POINT('',(-220.5,-110.,121.3125));
#9339 = DIRECTION('',(0.,1.,0.));
#9340 = DIRECTION('',(0.,0.,1.));
#9341 = ADVANCED_FACE('',(#9342),#9348,.F.);
#9342 = FACE_BOUND('',#9343,.F.);
#9343 = EDGE_LOOP('',(#9344,#9345,#9346,#9347));
#9344 = ORIENTED_EDGE('',*,*,#9231,.F.);
#9345 = ORIENTED_EDGE('',*,*,#9301,.T.);
#9346 = ORIENTED_EDGE('',*,*,#9271,.T.);
#9347 = ORIENTED_EDGE('',*,*,#9323,.F.);
#9348 = PLANE('',#9349);
#9349 = AXIS2_PLACEMENT_3D('',#9350,#9351,#9352);
#9350 = CARTESIAN_POINT('',(-220.5,-200.,121.3125));
#9351 = DIRECTION('',(0.,0.,1.));
#9352 = DIRECTION('',(1.,0.,0.));
#9353 = ADVANCED_FACE('',(#9354),#9360,.T.);
#9354 = FACE_BOUND('',#9355,.T.);
#9355 = EDGE_LOOP('',(#9356,#9357,#9358,#9359));
#9356 = ORIENTED_EDGE('',*,*,#9247,.F.);
#9357 = ORIENTED_EDGE('',*,*,#9308,.T.);
#9358 = ORIENTED_EDGE('',*,*,#9287,.T.);
#9359 = ORIENTED_EDGE('',*,*,#9330,.F.);
#9360 = PLANE('',#9361);
#9361 = AXIS2_PLACEMENT_3D('',#9362,#9363,#9364);
#9362 = CARTESIAN_POINT('',(-220.5,-200.,263.3125));
#9363 = DIRECTION('',(0.,0.,1.));
#9364 = DIRECTION('',(1.,0.,0.));
#9365 = MANIFOLD_SOLID_BREP('',#9366);
#9366 = CLOSED_SHELL('',(#9367,#9407,#9447,#9469,#9491,#9503));
#9367 = ADVANCED_FACE('',(#9368),#9402,.F.);
#9368 = FACE_BOUND('',#9369,.F.);
#9369 = EDGE_LOOP('',(#9370,#9380,#9388,#9396));
#9370 = ORIENTED_EDGE('',*,*,#9371,.F.);
#9371 = EDGE_CURVE('',#9372,#9374,#9376,.T.);
#9372 = VERTEX_POINT('',#9373);
#9373 = CARTESIAN_POINT('',(-208.5,-200.,121.3125));
#9374 = VERTEX_POINT('',#9375);
#9375 = CARTESIAN_POINT('',(-208.5,-200.,263.3125));
#9376 = LINE('',#9377,#9378);
#9377 = CARTESIAN_POINT('',(-208.5,-200.,121.3125));
#9378 = VECTOR('',#9379,1.);
#9379 = DIRECTION('',(0.,0.,1.));
#9380 = ORIENTED_EDGE('',*,*,#9381,.T.);
#9381 = EDGE_CURVE('',#9372,#9382,#9384,.T.);
#9382 = VERTEX_POINT('',#9383);
#9383 = CARTESIAN_POINT('',(-208.5,-110.,121.3125));
#9384 = LINE('',#9385,#9386);
#9385 = CARTESIAN_POINT('',(-208.5,-200.,121.3125));
#9386 = VECTOR('',#9387,1.);
#9387 = DIRECTION('',(0.,1.,0.));
#9388 = ORIENTED_EDGE('',*,*,#9389,.T.);
#9389 = EDGE_CURVE('',#9382,#9390,#9392,.T.);
#9390 = VERTEX_POINT('',#9391);
#9391 = CARTESIAN_POINT('',(-208.5,-110.,263.3125));
#9392 = LINE('',#9393,#9394);
#9393 = CARTESIAN_POINT('',(-208.5,-110.,121.3125));
#9394 = VECTOR('',#9395,1.);
#9395 = DIRECTION('',(0.,0.,1.));
#9396 = ORIENTED_EDGE('',*,*,#9397,.F.);
#9397 = EDGE_CURVE('',#9374,#9390,#9398,.T.);
#9398 = LINE('',#9399,#9400);
#9399 = CARTESIAN_POINT('',(-208.5,-200.,263.3125));
#9400 = VECTOR('',#9401,1.);
#9401 = DIRECTION('',(0.,1.,0.));
#9402 = PLANE('',#9403);
#9403 = AXIS2_PLACEMENT_3D('',#9404,#9405,#9406);
#9404 = CARTESIAN_POINT('',(-208.5,-200.,121.3125));
#9405 = DIRECTION('',(1.,0.,0.));
#9406 = DIRECTION('',(0.,0.,1.));
#9407 = ADVANCED_FACE('',(#9408),#9442,.T.);
#9408 = FACE_BOUND('',#9409,.T.);
#9409 = EDGE_LOOP('',(#9410,#9420,#9428,#9436));
#9410 = ORIENTED_EDGE('',*,*,#9411,.F.);
#9411 = EDGE_CURVE('',#9412,#9414,#9416,.T.);
#9412 = VERTEX_POINT('',#9413);
#9413 = CARTESIAN_POINT('',(-207.5,-200.,121.3125));
#9414 = VERTEX_POINT('',#9415);
#9415 = CARTESIAN_POINT('',(-207.5,-200.,263.3125));
#9416 = LINE('',#9417,#9418);
#9417 = CARTESIAN_POINT('',(-207.5,-200.,121.3125));
#9418 = VECTOR('',#9419,1.);
#9419 = DIRECTION('',(0.,0.,1.));
#9420 = ORIENTED_EDGE('',*,*,#9421,.T.);
#9421 = EDGE_CURVE('',#9412,#9422,#9424,.T.);
#9422 = VERTEX_POINT('',#9423);
#9423 = CARTESIAN_POINT('',(-207.5,-110.,121.3125));
#9424 = LINE('',#9425,#9426);
#9425 = CARTESIAN_POINT('',(-207.5,-200.,121.3125));
#9426 = VECTOR('',#9427,1.);
#9427 = DIRECTION('',(0.,1.,0.));
#9428 = ORIENTED_EDGE('',*,*,#9429,.T.);
#9429 = EDGE_CURVE('',#9422,#9430,#9432,.T.);
#9430 = VERTEX_POINT('',#9431);
#9431 = CARTESIAN_POINT('',(-207.5,-110.,263.3125));
#9432 = LINE('',#9433,#9434);
#9433 = CARTESIAN_POINT('',(-207.5,-110.,121.3125));
#9434 = VECTOR('',#9435,1.);
#9435 = DIRECTION('',(0.,0.,1.));
#9436 = ORIENTED_EDGE('',*,*,#9437,.F.);
#9437 = EDGE_CURVE('',#9414,#9430,#9438,.T.);
#9438 = LINE('',#9439,#9440);
#9439 = CARTESIAN_POINT('',(-207.5,-200.,263.3125));
#9440 = VECTOR('',#9441,1.);
#9441 = DIRECTION('',(0.,1.,0.));
#9442 = PLANE('',#9443);
#9443 = AXIS2_PLACEMENT_3D('',#9444,#9445,#9446);
#9444 = CARTESIAN_POINT('',(-207.5,-200.,121.3125));
#9445 = DIRECTION('',(1.,0.,0.));
#9446 = DIRECTION('',(0.,0.,1.));
#9447 = ADVANCED_FACE('',(#9448),#9464,.F.);
#9448 = FACE_BOUND('',#9449,.F.);
#9449 = EDGE_LOOP('',(#9450,#9456,#9457,#9463));
#9450 = ORIENTED_EDGE('',*,*,#9451,.F.);
#9451 = EDGE_CURVE('',#9372,#9412,#9452,.T.);
#9452 = LINE('',#9453,#9454);
#9453 = CARTESIAN_POINT('',(-208.5,-200.,121.3125));
#9454 = VECTOR('',#9455,1.);
#9455 = DIRECTION('',(1.,0.,0.));
#9456 = ORIENTED_EDGE('',*,*,#9371,.T.);
#9457 = ORIENTED_EDGE('',*,*,#9458,.T.);
#9458 = EDGE_CURVE('',#9374,#9414,#9459,.T.);
#9459 = LINE('',#9460,#9461);
#9460 = CARTESIAN_POINT('',(-208.5,-200.,263.3125));
#9461 = VECTOR('',#9462,1.);
#9462 = DIRECTION('',(1.,0.,0.));
#9463 = ORIENTED_EDGE('',*,*,#9411,.F.);
#9464 = PLANE('',#9465);
#9465 = AXIS2_PLACEMENT_3D('',#9466,#9467,#9468);
#9466 = CARTESIAN_POINT('',(-208.5,-200.,121.3125));
#9467 = DIRECTION('',(0.,1.,0.));
#9468 = DIRECTION('',(0.,0.,1.));
#9469 = ADVANCED_FACE('',(#9470),#9486,.T.);
#9470 = FACE_BOUND('',#9471,.T.);
#9471 = EDGE_LOOP('',(#9472,#9478,#9479,#9485));
#9472 = ORIENTED_EDGE('',*,*,#9473,.F.);
#9473 = EDGE_CURVE('',#9382,#9422,#9474,.T.);
#9474 = LINE('',#9475,#9476);
#9475 = CARTESIAN_POINT('',(-208.5,-110.,121.3125));
#9476 = VECTOR('',#9477,1.);
#9477 = DIRECTION('',(1.,0.,0.));
#9478 = ORIENTED_EDGE('',*,*,#9389,.T.);
#9479 = ORIENTED_EDGE('',*,*,#9480,.T.);
#9480 = EDGE_CURVE('',#9390,#9430,#9481,.T.);
#9481 = LINE('',#9482,#9483);
#9482 = CARTESIAN_POINT('',(-208.5,-110.,263.3125));
#9483 = VECTOR('',#9484,1.);
#9484 = DIRECTION('',(1.,0.,0.));
#9485 = ORIENTED_EDGE('',*,*,#9429,.F.);
#9486 = PLANE('',#9487);
#9487 = AXIS2_PLACEMENT_3D('',#9488,#9489,#9490);
#9488 = CARTESIAN_POINT('',(-208.5,-110.,121.3125));
#9489 = DIRECTION('',(0.,1.,0.));
#9490 = DIRECTION('',(0.,0.,1.));
#9491 = ADVANCED_FACE('',(#9492),#9498,.F.);
#9492 = FACE_BOUND('',#9493,.F.);
#9493 = EDGE_LOOP('',(#9494,#9495,#9496,#9497));
#9494 = ORIENTED_EDGE('',*,*,#9381,.F.);
#9495 = ORIENTED_EDGE('',*,*,#9451,.T.);
#9496 = ORIENTED_EDGE('',*,*,#9421,.T.);
#9497 = ORIENTED_EDGE('',*,*,#9473,.F.);
#9498 = PLANE('',#9499);
#9499 = AXIS2_PLACEMENT_3D('',#9500,#9501,#9502);
#9500 = CARTESIAN_POINT('',(-208.5,-200.,121.3125));
#9501 = DIRECTION('',(0.,0.,1.));
#9502 = DIRECTION('',(1.,0.,0.));
#9503 = ADVANCED_FACE('',(#9504),#9510,.T.);
#9504 = FACE_BOUND('',#9505,.T.);
#9505 = EDGE_LOOP('',(#9506,#9507,#9508,#9509));
#9506 = ORIENTED_EDGE('',*,*,#9397,.F.);
#9507 = ORIENTED_EDGE('',*,*,#9458,.T.);
#9508 = ORIENTED_EDGE('',*,*,#9437,.T.);
#9509 = ORIENTED_EDGE('',*,*,#9480,.F.);
#9510 = PLANE('',#9511);
#9511 = AXIS2_PLACEMENT_3D('',#9512,#9513,#9514);
#9512 = CARTESIAN_POINT('',(-208.5,-200.,263.3125));
#9513 = DIRECTION('',(0.,0.,1.));
#9514 = DIRECTION('',(1.,0.,0.));
#9515 = MANIFOLD_SOLID_BREP('',#9516);
#9516 = CLOSED_SHELL('',(#9517,#9557,#9597,#9619,#9641,#9653));
#9517 = ADVANCED_FACE('',(#9518),#9552,.F.);
#9518 = FACE_BOUND('',#9519,.F.);
#9519 = EDGE_LOOP('',(#9520,#9530,#9538,#9546));
#9520 = ORIENTED_EDGE('',*,*,#9521,.F.);
#9521 = EDGE_CURVE('',#9522,#9524,#9526,.T.);
#9522 = VERTEX_POINT('',#9523);
#9523 = CARTESIAN_POINT('',(-196.5,-200.,121.3125));
#9524 = VERTEX_POINT('',#9525);
#9525 = CARTESIAN_POINT('',(-196.5,-200.,263.3125));
#9526 = LINE('',#9527,#9528);
#9527 = CARTESIAN_POINT('',(-196.5,-200.,121.3125));
#9528 = VECTOR('',#9529,1.);
#9529 = DIRECTION('',(0.,0.,1.));
#9530 = ORIENTED_EDGE('',*,*,#9531,.T.);
#9531 = EDGE_CURVE('',#9522,#9532,#9534,.T.);
#9532 = VERTEX_POINT('',#9533);
#9533 = CARTESIAN_POINT('',(-196.5,-110.,121.3125));
#9534 = LINE('',#9535,#9536);
#9535 = CARTESIAN_POINT('',(-196.5,-200.,121.3125));
#9536 = VECTOR('',#9537,1.);
#9537 = DIRECTION('',(0.,1.,0.));
#9538 = ORIENTED_EDGE('',*,*,#9539,.T.);
#9539 = EDGE_CURVE('',#9532,#9540,#9542,.T.);
#9540 = VERTEX_POINT('',#9541);
#9541 = CARTESIAN_POINT('',(-196.5,-110.,263.3125));
#9542 = LINE('',#9543,#9544);
#9543 = CARTESIAN_POINT('',(-196.5,-110.,121.3125));
#9544 = VECTOR('',#9545,1.);
#9545 = DIRECTION('',(0.,0.,1.));
#9546 = ORIENTED_EDGE('',*,*,#9547,.F.);
#9547 = EDGE_CURVE('',#9524,#9540,#9548,.T.);
#9548 = LINE('',#9549,#9550);
#9549 = CARTESIAN_POINT('',(-196.5,-200.,263.3125));
#9550 = VECTOR('',#9551,1.);
#9551 = DIRECTION('',(0.,1.,0.));
#9552 = PLANE('',#9553);
#9553 = AXIS2_PLACEMENT_3D('',#9554,#9555,#9556);
#9554 = CARTESIAN_POINT('',(-196.5,-200.,121.3125));
#9555 = DIRECTION('',(1.,0.,0.));
#9556 = DIRECTION('',(0.,0.,1.));
#9557 = ADVANCED_FACE('',(#9558),#9592,.T.);
#9558 = FACE_BOUND('',#9559,.T.);
#9559 = EDGE_LOOP('',(#9560,#9570,#9578,#9586));
#9560 = ORIENTED_EDGE('',*,*,#9561,.F.);
#9561 = EDGE_CURVE('',#9562,#9564,#9566,.T.);
#9562 = VERTEX_POINT('',#9563);
#9563 = CARTESIAN_POINT('',(-195.5,-200.,121.3125));
#9564 = VERTEX_POINT('',#9565);
#9565 = CARTESIAN_POINT('',(-195.5,-200.,263.3125));
#9566 = LINE('',#9567,#9568);
#9567 = CARTESIAN_POINT('',(-195.5,-200.,121.3125));
#9568 = VECTOR('',#9569,1.);
#9569 = DIRECTION('',(0.,0.,1.));
#9570 = ORIENTED_EDGE('',*,*,#9571,.T.);
#9571 = EDGE_CURVE('',#9562,#9572,#9574,.T.);
#9572 = VERTEX_POINT('',#9573);
#9573 = CARTESIAN_POINT('',(-195.5,-110.,121.3125));
#9574 = LINE('',#9575,#9576);
#9575 = CARTESIAN_POINT('',(-195.5,-200.,121.3125));
#9576 = VECTOR('',#9577,1.);
#9577 = DIRECTION('',(0.,1.,0.));
#9578 = ORIENTED_EDGE('',*,*,#9579,.T.);
#9579 = EDGE_CURVE('',#9572,#9580,#9582,.T.);
#9580 = VERTEX_POINT('',#9581);
#9581 = CARTESIAN_POINT('',(-195.5,-110.,263.3125));
#9582 = LINE('',#9583,#9584);
#9583 = CARTESIAN_POINT('',(-195.5,-110.,121.3125));
#9584 = VECTOR('',#9585,1.);
#9585 = DIRECTION('',(0.,0.,1.));
#9586 = ORIENTED_EDGE('',*,*,#9587,.F.);
#9587 = EDGE_CURVE('',#9564,#9580,#9588,.T.);
#9588 = LINE('',#9589,#9590);
#9589 = CARTESIAN_POINT('',(-195.5,-200.,263.3125));
#9590 = VECTOR('',#9591,1.);
#9591 = DIRECTION('',(0.,1.,0.));
#9592 = PLANE('',#9593);
#9593 = AXIS2_PLACEMENT_3D('',#9594,#9595,#9596);
#9594 = CARTESIAN_POINT('',(-195.5,-200.,121.3125));
#9595 = DIRECTION('',(1.,0.,0.));
#9596 = DIRECTION('',(0.,0.,1.));
#9597 = ADVANCED_FACE('',(#9598),#9614,.F.);
#9598 = FACE_BOUND('',#9599,.F.);
#9599 = EDGE_LOOP('',(#9600,#9606,#9607,#9613));
#9600 = ORIENTED_EDGE('',*,*,#9601,.F.);
#9601 = EDGE_CURVE('',#9522,#9562,#9602,.T.);
#9602 = LINE('',#9603,#9604);
#9603 = CARTESIAN_POINT('',(-196.5,-200.,121.3125));
#9604 = VECTOR('',#9605,1.);
#9605 = DIRECTION('',(1.,0.,0.));
#9606 = ORIENTED_EDGE('',*,*,#9521,.T.);
#9607 = ORIENTED_EDGE('',*,*,#9608,.T.);
#9608 = EDGE_CURVE('',#9524,#9564,#9609,.T.);
#9609 = LINE('',#9610,#9611);
#9610 = CARTESIAN_POINT('',(-196.5,-200.,263.3125));
#9611 = VECTOR('',#9612,1.);
#9612 = DIRECTION('',(1.,0.,0.));
#9613 = ORIENTED_EDGE('',*,*,#9561,.F.);
#9614 = PLANE('',#9615);
#9615 = AXIS2_PLACEMENT_3D('',#9616,#9617,#9618);
#9616 = CARTESIAN_POINT('',(-196.5,-200.,121.3125));
#9617 = DIRECTION('',(0.,1.,0.));
#9618 = DIRECTION('',(0.,0.,1.));
#9619 = ADVANCED_FACE('',(#9620),#9636,.T.);
#9620 = FACE_BOUND('',#9621,.T.);
#9621 = EDGE_LOOP('',(#9622,#9628,#9629,#9635));
#9622 = ORIENTED_EDGE('',*,*,#9623,.F.);
#9623 = EDGE_CURVE('',#9532,#9572,#9624,.T.);
#9624 = LINE('',#9625,#9626);
#9625 = CARTESIAN_POINT('',(-196.5,-110.,121.3125));
#9626 = VECTOR('',#9627,1.);
#9627 = DIRECTION('',(1.,0.,0.));
#9628 = ORIENTED_EDGE('',*,*,#9539,.T.);
#9629 = ORIENTED_EDGE('',*,*,#9630,.T.);
#9630 = EDGE_CURVE('',#9540,#9580,#9631,.T.);
#9631 = LINE('',#9632,#9633);
#9632 = CARTESIAN_POINT('',(-196.5,-110.,263.3125));
#9633 = VECTOR('',#9634,1.);
#9634 = DIRECTION('',(1.,0.,0.));
#9635 = ORIENTED_EDGE('',*,*,#9579,.F.);
#9636 = PLANE('',#9637);
#9637 = AXIS2_PLACEMENT_3D('',#9638,#9639,#9640);
#9638 = CARTESIAN_POINT('',(-196.5,-110.,121.3125));
#9639 = DIRECTION('',(0.,1.,0.));
#9640 = DIRECTION('',(0.,0.,1.));
#9641 = ADVANCED_FACE('',(#9642),#9648,.F.);
#9642 = FACE_BOUND('',#9643,.F.);
#9643 = EDGE_LOOP('',(#9644,#9645,#9646,#9647));
#9644 = ORIENTED_EDGE('',*,*,#9531,.F.);
#9645 = ORIENTED_EDGE('',*,*,#9601,.T.);
#9646 = ORIENTED_EDGE('',*,*,#9571,.T.);
#9647 = ORIENTED_EDGE('',*,*,#9623,.F.);
#9648 = PLANE('',#9649);
#9649 = AXIS2_PLACEMENT_3D('',#9650,#9651,#9652);
#9650 = CARTESIAN_POINT('',(-196.5,-200.,121.3125));
#9651 = DIRECTION('',(0.,0.,1.));
#9652 = DIRECTION('',(1.,0.,0.));
#9653 = ADVANCED_FACE('',(#9654),#9660,.T.);
#9654 = FACE_BOUND('',#9655,.T.);
#9655 = EDGE_LOOP('',(#9656,#9657,#9658,#9659));
#9656 = ORIENTED_EDGE('',*,*,#9547,.F.);
#9657 = ORIENTED_EDGE('',*,*,#9608,.T.);
#9658 = ORIENTED_EDGE('',*,*,#9587,.T.);
#9659 = ORIENTED_EDGE('',*,*,#9630,.F.);
#9660 = PLANE('',#9661);
#9661 = AXIS2_PLACEMENT_3D('',#9662,#9663,#9664);
#9662 = CARTESIAN_POINT('',(-196.5,-200.,263.3125));
#9663 = DIRECTION('',(0.,0.,1.));
#9664 = DIRECTION('',(1.,0.,0.));
#9665 = MANIFOLD_SOLID_BREP('',#9666);
#9666 = CLOSED_SHELL('',(#9667,#9707,#9747,#9769,#9791,#9803));
#9667 = ADVANCED_FACE('',(#9668),#9702,.F.);
#9668 = FACE_BOUND('',#9669,.F.);
#9669 = EDGE_LOOP('',(#9670,#9680,#9688,#9696));
#9670 = ORIENTED_EDGE('',*,*,#9671,.F.);
#9671 = EDGE_CURVE('',#9672,#9674,#9676,.T.);
#9672 = VERTEX_POINT('',#9673);
#9673 = CARTESIAN_POINT('',(-184.5,-200.,121.3125));
#9674 = VERTEX_POINT('',#9675);
#9675 = CARTESIAN_POINT('',(-184.5,-200.,263.3125));
#9676 = LINE('',#9677,#9678);
#9677 = CARTESIAN_POINT('',(-184.5,-200.,121.3125));
#9678 = VECTOR('',#9679,1.);
#9679 = DIRECTION('',(0.,0.,1.));
#9680 = ORIENTED_EDGE('',*,*,#9681,.T.);
#9681 = EDGE_CURVE('',#9672,#9682,#9684,.T.);
#9682 = VERTEX_POINT('',#9683);
#9683 = CARTESIAN_POINT('',(-184.5,-110.,121.3125));
#9684 = LINE('',#9685,#9686);
#9685 = CARTESIAN_POINT('',(-184.5,-200.,121.3125));
#9686 = VECTOR('',#9687,1.);
#9687 = DIRECTION('',(0.,1.,0.));
#9688 = ORIENTED_EDGE('',*,*,#9689,.T.);
#9689 = EDGE_CURVE('',#9682,#9690,#9692,.T.);
#9690 = VERTEX_POINT('',#9691);
#9691 = CARTESIAN_POINT('',(-184.5,-110.,263.3125));
#9692 = LINE('',#9693,#9694);
#9693 = CARTESIAN_POINT('',(-184.5,-110.,121.3125));
#9694 = VECTOR('',#9695,1.);
#9695 = DIRECTION('',(0.,0.,1.));
#9696 = ORIENTED_EDGE('',*,*,#9697,.F.);
#9697 = EDGE_CURVE('',#9674,#9690,#9698,.T.);
#9698 = LINE('',#9699,#9700);
#9699 = CARTESIAN_POINT('',(-184.5,-200.,263.3125));
#9700 = VECTOR('',#9701,1.);
#9701 = DIRECTION('',(0.,1.,0.));
#9702 = PLANE('',#9703);
#9703 = AXIS2_PLACEMENT_3D('',#9704,#9705,#9706);
#9704 = CARTESIAN_POINT('',(-184.5,-200.,121.3125));
#9705 = DIRECTION('',(1.,0.,0.));
#9706 = DIRECTION('',(0.,0.,1.));
#9707 = ADVANCED_FACE('',(#9708),#9742,.T.);
#9708 = FACE_BOUND('',#9709,.T.);
#9709 = EDGE_LOOP('',(#9710,#9720,#9728,#9736));
#9710 = ORIENTED_EDGE('',*,*,#9711,.F.);
#9711 = EDGE_CURVE('',#9712,#9714,#9716,.T.);
#9712 = VERTEX_POINT('',#9713);
#9713 = CARTESIAN_POINT('',(-183.5,-200.,121.3125));
#9714 = VERTEX_POINT('',#9715);
#9715 = CARTESIAN_POINT('',(-183.5,-200.,263.3125));
#9716 = LINE('',#9717,#9718);
#9717 = CARTESIAN_POINT('',(-183.5,-200.,121.3125));
#9718 = VECTOR('',#9719,1.);
#9719 = DIRECTION('',(0.,0.,1.));
#9720 = ORIENTED_EDGE('',*,*,#9721,.T.);
#9721 = EDGE_CURVE('',#9712,#9722,#9724,.T.);
#9722 = VERTEX_POINT('',#9723);
#9723 = CARTESIAN_POINT('',(-183.5,-110.,121.3125));
#9724 = LINE('',#9725,#9726);
#9725 = CARTESIAN_POINT('',(-183.5,-200.,121.3125));
#9726 = VECTOR('',#9727,1.);
#9727 = DIRECTION('',(0.,1.,0.));
#9728 = ORIENTED_EDGE('',*,*,#9729,.T.);
#9729 = EDGE_CURVE('',#9722,#9730,#9732,.T.);
#9730 = VERTEX_POINT('',#9731);
#9731 = CARTESIAN_POINT('',(-183.5,-110.,263.3125));
#9732 = LINE('',#9733,#9734);
#9733 = CARTESIAN_POINT('',(-183.5,-110.,121.3125));
#9734 = VECTOR('',#9735,1.);
#9735 = DIRECTION('',(0.,0.,1.));
#9736 = ORIENTED_EDGE('',*,*,#9737,.F.);
#9737 = EDGE_CURVE('',#9714,#9730,#9738,.T.);
#9738 = LINE('',#9739,#9740);
#9739 = CARTESIAN_POINT('',(-183.5,-200.,263.3125));
#9740 = VECTOR('',#9741,1.);
#9741 = DIRECTION('',(0.,1.,0.));
#9742 = PLANE('',#9743);
#9743 = AXIS2_PLACEMENT_3D('',#9744,#9745,#9746);
#9744 = CARTESIAN_POINT('',(-183.5,-200.,121.3125));
#9745 = DIRECTION('',(1.,0.,0.));
#9746 = DIRECTION('',(0.,0.,1.));
#9747 = ADVANCED_FACE('',(#9748),#9764,.F.);
#9748 = FACE_BOUND('',#9749,.F.);
#9749 = EDGE_LOOP('',(#9750,#9756,#9757,#9763));
#9750 = ORIENTED_EDGE('',*,*,#9751,.F.);
#9751 = EDGE_CURVE('',#9672,#9712,#9752,.T.);
#9752 = LINE('',#9753,#9754);
#9753 = CARTESIAN_POINT('',(-184.5,-200.,121.3125));
#9754 = VECTOR('',#9755,1.);
#9755 = DIRECTION('',(1.,0.,0.));
#9756 = ORIENTED_EDGE('',*,*,#9671,.T.);
#9757 = ORIENTED_EDGE('',*,*,#9758,.T.);
#9758 = EDGE_CURVE('',#9674,#9714,#9759,.T.);
#9759 = LINE('',#9760,#9761);
#9760 = CARTESIAN_POINT('',(-184.5,-200.,263.3125));
#9761 = VECTOR('',#9762,1.);
#9762 = DIRECTION('',(1.,0.,0.));
#9763 = ORIENTED_EDGE('',*,*,#9711,.F.);
#9764 = PLANE('',#9765);
#9765 = AXIS2_PLACEMENT_3D('',#9766,#9767,#9768);
#9766 = CARTESIAN_POINT('',(-184.5,-200.,121.3125));
#9767 = DIRECTION('',(0.,1.,0.));
#9768 = DIRECTION('',(0.,0.,1.));
#9769 = ADVANCED_FACE('',(#9770),#9786,.T.);
#9770 = FACE_BOUND('',#9771,.T.);
#9771 = EDGE_LOOP('',(#9772,#9778,#9779,#9785));
#9772 = ORIENTED_EDGE('',*,*,#9773,.F.);
#9773 = EDGE_CURVE('',#9682,#9722,#9774,.T.);
#9774 = LINE('',#9775,#9776);
#9775 = CARTESIAN_POINT('',(-184.5,-110.,121.3125));
#9776 = VECTOR('',#9777,1.);
#9777 = DIRECTION('',(1.,0.,0.));
#9778 = ORIENTED_EDGE('',*,*,#9689,.T.);
#9779 = ORIENTED_EDGE('',*,*,#9780,.T.);
#9780 = EDGE_CURVE('',#9690,#9730,#9781,.T.);
#9781 = LINE('',#9782,#9783);
#9782 = CARTESIAN_POINT('',(-184.5,-110.,263.3125));
#9783 = VECTOR('',#9784,1.);
#9784 = DIRECTION('',(1.,0.,0.));
#9785 = ORIENTED_EDGE('',*,*,#9729,.F.);
#9786 = PLANE('',#9787);
#9787 = AXIS2_PLACEMENT_3D('',#9788,#9789,#9790);
#9788 = CARTESIAN_POINT('',(-184.5,-110.,121.3125));
#9789 = DIRECTION('',(0.,1.,0.));
#9790 = DIRECTION('',(0.,0.,1.));
#9791 = ADVANCED_FACE('',(#9792),#9798,.F.);
#9792 = FACE_BOUND('',#9793,.F.);
#9793 = EDGE_LOOP('',(#9794,#9795,#9796,#9797));
#9794 = ORIENTED_EDGE('',*,*,#9681,.F.);
#9795 = ORIENTED_EDGE('',*,*,#9751,.T.);
#9796 = ORIENTED_EDGE('',*,*,#9721,.T.);
#9797 = ORIENTED_EDGE('',*,*,#9773,.F.);
#9798 = PLANE('',#9799);
#9799 = AXIS2_PLACEMENT_3D('',#9800,#9801,#9802);
#9800 = CARTESIAN_POINT('',(-184.5,-200.,121.3125));
#9801 = DIRECTION('',(0.,0.,1.));
#9802 = DIRECTION('',(1.,0.,0.));
#9803 = ADVANCED_FACE('',(#9804),#9810,.T.);
#9804 = FACE_BOUND('',#9805,.T.);
#9805 = EDGE_LOOP('',(#9806,#9807,#9808,#9809));
#9806 = ORIENTED_EDGE('',*,*,#9697,.F.);
#9807 = ORIENTED_EDGE('',*,*,#9758,.T.);
#9808 = ORIENTED_EDGE('',*,*,#9737,.T.);
#9809 = ORIENTED_EDGE('',*,*,#9780,.F.);
#9810 = PLANE('',#9811);
#9811 = AXIS2_PLACEMENT_3D('',#9812,#9813,#9814);
#9812 = CARTESIAN_POINT('',(-184.5,-200.,263.3125));
#9813 = DIRECTION('',(0.,0.,1.));
#9814 = DIRECTION('',(1.,0.,0.));
#9815 = MANIFOLD_SOLID_BREP('',#9816);
#9816 = CLOSED_SHELL('',(#9817,#9857,#9897,#9919,#9941,#9953));
#9817 = ADVANCED_FACE('',(#9818),#9852,.F.);
#9818 = FACE_BOUND('',#9819,.F.);
#9819 = EDGE_LOOP('',(#9820,#9830,#9838,#9846));
#9820 = ORIENTED_EDGE('',*,*,#9821,.F.);
#9821 = EDGE_CURVE('',#9822,#9824,#9826,.T.);
#9822 = VERTEX_POINT('',#9823);
#9823 = CARTESIAN_POINT('',(-172.5,-200.,121.3125));
#9824 = VERTEX_POINT('',#9825);
#9825 = CARTESIAN_POINT('',(-172.5,-200.,263.3125));
#9826 = LINE('',#9827,#9828);
#9827 = CARTESIAN_POINT('',(-172.5,-200.,121.3125));
#9828 = VECTOR('',#9829,1.);
#9829 = DIRECTION('',(0.,0.,1.));
#9830 = ORIENTED_EDGE('',*,*,#9831,.T.);
#9831 = EDGE_CURVE('',#9822,#9832,#9834,.T.);
#9832 = VERTEX_POINT('',#9833);
#9833 = CARTESIAN_POINT('',(-172.5,-110.,121.3125));
#9834 = LINE('',#9835,#9836);
#9835 = CARTESIAN_POINT('',(-172.5,-200.,121.3125));
#9836 = VECTOR('',#9837,1.);
#9837 = DIRECTION('',(0.,1.,0.));
#9838 = ORIENTED_EDGE('',*,*,#9839,.T.);
#9839 = EDGE_CURVE('',#9832,#9840,#9842,.T.);
#9840 = VERTEX_POINT('',#9841);
#9841 = CARTESIAN_POINT('',(-172.5,-110.,263.3125));
#9842 = LINE('',#9843,#9844);
#9843 = CARTESIAN_POINT('',(-172.5,-110.,121.3125));
#9844 = VECTOR('',#9845,1.);
#9845 = DIRECTION('',(0.,0.,1.));
#9846 = ORIENTED_EDGE('',*,*,#9847,.F.);
#9847 = EDGE_CURVE('',#9824,#9840,#9848,.T.);
#9848 = LINE('',#9849,#9850);
#9849 = CARTESIAN_POINT('',(-172.5,-200.,263.3125));
#9850 = VECTOR('',#9851,1.);
#9851 = DIRECTION('',(0.,1.,0.));
#9852 = PLANE('',#9853);
#9853 = AXIS2_PLACEMENT_3D('',#9854,#9855,#9856);
#9854 = CARTESIAN_POINT('',(-172.5,-200.,121.3125));
#9855 = DIRECTION('',(1.,0.,0.));
#9856 = DIRECTION('',(0.,0.,1.));
#9857 = ADVANCED_FACE('',(#9858),#9892,.T.);
#9858 = FACE_BOUND('',#9859,.T.);
#9859 = EDGE_LOOP('',(#9860,#9870,#9878,#9886));
#9860 = ORIENTED_EDGE('',*,*,#9861,.F.);
#9861 = EDGE_CURVE('',#9862,#9864,#9866,.T.);
#9862 = VERTEX_POINT('',#9863);
#9863 = CARTESIAN_POINT('',(-171.5,-200.,121.3125));
#9864 = VERTEX_POINT('',#9865);
#9865 = CARTESIAN_POINT('',(-171.5,-200.,263.3125));
#9866 = LINE('',#9867,#9868);
#9867 = CARTESIAN_POINT('',(-171.5,-200.,121.3125));
#9868 = VECTOR('',#9869,1.);
#9869 = DIRECTION('',(0.,0.,1.));
#9870 = ORIENTED_EDGE('',*,*,#9871,.T.);
#9871 = EDGE_CURVE('',#9862,#9872,#9874,.T.);
#9872 = VERTEX_POINT('',#9873);
#9873 = CARTESIAN_POINT('',(-171.5,-110.,121.3125));
#9874 = LINE('',#9875,#9876);
#9875 = CARTESIAN_POINT('',(-171.5,-200.,121.3125));
#9876 = VECTOR('',#9877,1.);
#9877 = DIRECTION('',(0.,1.,0.));
#9878 = ORIENTED_EDGE('',*,*,#9879,.T.);
#9879 = EDGE_CURVE('',#9872,#9880,#9882,.T.);
#9880 = VERTEX_POINT('',#9881);
#9881 = CARTESIAN_POINT('',(-171.5,-110.,263.3125));
#9882 = LINE('',#9883,#9884);
#9883 = CARTESIAN_POINT('',(-171.5,-110.,121.3125));
#9884 = VECTOR('',#9885,1.);
#9885 = DIRECTION('',(0.,0.,1.));
#9886 = ORIENTED_EDGE('',*,*,#9887,.F.);
#9887 = EDGE_CURVE('',#9864,#9880,#9888,.T.);
#9888 = LINE('',#9889,#9890);
#9889 = CARTESIAN_POINT('',(-171.5,-200.,263.3125));
#9890 = VECTOR('',#9891,1.);
#9891 = DIRECTION('',(0.,1.,0.));
#9892 = PLANE('',#9893);
#9893 = AXIS2_PLACEMENT_3D('',#9894,#9895,#9896);
#9894 = CARTESIAN_POINT('',(-171.5,-200.,121.3125));
#9895 = DIRECTION('',(1.,0.,0.));
#9896 = DIRECTION('',(0.,0.,1.));
#9897 = ADVANCED_FACE('',(#9898),#9914,.F.);
#9898 = FACE_BOUND('',#9899,.F.);
#9899 = EDGE_LOOP('',(#9900,#9906,#9907,#9913));
#9900 = ORIENTED_EDGE('',*,*,#9901,.F.);
#9901 = EDGE_CURVE('',#9822,#9862,#9902,.T.);
#9902 = LINE('',#9903,#9904);
#9903 = CARTESIAN_POINT('',(-172.5,-200.,121.3125));
#9904 = VECTOR('',#9905,1.);
#9905 = DIRECTION('',(1.,0.,0.));
#9906 = ORIENTED_EDGE('',*,*,#9821,.T.);
#9907 = ORIENTED_EDGE('',*,*,#9908,.T.);
#9908 = EDGE_CURVE('',#9824,#9864,#9909,.T.);
#9909 = LINE('',#9910,#9911);
#9910 = CARTESIAN_POINT('',(-172.5,-200.,263.3125));
#9911 = VECTOR('',#9912,1.);
#9912 = DIRECTION('',(1.,0.,0.));
#9913 = ORIENTED_EDGE('',*,*,#9861,.F.);
#9914 = PLANE('',#9915);
#9915 = AXIS2_PLACEMENT_3D('',#9916,#9917,#9918);
#9916 = CARTESIAN_POINT('',(-172.5,-200.,121.3125));
#9917 = DIRECTION('',(0.,1.,0.));
#9918 = DIRECTION('',(0.,0.,1.));
#9919 = ADVANCED_FACE('',(#9920),#9936,.T.);
#9920 = FACE_BOUND('',#9921,.T.);
#9921 = EDGE_LOOP('',(#9922,#9928,#9929,#9935));
#9922 = ORIENTED_EDGE('',*,*,#9923,.F.);
#9923 = EDGE_CURVE('',#9832,#9872,#9924,.T.);
#9924 = LINE('',#9925,#9926);
#9925 = CARTESIAN_POINT('',(-172.5,-110.,121.3125));
#9926 = VECTOR('',#9927,1.);
#9927 = DIRECTION('',(1.,0.,0.));
#9928 = ORIENTED_EDGE('',*,*,#9839,.T.);
#9929 = ORIENTED_EDGE('',*,*,#9930,.T.);
#9930 = EDGE_CURVE('',#9840,#9880,#9931,.T.);
#9931 = LINE('',#9932,#9933);
#9932 = CARTESIAN_POINT('',(-172.5,-110.,263.3125));
#9933 = VECTOR('',#9934,1.);
#9934 = DIRECTION('',(1.,0.,0.));
#9935 = ORIENTED_EDGE('',*,*,#9879,.F.);
#9936 = PLANE('',#9937);
#9937 = AXIS2_PLACEMENT_3D('',#9938,#9939,#9940);
#9938 = CARTESIAN_POINT('',(-172.5,-110.,121.3125));
#9939 = DIRECTION('',(0.,1.,0.));
#9940 = DIRECTION('',(0.,0.,1.));
#9941 = ADVANCED_FACE('',(#9942),#9948,.F.);
#9942 = FACE_BOUND('',#9943,.F.);
#9943 = EDGE_LOOP('',(#9944,#9945,#9946,#9947));
#9944 = ORIENTED_EDGE('',*,*,#9831,.F.);
#9945 = ORIENTED_EDGE('',*,*,#9901,.T.);
#9946 = ORIENTED_EDGE('',*,*,#9871,.T.);
#9947 = ORIENTED_EDGE('',*,*,#9923,.F.);
#9948 = PLANE('',#9949);
#9949 = AXIS2_PLACEMENT_3D('',#9950,#9951,#9952);
#9950 = CARTESIAN_POINT('',(-172.5,-200.,121.3125));
#9951 = DIRECTION('',(0.,0.,1.));
#9952 = DIRECTION('',(1.,0.,0.));
#9953 = ADVANCED_FACE('',(#9954),#9960,.T.);
#9954 = FACE_BOUND('',#9955,.T.);
#9955 = EDGE_LOOP('',(#9956,#9957,#9958,#9959));
#9956 = ORIENTED_EDGE('',*,*,#9847,.F.);
#9957 = ORIENTED_EDGE('',*,*,#9908,.T.);
#9958 = ORIENTED_EDGE('',*,*,#9887,.T.);
#9959 = ORIENTED_EDGE('',*,*,#9930,.F.);
#9960 = PLANE('',#9961);
#9961 = AXIS2_PLACEMENT_3D('',#9962,#9963,#9964);
#9962 = CARTESIAN_POINT('',(-172.5,-200.,263.3125));
#9963 = DIRECTION('',(0.,0.,1.));
#9964 = DIRECTION('',(1.,0.,0.));
#9965 = MANIFOLD_SOLID_BREP('',#9966);
#9966 = CLOSED_SHELL('',(#9967,#10007,#10047,#10069,#10091,#10103));
#9967 = ADVANCED_FACE('',(#9968),#10002,.F.);
#9968 = FACE_BOUND('',#9969,.F.);
#9969 = EDGE_LOOP('',(#9970,#9980,#9988,#9996));
#9970 = ORIENTED_EDGE('',*,*,#9971,.F.);
#9971 = EDGE_CURVE('',#9972,#9974,#9976,.T.);
#9972 = VERTEX_POINT('',#9973);
#9973 = CARTESIAN_POINT('',(-160.5,-200.,121.3125));
#9974 = VERTEX_POINT('',#9975);
#9975 = CARTESIAN_POINT('',(-160.5,-200.,263.3125));
#9976 = LINE('',#9977,#9978);
#9977 = CARTESIAN_POINT('',(-160.5,-200.,121.3125));
#9978 = VECTOR('',#9979,1.);
#9979 = DIRECTION('',(0.,0.,1.));
#9980 = ORIENTED_EDGE('',*,*,#9981,.T.);
#9981 = EDGE_CURVE('',#9972,#9982,#9984,.T.);
#9982 = VERTEX_POINT('',#9983);
#9983 = CARTESIAN_POINT('',(-160.5,-110.,121.3125));
#9984 = LINE('',#9985,#9986);
#9985 = CARTESIAN_POINT('',(-160.5,-200.,121.3125));
#9986 = VECTOR('',#9987,1.);
#9987 = DIRECTION('',(0.,1.,0.));
#9988 = ORIENTED_EDGE('',*,*,#9989,.T.);
#9989 = EDGE_CURVE('',#9982,#9990,#9992,.T.);
#9990 = VERTEX_POINT('',#9991);
#9991 = CARTESIAN_POINT('',(-160.5,-110.,263.3125));
#9992 = LINE('',#9993,#9994);
#9993 = CARTESIAN_POINT('',(-160.5,-110.,121.3125));
#9994 = VECTOR('',#9995,1.);
#9995 = DIRECTION('',(0.,0.,1.));
#9996 = ORIENTED_EDGE('',*,*,#9997,.F.);
#9997 = EDGE_CURVE('',#9974,#9990,#9998,.T.);
#9998 = LINE('',#9999,#10000);
#9999 = CARTESIAN_POINT('',(-160.5,-200.,263.3125));
#10000 = VECTOR('',#10001,1.);
#10001 = DIRECTION('',(0.,1.,0.));
#10002 = PLANE('',#10003);
#10003 = AXIS2_PLACEMENT_3D('',#10004,#10005,#10006);
#10004 = CARTESIAN_POINT('',(-160.5,-200.,121.3125));
#10005 = DIRECTION('',(1.,0.,0.));
#10006 = DIRECTION('',(0.,0.,1.));
#10007 = ADVANCED_FACE('',(#10008),#10042,.T.);
#10008 = FACE_BOUND('',#10009,.T.);
#10009 = EDGE_LOOP('',(#10010,#10020,#10028,#10036));
#10010 = ORIENTED_EDGE('',*,*,#10011,.F.);
#10011 = EDGE_CURVE('',#10012,#10014,#10016,.T.);
#10012 = VERTEX_POINT('',#10013);
#10013 = CARTESIAN_POINT('',(-159.5,-200.,121.3125));
#10014 = VERTEX_POINT('',#10015);
#10015 = CARTESIAN_POINT('',(-159.5,-200.,263.3125));
#10016 = LINE('',#10017,#10018);
#10017 = CARTESIAN_POINT('',(-159.5,-200.,121.3125));
#10018 = VECTOR('',#10019,1.);
#10019 = DIRECTION('',(0.,0.,1.));
#10020 = ORIENTED_EDGE('',*,*,#10021,.T.);
#10021 = EDGE_CURVE('',#10012,#10022,#10024,.T.);
#10022 = VERTEX_POINT('',#10023);
#10023 = CARTESIAN_POINT('',(-159.5,-110.,121.3125));
#10024 = LINE('',#10025,#10026);
#10025 = CARTESIAN_POINT('',(-159.5,-200.,121.3125));
#10026 = VECTOR('',#10027,1.);
#10027 = DIRECTION('',(0.,1.,0.));
#10028 = ORIENTED_EDGE('',*,*,#10029,.T.);
#10029 = EDGE_CURVE('',#10022,#10030,#10032,.T.);
#10030 = VERTEX_POINT('',#10031);
#10031 = CARTESIAN_POINT('',(-159.5,-110.,263.3125));
#10032 = LINE('',#10033,#10034);
#10033 = CARTESIAN_POINT('',(-159.5,-110.,121.3125));
#10034 = VECTOR('',#10035,1.);
#10035 = DIRECTION('',(0.,0.,1.));
#10036 = ORIENTED_EDGE('',*,*,#10037,.F.);
#10037 = EDGE_CURVE('',#10014,#10030,#10038,.T.);
#10038 = LINE('',#10039,#10040);
#10039 = CARTESIAN_POINT('',(-159.5,-200.,263.3125));
#10040 = VECTOR('',#10041,1.);
#10041 = DIRECTION('',(0.,1.,0.));
#10042 = PLANE('',#10043);
#10043 = AXIS2_PLACEMENT_3D('',#10044,#10045,#10046);
#10044 = CARTESIAN_POINT('',(-159.5,-200.,121.3125));
#10045 = DIRECTION('',(1.,0.,0.));
#10046 = DIRECTION('',(0.,0.,1.));
#10047 = ADVANCED_FACE('',(#10048),#10064,.F.);
#10048 = FACE_BOUND('',#10049,.F.);
#10049 = EDGE_LOOP('',(#10050,#10056,#10057,#10063));
#10050 = ORIENTED_EDGE('',*,*,#10051,.F.);
#10051 = EDGE_CURVE('',#9972,#10012,#10052,.T.);
#10052 = LINE('',#10053,#10054);
#10053 = CARTESIAN_POINT('',(-160.5,-200.,121.3125));
#10054 = VECTOR('',#10055,1.);
#10055 = DIRECTION('',(1.,0.,0.));
#10056 = ORIENTED_EDGE('',*,*,#9971,.T.);
#10057 = ORIENTED_EDGE('',*,*,#10058,.T.);
#10058 = EDGE_CURVE('',#9974,#10014,#10059,.T.);
#10059 = LINE('',#10060,#10061);
#10060 = CARTESIAN_POINT('',(-160.5,-200.,263.3125));
#10061 = VECTOR('',#10062,1.);
#10062 = DIRECTION('',(1.,0.,0.));
#10063 = ORIENTED_EDGE('',*,*,#10011,.F.);
#10064 = PLANE('',#10065);
#10065 = AXIS2_PLACEMENT_3D('',#10066,#10067,#10068);
#10066 = CARTESIAN_POINT('',(-160.5,-200.,121.3125));
#10067 = DIRECTION('',(0.,1.,0.));
#10068 = DIRECTION('',(0.,0.,1.));
#10069 = ADVANCED_FACE('',(#10070),#10086,.T.);
#10070 = FACE_BOUND('',#10071,.T.);
#10071 = EDGE_LOOP('',(#10072,#10078,#10079,#10085));
#10072 = ORIENTED_EDGE('',*,*,#10073,.F.);
#10073 = EDGE_CURVE('',#9982,#10022,#10074,.T.);
#10074 = LINE('',#10075,#10076);
#10075 = CARTESIAN_POINT('',(-160.5,-110.,121.3125));
#10076 = VECTOR('',#10077,1.);
#10077 = DIRECTION('',(1.,0.,0.));
#10078 = ORIENTED_EDGE('',*,*,#9989,.T.);
#10079 = ORIENTED_EDGE('',*,*,#10080,.T.);
#10080 = EDGE_CURVE('',#9990,#10030,#10081,.T.);
#10081 = LINE('',#10082,#10083);
#10082 = CARTESIAN_POINT('',(-160.5,-110.,263.3125));
#10083 = VECTOR('',#10084,1.);
#10084 = DIRECTION('',(1.,0.,0.));
#10085 = ORIENTED_EDGE('',*,*,#10029,.F.);
#10086 = PLANE('',#10087);
#10087 = AXIS2_PLACEMENT_3D('',#10088,#10089,#10090);
#10088 = CARTESIAN_POINT('',(-160.5,-110.,121.3125));
#10089 = DIRECTION('',(0.,1.,0.));
#10090 = DIRECTION('',(0.,0.,1.));
#10091 = ADVANCED_FACE('',(#10092),#10098,.F.);
#10092 = FACE_BOUND('',#10093,.F.);
#10093 = EDGE_LOOP('',(#10094,#10095,#10096,#10097));
#10094 = ORIENTED_EDGE('',*,*,#9981,.F.);
#10095 = ORIENTED_EDGE('',*,*,#10051,.T.);
#10096 = ORIENTED_EDGE('',*,*,#10021,.T.);
#10097 = ORIENTED_EDGE('',*,*,#10073,.F.);
#10098 = PLANE('',#10099);
#10099 = AXIS2_PLACEMENT_3D('',#10100,#10101,#10102);
#10100 = CARTESIAN_POINT('',(-160.5,-200.,121.3125));
#10101 = DIRECTION('',(0.,0.,1.));
#10102 = DIRECTION('',(1.,0.,0.));
#10103 = ADVANCED_FACE('',(#10104),#10110,.T.);
#10104 = FACE_BOUND('',#10105,.T.);
#10105 = EDGE_LOOP('',(#10106,#10107,#10108,#10109));
#10106 = ORIENTED_EDGE('',*,*,#9997,.F.);
#10107 = ORIENTED_EDGE('',*,*,#10058,.T.);
#10108 = ORIENTED_EDGE('',*,*,#10037,.T.);
#10109 = ORIENTED_EDGE('',*,*,#10080,.F.);
#10110 = PLANE('',#10111);
#10111 = AXIS2_PLACEMENT_3D('',#10112,#10113,#10114);
#10112 = CARTESIAN_POINT('',(-160.5,-200.,263.3125));
#10113 = DIRECTION('',(0.,0.,1.));
#10114 = DIRECTION('',(1.,0.,0.));
#10115 = MANIFOLD_SOLID_BREP('',#10116);
#10116 = CLOSED_SHELL('',(#10117,#10157,#10197,#10219,#10241,#10253));
#10117 = ADVANCED_FACE('',(#10118),#10152,.F.);
#10118 = FACE_BOUND('',#10119,.F.);
#10119 = EDGE_LOOP('',(#10120,#10130,#10138,#10146));
#10120 = ORIENTED_EDGE('',*,*,#10121,.F.);
#10121 = EDGE_CURVE('',#10122,#10124,#10126,.T.);
#10122 = VERTEX_POINT('',#10123);
#10123 = CARTESIAN_POINT('',(-148.5,-200.,121.3125));
#10124 = VERTEX_POINT('',#10125);
#10125 = CARTESIAN_POINT('',(-148.5,-200.,263.3125));
#10126 = LINE('',#10127,#10128);
#10127 = CARTESIAN_POINT('',(-148.5,-200.,121.3125));
#10128 = VECTOR('',#10129,1.);
#10129 = DIRECTION('',(0.,0.,1.));
#10130 = ORIENTED_EDGE('',*,*,#10131,.T.);
#10131 = EDGE_CURVE('',#10122,#10132,#10134,.T.);
#10132 = VERTEX_POINT('',#10133);
#10133 = CARTESIAN_POINT('',(-148.5,-110.,121.3125));
#10134 = LINE('',#10135,#10136);
#10135 = CARTESIAN_POINT('',(-148.5,-200.,121.3125));
#10136 = VECTOR('',#10137,1.);
#10137 = DIRECTION('',(0.,1.,0.));
#10138 = ORIENTED_EDGE('',*,*,#10139,.T.);
#10139 = EDGE_CURVE('',#10132,#10140,#10142,.T.);
#10140 = VERTEX_POINT('',#10141);
#10141 = CARTESIAN_POINT('',(-148.5,-110.,263.3125));
#10142 = LINE('',#10143,#10144);
#10143 = CARTESIAN_POINT('',(-148.5,-110.,121.3125));
#10144 = VECTOR('',#10145,1.);
#10145 = DIRECTION('',(0.,0.,1.));
#10146 = ORIENTED_EDGE('',*,*,#10147,.F.);
#10147 = EDGE_CURVE('',#10124,#10140,#10148,.T.);
#10148 = LINE('',#10149,#10150);
#10149 = CARTESIAN_POINT('',(-148.5,-200.,263.3125));
#10150 = VECTOR('',#10151,1.);
#10151 = DIRECTION('',(0.,1.,0.));
#10152 = PLANE('',#10153);
#10153 = AXIS2_PLACEMENT_3D('',#10154,#10155,#10156);
#10154 = CARTESIAN_POINT('',(-148.5,-200.,121.3125));
#10155 = DIRECTION('',(1.,0.,0.));
#10156 = DIRECTION('',(0.,0.,1.));
#10157 = ADVANCED_FACE('',(#10158),#10192,.T.);
#10158 = FACE_BOUND('',#10159,.T.);
#10159 = EDGE_LOOP('',(#10160,#10170,#10178,#10186));
#10160 = ORIENTED_EDGE('',*,*,#10161,.F.);
#10161 = EDGE_CURVE('',#10162,#10164,#10166,.T.);
#10162 = VERTEX_POINT('',#10163);
#10163 = CARTESIAN_POINT('',(-147.5,-200.,121.3125));
#10164 = VERTEX_POINT('',#10165);
#10165 = CARTESIAN_POINT('',(-147.5,-200.,263.3125));
#10166 = LINE('',#10167,#10168);
#10167 = CARTESIAN_POINT('',(-147.5,-200.,121.3125));
#10168 = VECTOR('',#10169,1.);
#10169 = DIRECTION('',(0.,0.,1.));
#10170 = ORIENTED_EDGE('',*,*,#10171,.T.);
#10171 = EDGE_CURVE('',#10162,#10172,#10174,.T.);
#10172 = VERTEX_POINT('',#10173);
#10173 = CARTESIAN_POINT('',(-147.5,-110.,121.3125));
#10174 = LINE('',#10175,#10176);
#10175 = CARTESIAN_POINT('',(-147.5,-200.,121.3125));
#10176 = VECTOR('',#10177,1.);
#10177 = DIRECTION('',(0.,1.,0.));
#10178 = ORIENTED_EDGE('',*,*,#10179,.T.);
#10179 = EDGE_CURVE('',#10172,#10180,#10182,.T.);
#10180 = VERTEX_POINT('',#10181);
#10181 = CARTESIAN_POINT('',(-147.5,-110.,263.3125));
#10182 = LINE('',#10183,#10184);
#10183 = CARTESIAN_POINT('',(-147.5,-110.,121.3125));
#10184 = VECTOR('',#10185,1.);
#10185 = DIRECTION('',(0.,0.,1.));
#10186 = ORIENTED_EDGE('',*,*,#10187,.F.);
#10187 = EDGE_CURVE('',#10164,#10180,#10188,.T.);
#10188 = LINE('',#10189,#10190);
#10189 = CARTESIAN_POINT('',(-147.5,-200.,263.3125));
#10190 = VECTOR('',#10191,1.);
#10191 = DIRECTION('',(0.,1.,0.));
#10192 = PLANE('',#10193);
#10193 = AXIS2_PLACEMENT_3D('',#10194,#10195,#10196);
#10194 = CARTESIAN_POINT('',(-147.5,-200.,121.3125));
#10195 = DIRECTION('',(1.,0.,0.));
#10196 = DIRECTION('',(0.,0.,1.));
#10197 = ADVANCED_FACE('',(#10198),#10214,.F.);
#10198 = FACE_BOUND('',#10199,.F.);
#10199 = EDGE_LOOP('',(#10200,#10206,#10207,#10213));
#10200 = ORIENTED_EDGE('',*,*,#10201,.F.);
#10201 = EDGE_CURVE('',#10122,#10162,#10202,.T.);
#10202 = LINE('',#10203,#10204);
#10203 = CARTESIAN_POINT('',(-148.5,-200.,121.3125));
#10204 = VECTOR('',#10205,1.);
#10205 = DIRECTION('',(1.,0.,0.));
#10206 = ORIENTED_EDGE('',*,*,#10121,.T.);
#10207 = ORIENTED_EDGE('',*,*,#10208,.T.);
#10208 = EDGE_CURVE('',#10124,#10164,#10209,.T.);
#10209 = LINE('',#10210,#10211);
#10210 = CARTESIAN_POINT('',(-148.5,-200.,263.3125));
#10211 = VECTOR('',#10212,1.);
#10212 = DIRECTION('',(1.,0.,0.));
#10213 = ORIENTED_EDGE('',*,*,#10161,.F.);
#10214 = PLANE('',#10215);
#10215 = AXIS2_PLACEMENT_3D('',#10216,#10217,#10218);
#10216 = CARTESIAN_POINT('',(-148.5,-200.,121.3125));
#10217 = DIRECTION('',(0.,1.,0.));
#10218 = DIRECTION('',(0.,0.,1.));
#10219 = ADVANCED_FACE('',(#10220),#10236,.T.);
#10220 = FACE_BOUND('',#10221,.T.);
#10221 = EDGE_LOOP('',(#10222,#10228,#10229,#10235));
#10222 = ORIENTED_EDGE('',*,*,#10223,.F.);
#10223 = EDGE_CURVE('',#10132,#10172,#10224,.T.);
#10224 = LINE('',#10225,#10226);
#10225 = CARTESIAN_POINT('',(-148.5,-110.,121.3125));
#10226 = VECTOR('',#10227,1.);
#10227 = DIRECTION('',(1.,0.,0.));
#10228 = ORIENTED_EDGE('',*,*,#10139,.T.);
#10229 = ORIENTED_EDGE('',*,*,#10230,.T.);
#10230 = EDGE_CURVE('',#10140,#10180,#10231,.T.);
#10231 = LINE('',#10232,#10233);
#10232 = CARTESIAN_POINT('',(-148.5,-110.,263.3125));
#10233 = VECTOR('',#10234,1.);
#10234 = DIRECTION('',(1.,0.,0.));
#10235 = ORIENTED_EDGE('',*,*,#10179,.F.);
#10236 = PLANE('',#10237);
#10237 = AXIS2_PLACEMENT_3D('',#10238,#10239,#10240);
#10238 = CARTESIAN_POINT('',(-148.5,-110.,121.3125));
#10239 = DIRECTION('',(0.,1.,0.));
#10240 = DIRECTION('',(0.,0.,1.));
#10241 = ADVANCED_FACE('',(#10242),#10248,.F.);
#10242 = FACE_BOUND('',#10243,.F.);
#10243 = EDGE_LOOP('',(#10244,#10245,#10246,#10247));
#10244 = ORIENTED_EDGE('',*,*,#10131,.F.);
#10245 = ORIENTED_EDGE('',*,*,#10201,.T.);
#10246 = ORIENTED_EDGE('',*,*,#10171,.T.);
#10247 = ORIENTED_EDGE('',*,*,#10223,.F.);
#10248 = PLANE('',#10249);
#10249 = AXIS2_PLACEMENT_3D('',#10250,#10251,#10252);
#10250 = CARTESIAN_POINT('',(-148.5,-200.,121.3125));
#10251 = DIRECTION('',(0.,0.,1.));
#10252 = DIRECTION('',(1.,0.,0.));
#10253 = ADVANCED_FACE('',(#10254),#10260,.T.);
#10254 = FACE_BOUND('',#10255,.T.);
#10255 = EDGE_LOOP('',(#10256,#10257,#10258,#10259));
#10256 = ORIENTED_EDGE('',*,*,#10147,.F.);
#10257 = ORIENTED_EDGE('',*,*,#10208,.T.);
#10258 = ORIENTED_EDGE('',*,*,#10187,.T.);
#10259 = ORIENTED_EDGE('',*,*,#10230,.F.);
#10260 = PLANE('',#10261);
#10261 = AXIS2_PLACEMENT_3D('',#10262,#10263,#10264);
#10262 = CARTESIAN_POINT('',(-148.5,-200.,263.3125));
#10263 = DIRECTION('',(0.,0.,1.));
#10264 = DIRECTION('',(1.,0.,0.));
#10265 = MANIFOLD_SOLID_BREP('',#10266);
#10266 = CLOSED_SHELL('',(#10267,#10307,#10347,#10369,#10391,#10403));
#10267 = ADVANCED_FACE('',(#10268),#10302,.F.);
#10268 = FACE_BOUND('',#10269,.F.);
#10269 = EDGE_LOOP('',(#10270,#10280,#10288,#10296));
#10270 = ORIENTED_EDGE('',*,*,#10271,.F.);
#10271 = EDGE_CURVE('',#10272,#10274,#10276,.T.);
#10272 = VERTEX_POINT('',#10273);
#10273 = CARTESIAN_POINT('',(-136.5,-200.,121.3125));
#10274 = VERTEX_POINT('',#10275);
#10275 = CARTESIAN_POINT('',(-136.5,-200.,263.3125));
#10276 = LINE('',#10277,#10278);
#10277 = CARTESIAN_POINT('',(-136.5,-200.,121.3125));
#10278 = VECTOR('',#10279,1.);
#10279 = DIRECTION('',(0.,0.,1.));
#10280 = ORIENTED_EDGE('',*,*,#10281,.T.);
#10281 = EDGE_CURVE('',#10272,#10282,#10284,.T.);
#10282 = VERTEX_POINT('',#10283);
#10283 = CARTESIAN_POINT('',(-136.5,-110.,121.3125));
#10284 = LINE('',#10285,#10286);
#10285 = CARTESIAN_POINT('',(-136.5,-200.,121.3125));
#10286 = VECTOR('',#10287,1.);
#10287 = DIRECTION('',(0.,1.,0.));
#10288 = ORIENTED_EDGE('',*,*,#10289,.T.);
#10289 = EDGE_CURVE('',#10282,#10290,#10292,.T.);
#10290 = VERTEX_POINT('',#10291);
#10291 = CARTESIAN_POINT('',(-136.5,-110.,263.3125));
#10292 = LINE('',#10293,#10294);
#10293 = CARTESIAN_POINT('',(-136.5,-110.,121.3125));
#10294 = VECTOR('',#10295,1.);
#10295 = DIRECTION('',(0.,0.,1.));
#10296 = ORIENTED_EDGE('',*,*,#10297,.F.);
#10297 = EDGE_CURVE('',#10274,#10290,#10298,.T.);
#10298 = LINE('',#10299,#10300);
#10299 = CARTESIAN_POINT('',(-136.5,-200.,263.3125));
#10300 = VECTOR('',#10301,1.);
#10301 = DIRECTION('',(0.,1.,0.));
#10302 = PLANE('',#10303);
#10303 = AXIS2_PLACEMENT_3D('',#10304,#10305,#10306);
#10304 = CARTESIAN_POINT('',(-136.5,-200.,121.3125));
#10305 = DIRECTION('',(1.,0.,0.));
#10306 = DIRECTION('',(0.,0.,1.));
#10307 = ADVANCED_FACE('',(#10308),#10342,.T.);
#10308 = FACE_BOUND('',#10309,.T.);
#10309 = EDGE_LOOP('',(#10310,#10320,#10328,#10336));
#10310 = ORIENTED_EDGE('',*,*,#10311,.F.);
#10311 = EDGE_CURVE('',#10312,#10314,#10316,.T.);
#10312 = VERTEX_POINT('',#10313);
#10313 = CARTESIAN_POINT('',(-135.5,-200.,121.3125));
#10314 = VERTEX_POINT('',#10315);
#10315 = CARTESIAN_POINT('',(-135.5,-200.,263.3125));
#10316 = LINE('',#10317,#10318);
#10317 = CARTESIAN_POINT('',(-135.5,-200.,121.3125));
#10318 = VECTOR('',#10319,1.);
#10319 = DIRECTION('',(0.,0.,1.));
#10320 = ORIENTED_EDGE('',*,*,#10321,.T.);
#10321 = EDGE_CURVE('',#10312,#10322,#10324,.T.);
#10322 = VERTEX_POINT('',#10323);
#10323 = CARTESIAN_POINT('',(-135.5,-110.,121.3125));
#10324 = LINE('',#10325,#10326);
#10325 = CARTESIAN_POINT('',(-135.5,-200.,121.3125));
#10326 = VECTOR('',#10327,1.);
#10327 = DIRECTION('',(0.,1.,0.));
#10328 = ORIENTED_EDGE('',*,*,#10329,.T.);
#10329 = EDGE_CURVE('',#10322,#10330,#10332,.T.);
#10330 = VERTEX_POINT('',#10331);
#10331 = CARTESIAN_POINT('',(-135.5,-110.,263.3125));
#10332 = LINE('',#10333,#10334);
#10333 = CARTESIAN_POINT('',(-135.5,-110.,121.3125));
#10334 = VECTOR('',#10335,1.);
#10335 = DIRECTION('',(0.,0.,1.));
#10336 = ORIENTED_EDGE('',*,*,#10337,.F.);
#10337 = EDGE_CURVE('',#10314,#10330,#10338,.T.);
#10338 = LINE('',#10339,#10340);
#10339 = CARTESIAN_POINT('',(-135.5,-200.,263.3125));
#10340 = VECTOR('',#10341,1.);
#10341 = DIRECTION('',(0.,1.,0.));
#10342 = PLANE('',#10343);
#10343 = AXIS2_PLACEMENT_3D('',#10344,#10345,#10346);
#10344 = CARTESIAN_POINT('',(-135.5,-200.,121.3125));
#10345 = DIRECTION('',(1.,0.,0.));
#10346 = DIRECTION('',(0.,0.,1.));
#10347 = ADVANCED_FACE('',(#10348),#10364,.F.);
#10348 = FACE_BOUND('',#10349,.F.);
#10349 = EDGE_LOOP('',(#10350,#10356,#10357,#10363));
#10350 = ORIENTED_EDGE('',*,*,#10351,.F.);
#10351 = EDGE_CURVE('',#10272,#10312,#10352,.T.);
#10352 = LINE('',#10353,#10354);
#10353 = CARTESIAN_POINT('',(-136.5,-200.,121.3125));
#10354 = VECTOR('',#10355,1.);
#10355 = DIRECTION('',(1.,0.,0.));
#10356 = ORIENTED_EDGE('',*,*,#10271,.T.);
#10357 = ORIENTED_EDGE('',*,*,#10358,.T.);
#10358 = EDGE_CURVE('',#10274,#10314,#10359,.T.);
#10359 = LINE('',#10360,#10361);
#10360 = CARTESIAN_POINT('',(-136.5,-200.,263.3125));
#10361 = VECTOR('',#10362,1.);
#10362 = DIRECTION('',(1.,0.,0.));
#10363 = ORIENTED_EDGE('',*,*,#10311,.F.);
#10364 = PLANE('',#10365);
#10365 = AXIS2_PLACEMENT_3D('',#10366,#10367,#10368);
#10366 = CARTESIAN_POINT('',(-136.5,-200.,121.3125));
#10367 = DIRECTION('',(0.,1.,0.));
#10368 = DIRECTION('',(0.,0.,1.));
#10369 = ADVANCED_FACE('',(#10370),#10386,.T.);
#10370 = FACE_BOUND('',#10371,.T.);
#10371 = EDGE_LOOP('',(#10372,#10378,#10379,#10385));
#10372 = ORIENTED_EDGE('',*,*,#10373,.F.);
#10373 = EDGE_CURVE('',#10282,#10322,#10374,.T.);
#10374 = LINE('',#10375,#10376);
#10375 = CARTESIAN_POINT('',(-136.5,-110.,121.3125));
#10376 = VECTOR('',#10377,1.);
#10377 = DIRECTION('',(1.,0.,0.));
#10378 = ORIENTED_EDGE('',*,*,#10289,.T.);
#10379 = ORIENTED_EDGE('',*,*,#10380,.T.);
#10380 = EDGE_CURVE('',#10290,#10330,#10381,.T.);
#10381 = LINE('',#10382,#10383);
#10382 = CARTESIAN_POINT('',(-136.5,-110.,263.3125));
#10383 = VECTOR('',#10384,1.);
#10384 = DIRECTION('',(1.,0.,0.));
#10385 = ORIENTED_EDGE('',*,*,#10329,.F.);
#10386 = PLANE('',#10387);
#10387 = AXIS2_PLACEMENT_3D('',#10388,#10389,#10390);
#10388 = CARTESIAN_POINT('',(-136.5,-110.,121.3125));
#10389 = DIRECTION('',(0.,1.,0.));
#10390 = DIRECTION('',(0.,0.,1.));
#10391 = ADVANCED_FACE('',(#10392),#10398,.F.);
#10392 = FACE_BOUND('',#10393,.F.);
#10393 = EDGE_LOOP('',(#10394,#10395,#10396,#10397));
#10394 = ORIENTED_EDGE('',*,*,#10281,.F.);
#10395 = ORIENTED_EDGE('',*,*,#10351,.T.);
#10396 = ORIENTED_EDGE('',*,*,#10321,.T.);
#10397 = ORIENTED_EDGE('',*,*,#10373,.F.);
#10398 = PLANE('',#10399);
#10399 = AXIS2_PLACEMENT_3D('',#10400,#10401,#10402);
#10400 = CARTESIAN_POINT('',(-136.5,-200.,121.3125));
#10401 = DIRECTION('',(0.,0.,1.));
#10402 = DIRECTION('',(1.,0.,0.));
#10403 = ADVANCED_FACE('',(#10404),#10410,.T.);
#10404 = FACE_BOUND('',#10405,.T.);
#10405 = EDGE_LOOP('',(#10406,#10407,#10408,#10409));
#10406 = ORIENTED_EDGE('',*,*,#10297,.F.);
#10407 = ORIENTED_EDGE('',*,*,#10358,.T.);
#10408 = ORIENTED_EDGE('',*,*,#10337,.T.);
#10409 = ORIENTED_EDGE('',*,*,#10380,.F.);
#10410 = PLANE('',#10411);
#10411 = AXIS2_PLACEMENT_3D('',#10412,#10413,#10414);
#10412 = CARTESIAN_POINT('',(-136.5,-200.,263.3125));
#10413 = DIRECTION('',(0.,0.,1.));
#10414 = DIRECTION('',(1.,0.,0.));
#10415 = MANIFOLD_SOLID_BREP('',#10416);
#10416 = CLOSED_SHELL('',(#10417,#10457,#10497,#10519,#10541,#10553));
#10417 = ADVANCED_FACE('',(#10418),#10452,.F.);
#10418 = FACE_BOUND('',#10419,.F.);
#10419 = EDGE_LOOP('',(#10420,#10430,#10438,#10446));
#10420 = ORIENTED_EDGE('',*,*,#10421,.F.);
#10421 = EDGE_CURVE('',#10422,#10424,#10426,.T.);
#10422 = VERTEX_POINT('',#10423);
#10423 = CARTESIAN_POINT('',(-124.5,-200.,121.3125));
#10424 = VERTEX_POINT('',#10425);
#10425 = CARTESIAN_POINT('',(-124.5,-200.,263.3125));
#10426 = LINE('',#10427,#10428);
#10427 = CARTESIAN_POINT('',(-124.5,-200.,121.3125));
#10428 = VECTOR('',#10429,1.);
#10429 = DIRECTION('',(0.,0.,1.));
#10430 = ORIENTED_EDGE('',*,*,#10431,.T.);
#10431 = EDGE_CURVE('',#10422,#10432,#10434,.T.);
#10432 = VERTEX_POINT('',#10433);
#10433 = CARTESIAN_POINT('',(-124.5,-110.,121.3125));
#10434 = LINE('',#10435,#10436);
#10435 = CARTESIAN_POINT('',(-124.5,-200.,121.3125));
#10436 = VECTOR('',#10437,1.);
#10437 = DIRECTION('',(0.,1.,0.));
#10438 = ORIENTED_EDGE('',*,*,#10439,.T.);
#10439 = EDGE_CURVE('',#10432,#10440,#10442,.T.);
#10440 = VERTEX_POINT('',#10441);
#10441 = CARTESIAN_POINT('',(-124.5,-110.,263.3125));
#10442 = LINE('',#10443,#10444);
#10443 = CARTESIAN_POINT('',(-124.5,-110.,121.3125));
#10444 = VECTOR('',#10445,1.);
#10445 = DIRECTION('',(0.,0.,1.));
#10446 = ORIENTED_EDGE('',*,*,#10447,.F.);
#10447 = EDGE_CURVE('',#10424,#10440,#10448,.T.);
#10448 = LINE('',#10449,#10450);
#10449 = CARTESIAN_POINT('',(-124.5,-200.,263.3125));
#10450 = VECTOR('',#10451,1.);
#10451 = DIRECTION('',(0.,1.,0.));
#10452 = PLANE('',#10453);
#10453 = AXIS2_PLACEMENT_3D('',#10454,#10455,#10456);
#10454 = CARTESIAN_POINT('',(-124.5,-200.,121.3125));
#10455 = DIRECTION('',(1.,0.,0.));
#10456 = DIRECTION('',(0.,0.,1.));
#10457 = ADVANCED_FACE('',(#10458),#10492,.T.);
#10458 = FACE_BOUND('',#10459,.T.);
#10459 = EDGE_LOOP('',(#10460,#10470,#10478,#10486));
#10460 = ORIENTED_EDGE('',*,*,#10461,.F.);
#10461 = EDGE_CURVE('',#10462,#10464,#10466,.T.);
#10462 = VERTEX_POINT('',#10463);
#10463 = CARTESIAN_POINT('',(-123.5,-200.,121.3125));
#10464 = VERTEX_POINT('',#10465);
#10465 = CARTESIAN_POINT('',(-123.5,-200.,263.3125));
#10466 = LINE('',#10467,#10468);
#10467 = CARTESIAN_POINT('',(-123.5,-200.,121.3125));
#10468 = VECTOR('',#10469,1.);
#10469 = DIRECTION('',(0.,0.,1.));
#10470 = ORIENTED_EDGE('',*,*,#10471,.T.);
#10471 = EDGE_CURVE('',#10462,#10472,#10474,.T.);
#10472 = VERTEX_POINT('',#10473);
#10473 = CARTESIAN_POINT('',(-123.5,-110.,121.3125));
#10474 = LINE('',#10475,#10476);
#10475 = CARTESIAN_POINT('',(-123.5,-200.,121.3125));
#10476 = VECTOR('',#10477,1.);
#10477 = DIRECTION('',(0.,1.,0.));
#10478 = ORIENTED_EDGE('',*,*,#10479,.T.);
#10479 = EDGE_CURVE('',#10472,#10480,#10482,.T.);
#10480 = VERTEX_POINT('',#10481);
#10481 = CARTESIAN_POINT('',(-123.5,-110.,263.3125));
#10482 = LINE('',#10483,#10484);
#10483 = CARTESIAN_POINT('',(-123.5,-110.,121.3125));
#10484 = VECTOR('',#10485,1.);
#10485 = DIRECTION('',(0.,0.,1.));
#10486 = ORIENTED_EDGE('',*,*,#10487,.F.);
#10487 = EDGE_CURVE('',#10464,#10480,#10488,.T.);
#10488 = LINE('',#10489,#10490);
#10489 = CARTESIAN_POINT('',(-123.5,-200.,263.3125));
#10490 = VECTOR('',#10491,1.);
#10491 = DIRECTION('',(0.,1.,0.));
#10492 = PLANE('',#10493);
#10493 = AXIS2_PLACEMENT_3D('',#10494,#10495,#10496);
#10494 = CARTESIAN_POINT('',(-123.5,-200.,121.3125));
#10495 = DIRECTION('',(1.,0.,0.));
#10496 = DIRECTION('',(0.,0.,1.));
#10497 = ADVANCED_FACE('',(#10498),#10514,.F.);
#10498 = FACE_BOUND('',#10499,.F.);
#10499 = EDGE_LOOP('',(#10500,#10506,#10507,#10513));
#10500 = ORIENTED_EDGE('',*,*,#10501,.F.);
#10501 = EDGE_CURVE('',#10422,#10462,#10502,.T.);
#10502 = LINE('',#10503,#10504);
#10503 = CARTESIAN_POINT('',(-124.5,-200.,121.3125));
#10504 = VECTOR('',#10505,1.);
#10505 = DIRECTION('',(1.,0.,0.));
#10506 = ORIENTED_EDGE('',*,*,#10421,.T.);
#10507 = ORIENTED_EDGE('',*,*,#10508,.T.);
#10508 = EDGE_CURVE('',#10424,#10464,#10509,.T.);
#10509 = LINE('',#10510,#10511);
#10510 = CARTESIAN_POINT('',(-124.5,-200.,263.3125));
#10511 = VECTOR('',#10512,1.);
#10512 = DIRECTION('',(1.,0.,0.));
#10513 = ORIENTED_EDGE('',*,*,#10461,.F.);
#10514 = PLANE('',#10515);
#10515 = AXIS2_PLACEMENT_3D('',#10516,#10517,#10518);
#10516 = CARTESIAN_POINT('',(-124.5,-200.,121.3125));
#10517 = DIRECTION('',(0.,1.,0.));
#10518 = DIRECTION('',(0.,0.,1.));
#10519 = ADVANCED_FACE('',(#10520),#10536,.T.);
#10520 = FACE_BOUND('',#10521,.T.);
#10521 = EDGE_LOOP('',(#10522,#10528,#10529,#10535));
#10522 = ORIENTED_EDGE('',*,*,#10523,.F.);
#10523 = EDGE_CURVE('',#10432,#10472,#10524,.T.);
#10524 = LINE('',#10525,#10526);
#10525 = CARTESIAN_POINT('',(-124.5,-110.,121.3125));
#10526 = VECTOR('',#10527,1.);
#10527 = DIRECTION('',(1.,0.,0.));
#10528 = ORIENTED_EDGE('',*,*,#10439,.T.);
#10529 = ORIENTED_EDGE('',*,*,#10530,.T.);
#10530 = EDGE_CURVE('',#10440,#10480,#10531,.T.);
#10531 = LINE('',#10532,#10533);
#10532 = CARTESIAN_POINT('',(-124.5,-110.,263.3125));
#10533 = VECTOR('',#10534,1.);
#10534 = DIRECTION('',(1.,0.,0.));
#10535 = ORIENTED_EDGE('',*,*,#10479,.F.);
#10536 = PLANE('',#10537);
#10537 = AXIS2_PLACEMENT_3D('',#10538,#10539,#10540);
#10538 = CARTESIAN_POINT('',(-124.5,-110.,121.3125));
#10539 = DIRECTION('',(0.,1.,0.));
#10540 = DIRECTION('',(0.,0.,1.));
#10541 = ADVANCED_FACE('',(#10542),#10548,.F.);
#10542 = FACE_BOUND('',#10543,.F.);
#10543 = EDGE_LOOP('',(#10544,#10545,#10546,#10547));
#10544 = ORIENTED_EDGE('',*,*,#10431,.F.);
#10545 = ORIENTED_EDGE('',*,*,#10501,.T.);
#10546 = ORIENTED_EDGE('',*,*,#10471,.T.);
#10547 = ORIENTED_EDGE('',*,*,#10523,.F.);
#10548 = PLANE('',#10549);
#10549 = AXIS2_PLACEMENT_3D('',#10550,#10551,#10552);
#10550 = CARTESIAN_POINT('',(-124.5,-200.,121.3125));
#10551 = DIRECTION('',(0.,0.,1.));
#10552 = DIRECTION('',(1.,0.,0.));
#10553 = ADVANCED_FACE('',(#10554),#10560,.T.);
#10554 = FACE_BOUND('',#10555,.T.);
#10555 = EDGE_LOOP('',(#10556,#10557,#10558,#10559));
#10556 = ORIENTED_EDGE('',*,*,#10447,.F.);
#10557 = ORIENTED_EDGE('',*,*,#10508,.T.);
#10558 = ORIENTED_EDGE('',*,*,#10487,.T.);
#10559 = ORIENTED_EDGE('',*,*,#10530,.F.);
#10560 = PLANE('',#10561);
#10561 = AXIS2_PLACEMENT_3D('',#10562,#10563,#10564);
#10562 = CARTESIAN_POINT('',(-124.5,-200.,263.3125));
#10563 = DIRECTION('',(0.,0.,1.));
#10564 = DIRECTION('',(1.,0.,0.));
#10565 = MANIFOLD_SOLID_BREP('',#10566);
#10566 = CLOSED_SHELL('',(#10567,#10607,#10647,#10669,#10691,#10703));
#10567 = ADVANCED_FACE('',(#10568),#10602,.F.);
#10568 = FACE_BOUND('',#10569,.F.);
#10569 = EDGE_LOOP('',(#10570,#10580,#10588,#10596));
#10570 = ORIENTED_EDGE('',*,*,#10571,.F.);
#10571 = EDGE_CURVE('',#10572,#10574,#10576,.T.);
#10572 = VERTEX_POINT('',#10573);
#10573 = CARTESIAN_POINT('',(-112.5,-200.,121.3125));
#10574 = VERTEX_POINT('',#10575);
#10575 = CARTESIAN_POINT('',(-112.5,-200.,263.3125));
#10576 = LINE('',#10577,#10578);
#10577 = CARTESIAN_POINT('',(-112.5,-200.,121.3125));
#10578 = VECTOR('',#10579,1.);
#10579 = DIRECTION('',(0.,0.,1.));
#10580 = ORIENTED_EDGE('',*,*,#10581,.T.);
#10581 = EDGE_CURVE('',#10572,#10582,#10584,.T.);
#10582 = VERTEX_POINT('',#10583);
#10583 = CARTESIAN_POINT('',(-112.5,-110.,121.3125));
#10584 = LINE('',#10585,#10586);
#10585 = CARTESIAN_POINT('',(-112.5,-200.,121.3125));
#10586 = VECTOR('',#10587,1.);
#10587 = DIRECTION('',(0.,1.,0.));
#10588 = ORIENTED_EDGE('',*,*,#10589,.T.);
#10589 = EDGE_CURVE('',#10582,#10590,#10592,.T.);
#10590 = VERTEX_POINT('',#10591);
#10591 = CARTESIAN_POINT('',(-112.5,-110.,263.3125));
#10592 = LINE('',#10593,#10594);
#10593 = CARTESIAN_POINT('',(-112.5,-110.,121.3125));
#10594 = VECTOR('',#10595,1.);
#10595 = DIRECTION('',(0.,0.,1.));
#10596 = ORIENTED_EDGE('',*,*,#10597,.F.);
#10597 = EDGE_CURVE('',#10574,#10590,#10598,.T.);
#10598 = LINE('',#10599,#10600);
#10599 = CARTESIAN_POINT('',(-112.5,-200.,263.3125));
#10600 = VECTOR('',#10601,1.);
#10601 = DIRECTION('',(0.,1.,0.));
#10602 = PLANE('',#10603);
#10603 = AXIS2_PLACEMENT_3D('',#10604,#10605,#10606);
#10604 = CARTESIAN_POINT('',(-112.5,-200.,121.3125));
#10605 = DIRECTION('',(1.,0.,0.));
#10606 = DIRECTION('',(0.,0.,1.));
#10607 = ADVANCED_FACE('',(#10608),#10642,.T.);
#10608 = FACE_BOUND('',#10609,.T.);
#10609 = EDGE_LOOP('',(#10610,#10620,#10628,#10636));
#10610 = ORIENTED_EDGE('',*,*,#10611,.F.);
#10611 = EDGE_CURVE('',#10612,#10614,#10616,.T.);
#10612 = VERTEX_POINT('',#10613);
#10613 = CARTESIAN_POINT('',(-111.5,-200.,121.3125));
#10614 = VERTEX_POINT('',#10615);
#10615 = CARTESIAN_POINT('',(-111.5,-200.,263.3125));
#10616 = LINE('',#10617,#10618);
#10617 = CARTESIAN_POINT('',(-111.5,-200.,121.3125));
#10618 = VECTOR('',#10619,1.);
#10619 = DIRECTION('',(0.,0.,1.));
#10620 = ORIENTED_EDGE('',*,*,#10621,.T.);
#10621 = EDGE_CURVE('',#10612,#10622,#10624,.T.);
#10622 = VERTEX_POINT('',#10623);
#10623 = CARTESIAN_POINT('',(-111.5,-110.,121.3125));
#10624 = LINE('',#10625,#10626);
#10625 = CARTESIAN_POINT('',(-111.5,-200.,121.3125));
#10626 = VECTOR('',#10627,1.);
#10627 = DIRECTION('',(0.,1.,0.));
#10628 = ORIENTED_EDGE('',*,*,#10629,.T.);
#10629 = EDGE_CURVE('',#10622,#10630,#10632,.T.);
#10630 = VERTEX_POINT('',#10631);
#10631 = CARTESIAN_POINT('',(-111.5,-110.,263.3125));
#10632 = LINE('',#10633,#10634);
#10633 = CARTESIAN_POINT('',(-111.5,-110.,121.3125));
#10634 = VECTOR('',#10635,1.);
#10635 = DIRECTION('',(0.,0.,1.));
#10636 = ORIENTED_EDGE('',*,*,#10637,.F.);
#10637 = EDGE_CURVE('',#10614,#10630,#10638,.T.);
#10638 = LINE('',#10639,#10640);
#10639 = CARTESIAN_POINT('',(-111.5,-200.,263.3125));
#10640 = VECTOR('',#10641,1.);
#10641 = DIRECTION('',(0.,1.,0.));
#10642 = PLANE('',#10643);
#10643 = AXIS2_PLACEMENT_3D('',#10644,#10645,#10646);
#10644 = CARTESIAN_POINT('',(-111.5,-200.,121.3125));
#10645 = DIRECTION('',(1.,0.,0.));
#10646 = DIRECTION('',(0.,0.,1.));
#10647 = ADVANCED_FACE('',(#10648),#10664,.F.);
#10648 = FACE_BOUND('',#10649,.F.);
#10649 = EDGE_LOOP('',(#10650,#10656,#10657,#10663));
#10650 = ORIENTED_EDGE('',*,*,#10651,.F.);
#10651 = EDGE_CURVE('',#10572,#10612,#10652,.T.);
#10652 = LINE('',#10653,#10654);
#10653 = CARTESIAN_POINT('',(-112.5,-200.,121.3125));
#10654 = VECTOR('',#10655,1.);
#10655 = DIRECTION('',(1.,0.,0.));
#10656 = ORIENTED_EDGE('',*,*,#10571,.T.);
#10657 = ORIENTED_EDGE('',*,*,#10658,.T.);
#10658 = EDGE_CURVE('',#10574,#10614,#10659,.T.);
#10659 = LINE('',#10660,#10661);
#10660 = CARTESIAN_POINT('',(-112.5,-200.,263.3125));
#10661 = VECTOR('',#10662,1.);
#10662 = DIRECTION('',(1.,0.,0.));
#10663 = ORIENTED_EDGE('',*,*,#10611,.F.);
#10664 = PLANE('',#10665);
#10665 = AXIS2_PLACEMENT_3D('',#10666,#10667,#10668);
#10666 = CARTESIAN_POINT('',(-112.5,-200.,121.3125));
#10667 = DIRECTION('',(0.,1.,0.));
#10668 = DIRECTION('',(0.,0.,1.));
#10669 = ADVANCED_FACE('',(#10670),#10686,.T.);
#10670 = FACE_BOUND('',#10671,.T.);
#10671 = EDGE_LOOP('',(#10672,#10678,#10679,#10685));
#10672 = ORIENTED_EDGE('',*,*,#10673,.F.);
#10673 = EDGE_CURVE('',#10582,#10622,#10674,.T.);
#10674 = LINE('',#10675,#10676);
#10675 = CARTESIAN_POINT('',(-112.5,-110.,121.3125));
#10676 = VECTOR('',#10677,1.);
#10677 = DIRECTION('',(1.,0.,0.));
#10678 = ORIENTED_EDGE('',*,*,#10589,.T.);
#10679 = ORIENTED_EDGE('',*,*,#10680,.T.);
#10680 = EDGE_CURVE('',#10590,#10630,#10681,.T.);
#10681 = LINE('',#10682,#10683);
#10682 = CARTESIAN_POINT('',(-112.5,-110.,263.3125));
#10683 = VECTOR('',#10684,1.);
#10684 = DIRECTION('',(1.,0.,0.));
#10685 = ORIENTED_EDGE('',*,*,#10629,.F.);
#10686 = PLANE('',#10687);
#10687 = AXIS2_PLACEMENT_3D('',#10688,#10689,#10690);
#10688 = CARTESIAN_POINT('',(-112.5,-110.,121.3125));
#10689 = DIRECTION('',(0.,1.,0.));
#10690 = DIRECTION('',(0.,0.,1.));
#10691 = ADVANCED_FACE('',(#10692),#10698,.F.);
#10692 = FACE_BOUND('',#10693,.F.);
#10693 = EDGE_LOOP('',(#10694,#10695,#10696,#10697));
#10694 = ORIENTED_EDGE('',*,*,#10581,.F.);
#10695 = ORIENTED_EDGE('',*,*,#10651,.T.);
#10696 = ORIENTED_EDGE('',*,*,#10621,.T.);
#10697 = ORIENTED_EDGE('',*,*,#10673,.F.);
#10698 = PLANE('',#10699);
#10699 = AXIS2_PLACEMENT_3D('',#10700,#10701,#10702);
#10700 = CARTESIAN_POINT('',(-112.5,-200.,121.3125));
#10701 = DIRECTION('',(0.,0.,1.));
#10702 = DIRECTION('',(1.,0.,0.));
#10703 = ADVANCED_FACE('',(#10704),#10710,.T.);
#10704 = FACE_BOUND('',#10705,.T.);
#10705 = EDGE_LOOP('',(#10706,#10707,#10708,#10709));
#10706 = ORIENTED_EDGE('',*,*,#10597,.F.);
#10707 = ORIENTED_EDGE('',*,*,#10658,.T.);
#10708 = ORIENTED_EDGE('',*,*,#10637,.T.);
#10709 = ORIENTED_EDGE('',*,*,#10680,.F.);
#10710 = PLANE('',#10711);
#10711 = AXIS2_PLACEMENT_3D('',#10712,#10713,#10714);
#10712 = CARTESIAN_POINT('',(-112.5,-200.,263.3125));
#10713 = DIRECTION('',(0.,0.,1.));
#10714 = DIRECTION('',(1.,0.,0.));
#10715 = MANIFOLD_SOLID_BREP('',#10716);
#10716 = CLOSED_SHELL('',(#10717,#10757,#10797,#10819,#10841,#10853));
#10717 = ADVANCED_FACE('',(#10718),#10752,.F.);
#10718 = FACE_BOUND('',#10719,.F.);
#10719 = EDGE_LOOP('',(#10720,#10730,#10738,#10746));
#10720 = ORIENTED_EDGE('',*,*,#10721,.F.);
#10721 = EDGE_CURVE('',#10722,#10724,#10726,.T.);
#10722 = VERTEX_POINT('',#10723);
#10723 = CARTESIAN_POINT('',(-100.5,-200.,121.3125));
#10724 = VERTEX_POINT('',#10725);
#10725 = CARTESIAN_POINT('',(-100.5,-200.,263.3125));
#10726 = LINE('',#10727,#10728);
#10727 = CARTESIAN_POINT('',(-100.5,-200.,121.3125));
#10728 = VECTOR('',#10729,1.);
#10729 = DIRECTION('',(0.,0.,1.));
#10730 = ORIENTED_EDGE('',*,*,#10731,.T.);
#10731 = EDGE_CURVE('',#10722,#10732,#10734,.T.);
#10732 = VERTEX_POINT('',#10733);
#10733 = CARTESIAN_POINT('',(-100.5,-110.,121.3125));
#10734 = LINE('',#10735,#10736);
#10735 = CARTESIAN_POINT('',(-100.5,-200.,121.3125));
#10736 = VECTOR('',#10737,1.);
#10737 = DIRECTION('',(0.,1.,0.));
#10738 = ORIENTED_EDGE('',*,*,#10739,.T.);
#10739 = EDGE_CURVE('',#10732,#10740,#10742,.T.);
#10740 = VERTEX_POINT('',#10741);
#10741 = CARTESIAN_POINT('',(-100.5,-110.,263.3125));
#10742 = LINE('',#10743,#10744);
#10743 = CARTESIAN_POINT('',(-100.5,-110.,121.3125));
#10744 = VECTOR('',#10745,1.);
#10745 = DIRECTION('',(0.,0.,1.));
#10746 = ORIENTED_EDGE('',*,*,#10747,.F.);
#10747 = EDGE_CURVE('',#10724,#10740,#10748,.T.);
#10748 = LINE('',#10749,#10750);
#10749 = CARTESIAN_POINT('',(-100.5,-200.,263.3125));
#10750 = VECTOR('',#10751,1.);
#10751 = DIRECTION('',(0.,1.,0.));
#10752 = PLANE('',#10753);
#10753 = AXIS2_PLACEMENT_3D('',#10754,#10755,#10756);
#10754 = CARTESIAN_POINT('',(-100.5,-200.,121.3125));
#10755 = DIRECTION('',(1.,0.,0.));
#10756 = DIRECTION('',(0.,0.,1.));
#10757 = ADVANCED_FACE('',(#10758),#10792,.T.);
#10758 = FACE_BOUND('',#10759,.T.);
#10759 = EDGE_LOOP('',(#10760,#10770,#10778,#10786));
#10760 = ORIENTED_EDGE('',*,*,#10761,.F.);
#10761 = EDGE_CURVE('',#10762,#10764,#10766,.T.);
#10762 = VERTEX_POINT('',#10763);
#10763 = CARTESIAN_POINT('',(-99.5,-200.,121.3125));
#10764 = VERTEX_POINT('',#10765);
#10765 = CARTESIAN_POINT('',(-99.5,-200.,263.3125));
#10766 = LINE('',#10767,#10768);
#10767 = CARTESIAN_POINT('',(-99.5,-200.,121.3125));
#10768 = VECTOR('',#10769,1.);
#10769 = DIRECTION('',(0.,0.,1.));
#10770 = ORIENTED_EDGE('',*,*,#10771,.T.);
#10771 = EDGE_CURVE('',#10762,#10772,#10774,.T.);
#10772 = VERTEX_POINT('',#10773);
#10773 = CARTESIAN_POINT('',(-99.5,-110.,121.3125));
#10774 = LINE('',#10775,#10776);
#10775 = CARTESIAN_POINT('',(-99.5,-200.,121.3125));
#10776 = VECTOR('',#10777,1.);
#10777 = DIRECTION('',(0.,1.,0.));
#10778 = ORIENTED_EDGE('',*,*,#10779,.T.);
#10779 = EDGE_CURVE('',#10772,#10780,#10782,.T.);
#10780 = VERTEX_POINT('',#10781);
#10781 = CARTESIAN_POINT('',(-99.5,-110.,263.3125));
#10782 = LINE('',#10783,#10784);
#10783 = CARTESIAN_POINT('',(-99.5,-110.,121.3125));
#10784 = VECTOR('',#10785,1.);
#10785 = DIRECTION('',(0.,0.,1.));
#10786 = ORIENTED_EDGE('',*,*,#10787,.F.);
#10787 = EDGE_CURVE('',#10764,#10780,#10788,.T.);
#10788 = LINE('',#10789,#10790);
#10789 = CARTESIAN_POINT('',(-99.5,-200.,263.3125));
#10790 = VECTOR('',#10791,1.);
#10791 = DIRECTION('',(0.,1.,0.));
#10792 = PLANE('',#10793);
#10793 = AXIS2_PLACEMENT_3D('',#10794,#10795,#10796);
#10794 = CARTESIAN_POINT('',(-99.5,-200.,121.3125));
#10795 = DIRECTION('',(1.,0.,0.));
#10796 = DIRECTION('',(0.,0.,1.));
#10797 = ADVANCED_FACE('',(#10798),#10814,.F.);
#10798 = FACE_BOUND('',#10799,.F.);
#10799 = EDGE_LOOP('',(#10800,#10806,#10807,#10813));
#10800 = ORIENTED_EDGE('',*,*,#10801,.F.);
#10801 = EDGE_CURVE('',#10722,#10762,#10802,.T.);
#10802 = LINE('',#10803,#10804);
#10803 = CARTESIAN_POINT('',(-100.5,-200.,121.3125));
#10804 = VECTOR('',#10805,1.);
#10805 = DIRECTION('',(1.,0.,0.));
#10806 = ORIENTED_EDGE('',*,*,#10721,.T.);
#10807 = ORIENTED_EDGE('',*,*,#10808,.T.);
#10808 = EDGE_CURVE('',#10724,#10764,#10809,.T.);
#10809 = LINE('',#10810,#10811);
#10810 = CARTESIAN_POINT('',(-100.5,-200.,263.3125));
#10811 = VECTOR('',#10812,1.);
#10812 = DIRECTION('',(1.,0.,0.));
#10813 = ORIENTED_EDGE('',*,*,#10761,.F.);
#10814 = PLANE('',#10815);
#10815 = AXIS2_PLACEMENT_3D('',#10816,#10817,#10818);
#10816 = CARTESIAN_POINT('',(-100.5,-200.,121.3125));
#10817 = DIRECTION('',(0.,1.,0.));
#10818 = DIRECTION('',(0.,0.,1.));
#10819 = ADVANCED_FACE('',(#10820),#10836,.T.);
#10820 = FACE_BOUND('',#10821,.T.);
#10821 = EDGE_LOOP('',(#10822,#10828,#10829,#10835));
#10822 = ORIENTED_EDGE('',*,*,#10823,.F.);
#10823 = EDGE_CURVE('',#10732,#10772,#10824,.T.);
#10824 = LINE('',#10825,#10826);
#10825 = CARTESIAN_POINT('',(-100.5,-110.,121.3125));
#10826 = VECTOR('',#10827,1.);
#10827 = DIRECTION('',(1.,0.,0.));
#10828 = ORIENTED_EDGE('',*,*,#10739,.T.);
#10829 = ORIENTED_EDGE('',*,*,#10830,.T.);
#10830 = EDGE_CURVE('',#10740,#10780,#10831,.T.);
#10831 = LINE('',#10832,#10833);
#10832 = CARTESIAN_POINT('',(-100.5,-110.,263.3125));
#10833 = VECTOR('',#10834,1.);
#10834 = DIRECTION('',(1.,0.,0.));
#10835 = ORIENTED_EDGE('',*,*,#10779,.F.);
#10836 = PLANE('',#10837);
#10837 = AXIS2_PLACEMENT_3D('',#10838,#10839,#10840);
#10838 = CARTESIAN_POINT('',(-100.5,-110.,121.3125));
#10839 = DIRECTION('',(0.,1.,0.));
#10840 = DIRECTION('',(0.,0.,1.));
#10841 = ADVANCED_FACE('',(#10842),#10848,.F.);
#10842 = FACE_BOUND('',#10843,.F.);
#10843 = EDGE_LOOP('',(#10844,#10845,#10846,#10847));
#10844 = ORIENTED_EDGE('',*,*,#10731,.F.);
#10845 = ORIENTED_EDGE('',*,*,#10801,.T.);
#10846 = ORIENTED_EDGE('',*,*,#10771,.T.);
#10847 = ORIENTED_EDGE('',*,*,#10823,.F.);
#10848 = PLANE('',#10849);
#10849 = AXIS2_PLACEMENT_3D('',#10850,#10851,#10852);
#10850 = CARTESIAN_POINT('',(-100.5,-200.,121.3125));
#10851 = DIRECTION('',(0.,0.,1.));
#10852 = DIRECTION('',(1.,0.,0.));
#10853 = ADVANCED_FACE('',(#10854),#10860,.T.);
#10854 = FACE_BOUND('',#10855,.T.);
#10855 = EDGE_LOOP('',(#10856,#10857,#10858,#10859));
#10856 = ORIENTED_EDGE('',*,*,#10747,.F.);
#10857 = ORIENTED_EDGE('',*,*,#10808,.T.);
#10858 = ORIENTED_EDGE('',*,*,#10787,.T.);
#10859 = ORIENTED_EDGE('',*,*,#10830,.F.);
#10860 = PLANE('',#10861);
#10861 = AXIS2_PLACEMENT_3D('',#10862,#10863,#10864);
#10862 = CARTESIAN_POINT('',(-100.5,-200.,263.3125));
#10863 = DIRECTION('',(0.,0.,1.));
#10864 = DIRECTION('',(1.,0.,0.));
#10865 = MANIFOLD_SOLID_BREP('',#10866);
#10866 = CLOSED_SHELL('',(#10867,#10907,#10947,#10969,#10991,#11003));
#10867 = ADVANCED_FACE('',(#10868),#10902,.F.);
#10868 = FACE_BOUND('',#10869,.F.);
#10869 = EDGE_LOOP('',(#10870,#10880,#10888,#10896));
#10870 = ORIENTED_EDGE('',*,*,#10871,.F.);
#10871 = EDGE_CURVE('',#10872,#10874,#10876,.T.);
#10872 = VERTEX_POINT('',#10873);
#10873 = CARTESIAN_POINT('',(-88.5,-200.,121.3125));
#10874 = VERTEX_POINT('',#10875);
#10875 = CARTESIAN_POINT('',(-88.5,-200.,263.3125));
#10876 = LINE('',#10877,#10878);
#10877 = CARTESIAN_POINT('',(-88.5,-200.,121.3125));
#10878 = VECTOR('',#10879,1.);
#10879 = DIRECTION('',(0.,0.,1.));
#10880 = ORIENTED_EDGE('',*,*,#10881,.T.);
#10881 = EDGE_CURVE('',#10872,#10882,#10884,.T.);
#10882 = VERTEX_POINT('',#10883);
#10883 = CARTESIAN_POINT('',(-88.5,-110.,121.3125));
#10884 = LINE('',#10885,#10886);
#10885 = CARTESIAN_POINT('',(-88.5,-200.,121.3125));
#10886 = VECTOR('',#10887,1.);
#10887 = DIRECTION('',(0.,1.,0.));
#10888 = ORIENTED_EDGE('',*,*,#10889,.T.);
#10889 = EDGE_CURVE('',#10882,#10890,#10892,.T.);
#10890 = VERTEX_POINT('',#10891);
#10891 = CARTESIAN_POINT('',(-88.5,-110.,263.3125));
#10892 = LINE('',#10893,#10894);
#10893 = CARTESIAN_POINT('',(-88.5,-110.,121.3125));
#10894 = VECTOR('',#10895,1.);
#10895 = DIRECTION('',(0.,0.,1.));
#10896 = ORIENTED_EDGE('',*,*,#10897,.F.);
#10897 = EDGE_CURVE('',#10874,#10890,#10898,.T.);
#10898 = LINE('',#10899,#10900);
#10899 = CARTESIAN_POINT('',(-88.5,-200.,263.3125));
#10900 = VECTOR('',#10901,1.);
#10901 = DIRECTION('',(0.,1.,0.));
#10902 = PLANE('',#10903);
#10903 = AXIS2_PLACEMENT_3D('',#10904,#10905,#10906);
#10904 = CARTESIAN_POINT('',(-88.5,-200.,121.3125));
#10905 = DIRECTION('',(1.,0.,0.));
#10906 = DIRECTION('',(0.,0.,1.));
#10907 = ADVANCED_FACE('',(#10908),#10942,.T.);
#10908 = FACE_BOUND('',#10909,.T.);
#10909 = EDGE_LOOP('',(#10910,#10920,#10928,#10936));
#10910 = ORIENTED_EDGE('',*,*,#10911,.F.);
#10911 = EDGE_CURVE('',#10912,#10914,#10916,.T.);
#10912 = VERTEX_POINT('',#10913);
#10913 = CARTESIAN_POINT('',(-87.5,-200.,121.3125));
#10914 = VERTEX_POINT('',#10915);
#10915 = CARTESIAN_POINT('',(-87.5,-200.,263.3125));
#10916 = LINE('',#10917,#10918);
#10917 = CARTESIAN_POINT('',(-87.5,-200.,121.3125));
#10918 = VECTOR('',#10919,1.);
#10919 = DIRECTION('',(0.,0.,1.));
#10920 = ORIENTED_EDGE('',*,*,#10921,.T.);
#10921 = EDGE_CURVE('',#10912,#10922,#10924,.T.);
#10922 = VERTEX_POINT('',#10923);
#10923 = CARTESIAN_POINT('',(-87.5,-110.,121.3125));
#10924 = LINE('',#10925,#10926);
#10925 = CARTESIAN_POINT('',(-87.5,-200.,121.3125));
#10926 = VECTOR('',#10927,1.);
#10927 = DIRECTION('',(0.,1.,0.));
#10928 = ORIENTED_EDGE('',*,*,#10929,.T.);
#10929 = EDGE_CURVE('',#10922,#10930,#10932,.T.);
#10930 = VERTEX_POINT('',#10931);
#10931 = CARTESIAN_POINT('',(-87.5,-110.,263.3125));
#10932 = LINE('',#10933,#10934);
#10933 = CARTESIAN_POINT('',(-87.5,-110.,121.3125));
#10934 = VECTOR('',#10935,1.);
#10935 = DIRECTION('',(0.,0.,1.));
#10936 = ORIENTED_EDGE('',*,*,#10937,.F.);
#10937 = EDGE_CURVE('',#10914,#10930,#10938,.T.);
#10938 = LINE('',#10939,#10940);
#10939 = CARTESIAN_POINT('',(-87.5,-200.,263.3125));
#10940 = VECTOR('',#10941,1.);
#10941 = DIRECTION('',(0.,1.,0.));
#10942 = PLANE('',#10943);
#10943 = AXIS2_PLACEMENT_3D('',#10944,#10945,#10946);
#10944 = CARTESIAN_POINT('',(-87.5,-200.,121.3125));
#10945 = DIRECTION('',(1.,0.,0.));
#10946 = DIRECTION('',(0.,0.,1.));
#10947 = ADVANCED_FACE('',(#10948),#10964,.F.);
#10948 = FACE_BOUND('',#10949,.F.);
#10949 = EDGE_LOOP('',(#10950,#10956,#10957,#10963));
#10950 = ORIENTED_EDGE('',*,*,#10951,.F.);
#10951 = EDGE_CURVE('',#10872,#10912,#10952,.T.);
#10952 = LINE('',#10953,#10954);
#10953 = CARTESIAN_POINT('',(-88.5,-200.,121.3125));
#10954 = VECTOR('',#10955,1.);
#10955 = DIRECTION('',(1.,0.,0.));
#10956 = ORIENTED_EDGE('',*,*,#10871,.T.);
#10957 = ORIENTED_EDGE('',*,*,#10958,.T.);
#10958 = EDGE_CURVE('',#10874,#10914,#10959,.T.);
#10959 = LINE('',#10960,#10961);
#10960 = CARTESIAN_POINT('',(-88.5,-200.,263.3125));
#10961 = VECTOR('',#10962,1.);
#10962 = DIRECTION('',(1.,0.,0.));
#10963 = ORIENTED_EDGE('',*,*,#10911,.F.);
#10964 = PLANE('',#10965);
#10965 = AXIS2_PLACEMENT_3D('',#10966,#10967,#10968);
#10966 = CARTESIAN_POINT('',(-88.5,-200.,121.3125));
#10967 = DIRECTION('',(0.,1.,0.));
#10968 = DIRECTION('',(0.,0.,1.));
#10969 = ADVANCED_FACE('',(#10970),#10986,.T.);
#10970 = FACE_BOUND('',#10971,.T.);
#10971 = EDGE_LOOP('',(#10972,#10978,#10979,#10985));
#10972 = ORIENTED_EDGE('',*,*,#10973,.F.);
#10973 = EDGE_CURVE('',#10882,#10922,#10974,.T.);
#10974 = LINE('',#10975,#10976);
#10975 = CARTESIAN_POINT('',(-88.5,-110.,121.3125));
#10976 = VECTOR('',#10977,1.);
#10977 = DIRECTION('',(1.,0.,0.));
#10978 = ORIENTED_EDGE('',*,*,#10889,.T.);
#10979 = ORIENTED_EDGE('',*,*,#10980,.T.);
#10980 = EDGE_CURVE('',#10890,#10930,#10981,.T.);
#10981 = LINE('',#10982,#10983);
#10982 = CARTESIAN_POINT('',(-88.5,-110.,263.3125));
#10983 = VECTOR('',#10984,1.);
#10984 = DIRECTION('',(1.,0.,0.));
#10985 = ORIENTED_EDGE('',*,*,#10929,.F.);
#10986 = PLANE('',#10987);
#10987 = AXIS2_PLACEMENT_3D('',#10988,#10989,#10990);
#10988 = CARTESIAN_POINT('',(-88.5,-110.,121.3125));
#10989 = DIRECTION('',(0.,1.,0.));
#10990 = DIRECTION('',(0.,0.,1.));
#10991 = ADVANCED_FACE('',(#10992),#10998,.F.);
#10992 = FACE_BOUND('',#10993,.F.);
#10993 = EDGE_LOOP('',(#10994,#10995,#10996,#10997));
#10994 = ORIENTED_EDGE('',*,*,#10881,.F.);
#10995 = ORIENTED_EDGE('',*,*,#10951,.T.);
#10996 = ORIENTED_EDGE('',*,*,#10921,.T.);
#10997 = ORIENTED_EDGE('',*,*,#10973,.F.);
#10998 = PLANE('',#10999);
#10999 = AXIS2_PLACEMENT_3D('',#11000,#11001,#11002);
#11000 = CARTESIAN_POINT('',(-88.5,-200.,121.3125));
#11001 = DIRECTION('',(0.,0.,1.));
#11002 = DIRECTION('',(1.,0.,0.));
#11003 = ADVANCED_FACE('',(#11004),#11010,.T.);
#11004 = FACE_BOUND('',#11005,.T.);
#11005 = EDGE_LOOP('',(#11006,#11007,#11008,#11009));
#11006 = ORIENTED_EDGE('',*,*,#10897,.F.);
#11007 = ORIENTED_EDGE('',*,*,#10958,.T.);
#11008 = ORIENTED_EDGE('',*,*,#10937,.T.);
#11009 = ORIENTED_EDGE('',*,*,#10980,.F.);
#11010 = PLANE('',#11011);
#11011 = AXIS2_PLACEMENT_3D('',#11012,#11013,#11014);
#11012 = CARTESIAN_POINT('',(-88.5,-200.,263.3125));
#11013 = DIRECTION('',(0.,0.,1.));
#11014 = DIRECTION('',(1.,0.,0.));
#11015 = MANIFOLD_SOLID_BREP('',#11016);
#11016 = CLOSED_SHELL('',(#11017,#11057,#11097,#11119,#11141,#11153));
#11017 = ADVANCED_FACE('',(#11018),#11052,.F.);
#11018 = FACE_BOUND('',#11019,.F.);
#11019 = EDGE_LOOP('',(#11020,#11030,#11038,#11046));
#11020 = ORIENTED_EDGE('',*,*,#11021,.F.);
#11021 = EDGE_CURVE('',#11022,#11024,#11026,.T.);
#11022 = VERTEX_POINT('',#11023);
#11023 = CARTESIAN_POINT('',(-76.5,-200.,121.3125));
#11024 = VERTEX_POINT('',#11025);
#11025 = CARTESIAN_POINT('',(-76.5,-200.,263.3125));
#11026 = LINE('',#11027,#11028);
#11027 = CARTESIAN_POINT('',(-76.5,-200.,121.3125));
#11028 = VECTOR('',#11029,1.);
#11029 = DIRECTION('',(0.,0.,1.));
#11030 = ORIENTED_EDGE('',*,*,#11031,.T.);
#11031 = EDGE_CURVE('',#11022,#11032,#11034,.T.);
#11032 = VERTEX_POINT('',#11033);
#11033 = CARTESIAN_POINT('',(-76.5,-110.,121.3125));
#11034 = LINE('',#11035,#11036);
#11035 = CARTESIAN_POINT('',(-76.5,-200.,121.3125));
#11036 = VECTOR('',#11037,1.);
#11037 = DIRECTION('',(0.,1.,0.));
#11038 = ORIENTED_EDGE('',*,*,#11039,.T.);
#11039 = EDGE_CURVE('',#11032,#11040,#11042,.T.);
#11040 = VERTEX_POINT('',#11041);
#11041 = CARTESIAN_POINT('',(-76.5,-110.,263.3125));
#11042 = LINE('',#11043,#11044);
#11043 = CARTESIAN_POINT('',(-76.5,-110.,121.3125));
#11044 = VECTOR('',#11045,1.);
#11045 = DIRECTION('',(0.,0.,1.));
#11046 = ORIENTED_EDGE('',*,*,#11047,.F.);
#11047 = EDGE_CURVE('',#11024,#11040,#11048,.T.);
#11048 = LINE('',#11049,#11050);
#11049 = CARTESIAN_POINT('',(-76.5,-200.,263.3125));
#11050 = VECTOR('',#11051,1.);
#11051 = DIRECTION('',(0.,1.,0.));
#11052 = PLANE('',#11053);
#11053 = AXIS2_PLACEMENT_3D('',#11054,#11055,#11056);
#11054 = CARTESIAN_POINT('',(-76.5,-200.,121.3125));
#11055 = DIRECTION('',(1.,0.,0.));
#11056 = DIRECTION('',(0.,0.,1.));
#11057 = ADVANCED_FACE('',(#11058),#11092,.T.);
#11058 = FACE_BOUND('',#11059,.T.);
#11059 = EDGE_LOOP('',(#11060,#11070,#11078,#11086));
#11060 = ORIENTED_EDGE('',*,*,#11061,.F.);
#11061 = EDGE_CURVE('',#11062,#11064,#11066,.T.);
#11062 = VERTEX_POINT('',#11063);
#11063 = CARTESIAN_POINT('',(-75.5,-200.,121.3125));
#11064 = VERTEX_POINT('',#11065);
#11065 = CARTESIAN_POINT('',(-75.5,-200.,263.3125));
#11066 = LINE('',#11067,#11068);
#11067 = CARTESIAN_POINT('',(-75.5,-200.,121.3125));
#11068 = VECTOR('',#11069,1.);
#11069 = DIRECTION('',(0.,0.,1.));
#11070 = ORIENTED_EDGE('',*,*,#11071,.T.);
#11071 = EDGE_CURVE('',#11062,#11072,#11074,.T.);
#11072 = VERTEX_POINT('',#11073);
#11073 = CARTESIAN_POINT('',(-75.5,-110.,121.3125));
#11074 = LINE('',#11075,#11076);
#11075 = CARTESIAN_POINT('',(-75.5,-200.,121.3125));
#11076 = VECTOR('',#11077,1.);
#11077 = DIRECTION('',(0.,1.,0.));
#11078 = ORIENTED_EDGE('',*,*,#11079,.T.);
#11079 = EDGE_CURVE('',#11072,#11080,#11082,.T.);
#11080 = VERTEX_POINT('',#11081);
#11081 = CARTESIAN_POINT('',(-75.5,-110.,263.3125));
#11082 = LINE('',#11083,#11084);
#11083 = CARTESIAN_POINT('',(-75.5,-110.,121.3125));
#11084 = VECTOR('',#11085,1.);
#11085 = DIRECTION('',(0.,0.,1.));
#11086 = ORIENTED_EDGE('',*,*,#11087,.F.);
#11087 = EDGE_CURVE('',#11064,#11080,#11088,.T.);
#11088 = LINE('',#11089,#11090);
#11089 = CARTESIAN_POINT('',(-75.5,-200.,263.3125));
#11090 = VECTOR('',#11091,1.);
#11091 = DIRECTION('',(0.,1.,0.));
#11092 = PLANE('',#11093);
#11093 = AXIS2_PLACEMENT_3D('',#11094,#11095,#11096);
#11094 = CARTESIAN_POINT('',(-75.5,-200.,121.3125));
#11095 = DIRECTION('',(1.,0.,0.));
#11096 = DIRECTION('',(0.,0.,1.));
#11097 = ADVANCED_FACE('',(#11098),#11114,.F.);
#11098 = FACE_BOUND('',#11099,.F.);
#11099 = EDGE_LOOP('',(#11100,#11106,#11107,#11113));
#11100 = ORIENTED_EDGE('',*,*,#11101,.F.);
#11101 = EDGE_CURVE('',#11022,#11062,#11102,.T.);
#11102 = LINE('',#11103,#11104);
#11103 = CARTESIAN_POINT('',(-76.5,-200.,121.3125));
#11104 = VECTOR('',#11105,1.);
#11105 = DIRECTION('',(1.,0.,0.));
#11106 = ORIENTED_EDGE('',*,*,#11021,.T.);
#11107 = ORIENTED_EDGE('',*,*,#11108,.T.);
#11108 = EDGE_CURVE('',#11024,#11064,#11109,.T.);
#11109 = LINE('',#11110,#11111);
#11110 = CARTESIAN_POINT('',(-76.5,-200.,263.3125));
#11111 = VECTOR('',#11112,1.);
#11112 = DIRECTION('',(1.,0.,0.));
#11113 = ORIENTED_EDGE('',*,*,#11061,.F.);
#11114 = PLANE('',#11115);
#11115 = AXIS2_PLACEMENT_3D('',#11116,#11117,#11118);
#11116 = CARTESIAN_POINT('',(-76.5,-200.,121.3125));
#11117 = DIRECTION('',(0.,1.,0.));
#11118 = DIRECTION('',(0.,0.,1.));
#11119 = ADVANCED_FACE('',(#11120),#11136,.T.);
#11120 = FACE_BOUND('',#11121,.T.);
#11121 = EDGE_LOOP('',(#11122,#11128,#11129,#11135));
#11122 = ORIENTED_EDGE('',*,*,#11123,.F.);
#11123 = EDGE_CURVE('',#11032,#11072,#11124,.T.);
#11124 = LINE('',#11125,#11126);
#11125 = CARTESIAN_POINT('',(-76.5,-110.,121.3125));
#11126 = VECTOR('',#11127,1.);
#11127 = DIRECTION('',(1.,0.,0.));
#11128 = ORIENTED_EDGE('',*,*,#11039,.T.);
#11129 = ORIENTED_EDGE('',*,*,#11130,.T.);
#11130 = EDGE_CURVE('',#11040,#11080,#11131,.T.);
#11131 = LINE('',#11132,#11133);
#11132 = CARTESIAN_POINT('',(-76.5,-110.,263.3125));
#11133 = VECTOR('',#11134,1.);
#11134 = DIRECTION('',(1.,0.,0.));
#11135 = ORIENTED_EDGE('',*,*,#11079,.F.);
#11136 = PLANE('',#11137);
#11137 = AXIS2_PLACEMENT_3D('',#11138,#11139,#11140);
#11138 = CARTESIAN_POINT('',(-76.5,-110.,121.3125));
#11139 = DIRECTION('',(0.,1.,0.));
#11140 = DIRECTION('',(0.,0.,1.));
#11141 = ADVANCED_FACE('',(#11142),#11148,.F.);
#11142 = FACE_BOUND('',#11143,.F.);
#11143 = EDGE_LOOP('',(#11144,#11145,#11146,#11147));
#11144 = ORIENTED_EDGE('',*,*,#11031,.F.);
#11145 = ORIENTED_EDGE('',*,*,#11101,.T.);
#11146 = ORIENTED_EDGE('',*,*,#11071,.T.);
#11147 = ORIENTED_EDGE('',*,*,#11123,.F.);
#11148 = PLANE('',#11149);
#11149 = AXIS2_PLACEMENT_3D('',#11150,#11151,#11152);
#11150 = CARTESIAN_POINT('',(-76.5,-200.,121.3125));
#11151 = DIRECTION('',(0.,0.,1.));
#11152 = DIRECTION('',(1.,0.,0.));
#11153 = ADVANCED_FACE('',(#11154),#11160,.T.);
#11154 = FACE_BOUND('',#11155,.T.);
#11155 = EDGE_LOOP('',(#11156,#11157,#11158,#11159));
#11156 = ORIENTED_EDGE('',*,*,#11047,.F.);
#11157 = ORIENTED_EDGE('',*,*,#11108,.T.);
#11158 = ORIENTED_EDGE('',*,*,#11087,.T.);
#11159 = ORIENTED_EDGE('',*,*,#11130,.F.);
#11160 = PLANE('',#11161);
#11161 = AXIS2_PLACEMENT_3D('',#11162,#11163,#11164);
#11162 = CARTESIAN_POINT('',(-76.5,-200.,263.3125));
#11163 = DIRECTION('',(0.,0.,1.));
#11164 = DIRECTION('',(1.,0.,0.));
#11165 = MANIFOLD_SOLID_BREP('',#11166);
#11166 = CLOSED_SHELL('',(#11167,#11207,#11247,#11269,#11291,#11303));
#11167 = ADVANCED_FACE('',(#11168),#11202,.F.);
#11168 = FACE_BOUND('',#11169,.F.);
#11169 = EDGE_LOOP('',(#11170,#11180,#11188,#11196));
#11170 = ORIENTED_EDGE('',*,*,#11171,.F.);
#11171 = EDGE_CURVE('',#11172,#11174,#11176,.T.);
#11172 = VERTEX_POINT('',#11173);
#11173 = CARTESIAN_POINT('',(-64.5,-200.,121.3125));
#11174 = VERTEX_POINT('',#11175);
#11175 = CARTESIAN_POINT('',(-64.5,-200.,263.3125));
#11176 = LINE('',#11177,#11178);
#11177 = CARTESIAN_POINT('',(-64.5,-200.,121.3125));
#11178 = VECTOR('',#11179,1.);
#11179 = DIRECTION('',(0.,0.,1.));
#11180 = ORIENTED_EDGE('',*,*,#11181,.T.);
#11181 = EDGE_CURVE('',#11172,#11182,#11184,.T.);
#11182 = VERTEX_POINT('',#11183);
#11183 = CARTESIAN_POINT('',(-64.5,-110.,121.3125));
#11184 = LINE('',#11185,#11186);
#11185 = CARTESIAN_POINT('',(-64.5,-200.,121.3125));
#11186 = VECTOR('',#11187,1.);
#11187 = DIRECTION('',(0.,1.,0.));
#11188 = ORIENTED_EDGE('',*,*,#11189,.T.);
#11189 = EDGE_CURVE('',#11182,#11190,#11192,.T.);
#11190 = VERTEX_POINT('',#11191);
#11191 = CARTESIAN_POINT('',(-64.5,-110.,263.3125));
#11192 = LINE('',#11193,#11194);
#11193 = CARTESIAN_POINT('',(-64.5,-110.,121.3125));
#11194 = VECTOR('',#11195,1.);
#11195 = DIRECTION('',(0.,0.,1.));
#11196 = ORIENTED_EDGE('',*,*,#11197,.F.);
#11197 = EDGE_CURVE('',#11174,#11190,#11198,.T.);
#11198 = LINE('',#11199,#11200);
#11199 = CARTESIAN_POINT('',(-64.5,-200.,263.3125));
#11200 = VECTOR('',#11201,1.);
#11201 = DIRECTION('',(0.,1.,0.));
#11202 = PLANE('',#11203);
#11203 = AXIS2_PLACEMENT_3D('',#11204,#11205,#11206);
#11204 = CARTESIAN_POINT('',(-64.5,-200.,121.3125));
#11205 = DIRECTION('',(1.,0.,0.));
#11206 = DIRECTION('',(0.,0.,1.));
#11207 = ADVANCED_FACE('',(#11208),#11242,.T.);
#11208 = FACE_BOUND('',#11209,.T.);
#11209 = EDGE_LOOP('',(#11210,#11220,#11228,#11236));
#11210 = ORIENTED_EDGE('',*,*,#11211,.F.);
#11211 = EDGE_CURVE('',#11212,#11214,#11216,.T.);
#11212 = VERTEX_POINT('',#11213);
#11213 = CARTESIAN_POINT('',(-63.5,-200.,121.3125));
#11214 = VERTEX_POINT('',#11215);
#11215 = CARTESIAN_POINT('',(-63.5,-200.,263.3125));
#11216 = LINE('',#11217,#11218);
#11217 = CARTESIAN_POINT('',(-63.5,-200.,121.3125));
#11218 = VECTOR('',#11219,1.);
#11219 = DIRECTION('',(0.,0.,1.));
#11220 = ORIENTED_EDGE('',*,*,#11221,.T.);
#11221 = EDGE_CURVE('',#11212,#11222,#11224,.T.);
#11222 = VERTEX_POINT('',#11223);
#11223 = CARTESIAN_POINT('',(-63.5,-110.,121.3125));
#11224 = LINE('',#11225,#11226);
#11225 = CARTESIAN_POINT('',(-63.5,-200.,121.3125));
#11226 = VECTOR('',#11227,1.);
#11227 = DIRECTION('',(0.,1.,0.));
#11228 = ORIENTED_EDGE('',*,*,#11229,.T.);
#11229 = EDGE_CURVE('',#11222,#11230,#11232,.T.);
#11230 = VERTEX_POINT('',#11231);
#11231 = CARTESIAN_POINT('',(-63.5,-110.,263.3125));
#11232 = LINE('',#11233,#11234);
#11233 = CARTESIAN_POINT('',(-63.5,-110.,121.3125));
#11234 = VECTOR('',#11235,1.);
#11235 = DIRECTION('',(0.,0.,1.));
#11236 = ORIENTED_EDGE('',*,*,#11237,.F.);
#11237 = EDGE_CURVE('',#11214,#11230,#11238,.T.);
#11238 = LINE('',#11239,#11240);
#11239 = CARTESIAN_POINT('',(-63.5,-200.,263.3125));
#11240 = VECTOR('',#11241,1.);
#11241 = DIRECTION('',(0.,1.,0.));
#11242 = PLANE('',#11243);
#11243 = AXIS2_PLACEMENT_3D('',#11244,#11245,#11246);
#11244 = CARTESIAN_POINT('',(-63.5,-200.,121.3125));
#11245 = DIRECTION('',(1.,0.,0.));
#11246 = DIRECTION('',(0.,0.,1.));
#11247 = ADVANCED_FACE('',(#11248),#11264,.F.);
#11248 = FACE_BOUND('',#11249,.F.);
#11249 = EDGE_LOOP('',(#11250,#11256,#11257,#11263));
#11250 = ORIENTED_EDGE('',*,*,#11251,.F.);
#11251 = EDGE_CURVE('',#11172,#11212,#11252,.T.);
#11252 = LINE('',#11253,#11254);
#11253 = CARTESIAN_POINT('',(-64.5,-200.,121.3125));
#11254 = VECTOR('',#11255,1.);
#11255 = DIRECTION('',(1.,0.,0.));
#11256 = ORIENTED_EDGE('',*,*,#11171,.T.);
#11257 = ORIENTED_EDGE('',*,*,#11258,.T.);
#11258 = EDGE_CURVE('',#11174,#11214,#11259,.T.);
#11259 = LINE('',#11260,#11261);
#11260 = CARTESIAN_POINT('',(-64.5,-200.,263.3125));
#11261 = VECTOR('',#11262,1.);
#11262 = DIRECTION('',(1.,0.,0.));
#11263 = ORIENTED_EDGE('',*,*,#11211,.F.);
#11264 = PLANE('',#11265);
#11265 = AXIS2_PLACEMENT_3D('',#11266,#11267,#11268);
#11266 = CARTESIAN_POINT('',(-64.5,-200.,121.3125));
#11267 = DIRECTION('',(0.,1.,0.));
#11268 = DIRECTION('',(0.,0.,1.));
#11269 = ADVANCED_FACE('',(#11270),#11286,.T.);
#11270 = FACE_BOUND('',#11271,.T.);
#11271 = EDGE_LOOP('',(#11272,#11278,#11279,#11285));
#11272 = ORIENTED_EDGE('',*,*,#11273,.F.);
#11273 = EDGE_CURVE('',#11182,#11222,#11274,.T.);
#11274 = LINE('',#11275,#11276);
#11275 = CARTESIAN_POINT('',(-64.5,-110.,121.3125));
#11276 = VECTOR('',#11277,1.);
#11277 = DIRECTION('',(1.,0.,0.));
#11278 = ORIENTED_EDGE('',*,*,#11189,.T.);
#11279 = ORIENTED_EDGE('',*,*,#11280,.T.);
#11280 = EDGE_CURVE('',#11190,#11230,#11281,.T.);
#11281 = LINE('',#11282,#11283);
#11282 = CARTESIAN_POINT('',(-64.5,-110.,263.3125));
#11283 = VECTOR('',#11284,1.);
#11284 = DIRECTION('',(1.,0.,0.));
#11285 = ORIENTED_EDGE('',*,*,#11229,.F.);
#11286 = PLANE('',#11287);
#11287 = AXIS2_PLACEMENT_3D('',#11288,#11289,#11290);
#11288 = CARTESIAN_POINT('',(-64.5,-110.,121.3125));
#11289 = DIRECTION('',(0.,1.,0.));
#11290 = DIRECTION('',(0.,0.,1.));
#11291 = ADVANCED_FACE('',(#11292),#11298,.F.);
#11292 = FACE_BOUND('',#11293,.F.);
#11293 = EDGE_LOOP('',(#11294,#11295,#11296,#11297));
#11294 = ORIENTED_EDGE('',*,*,#11181,.F.);
#11295 = ORIENTED_EDGE('',*,*,#11251,.T.);
#11296 = ORIENTED_EDGE('',*,*,#11221,.T.);
#11297 = ORIENTED_EDGE('',*,*,#11273,.F.);
#11298 = PLANE('',#11299);
#11299 = AXIS2_PLACEMENT_3D('',#11300,#11301,#11302);
#11300 = CARTESIAN_POINT('',(-64.5,-200.,121.3125));
#11301 = DIRECTION('',(0.,0.,1.));
#11302 = DIRECTION('',(1.,0.,0.));
#11303 = ADVANCED_FACE('',(#11304),#11310,.T.);
#11304 = FACE_BOUND('',#11305,.T.);
#11305 = EDGE_LOOP('',(#11306,#11307,#11308,#11309));
#11306 = ORIENTED_EDGE('',*,*,#11197,.F.);
#11307 = ORIENTED_EDGE('',*,*,#11258,.T.);
#11308 = ORIENTED_EDGE('',*,*,#11237,.T.);
#11309 = ORIENTED_EDGE('',*,*,#11280,.F.);
#11310 = PLANE('',#11311);
#11311 = AXIS2_PLACEMENT_3D('',#11312,#11313,#11314);
#11312 = CARTESIAN_POINT('',(-64.5,-200.,263.3125));
#11313 = DIRECTION('',(0.,0.,1.));
#11314 = DIRECTION('',(1.,0.,0.));
#11315 = MANIFOLD_SOLID_BREP('',#11316);
#11316 = CLOSED_SHELL('',(#11317,#11357,#11397,#11419,#11441,#11453));
#11317 = ADVANCED_FACE('',(#11318),#11352,.F.);
#11318 = FACE_BOUND('',#11319,.F.);
#11319 = EDGE_LOOP('',(#11320,#11330,#11338,#11346));
#11320 = ORIENTED_EDGE('',*,*,#11321,.F.);
#11321 = EDGE_CURVE('',#11322,#11324,#11326,.T.);
#11322 = VERTEX_POINT('',#11323);
#11323 = CARTESIAN_POINT('',(-52.5,-200.,121.3125));
#11324 = VERTEX_POINT('',#11325);
#11325 = CARTESIAN_POINT('',(-52.5,-200.,263.3125));
#11326 = LINE('',#11327,#11328);
#11327 = CARTESIAN_POINT('',(-52.5,-200.,121.3125));
#11328 = VECTOR('',#11329,1.);
#11329 = DIRECTION('',(0.,0.,1.));
#11330 = ORIENTED_EDGE('',*,*,#11331,.T.);
#11331 = EDGE_CURVE('',#11322,#11332,#11334,.T.);
#11332 = VERTEX_POINT('',#11333);
#11333 = CARTESIAN_POINT('',(-52.5,-110.,121.3125));
#11334 = LINE('',#11335,#11336);
#11335 = CARTESIAN_POINT('',(-52.5,-200.,121.3125));
#11336 = VECTOR('',#11337,1.);
#11337 = DIRECTION('',(0.,1.,0.));
#11338 = ORIENTED_EDGE('',*,*,#11339,.T.);
#11339 = EDGE_CURVE('',#11332,#11340,#11342,.T.);
#11340 = VERTEX_POINT('',#11341);
#11341 = CARTESIAN_POINT('',(-52.5,-110.,263.3125));
#11342 = LINE('',#11343,#11344);
#11343 = CARTESIAN_POINT('',(-52.5,-110.,121.3125));
#11344 = VECTOR('',#11345,1.);
#11345 = DIRECTION('',(0.,0.,1.));
#11346 = ORIENTED_EDGE('',*,*,#11347,.F.);
#11347 = EDGE_CURVE('',#11324,#11340,#11348,.T.);
#11348 = LINE('',#11349,#11350);
#11349 = CARTESIAN_POINT('',(-52.5,-200.,263.3125));
#11350 = VECTOR('',#11351,1.);
#11351 = DIRECTION('',(0.,1.,0.));
#11352 = PLANE('',#11353);
#11353 = AXIS2_PLACEMENT_3D('',#11354,#11355,#11356);
#11354 = CARTESIAN_POINT('',(-52.5,-200.,121.3125));
#11355 = DIRECTION('',(1.,0.,0.));
#11356 = DIRECTION('',(0.,0.,1.));
#11357 = ADVANCED_FACE('',(#11358),#11392,.T.);
#11358 = FACE_BOUND('',#11359,.T.);
#11359 = EDGE_LOOP('',(#11360,#11370,#11378,#11386));
#11360 = ORIENTED_EDGE('',*,*,#11361,.F.);
#11361 = EDGE_CURVE('',#11362,#11364,#11366,.T.);
#11362 = VERTEX_POINT('',#11363);
#11363 = CARTESIAN_POINT('',(-51.5,-200.,121.3125));
#11364 = VERTEX_POINT('',#11365);
#11365 = CARTESIAN_POINT('',(-51.5,-200.,263.3125));
#11366 = LINE('',#11367,#11368);
#11367 = CARTESIAN_POINT('',(-51.5,-200.,121.3125));
#11368 = VECTOR('',#11369,1.);
#11369 = DIRECTION('',(0.,0.,1.));
#11370 = ORIENTED_EDGE('',*,*,#11371,.T.);
#11371 = EDGE_CURVE('',#11362,#11372,#11374,.T.);
#11372 = VERTEX_POINT('',#11373);
#11373 = CARTESIAN_POINT('',(-51.5,-110.,121.3125));
#11374 = LINE('',#11375,#11376);
#11375 = CARTESIAN_POINT('',(-51.5,-200.,121.3125));
#11376 = VECTOR('',#11377,1.);
#11377 = DIRECTION('',(0.,1.,0.));
#11378 = ORIENTED_EDGE('',*,*,#11379,.T.);
#11379 = EDGE_CURVE('',#11372,#11380,#11382,.T.);
#11380 = VERTEX_POINT('',#11381);
#11381 = CARTESIAN_POINT('',(-51.5,-110.,263.3125));
#11382 = LINE('',#11383,#11384);
#11383 = CARTESIAN_POINT('',(-51.5,-110.,121.3125));
#11384 = VECTOR('',#11385,1.);
#11385 = DIRECTION('',(0.,0.,1.));
#11386 = ORIENTED_EDGE('',*,*,#11387,.F.);
#11387 = EDGE_CURVE('',#11364,#11380,#11388,.T.);
#11388 = LINE('',#11389,#11390);
#11389 = CARTESIAN_POINT('',(-51.5,-200.,263.3125));
#11390 = VECTOR('',#11391,1.);
#11391 = DIRECTION('',(0.,1.,0.));
#11392 = PLANE('',#11393);
#11393 = AXIS2_PLACEMENT_3D('',#11394,#11395,#11396);
#11394 = CARTESIAN_POINT('',(-51.5,-200.,121.3125));
#11395 = DIRECTION('',(1.,0.,0.));
#11396 = DIRECTION('',(0.,0.,1.));
#11397 = ADVANCED_FACE('',(#11398),#11414,.F.);
#11398 = FACE_BOUND('',#11399,.F.);
#11399 = EDGE_LOOP('',(#11400,#11406,#11407,#11413));
#11400 = ORIENTED_EDGE('',*,*,#11401,.F.);
#11401 = EDGE_CURVE('',#11322,#11362,#11402,.T.);
#11402 = LINE('',#11403,#11404);
#11403 = CARTESIAN_POINT('',(-52.5,-200.,121.3125));
#11404 = VECTOR('',#11405,1.);
#11405 = DIRECTION('',(1.,0.,0.));
#11406 = ORIENTED_EDGE('',*,*,#11321,.T.);
#11407 = ORIENTED_EDGE('',*,*,#11408,.T.);
#11408 = EDGE_CURVE('',#11324,#11364,#11409,.T.);
#11409 = LINE('',#11410,#11411);
#11410 = CARTESIAN_POINT('',(-52.5,-200.,263.3125));
#11411 = VECTOR('',#11412,1.);
#11412 = DIRECTION('',(1.,0.,0.));
#11413 = ORIENTED_EDGE('',*,*,#11361,.F.);
#11414 = PLANE('',#11415);
#11415 = AXIS2_PLACEMENT_3D('',#11416,#11417,#11418);
#11416 = CARTESIAN_POINT('',(-52.5,-200.,121.3125));
#11417 = DIRECTION('',(0.,1.,0.));
#11418 = DIRECTION('',(0.,0.,1.));
#11419 = ADVANCED_FACE('',(#11420),#11436,.T.);
#11420 = FACE_BOUND('',#11421,.T.);
#11421 = EDGE_LOOP('',(#11422,#11428,#11429,#11435));
#11422 = ORIENTED_EDGE('',*,*,#11423,.F.);
#11423 = EDGE_CURVE('',#11332,#11372,#11424,.T.);
#11424 = LINE('',#11425,#11426);
#11425 = CARTESIAN_POINT('',(-52.5,-110.,121.3125));
#11426 = VECTOR('',#11427,1.);
#11427 = DIRECTION('',(1.,0.,0.));
#11428 = ORIENTED_EDGE('',*,*,#11339,.T.);
#11429 = ORIENTED_EDGE('',*,*,#11430,.T.);
#11430 = EDGE_CURVE('',#11340,#11380,#11431,.T.);
#11431 = LINE('',#11432,#11433);
#11432 = CARTESIAN_POINT('',(-52.5,-110.,263.3125));
#11433 = VECTOR('',#11434,1.);
#11434 = DIRECTION('',(1.,0.,0.));
#11435 = ORIENTED_EDGE('',*,*,#11379,.F.);
#11436 = PLANE('',#11437);
#11437 = AXIS2_PLACEMENT_3D('',#11438,#11439,#11440);
#11438 = CARTESIAN_POINT('',(-52.5,-110.,121.3125));
#11439 = DIRECTION('',(0.,1.,0.));
#11440 = DIRECTION('',(0.,0.,1.));
#11441 = ADVANCED_FACE('',(#11442),#11448,.F.);
#11442 = FACE_BOUND('',#11443,.F.);
#11443 = EDGE_LOOP('',(#11444,#11445,#11446,#11447));
#11444 = ORIENTED_EDGE('',*,*,#11331,.F.);
#11445 = ORIENTED_EDGE('',*,*,#11401,.T.);
#11446 = ORIENTED_EDGE('',*,*,#11371,.T.);
#11447 = ORIENTED_EDGE('',*,*,#11423,.F.);
#11448 = PLANE('',#11449);
#11449 = AXIS2_PLACEMENT_3D('',#11450,#11451,#11452);
#11450 = CARTESIAN_POINT('',(-52.5,-200.,121.3125));
#11451 = DIRECTION('',(0.,0.,1.));
#11452 = DIRECTION('',(1.,0.,0.));
#11453 = ADVANCED_FACE('',(#11454),#11460,.T.);
#11454 = FACE_BOUND('',#11455,.T.);
#11455 = EDGE_LOOP('',(#11456,#11457,#11458,#11459));
#11456 = ORIENTED_EDGE('',*,*,#11347,.F.);
#11457 = ORIENTED_EDGE('',*,*,#11408,.T.);
#11458 = ORIENTED_EDGE('',*,*,#11387,.T.);
#11459 = ORIENTED_EDGE('',*,*,#11430,.F.);
#11460 = PLANE('',#11461);
#11461 = AXIS2_PLACEMENT_3D('',#11462,#11463,#11464);
#11462 = CARTESIAN_POINT('',(-52.5,-200.,263.3125));
#11463 = DIRECTION('',(0.,0.,1.));
#11464 = DIRECTION('',(1.,0.,0.));
#11465 = MANIFOLD_SOLID_BREP('',#11466);
#11466 = CLOSED_SHELL('',(#11467,#11507,#11547,#11569,#11591,#11603));
#11467 = ADVANCED_FACE('',(#11468),#11502,.F.);
#11468 = FACE_BOUND('',#11469,.F.);
#11469 = EDGE_LOOP('',(#11470,#11480,#11488,#11496));
#11470 = ORIENTED_EDGE('',*,*,#11471,.F.);
#11471 = EDGE_CURVE('',#11472,#11474,#11476,.T.);
#11472 = VERTEX_POINT('',#11473);
#11473 = CARTESIAN_POINT('',(-40.5,-200.,121.3125));
#11474 = VERTEX_POINT('',#11475);
#11475 = CARTESIAN_POINT('',(-40.5,-200.,263.3125));
#11476 = LINE('',#11477,#11478);
#11477 = CARTESIAN_POINT('',(-40.5,-200.,121.3125));
#11478 = VECTOR('',#11479,1.);
#11479 = DIRECTION('',(0.,0.,1.));
#11480 = ORIENTED_EDGE('',*,*,#11481,.T.);
#11481 = EDGE_CURVE('',#11472,#11482,#11484,.T.);
#11482 = VERTEX_POINT('',#11483);
#11483 = CARTESIAN_POINT('',(-40.5,-110.,121.3125));
#11484 = LINE('',#11485,#11486);
#11485 = CARTESIAN_POINT('',(-40.5,-200.,121.3125));
#11486 = VECTOR('',#11487,1.);
#11487 = DIRECTION('',(0.,1.,0.));
#11488 = ORIENTED_EDGE('',*,*,#11489,.T.);
#11489 = EDGE_CURVE('',#11482,#11490,#11492,.T.);
#11490 = VERTEX_POINT('',#11491);
#11491 = CARTESIAN_POINT('',(-40.5,-110.,263.3125));
#11492 = LINE('',#11493,#11494);
#11493 = CARTESIAN_POINT('',(-40.5,-110.,121.3125));
#11494 = VECTOR('',#11495,1.);
#11495 = DIRECTION('',(0.,0.,1.));
#11496 = ORIENTED_EDGE('',*,*,#11497,.F.);
#11497 = EDGE_CURVE('',#11474,#11490,#11498,.T.);
#11498 = LINE('',#11499,#11500);
#11499 = CARTESIAN_POINT('',(-40.5,-200.,263.3125));
#11500 = VECTOR('',#11501,1.);
#11501 = DIRECTION('',(0.,1.,0.));
#11502 = PLANE('',#11503);
#11503 = AXIS2_PLACEMENT_3D('',#11504,#11505,#11506);
#11504 = CARTESIAN_POINT('',(-40.5,-200.,121.3125));
#11505 = DIRECTION('',(1.,0.,0.));
#11506 = DIRECTION('',(0.,0.,1.));
#11507 = ADVANCED_FACE('',(#11508),#11542,.T.);
#11508 = FACE_BOUND('',#11509,.T.);
#11509 = EDGE_LOOP('',(#11510,#11520,#11528,#11536));
#11510 = ORIENTED_EDGE('',*,*,#11511,.F.);
#11511 = EDGE_CURVE('',#11512,#11514,#11516,.T.);
#11512 = VERTEX_POINT('',#11513);
#11513 = CARTESIAN_POINT('',(-39.5,-200.,121.3125));
#11514 = VERTEX_POINT('',#11515);
#11515 = CARTESIAN_POINT('',(-39.5,-200.,263.3125));
#11516 = LINE('',#11517,#11518);
#11517 = CARTESIAN_POINT('',(-39.5,-200.,121.3125));
#11518 = VECTOR('',#11519,1.);
#11519 = DIRECTION('',(0.,0.,1.));
#11520 = ORIENTED_EDGE('',*,*,#11521,.T.);
#11521 = EDGE_CURVE('',#11512,#11522,#11524,.T.);
#11522 = VERTEX_POINT('',#11523);
#11523 = CARTESIAN_POINT('',(-39.5,-110.,121.3125));
#11524 = LINE('',#11525,#11526);
#11525 = CARTESIAN_POINT('',(-39.5,-200.,121.3125));
#11526 = VECTOR('',#11527,1.);
#11527 = DIRECTION('',(0.,1.,0.));
#11528 = ORIENTED_EDGE('',*,*,#11529,.T.);
#11529 = EDGE_CURVE('',#11522,#11530,#11532,.T.);
#11530 = VERTEX_POINT('',#11531);
#11531 = CARTESIAN_POINT('',(-39.5,-110.,263.3125));
#11532 = LINE('',#11533,#11534);
#11533 = CARTESIAN_POINT('',(-39.5,-110.,121.3125));
#11534 = VECTOR('',#11535,1.);
#11535 = DIRECTION('',(0.,0.,1.));
#11536 = ORIENTED_EDGE('',*,*,#11537,.F.);
#11537 = EDGE_CURVE('',#11514,#11530,#11538,.T.);
#11538 = LINE('',#11539,#11540);
#11539 = CARTESIAN_POINT('',(-39.5,-200.,263.3125));
#11540 = VECTOR('',#11541,1.);
#11541 = DIRECTION('',(0.,1.,0.));
#11542 = PLANE('',#11543);
#11543 = AXIS2_PLACEMENT_3D('',#11544,#11545,#11546);
#11544 = CARTESIAN_POINT('',(-39.5,-200.,121.3125));
#11545 = DIRECTION('',(1.,0.,0.));
#11546 = DIRECTION('',(0.,0.,1.));
#11547 = ADVANCED_FACE('',(#11548),#11564,.F.);
#11548 = FACE_BOUND('',#11549,.F.);
#11549 = EDGE_LOOP('',(#11550,#11556,#11557,#11563));
#11550 = ORIENTED_EDGE('',*,*,#11551,.F.);
#11551 = EDGE_CURVE('',#11472,#11512,#11552,.T.);
#11552 = LINE('',#11553,#11554);
#11553 = CARTESIAN_POINT('',(-40.5,-200.,121.3125));
#11554 = VECTOR('',#11555,1.);
#11555 = DIRECTION('',(1.,0.,0.));
#11556 = ORIENTED_EDGE('',*,*,#11471,.T.);
#11557 = ORIENTED_EDGE('',*,*,#11558,.T.);
#11558 = EDGE_CURVE('',#11474,#11514,#11559,.T.);
#11559 = LINE('',#11560,#11561);
#11560 = CARTESIAN_POINT('',(-40.5,-200.,263.3125));
#11561 = VECTOR('',#11562,1.);
#11562 = DIRECTION('',(1.,0.,0.));
#11563 = ORIENTED_EDGE('',*,*,#11511,.F.);
#11564 = PLANE('',#11565);
#11565 = AXIS2_PLACEMENT_3D('',#11566,#11567,#11568);
#11566 = CARTESIAN_POINT('',(-40.5,-200.,121.3125));
#11567 = DIRECTION('',(0.,1.,0.));
#11568 = DIRECTION('',(0.,0.,1.));
#11569 = ADVANCED_FACE('',(#11570),#11586,.T.);
#11570 = FACE_BOUND('',#11571,.T.);
#11571 = EDGE_LOOP('',(#11572,#11578,#11579,#11585));
#11572 = ORIENTED_EDGE('',*,*,#11573,.F.);
#11573 = EDGE_CURVE('',#11482,#11522,#11574,.T.);
#11574 = LINE('',#11575,#11576);
#11575 = CARTESIAN_POINT('',(-40.5,-110.,121.3125));
#11576 = VECTOR('',#11577,1.);
#11577 = DIRECTION('',(1.,0.,0.));
#11578 = ORIENTED_EDGE('',*,*,#11489,.T.);
#11579 = ORIENTED_EDGE('',*,*,#11580,.T.);
#11580 = EDGE_CURVE('',#11490,#11530,#11581,.T.);
#11581 = LINE('',#11582,#11583);
#11582 = CARTESIAN_POINT('',(-40.5,-110.,263.3125));
#11583 = VECTOR('',#11584,1.);
#11584 = DIRECTION('',(1.,0.,0.));
#11585 = ORIENTED_EDGE('',*,*,#11529,.F.);
#11586 = PLANE('',#11587);
#11587 = AXIS2_PLACEMENT_3D('',#11588,#11589,#11590);
#11588 = CARTESIAN_POINT('',(-40.5,-110.,121.3125));
#11589 = DIRECTION('',(0.,1.,0.));
#11590 = DIRECTION('',(0.,0.,1.));
#11591 = ADVANCED_FACE('',(#11592),#11598,.F.);
#11592 = FACE_BOUND('',#11593,.F.);
#11593 = EDGE_LOOP('',(#11594,#11595,#11596,#11597));
#11594 = ORIENTED_EDGE('',*,*,#11481,.F.);
#11595 = ORIENTED_EDGE('',*,*,#11551,.T.);
#11596 = ORIENTED_EDGE('',*,*,#11521,.T.);
#11597 = ORIENTED_EDGE('',*,*,#11573,.F.);
#11598 = PLANE('',#11599);
#11599 = AXIS2_PLACEMENT_3D('',#11600,#11601,#11602);
#11600 = CARTESIAN_POINT('',(-40.5,-200.,121.3125));
#11601 = DIRECTION('',(0.,0.,1.));
#11602 = DIRECTION('',(1.,0.,0.));
#11603 = ADVANCED_FACE('',(#11604),#11610,.T.);
#11604 = FACE_BOUND('',#11605,.T.);
#11605 = EDGE_LOOP('',(#11606,#11607,#11608,#11609));
#11606 = ORIENTED_EDGE('',*,*,#11497,.F.);
#11607 = ORIENTED_EDGE('',*,*,#11558,.T.);
#11608 = ORIENTED_EDGE('',*,*,#11537,.T.);
#11609 = ORIENTED_EDGE('',*,*,#11580,.F.);
#11610 = PLANE('',#11611);
#11611 = AXIS2_PLACEMENT_3D('',#11612,#11613,#11614);
#11612 = CARTESIAN_POINT('',(-40.5,-200.,263.3125));
#11613 = DIRECTION('',(0.,0.,1.));
#11614 = DIRECTION('',(1.,0.,0.));
#11615 = MANIFOLD_SOLID_BREP('',#11616);
#11616 = CLOSED_SHELL('',(#11617,#11657,#11697,#11719,#11741,#11753));
#11617 = ADVANCED_FACE('',(#11618),#11652,.F.);
#11618 = FACE_BOUND('',#11619,.F.);
#11619 = EDGE_LOOP('',(#11620,#11630,#11638,#11646));
#11620 = ORIENTED_EDGE('',*,*,#11621,.F.);
#11621 = EDGE_CURVE('',#11622,#11624,#11626,.T.);
#11622 = VERTEX_POINT('',#11623);
#11623 = CARTESIAN_POINT('',(-28.5,-200.,121.3125));
#11624 = VERTEX_POINT('',#11625);
#11625 = CARTESIAN_POINT('',(-28.5,-200.,263.3125));
#11626 = LINE('',#11627,#11628);
#11627 = CARTESIAN_POINT('',(-28.5,-200.,121.3125));
#11628 = VECTOR('',#11629,1.);
#11629 = DIRECTION('',(0.,0.,1.));
#11630 = ORIENTED_EDGE('',*,*,#11631,.T.);
#11631 = EDGE_CURVE('',#11622,#11632,#11634,.T.);
#11632 = VERTEX_POINT('',#11633);
#11633 = CARTESIAN_POINT('',(-28.5,-110.,121.3125));
#11634 = LINE('',#11635,#11636);
#11635 = CARTESIAN_POINT('',(-28.5,-200.,121.3125));
#11636 = VECTOR('',#11637,1.);
#11637 = DIRECTION('',(0.,1.,0.));
#11638 = ORIENTED_EDGE('',*,*,#11639,.T.);
#11639 = EDGE_CURVE('',#11632,#11640,#11642,.T.);
#11640 = VERTEX_POINT('',#11641);
#11641 = CARTESIAN_POINT('',(-28.5,-110.,263.3125));
#11642 = LINE('',#11643,#11644);
#11643 = CARTESIAN_POINT('',(-28.5,-110.,121.3125));
#11644 = VECTOR('',#11645,1.);
#11645 = DIRECTION('',(0.,0.,1.));
#11646 = ORIENTED_EDGE('',*,*,#11647,.F.);
#11647 = EDGE_CURVE('',#11624,#11640,#11648,.T.);
#11648 = LINE('',#11649,#11650);
#11649 = CARTESIAN_POINT('',(-28.5,-200.,263.3125));
#11650 = VECTOR('',#11651,1.);
#11651 = DIRECTION('',(0.,1.,0.));
#11652 = PLANE('',#11653);
#11653 = AXIS2_PLACEMENT_3D('',#11654,#11655,#11656);
#11654 = CARTESIAN_POINT('',(-28.5,-200.,121.3125));
#11655 = DIRECTION('',(1.,0.,0.));
#11656 = DIRECTION('',(0.,0.,1.));
#11657 = ADVANCED_FACE('',(#11658),#11692,.T.);
#11658 = FACE_BOUND('',#11659,.T.);
#11659 = EDGE_LOOP('',(#11660,#11670,#11678,#11686));
#11660 = ORIENTED_EDGE('',*,*,#11661,.F.);
#11661 = EDGE_CURVE('',#11662,#11664,#11666,.T.);
#11662 = VERTEX_POINT('',#11663);
#11663 = CARTESIAN_POINT('',(-27.5,-200.,121.3125));
#11664 = VERTEX_POINT('',#11665);
#11665 = CARTESIAN_POINT('',(-27.5,-200.,263.3125));
#11666 = LINE('',#11667,#11668);
#11667 = CARTESIAN_POINT('',(-27.5,-200.,121.3125));
#11668 = VECTOR('',#11669,1.);
#11669 = DIRECTION('',(0.,0.,1.));
#11670 = ORIENTED_EDGE('',*,*,#11671,.T.);
#11671 = EDGE_CURVE('',#11662,#11672,#11674,.T.);
#11672 = VERTEX_POINT('',#11673);
#11673 = CARTESIAN_POINT('',(-27.5,-110.,121.3125));
#11674 = LINE('',#11675,#11676);
#11675 = CARTESIAN_POINT('',(-27.5,-200.,121.3125));
#11676 = VECTOR('',#11677,1.);
#11677 = DIRECTION('',(0.,1.,0.));
#11678 = ORIENTED_EDGE('',*,*,#11679,.T.);
#11679 = EDGE_CURVE('',#11672,#11680,#11682,.T.);
#11680 = VERTEX_POINT('',#11681);
#11681 = CARTESIAN_POINT('',(-27.5,-110.,263.3125));
#11682 = LINE('',#11683,#11684);
#11683 = CARTESIAN_POINT('',(-27.5,-110.,121.3125));
#11684 = VECTOR('',#11685,1.);
#11685 = DIRECTION('',(0.,0.,1.));
#11686 = ORIENTED_EDGE('',*,*,#11687,.F.);
#11687 = EDGE_CURVE('',#11664,#11680,#11688,.T.);
#11688 = LINE('',#11689,#11690);
#11689 = CARTESIAN_POINT('',(-27.5,-200.,263.3125));
#11690 = VECTOR('',#11691,1.);
#11691 = DIRECTION('',(0.,1.,0.));
#11692 = PLANE('',#11693);
#11693 = AXIS2_PLACEMENT_3D('',#11694,#11695,#11696);
#11694 = CARTESIAN_POINT('',(-27.5,-200.,121.3125));
#11695 = DIRECTION('',(1.,0.,0.));
#11696 = DIRECTION('',(0.,0.,1.));
#11697 = ADVANCED_FACE('',(#11698),#11714,.F.);
#11698 = FACE_BOUND('',#11699,.F.);
#11699 = EDGE_LOOP('',(#11700,#11706,#11707,#11713));
#11700 = ORIENTED_EDGE('',*,*,#11701,.F.);
#11701 = EDGE_CURVE('',#11622,#11662,#11702,.T.);
#11702 = LINE('',#11703,#11704);
#11703 = CARTESIAN_POINT('',(-28.5,-200.,121.3125));
#11704 = VECTOR('',#11705,1.);
#11705 = DIRECTION('',(1.,0.,0.));
#11706 = ORIENTED_EDGE('',*,*,#11621,.T.);
#11707 = ORIENTED_EDGE('',*,*,#11708,.T.);
#11708 = EDGE_CURVE('',#11624,#11664,#11709,.T.);
#11709 = LINE('',#11710,#11711);
#11710 = CARTESIAN_POINT('',(-28.5,-200.,263.3125));
#11711 = VECTOR('',#11712,1.);
#11712 = DIRECTION('',(1.,0.,0.));
#11713 = ORIENTED_EDGE('',*,*,#11661,.F.);
#11714 = PLANE('',#11715);
#11715 = AXIS2_PLACEMENT_3D('',#11716,#11717,#11718);
#11716 = CARTESIAN_POINT('',(-28.5,-200.,121.3125));
#11717 = DIRECTION('',(0.,1.,0.));
#11718 = DIRECTION('',(0.,0.,1.));
#11719 = ADVANCED_FACE('',(#11720),#11736,.T.);
#11720 = FACE_BOUND('',#11721,.T.);
#11721 = EDGE_LOOP('',(#11722,#11728,#11729,#11735));
#11722 = ORIENTED_EDGE('',*,*,#11723,.F.);
#11723 = EDGE_CURVE('',#11632,#11672,#11724,.T.);
#11724 = LINE('',#11725,#11726);
#11725 = CARTESIAN_POINT('',(-28.5,-110.,121.3125));
#11726 = VECTOR('',#11727,1.);
#11727 = DIRECTION('',(1.,0.,0.));
#11728 = ORIENTED_EDGE('',*,*,#11639,.T.);
#11729 = ORIENTED_EDGE('',*,*,#11730,.T.);
#11730 = EDGE_CURVE('',#11640,#11680,#11731,.T.);
#11731 = LINE('',#11732,#11733);
#11732 = CARTESIAN_POINT('',(-28.5,-110.,263.3125));
#11733 = VECTOR('',#11734,1.);
#11734 = DIRECTION('',(1.,0.,0.));
#11735 = ORIENTED_EDGE('',*,*,#11679,.F.);
#11736 = PLANE('',#11737);
#11737 = AXIS2_PLACEMENT_3D('',#11738,#11739,#11740);
#11738 = CARTESIAN_POINT('',(-28.5,-110.,121.3125));
#11739 = DIRECTION('',(0.,1.,0.));
#11740 = DIRECTION('',(0.,0.,1.));
#11741 = ADVANCED_FACE('',(#11742),#11748,.F.);
#11742 = FACE_BOUND('',#11743,.F.);
#11743 = EDGE_LOOP('',(#11744,#11745,#11746,#11747));
#11744 = ORIENTED_EDGE('',*,*,#11631,.F.);
#11745 = ORIENTED_EDGE('',*,*,#11701,.T.);
#11746 = ORIENTED_EDGE('',*,*,#11671,.T.);
#11747 = ORIENTED_EDGE('',*,*,#11723,.F.);
#11748 = PLANE('',#11749);
#11749 = AXIS2_PLACEMENT_3D('',#11750,#11751,#11752);
#11750 = CARTESIAN_POINT('',(-28.5,-200.,121.3125));
#11751 = DIRECTION('',(0.,0.,1.));
#11752 = DIRECTION('',(1.,0.,0.));
#11753 = ADVANCED_FACE('',(#11754),#11760,.T.);
#11754 = FACE_BOUND('',#11755,.T.);
#11755 = EDGE_LOOP('',(#11756,#11757,#11758,#11759));
#11756 = ORIENTED_EDGE('',*,*,#11647,.F.);
#11757 = ORIENTED_EDGE('',*,*,#11708,.T.);
#11758 = ORIENTED_EDGE('',*,*,#11687,.T.);
#11759 = ORIENTED_EDGE('',*,*,#11730,.F.);
#11760 = PLANE('',#11761);
#11761 = AXIS2_PLACEMENT_3D('',#11762,#11763,#11764);
#11762 = CARTESIAN_POINT('',(-28.5,-200.,263.3125));
#11763 = DIRECTION('',(0.,0.,1.));
#11764 = DIRECTION('',(1.,0.,0.));
#11765 = MANIFOLD_SOLID_BREP('',#11766);
#11766 = CLOSED_SHELL('',(#11767,#11807,#11847,#11869,#11891,#11903));
#11767 = ADVANCED_FACE('',(#11768),#11802,.F.);
#11768 = FACE_BOUND('',#11769,.F.);
#11769 = EDGE_LOOP('',(#11770,#11780,#11788,#11796));
#11770 = ORIENTED_EDGE('',*,*,#11771,.F.);
#11771 = EDGE_CURVE('',#11772,#11774,#11776,.T.);
#11772 = VERTEX_POINT('',#11773);
#11773 = CARTESIAN_POINT('',(-16.5,-200.,121.3125));
#11774 = VERTEX_POINT('',#11775);
#11775 = CARTESIAN_POINT('',(-16.5,-200.,263.3125));
#11776 = LINE('',#11777,#11778);
#11777 = CARTESIAN_POINT('',(-16.5,-200.,121.3125));
#11778 = VECTOR('',#11779,1.);
#11779 = DIRECTION('',(0.,0.,1.));
#11780 = ORIENTED_EDGE('',*,*,#11781,.T.);
#11781 = EDGE_CURVE('',#11772,#11782,#11784,.T.);
#11782 = VERTEX_POINT('',#11783);
#11783 = CARTESIAN_POINT('',(-16.5,-110.,121.3125));
#11784 = LINE('',#11785,#11786);
#11785 = CARTESIAN_POINT('',(-16.5,-200.,121.3125));
#11786 = VECTOR('',#11787,1.);
#11787 = DIRECTION('',(0.,1.,0.));
#11788 = ORIENTED_EDGE('',*,*,#11789,.T.);
#11789 = EDGE_CURVE('',#11782,#11790,#11792,.T.);
#11790 = VERTEX_POINT('',#11791);
#11791 = CARTESIAN_POINT('',(-16.5,-110.,263.3125));
#11792 = LINE('',#11793,#11794);
#11793 = CARTESIAN_POINT('',(-16.5,-110.,121.3125));
#11794 = VECTOR('',#11795,1.);
#11795 = DIRECTION('',(0.,0.,1.));
#11796 = ORIENTED_EDGE('',*,*,#11797,.F.);
#11797 = EDGE_CURVE('',#11774,#11790,#11798,.T.);
#11798 = LINE('',#11799,#11800);
#11799 = CARTESIAN_POINT('',(-16.5,-200.,263.3125));
#11800 = VECTOR('',#11801,1.);
#11801 = DIRECTION('',(0.,1.,0.));
#11802 = PLANE('',#11803);
#11803 = AXIS2_PLACEMENT_3D('',#11804,#11805,#11806);
#11804 = CARTESIAN_POINT('',(-16.5,-200.,121.3125));
#11805 = DIRECTION('',(1.,0.,0.));
#11806 = DIRECTION('',(0.,0.,1.));
#11807 = ADVANCED_FACE('',(#11808),#11842,.T.);
#11808 = FACE_BOUND('',#11809,.T.);
#11809 = EDGE_LOOP('',(#11810,#11820,#11828,#11836));
#11810 = ORIENTED_EDGE('',*,*,#11811,.F.);
#11811 = EDGE_CURVE('',#11812,#11814,#11816,.T.);
#11812 = VERTEX_POINT('',#11813);
#11813 = CARTESIAN_POINT('',(-15.5,-200.,121.3125));
#11814 = VERTEX_POINT('',#11815);
#11815 = CARTESIAN_POINT('',(-15.5,-200.,263.3125));
#11816 = LINE('',#11817,#11818);
#11817 = CARTESIAN_POINT('',(-15.5,-200.,121.3125));
#11818 = VECTOR('',#11819,1.);
#11819 = DIRECTION('',(0.,0.,1.));
#11820 = ORIENTED_EDGE('',*,*,#11821,.T.);
#11821 = EDGE_CURVE('',#11812,#11822,#11824,.T.);
#11822 = VERTEX_POINT('',#11823);
#11823 = CARTESIAN_POINT('',(-15.5,-110.,121.3125));
#11824 = LINE('',#11825,#11826);
#11825 = CARTESIAN_POINT('',(-15.5,-200.,121.3125));
#11826 = VECTOR('',#11827,1.);
#11827 = DIRECTION('',(0.,1.,0.));
#11828 = ORIENTED_EDGE('',*,*,#11829,.T.);
#11829 = EDGE_CURVE('',#11822,#11830,#11832,.T.);
#11830 = VERTEX_POINT('',#11831);
#11831 = CARTESIAN_POINT('',(-15.5,-110.,263.3125));
#11832 = LINE('',#11833,#11834);
#11833 = CARTESIAN_POINT('',(-15.5,-110.,121.3125));
#11834 = VECTOR('',#11835,1.);
#11835 = DIRECTION('',(0.,0.,1.));
#11836 = ORIENTED_EDGE('',*,*,#11837,.F.);
#11837 = EDGE_CURVE('',#11814,#11830,#11838,.T.);
#11838 = LINE('',#11839,#11840);
#11839 = CARTESIAN_POINT('',(-15.5,-200.,263.3125));
#11840 = VECTOR('',#11841,1.);
#11841 = DIRECTION('',(0.,1.,0.));
#11842 = PLANE('',#11843);
#11843 = AXIS2_PLACEMENT_3D('',#11844,#11845,#11846);
#11844 = CARTESIAN_POINT('',(-15.5,-200.,121.3125));
#11845 = DIRECTION('',(1.,0.,0.));
#11846 = DIRECTION('',(0.,0.,1.));
#11847 = ADVANCED_FACE('',(#11848),#11864,.F.);
#11848 = FACE_BOUND('',#11849,.F.);
#11849 = EDGE_LOOP('',(#11850,#11856,#11857,#11863));
#11850 = ORIENTED_EDGE('',*,*,#11851,.F.);
#11851 = EDGE_CURVE('',#11772,#11812,#11852,.T.);
#11852 = LINE('',#11853,#11854);
#11853 = CARTESIAN_POINT('',(-16.5,-200.,121.3125));
#11854 = VECTOR('',#11855,1.);
#11855 = DIRECTION('',(1.,0.,0.));
#11856 = ORIENTED_EDGE('',*,*,#11771,.T.);
#11857 = ORIENTED_EDGE('',*,*,#11858,.T.);
#11858 = EDGE_CURVE('',#11774,#11814,#11859,.T.);
#11859 = LINE('',#11860,#11861);
#11860 = CARTESIAN_POINT('',(-16.5,-200.,263.3125));
#11861 = VECTOR('',#11862,1.);
#11862 = DIRECTION('',(1.,0.,0.));
#11863 = ORIENTED_EDGE('',*,*,#11811,.F.);
#11864 = PLANE('',#11865);
#11865 = AXIS2_PLACEMENT_3D('',#11866,#11867,#11868);
#11866 = CARTESIAN_POINT('',(-16.5,-200.,121.3125));
#11867 = DIRECTION('',(0.,1.,0.));
#11868 = DIRECTION('',(0.,0.,1.));
#11869 = ADVANCED_FACE('',(#11870),#11886,.T.);
#11870 = FACE_BOUND('',#11871,.T.);
#11871 = EDGE_LOOP('',(#11872,#11878,#11879,#11885));
#11872 = ORIENTED_EDGE('',*,*,#11873,.F.);
#11873 = EDGE_CURVE('',#11782,#11822,#11874,.T.);
#11874 = LINE('',#11875,#11876);
#11875 = CARTESIAN_POINT('',(-16.5,-110.,121.3125));
#11876 = VECTOR('',#11877,1.);
#11877 = DIRECTION('',(1.,0.,0.));
#11878 = ORIENTED_EDGE('',*,*,#11789,.T.);
#11879 = ORIENTED_EDGE('',*,*,#11880,.T.);
#11880 = EDGE_CURVE('',#11790,#11830,#11881,.T.);
#11881 = LINE('',#11882,#11883);
#11882 = CARTESIAN_POINT('',(-16.5,-110.,263.3125));
#11883 = VECTOR('',#11884,1.);
#11884 = DIRECTION('',(1.,0.,0.));
#11885 = ORIENTED_EDGE('',*,*,#11829,.F.);
#11886 = PLANE('',#11887);
#11887 = AXIS2_PLACEMENT_3D('',#11888,#11889,#11890);
#11888 = CARTESIAN_POINT('',(-16.5,-110.,121.3125));
#11889 = DIRECTION('',(0.,1.,0.));
#11890 = DIRECTION('',(0.,0.,1.));
#11891 = ADVANCED_FACE('',(#11892),#11898,.F.);
#11892 = FACE_BOUND('',#11893,.F.);
#11893 = EDGE_LOOP('',(#11894,#11895,#11896,#11897));
#11894 = ORIENTED_EDGE('',*,*,#11781,.F.);
#11895 = ORIENTED_EDGE('',*,*,#11851,.T.);
#11896 = ORIENTED_EDGE('',*,*,#11821,.T.);
#11897 = ORIENTED_EDGE('',*,*,#11873,.F.);
#11898 = PLANE('',#11899);
#11899 = AXIS2_PLACEMENT_3D('',#11900,#11901,#11902);
#11900 = CARTESIAN_POINT('',(-16.5,-200.,121.3125));
#11901 = DIRECTION('',(0.,0.,1.));
#11902 = DIRECTION('',(1.,0.,0.));
#11903 = ADVANCED_FACE('',(#11904),#11910,.T.);
#11904 = FACE_BOUND('',#11905,.T.);
#11905 = EDGE_LOOP('',(#11906,#11907,#11908,#11909));
#11906 = ORIENTED_EDGE('',*,*,#11797,.F.);
#11907 = ORIENTED_EDGE('',*,*,#11858,.T.);
#11908 = ORIENTED_EDGE('',*,*,#11837,.T.);
#11909 = ORIENTED_EDGE('',*,*,#11880,.F.);
#11910 = PLANE('',#11911);
#11911 = AXIS2_PLACEMENT_3D('',#11912,#11913,#11914);
#11912 = CARTESIAN_POINT('',(-16.5,-200.,263.3125));
#11913 = DIRECTION('',(0.,0.,1.));
#11914 = DIRECTION('',(1.,0.,0.));
#11915 = MANIFOLD_SOLID_BREP('',#11916);
#11916 = CLOSED_SHELL('',(#11917,#11957,#11997,#12019,#12041,#12053));
#11917 = ADVANCED_FACE('',(#11918),#11952,.F.);
#11918 = FACE_BOUND('',#11919,.F.);
#11919 = EDGE_LOOP('',(#11920,#11930,#11938,#11946));
#11920 = ORIENTED_EDGE('',*,*,#11921,.F.);
#11921 = EDGE_CURVE('',#11922,#11924,#11926,.T.);
#11922 = VERTEX_POINT('',#11923);
#11923 = CARTESIAN_POINT('',(-4.5,-200.,121.3125));
#11924 = VERTEX_POINT('',#11925);
#11925 = CARTESIAN_POINT('',(-4.5,-200.,263.3125));
#11926 = LINE('',#11927,#11928);
#11927 = CARTESIAN_POINT('',(-4.5,-200.,121.3125));
#11928 = VECTOR('',#11929,1.);
#11929 = DIRECTION('',(0.,0.,1.));
#11930 = ORIENTED_EDGE('',*,*,#11931,.T.);
#11931 = EDGE_CURVE('',#11922,#11932,#11934,.T.);
#11932 = VERTEX_POINT('',#11933);
#11933 = CARTESIAN_POINT('',(-4.5,-110.,121.3125));
#11934 = LINE('',#11935,#11936);
#11935 = CARTESIAN_POINT('',(-4.5,-200.,121.3125));
#11936 = VECTOR('',#11937,1.);
#11937 = DIRECTION('',(0.,1.,0.));
#11938 = ORIENTED_EDGE('',*,*,#11939,.T.);
#11939 = EDGE_CURVE('',#11932,#11940,#11942,.T.);
#11940 = VERTEX_POINT('',#11941);
#11941 = CARTESIAN_POINT('',(-4.5,-110.,263.3125));
#11942 = LINE('',#11943,#11944);
#11943 = CARTESIAN_POINT('',(-4.5,-110.,121.3125));
#11944 = VECTOR('',#11945,1.);
#11945 = DIRECTION('',(0.,0.,1.));
#11946 = ORIENTED_EDGE('',*,*,#11947,.F.);
#11947 = EDGE_CURVE('',#11924,#11940,#11948,.T.);
#11948 = LINE('',#11949,#11950);
#11949 = CARTESIAN_POINT('',(-4.5,-200.,263.3125));
#11950 = VECTOR('',#11951,1.);
#11951 = DIRECTION('',(0.,1.,0.));
#11952 = PLANE('',#11953);
#11953 = AXIS2_PLACEMENT_3D('',#11954,#11955,#11956);
#11954 = CARTESIAN_POINT('',(-4.5,-200.,121.3125));
#11955 = DIRECTION('',(1.,0.,0.));
#11956 = DIRECTION('',(0.,0.,1.));
#11957 = ADVANCED_FACE('',(#11958),#11992,.T.);
#11958 = FACE_BOUND('',#11959,.T.);
#11959 = EDGE_LOOP('',(#11960,#11970,#11978,#11986));
#11960 = ORIENTED_EDGE('',*,*,#11961,.F.);
#11961 = EDGE_CURVE('',#11962,#11964,#11966,.T.);
#11962 = VERTEX_POINT('',#11963);
#11963 = CARTESIAN_POINT('',(-3.5,-200.,121.3125));
#11964 = VERTEX_POINT('',#11965);
#11965 = CARTESIAN_POINT('',(-3.5,-200.,263.3125));
#11966 = LINE('',#11967,#11968);
#11967 = CARTESIAN_POINT('',(-3.5,-200.,121.3125));
#11968 = VECTOR('',#11969,1.);
#11969 = DIRECTION('',(0.,0.,1.));
#11970 = ORIENTED_EDGE('',*,*,#11971,.T.);
#11971 = EDGE_CURVE('',#11962,#11972,#11974,.T.);
#11972 = VERTEX_POINT('',#11973);
#11973 = CARTESIAN_POINT('',(-3.5,-110.,121.3125));
#11974 = LINE('',#11975,#11976);
#11975 = CARTESIAN_POINT('',(-3.5,-200.,121.3125));
#11976 = VECTOR('',#11977,1.);
#11977 = DIRECTION('',(0.,1.,0.));
#11978 = ORIENTED_EDGE('',*,*,#11979,.T.);
#11979 = EDGE_CURVE('',#11972,#11980,#11982,.T.);
#11980 = VERTEX_POINT('',#11981);
#11981 = CARTESIAN_POINT('',(-3.5,-110.,263.3125));
#11982 = LINE('',#11983,#11984);
#11983 = CARTESIAN_POINT('',(-3.5,-110.,121.3125));
#11984 = VECTOR('',#11985,1.);
#11985 = DIRECTION('',(0.,0.,1.));
#11986 = ORIENTED_EDGE('',*,*,#11987,.F.);
#11987 = EDGE_CURVE('',#11964,#11980,#11988,.T.);
#11988 = LINE('',#11989,#11990);
#11989 = CARTESIAN_POINT('',(-3.5,-200.,263.3125));
#11990 = VECTOR('',#11991,1.);
#11991 = DIRECTION('',(0.,1.,0.));
#11992 = PLANE('',#11993);
#11993 = AXIS2_PLACEMENT_3D('',#11994,#11995,#11996);
#11994 = CARTESIAN_POINT('',(-3.5,-200.,121.3125));
#11995 = DIRECTION('',(1.,0.,0.));
#11996 = DIRECTION('',(0.,0.,1.));
#11997 = ADVANCED_FACE('',(#11998),#12014,.F.);
#11998 = FACE_BOUND('',#11999,.F.);
#11999 = EDGE_LOOP('',(#12000,#12006,#12007,#12013));
#12000 = ORIENTED_EDGE('',*,*,#12001,.F.);
#12001 = EDGE_CURVE('',#11922,#11962,#12002,.T.);
#12002 = LINE('',#12003,#12004);
#12003 = CARTESIAN_POINT('',(-4.5,-200.,121.3125));
#12004 = VECTOR('',#12005,1.);
#12005 = DIRECTION('',(1.,0.,0.));
#12006 = ORIENTED_EDGE('',*,*,#11921,.T.);
#12007 = ORIENTED_EDGE('',*,*,#12008,.T.);
#12008 = EDGE_CURVE('',#11924,#11964,#12009,.T.);
#12009 = LINE('',#12010,#12011);
#12010 = CARTESIAN_POINT('',(-4.5,-200.,263.3125));
#12011 = VECTOR('',#12012,1.);
#12012 = DIRECTION('',(1.,0.,0.));
#12013 = ORIENTED_EDGE('',*,*,#11961,.F.);
#12014 = PLANE('',#12015);
#12015 = AXIS2_PLACEMENT_3D('',#12016,#12017,#12018);
#12016 = CARTESIAN_POINT('',(-4.5,-200.,121.3125));
#12017 = DIRECTION('',(0.,1.,0.));
#12018 = DIRECTION('',(0.,0.,1.));
#12019 = ADVANCED_FACE('',(#12020),#12036,.T.);
#12020 = FACE_BOUND('',#12021,.T.);
#12021 = EDGE_LOOP('',(#12022,#12028,#12029,#12035));
#12022 = ORIENTED_EDGE('',*,*,#12023,.F.);
#12023 = EDGE_CURVE('',#11932,#11972,#12024,.T.);
#12024 = LINE('',#12025,#12026);
#12025 = CARTESIAN_POINT('',(-4.5,-110.,121.3125));
#12026 = VECTOR('',#12027,1.);
#12027 = DIRECTION('',(1.,0.,0.));
#12028 = ORIENTED_EDGE('',*,*,#11939,.T.);
#12029 = ORIENTED_EDGE('',*,*,#12030,.T.);
#12030 = EDGE_CURVE('',#11940,#11980,#12031,.T.);
#12031 = LINE('',#12032,#12033);
#12032 = CARTESIAN_POINT('',(-4.5,-110.,263.3125));
#12033 = VECTOR('',#12034,1.);
#12034 = DIRECTION('',(1.,0.,0.));
#12035 = ORIENTED_EDGE('',*,*,#11979,.F.);
#12036 = PLANE('',#12037);
#12037 = AXIS2_PLACEMENT_3D('',#12038,#12039,#12040);
#12038 = CARTESIAN_POINT('',(-4.5,-110.,121.3125));
#12039 = DIRECTION('',(0.,1.,0.));
#12040 = DIRECTION('',(0.,0.,1.));
#12041 = ADVANCED_FACE('',(#12042),#12048,.F.);
#12042 = FACE_BOUND('',#12043,.F.);
#12043 = EDGE_LOOP('',(#12044,#12045,#12046,#12047));
#12044 = ORIENTED_EDGE('',*,*,#11931,.F.);
#12045 = ORIENTED_EDGE('',*,*,#12001,.T.);
#12046 = ORIENTED_EDGE('',*,*,#11971,.T.);
#12047 = ORIENTED_EDGE('',*,*,#12023,.F.);
#12048 = PLANE('',#12049);
#12049 = AXIS2_PLACEMENT_3D('',#12050,#12051,#12052);
#12050 = CARTESIAN_POINT('',(-4.5,-200.,121.3125));
#12051 = DIRECTION('',(0.,0.,1.));
#12052 = DIRECTION('',(1.,0.,0.));
#12053 = ADVANCED_FACE('',(#12054),#12060,.T.);
#12054 = FACE_BOUND('',#12055,.T.);
#12055 = EDGE_LOOP('',(#12056,#12057,#12058,#12059));
#12056 = ORIENTED_EDGE('',*,*,#11947,.F.);
#12057 = ORIENTED_EDGE('',*,*,#12008,.T.);
#12058 = ORIENTED_EDGE('',*,*,#11987,.T.);
#12059 = ORIENTED_EDGE('',*,*,#12030,.F.);
#12060 = PLANE('',#12061);
#12061 = AXIS2_PLACEMENT_3D('',#12062,#12063,#12064);
#12062 = CARTESIAN_POINT('',(-4.5,-200.,263.3125));
#12063 = DIRECTION('',(0.,0.,1.));
#12064 = DIRECTION('',(1.,0.,0.));
#12065 = MANIFOLD_SOLID_BREP('',#12066);
#12066 = CLOSED_SHELL('',(#12067,#12100,#12120,#12140));
#12067 = ADVANCED_FACE('',(#12068),#12095,.T.);
#12068 = FACE_BOUND('',#12069,.T.);
#12069 = EDGE_LOOP('',(#12070,#12079,#12087,#12094));
#12070 = ORIENTED_EDGE('',*,*,#12071,.F.);
#12071 = EDGE_CURVE('',#12072,#12072,#12074,.T.);
#12072 = VERTEX_POINT('',#12073);
#12073 = CARTESIAN_POINT('',(-140.,-196.,264.3125));
#12074 = CIRCLE('',#12075,67.);
#12075 = AXIS2_PLACEMENT_3D('',#12076,#12077,#12078);
#12076 = CARTESIAN_POINT('',(-140.,-196.,197.3125));
#12077 = DIRECTION('',(0.,1.,0.));
#12078 = DIRECTION('',(0.,0.,1.));
#12079 = ORIENTED_EDGE('',*,*,#12080,.F.);
#12080 = EDGE_CURVE('',#12081,#12072,#12083,.T.);
#12081 = VERTEX_POINT('',#12082);
#12082 = CARTESIAN_POINT('',(-140.,-214.,264.3125));
#12083 = LINE('',#12084,#12085);
#12084 = CARTESIAN_POINT('',(-140.,-214.,264.3125));
#12085 = VECTOR('',#12086,1.);
#12086 = DIRECTION('',(0.,1.,0.));
#12087 = ORIENTED_EDGE('',*,*,#12088,.T.);
#12088 = EDGE_CURVE('',#12081,#12081,#12089,.T.);
#12089 = CIRCLE('',#12090,67.);
#12090 = AXIS2_PLACEMENT_3D('',#12091,#12092,#12093);
#12091 = CARTESIAN_POINT('',(-140.,-214.,197.3125));
#12092 = DIRECTION('',(0.,1.,0.));
#12093 = DIRECTION('',(0.,0.,1.));
#12094 = ORIENTED_EDGE('',*,*,#12080,.T.);
#12095 = CYLINDRICAL_SURFACE('',#12096,67.);
#12096 = AXIS2_PLACEMENT_3D('',#12097,#12098,#12099);
#12097 = CARTESIAN_POINT('',(-140.,-214.,197.3125));
#12098 = DIRECTION('',(0.,1.,0.));
#12099 = DIRECTION('',(0.,0.,1.));
#12100 = ADVANCED_FACE('',(#12101,#12104),#12115,.T.);
#12101 = FACE_BOUND('',#12102,.T.);
#12102 = EDGE_LOOP('',(#12103));
#12103 = ORIENTED_EDGE('',*,*,#12071,.T.);
#12104 = FACE_BOUND('',#12105,.T.);
#12105 = EDGE_LOOP('',(#12106));
#12106 = ORIENTED_EDGE('',*,*,#12107,.F.);
#12107 = EDGE_CURVE('',#12108,#12108,#12110,.T.);
#12108 = VERTEX_POINT('',#12109);
#12109 = CARTESIAN_POINT('',(-140.,-196.,258.3125));
#12110 = CIRCLE('',#12111,61.);
#12111 = AXIS2_PLACEMENT_3D('',#12112,#12113,#12114);
#12112 = CARTESIAN_POINT('',(-140.,-196.,197.3125));
#12113 = DIRECTION('',(0.,1.,0.));
#12114 = DIRECTION('',(0.,0.,1.));
#12115 = PLANE('',#12116);
#12116 = AXIS2_PLACEMENT_3D('',#12117,#12118,#12119);
#12117 = CARTESIAN_POINT('',(-140.,-196.,197.3125));
#12118 = DIRECTION('',(0.,1.,0.));
#12119 = DIRECTION('',(0.,0.,1.));
#12120 = ADVANCED_FACE('',(#12121,#12124),#12135,.F.);
#12121 = FACE_BOUND('',#12122,.F.);
#12122 = EDGE_LOOP('',(#12123));
#12123 = ORIENTED_EDGE('',*,*,#12088,.T.);
#12124 = FACE_BOUND('',#12125,.F.);
#12125 = EDGE_LOOP('',(#12126));
#12126 = ORIENTED_EDGE('',*,*,#12127,.F.);
#12127 = EDGE_CURVE('',#12128,#12128,#12130,.T.);
#12128 = VERTEX_POINT('',#12129);
#12129 = CARTESIAN_POINT('',(-140.,-214.,258.3125));
#12130 = CIRCLE('',#12131,61.);
#12131 = AXIS2_PLACEMENT_3D('',#12132,#12133,#12134);
#12132 = CARTESIAN_POINT('',(-140.,-214.,197.3125));
#12133 = DIRECTION('',(0.,1.,0.));
#12134 = DIRECTION('',(0.,0.,1.));
#12135 = PLANE('',#12136);
#12136 = AXIS2_PLACEMENT_3D('',#12137,#12138,#12139);
#12137 = CARTESIAN_POINT('',(-140.,-214.,197.3125));
#12138 = DIRECTION('',(0.,1.,0.));
#12139 = DIRECTION('',(0.,0.,1.));
#12140 = ADVANCED_FACE('',(#12141),#12152,.F.);
#12141 = FACE_BOUND('',#12142,.F.);
#12142 = EDGE_LOOP('',(#12143,#12144,#12150,#12151));
#12143 = ORIENTED_EDGE('',*,*,#12107,.F.);
#12144 = ORIENTED_EDGE('',*,*,#12145,.F.);
#12145 = EDGE_CURVE('',#12128,#12108,#12146,.T.);
#12146 = LINE('',#12147,#12148);
#12147 = CARTESIAN_POINT('',(-140.,-215.,258.3125));
#12148 = VECTOR('',#12149,1.);
#12149 = DIRECTION('',(0.,1.,0.));
#12150 = ORIENTED_EDGE('',*,*,#12127,.T.);
#12151 = ORIENTED_EDGE('',*,*,#12145,.T.);
#12152 = CYLINDRICAL_SURFACE('',#12153,61.);
#12153 = AXIS2_PLACEMENT_3D('',#12154,#12155,#12156);
#12154 = CARTESIAN_POINT('',(-140.,-215.,197.3125));
#12155 = DIRECTION('',(0.,1.,0.));
#12156 = DIRECTION('',(0.,0.,1.));
#12157 = MANIFOLD_SOLID_BREP('',#12158);
#12158 = CLOSED_SHELL('',(#12159,#12192,#12201));
#12159 = ADVANCED_FACE('',(#12160),#12187,.T.);
#12160 = FACE_BOUND('',#12161,.T.);
#12161 = EDGE_LOOP('',(#12162,#12171,#12179,#12186));
#12162 = ORIENTED_EDGE('',*,*,#12163,.F.);
#12163 = EDGE_CURVE('',#12164,#12164,#12166,.T.);
#12164 = VERTEX_POINT('',#12165);
#12165 = CARTESIAN_POINT('',(-140.,-195.,214.3125));
#12166 = CIRCLE('',#12167,17.);
#12167 = AXIS2_PLACEMENT_3D('',#12168,#12169,#12170);
#12168 = CARTESIAN_POINT('',(-140.,-195.,197.3125));
#12169 = DIRECTION('',(0.,1.,0.));
#12170 = DIRECTION('',(0.,0.,1.));
#12171 = ORIENTED_EDGE('',*,*,#12172,.F.);
#12172 = EDGE_CURVE('',#12173,#12164,#12175,.T.);
#12173 = VERTEX_POINT('',#12174);
#12174 = CARTESIAN_POINT('',(-140.,-215.,214.3125));
#12175 = LINE('',#12176,#12177);
#12176 = CARTESIAN_POINT('',(-140.,-215.,214.3125));
#12177 = VECTOR('',#12178,1.);
#12178 = DIRECTION('',(0.,1.,0.));
#12179 = ORIENTED_EDGE('',*,*,#12180,.T.);
#12180 = EDGE_CURVE('',#12173,#12173,#12181,.T.);
#12181 = CIRCLE('',#12182,17.);
#12182 = AXIS2_PLACEMENT_3D('',#12183,#12184,#12185);
#12183 = CARTESIAN_POINT('',(-140.,-215.,197.3125));
#12184 = DIRECTION('',(0.,1.,0.));
#12185 = DIRECTION('',(0.,0.,1.));
#12186 = ORIENTED_EDGE('',*,*,#12172,.T.);
#12187 = CYLINDRICAL_SURFACE('',#12188,17.);
#12188 = AXIS2_PLACEMENT_3D('',#12189,#12190,#12191);
#12189 = CARTESIAN_POINT('',(-140.,-215.,197.3125));
#12190 = DIRECTION('',(0.,1.,0.));
#12191 = DIRECTION('',(0.,0.,1.));
#12192 = ADVANCED_FACE('',(#12193),#12196,.T.);
#12193 = FACE_BOUND('',#12194,.T.);
#12194 = EDGE_LOOP('',(#12195));
#12195 = ORIENTED_EDGE('',*,*,#12163,.T.);
#12196 = PLANE('',#12197);
#12197 = AXIS2_PLACEMENT_3D('',#12198,#12199,#12200);
#12198 = CARTESIAN_POINT('',(-140.,-195.,197.3125));
#12199 = DIRECTION('',(0.,1.,0.));
#12200 = DIRECTION('',(0.,0.,1.));
#12201 = ADVANCED_FACE('',(#12202),#12205,.F.);
#12202 = FACE_BOUND('',#12203,.T.);
#12203 = EDGE_LOOP('',(#12204));
#12204 = ORIENTED_EDGE('',*,*,#12180,.F.);
#12205 = PLANE('',#12206);
#12206 = AXIS2_PLACEMENT_3D('',#12207,#12208,#12209);
#12207 = CARTESIAN_POINT('',(-140.,-215.,197.3125));
#12208 = DIRECTION('',(0.,1.,0.));
#12209 = DIRECTION('',(0.,0.,1.));
#12210 = MANIFOLD_SOLID_BREP('',#12211);
#12211 = CLOSED_SHELL('',(#12212,#12252,#12292,#12314,#12336,#12348));
#12212 = ADVANCED_FACE('',(#12213),#12247,.F.);
#12213 = FACE_BOUND('',#12214,.F.);
#12214 = EDGE_LOOP('',(#12215,#12225,#12233,#12241));
#12215 = ORIENTED_EDGE('',*,*,#12216,.F.);
#12216 = EDGE_CURVE('',#12217,#12219,#12221,.T.);
#12217 = VERTEX_POINT('',#12218);
#12218 = CARTESIAN_POINT('',(-147.,-218.,213.8125));
#12219 = VERTEX_POINT('',#12220);
#12220 = CARTESIAN_POINT('',(-147.,-218.,260.8125));
#12221 = LINE('',#12222,#12223);
#12222 = CARTESIAN_POINT('',(-147.,-218.,213.8125));
#12223 = VECTOR('',#12224,1.);
#12224 = DIRECTION('',(0.,0.,1.));
#12225 = ORIENTED_EDGE('',*,*,#12226,.T.);
#12226 = EDGE_CURVE('',#12217,#12227,#12229,.T.);
#12227 = VERTEX_POINT('',#12228);
#12228 = CARTESIAN_POINT('',(-147.,-214.,213.8125));
#12229 = LINE('',#12230,#12231);
#12230 = CARTESIAN_POINT('',(-147.,-218.,213.8125));
#12231 = VECTOR('',#12232,1.);
#12232 = DIRECTION('',(0.,1.,0.));
#12233 = ORIENTED_EDGE('',*,*,#12234,.T.);
#12234 = EDGE_CURVE('',#12227,#12235,#12237,.T.);
#12235 = VERTEX_POINT('',#12236);
#12236 = CARTESIAN_POINT('',(-147.,-214.,260.8125));
#12237 = LINE('',#12238,#12239);
#12238 = CARTESIAN_POINT('',(-147.,-214.,213.8125));
#12239 = VECTOR('',#12240,1.);
#12240 = DIRECTION('',(0.,0.,1.));
#12241 = ORIENTED_EDGE('',*,*,#12242,.F.);
#12242 = EDGE_CURVE('',#12219,#12235,#12243,.T.);
#12243 = LINE('',#12244,#12245);
#12244 = CARTESIAN_POINT('',(-147.,-218.,260.8125));
#12245 = VECTOR('',#12246,1.);
#12246 = DIRECTION('',(0.,1.,0.));
#12247 = PLANE('',#12248);
#12248 = AXIS2_PLACEMENT_3D('',#12249,#12250,#12251);
#12249 = CARTESIAN_POINT('',(-147.,-218.,213.8125));
#12250 = DIRECTION('',(1.,0.,0.));
#12251 = DIRECTION('',(0.,0.,1.));
#12252 = ADVANCED_FACE('',(#12253),#12287,.T.);
#12253 = FACE_BOUND('',#12254,.T.);
#12254 = EDGE_LOOP('',(#12255,#12265,#12273,#12281));
#12255 = ORIENTED_EDGE('',*,*,#12256,.F.);
#12256 = EDGE_CURVE('',#12257,#12259,#12261,.T.);
#12257 = VERTEX_POINT('',#12258);
#12258 = CARTESIAN_POINT('',(-133.,-218.,213.8125));
#12259 = VERTEX_POINT('',#12260);
#12260 = CARTESIAN_POINT('',(-133.,-218.,260.8125));
#12261 = LINE('',#12262,#12263);
#12262 = CARTESIAN_POINT('',(-133.,-218.,213.8125));
#12263 = VECTOR('',#12264,1.);
#12264 = DIRECTION('',(0.,0.,1.));
#12265 = ORIENTED_EDGE('',*,*,#12266,.T.);
#12266 = EDGE_CURVE('',#12257,#12267,#12269,.T.);
#12267 = VERTEX_POINT('',#12268);
#12268 = CARTESIAN_POINT('',(-133.,-214.,213.8125));
#12269 = LINE('',#12270,#12271);
#12270 = CARTESIAN_POINT('',(-133.,-218.,213.8125));
#12271 = VECTOR('',#12272,1.);
#12272 = DIRECTION('',(0.,1.,0.));
#12273 = ORIENTED_EDGE('',*,*,#12274,.T.);
#12274 = EDGE_CURVE('',#12267,#12275,#12277,.T.);
#12275 = VERTEX_POINT('',#12276);
#12276 = CARTESIAN_POINT('',(-133.,-214.,260.8125));
#12277 = LINE('',#12278,#12279);
#12278 = CARTESIAN_POINT('',(-133.,-214.,213.8125));
#12279 = VECTOR('',#12280,1.);
#12280 = DIRECTION('',(0.,0.,1.));
#12281 = ORIENTED_EDGE('',*,*,#12282,.F.);
#12282 = EDGE_CURVE('',#12259,#12275,#12283,.T.);
#12283 = LINE('',#12284,#12285);
#12284 = CARTESIAN_POINT('',(-133.,-218.,260.8125));
#12285 = VECTOR('',#12286,1.);
#12286 = DIRECTION('',(0.,1.,0.));
#12287 = PLANE('',#12288);
#12288 = AXIS2_PLACEMENT_3D('',#12289,#12290,#12291);
#12289 = CARTESIAN_POINT('',(-133.,-218.,213.8125));
#12290 = DIRECTION('',(1.,0.,0.));
#12291 = DIRECTION('',(0.,0.,1.));
#12292 = ADVANCED_FACE('',(#12293),#12309,.F.);
#12293 = FACE_BOUND('',#12294,.F.);
#12294 = EDGE_LOOP('',(#12295,#12301,#12302,#12308));
#12295 = ORIENTED_EDGE('',*,*,#12296,.F.);
#12296 = EDGE_CURVE('',#12217,#12257,#12297,.T.);
#12297 = LINE('',#12298,#12299);
#12298 = CARTESIAN_POINT('',(-147.,-218.,213.8125));
#12299 = VECTOR('',#12300,1.);
#12300 = DIRECTION('',(1.,0.,0.));
#12301 = ORIENTED_EDGE('',*,*,#12216,.T.);
#12302 = ORIENTED_EDGE('',*,*,#12303,.T.);
#12303 = EDGE_CURVE('',#12219,#12259,#12304,.T.);
#12304 = LINE('',#12305,#12306);
#12305 = CARTESIAN_POINT('',(-147.,-218.,260.8125));
#12306 = VECTOR('',#12307,1.);
#12307 = DIRECTION('',(1.,0.,0.));
#12308 = ORIENTED_EDGE('',*,*,#12256,.F.);
#12309 = PLANE('',#12310);
#12310 = AXIS2_PLACEMENT_3D('',#12311,#12312,#12313);
#12311 = CARTESIAN_POINT('',(-147.,-218.,213.8125));
#12312 = DIRECTION('',(0.,1.,0.));
#12313 = DIRECTION('',(0.,0.,1.));
#12314 = ADVANCED_FACE('',(#12315),#12331,.T.);
#12315 = FACE_BOUND('',#12316,.T.);
#12316 = EDGE_LOOP('',(#12317,#12323,#12324,#12330));
#12317 = ORIENTED_EDGE('',*,*,#12318,.F.);
#12318 = EDGE_CURVE('',#12227,#12267,#12319,.T.);
#12319 = LINE('',#12320,#12321);
#12320 = CARTESIAN_POINT('',(-147.,-214.,213.8125));
#12321 = VECTOR('',#12322,1.);
#12322 = DIRECTION('',(1.,0.,0.));
#12323 = ORIENTED_EDGE('',*,*,#12234,.T.);
#12324 = ORIENTED_EDGE('',*,*,#12325,.T.);
#12325 = EDGE_CURVE('',#12235,#12275,#12326,.T.);
#12326 = LINE('',#12327,#12328);
#12327 = CARTESIAN_POINT('',(-147.,-214.,260.8125));
#12328 = VECTOR('',#12329,1.);
#12329 = DIRECTION('',(1.,0.,0.));
#12330 = ORIENTED_EDGE('',*,*,#12274,.F.);
#12331 = PLANE('',#12332);
#12332 = AXIS2_PLACEMENT_3D('',#12333,#12334,#12335);
#12333 = CARTESIAN_POINT('',(-147.,-214.,213.8125));
#12334 = DIRECTION('',(0.,1.,0.));
#12335 = DIRECTION('',(0.,0.,1.));
#12336 = ADVANCED_FACE('',(#12337),#12343,.F.);
#12337 = FACE_BOUND('',#12338,.F.);
#12338 = EDGE_LOOP('',(#12339,#12340,#12341,#12342));
#12339 = ORIENTED_EDGE('',*,*,#12226,.F.);
#12340 = ORIENTED_EDGE('',*,*,#12296,.T.);
#12341 = ORIENTED_EDGE('',*,*,#12266,.T.);
#12342 = ORIENTED_EDGE('',*,*,#12318,.F.);
#12343 = PLANE('',#12344);
#12344 = AXIS2_PLACEMENT_3D('',#12345,#12346,#12347);
#12345 = CARTESIAN_POINT('',(-147.,-218.,213.8125));
#12346 = DIRECTION('',(0.,0.,1.));
#12347 = DIRECTION('',(1.,0.,0.));
#12348 = ADVANCED_FACE('',(#12349),#12355,.T.);
#12349 = FACE_BOUND('',#12350,.T.);
#12350 = EDGE_LOOP('',(#12351,#12352,#12353,#12354));
#12351 = ORIENTED_EDGE('',*,*,#12242,.F.);
#12352 = ORIENTED_EDGE('',*,*,#12303,.T.);
#12353 = ORIENTED_EDGE('',*,*,#12282,.T.);
#12354 = ORIENTED_EDGE('',*,*,#12325,.F.);
#12355 = PLANE('',#12356);
#12356 = AXIS2_PLACEMENT_3D('',#12357,#12358,#12359);
#12357 = CARTESIAN_POINT('',(-147.,-218.,260.8125));
#12358 = DIRECTION('',(0.,0.,1.));
#12359 = DIRECTION('',(1.,0.,0.));
#12360 = MANIFOLD_SOLID_BREP('',#12361);
#12361 = CLOSED_SHELL('',(#12362,#12402,#12442,#12464,#12486,#12498));
#12362 = ADVANCED_FACE('',(#12363),#12397,.F.);
#12363 = FACE_BOUND('',#12364,.F.);
#12364 = EDGE_LOOP('',(#12365,#12375,#12383,#12391));
#12365 = ORIENTED_EDGE('',*,*,#12366,.F.);
#12366 = EDGE_CURVE('',#12367,#12369,#12371,.T.);
#12367 = VERTEX_POINT('',#12368);
#12368 = CARTESIAN_POINT('',(-123.5,-218.,204.3125));
#12369 = VERTEX_POINT('',#12370);
#12370 = CARTESIAN_POINT('',(-76.5,-218.,204.3125));
#12371 = LINE('',#12372,#12373);
#12372 = CARTESIAN_POINT('',(-123.5,-218.,204.3125));
#12373 = VECTOR('',#12374,1.);
#12374 = DIRECTION('',(1.,0.,1.110223024625E-16));
#12375 = ORIENTED_EDGE('',*,*,#12376,.T.);
#12376 = EDGE_CURVE('',#12367,#12377,#12379,.T.);
#12377 = VERTEX_POINT('',#12378);
#12378 = CARTESIAN_POINT('',(-123.5,-214.,204.3125));
#12379 = LINE('',#12380,#12381);
#12380 = CARTESIAN_POINT('',(-123.5,-218.,204.3125));
#12381 = VECTOR('',#12382,1.);
#12382 = DIRECTION('',(0.,1.,0.));
#12383 = ORIENTED_EDGE('',*,*,#12384,.T.);
#12384 = EDGE_CURVE('',#12377,#12385,#12387,.T.);
#12385 = VERTEX_POINT('',#12386);
#12386 = CARTESIAN_POINT('',(-76.5,-214.,204.3125));
#12387 = LINE('',#12388,#12389);
#12388 = CARTESIAN_POINT('',(-123.5,-214.,204.3125));
#12389 = VECTOR('',#12390,1.);
#12390 = DIRECTION('',(1.,0.,1.110223024625E-16));
#12391 = ORIENTED_EDGE('',*,*,#12392,.F.);
#12392 = EDGE_CURVE('',#12369,#12385,#12393,.T.);
#12393 = LINE('',#12394,#12395);
#12394 = CARTESIAN_POINT('',(-76.5,-218.,204.3125));
#12395 = VECTOR('',#12396,1.);
#12396 = DIRECTION('',(0.,1.,0.));
#12397 = PLANE('',#12398);
#12398 = AXIS2_PLACEMENT_3D('',#12399,#12400,#12401);
#12399 = CARTESIAN_POINT('',(-123.5,-218.,204.3125));
#12400 = DIRECTION('',(1.110223024625E-16,0.,-1.));
#12401 = DIRECTION('',(1.,0.,1.110223024625E-16));
#12402 = ADVANCED_FACE('',(#12403),#12437,.T.);
#12403 = FACE_BOUND('',#12404,.T.);
#12404 = EDGE_LOOP('',(#12405,#12415,#12423,#12431));
#12405 = ORIENTED_EDGE('',*,*,#12406,.F.);
#12406 = EDGE_CURVE('',#12407,#12409,#12411,.T.);
#12407 = VERTEX_POINT('',#12408);
#12408 = CARTESIAN_POINT('',(-123.5,-218.,190.3125));
#12409 = VERTEX_POINT('',#12410);
#12410 = CARTESIAN_POINT('',(-76.5,-218.,190.3125));
#12411 = LINE('',#12412,#12413);
#12412 = CARTESIAN_POINT('',(-123.5,-218.,190.3125));
#12413 = VECTOR('',#12414,1.);
#12414 = DIRECTION('',(1.,0.,1.110223024625E-16));
#12415 = ORIENTED_EDGE('',*,*,#12416,.T.);
#12416 = EDGE_CURVE('',#12407,#12417,#12419,.T.);
#12417 = VERTEX_POINT('',#12418);
#12418 = CARTESIAN_POINT('',(-123.5,-214.,190.3125));
#12419 = LINE('',#12420,#12421);
#12420 = CARTESIAN_POINT('',(-123.5,-218.,190.3125));
#12421 = VECTOR('',#12422,1.);
#12422 = DIRECTION('',(0.,1.,0.));
#12423 = ORIENTED_EDGE('',*,*,#12424,.T.);
#12424 = EDGE_CURVE('',#12417,#12425,#12427,.T.);
#12425 = VERTEX_POINT('',#12426);
#12426 = CARTESIAN_POINT('',(-76.5,-214.,190.3125));
#12427 = LINE('',#12428,#12429);
#12428 = CARTESIAN_POINT('',(-123.5,-214.,190.3125));
#12429 = VECTOR('',#12430,1.);
#12430 = DIRECTION('',(1.,0.,1.110223024625E-16));
#12431 = ORIENTED_EDGE('',*,*,#12432,.F.);
#12432 = EDGE_CURVE('',#12409,#12425,#12433,.T.);
#12433 = LINE('',#12434,#12435);
#12434 = CARTESIAN_POINT('',(-76.5,-218.,190.3125));
#12435 = VECTOR('',#12436,1.);
#12436 = DIRECTION('',(0.,1.,0.));
#12437 = PLANE('',#12438);
#12438 = AXIS2_PLACEMENT_3D('',#12439,#12440,#12441);
#12439 = CARTESIAN_POINT('',(-123.5,-218.,190.3125));
#12440 = DIRECTION('',(1.110223024625E-16,0.,-1.));
#12441 = DIRECTION('',(1.,0.,1.110223024625E-16));
#12442 = ADVANCED_FACE('',(#12443),#12459,.F.);
#12443 = FACE_BOUND('',#12444,.F.);
#12444 = EDGE_LOOP('',(#12445,#12451,#12452,#12458));
#12445 = ORIENTED_EDGE('',*,*,#12446,.F.);
#12446 = EDGE_CURVE('',#12367,#12407,#12447,.T.);
#12447 = LINE('',#12448,#12449);
#12448 = CARTESIAN_POINT('',(-123.5,-218.,204.3125));
#12449 = VECTOR('',#12450,1.);
#12450 = DIRECTION('',(1.110223024625E-16,0.,-1.));
#12451 = ORIENTED_EDGE('',*,*,#12366,.T.);
#12452 = ORIENTED_EDGE('',*,*,#12453,.T.);
#12453 = EDGE_CURVE('',#12369,#12409,#12454,.T.);
#12454 = LINE('',#12455,#12456);
#12455 = CARTESIAN_POINT('',(-76.5,-218.,204.3125));
#12456 = VECTOR('',#12457,1.);
#12457 = DIRECTION('',(1.110223024625E-16,0.,-1.));
#12458 = ORIENTED_EDGE('',*,*,#12406,.F.);
#12459 = PLANE('',#12460);
#12460 = AXIS2_PLACEMENT_3D('',#12461,#12462,#12463);
#12461 = CARTESIAN_POINT('',(-123.5,-218.,204.3125));
#12462 = DIRECTION('',(0.,1.,0.));
#12463 = DIRECTION('',(1.,0.,1.110223024625E-16));
#12464 = ADVANCED_FACE('',(#12465),#12481,.T.);
#12465 = FACE_BOUND('',#12466,.T.);
#12466 = EDGE_LOOP('',(#12467,#12473,#12474,#12480));
#12467 = ORIENTED_EDGE('',*,*,#12468,.F.);
#12468 = EDGE_CURVE('',#12377,#12417,#12469,.T.);
#12469 = LINE('',#12470,#12471);
#12470 = CARTESIAN_POINT('',(-123.5,-214.,204.3125));
#12471 = VECTOR('',#12472,1.);
#12472 = DIRECTION('',(1.110223024625E-16,0.,-1.));
#12473 = ORIENTED_EDGE('',*,*,#12384,.T.);
#12474 = ORIENTED_EDGE('',*,*,#12475,.T.);
#12475 = EDGE_CURVE('',#12385,#12425,#12476,.T.);
#12476 = LINE('',#12477,#12478);
#12477 = CARTESIAN_POINT('',(-76.5,-214.,204.3125));
#12478 = VECTOR('',#12479,1.);
#12479 = DIRECTION('',(1.110223024625E-16,0.,-1.));
#12480 = ORIENTED_EDGE('',*,*,#12424,.F.);
#12481 = PLANE('',#12482);
#12482 = AXIS2_PLACEMENT_3D('',#12483,#12484,#12485);
#12483 = CARTESIAN_POINT('',(-123.5,-214.,204.3125));
#12484 = DIRECTION('',(0.,1.,0.));
#12485 = DIRECTION('',(1.,0.,1.110223024625E-16));
#12486 = ADVANCED_FACE('',(#12487),#12493,.F.);
#12487 = FACE_BOUND('',#12488,.F.);
#12488 = EDGE_LOOP('',(#12489,#12490,#12491,#12492));
#12489 = ORIENTED_EDGE('',*,*,#12376,.F.);
#12490 = ORIENTED_EDGE('',*,*,#12446,.T.);
#12491 = ORIENTED_EDGE('',*,*,#12416,.T.);
#12492 = ORIENTED_EDGE('',*,*,#12468,.F.);
#12493 = PLANE('',#12494);
#12494 = AXIS2_PLACEMENT_3D('',#12495,#12496,#12497);
#12495 = CARTESIAN_POINT('',(-123.5,-218.,204.3125));
#12496 = DIRECTION('',(1.,0.,1.110223024625E-16));
#12497 = DIRECTION('',(1.110223024625E-16,0.,-1.));
#12498 = ADVANCED_FACE('',(#12499),#12505,.T.);
#12499 = FACE_BOUND('',#12500,.T.);
#12500 = EDGE_LOOP('',(#12501,#12502,#12503,#12504));
#12501 = ORIENTED_EDGE('',*,*,#12392,.F.);
#12502 = ORIENTED_EDGE('',*,*,#12453,.T.);
#12503 = ORIENTED_EDGE('',*,*,#12432,.T.);
#12504 = ORIENTED_EDGE('',*,*,#12475,.F.);
#12505 = PLANE('',#12506);
#12506 = AXIS2_PLACEMENT_3D('',#12507,#12508,#12509);
#12507 = CARTESIAN_POINT('',(-76.5,-218.,204.3125));
#12508 = DIRECTION('',(1.,0.,1.110223024625E-16));
#12509 = DIRECTION('',(1.110223024625E-16,0.,-1.));
#12510 = MANIFOLD_SOLID_BREP('',#12511);
#12511 = CLOSED_SHELL('',(#12512,#12552,#12592,#12614,#12636,#12648));
#12512 = ADVANCED_FACE('',(#12513),#12547,.F.);
#12513 = FACE_BOUND('',#12514,.F.);
#12514 = EDGE_LOOP('',(#12515,#12525,#12533,#12541));
#12515 = ORIENTED_EDGE('',*,*,#12516,.F.);
#12516 = EDGE_CURVE('',#12517,#12519,#12521,.T.);
#12517 = VERTEX_POINT('',#12518);
#12518 = CARTESIAN_POINT('',(-133.,-218.,180.8125));
#12519 = VERTEX_POINT('',#12520);
#12520 = CARTESIAN_POINT('',(-133.,-218.,133.8125));
#12521 = LINE('',#12522,#12523);
#12522 = CARTESIAN_POINT('',(-133.,-218.,180.8125));
#12523 = VECTOR('',#12524,1.);
#12524 = DIRECTION('',(1.224646799147E-16,0.,-1.));
#12525 = ORIENTED_EDGE('',*,*,#12526,.T.);
#12526 = EDGE_CURVE('',#12517,#12527,#12529,.T.);
#12527 = VERTEX_POINT('',#12528);
#12528 = CARTESIAN_POINT('',(-133.,-214.,180.8125));
#12529 = LINE('',#12530,#12531);
#12530 = CARTESIAN_POINT('',(-133.,-218.,180.8125));
#12531 = VECTOR('',#12532,1.);
#12532 = DIRECTION('',(0.,1.,0.));
#12533 = ORIENTED_EDGE('',*,*,#12534,.T.);
#12534 = EDGE_CURVE('',#12527,#12535,#12537,.T.);
#12535 = VERTEX_POINT('',#12536);
#12536 = CARTESIAN_POINT('',(-133.,-214.,133.8125));
#12537 = LINE('',#12538,#12539);
#12538 = CARTESIAN_POINT('',(-133.,-214.,180.8125));
#12539 = VECTOR('',#12540,1.);
#12540 = DIRECTION('',(1.224646799147E-16,0.,-1.));
#12541 = ORIENTED_EDGE('',*,*,#12542,.F.);
#12542 = EDGE_CURVE('',#12519,#12535,#12543,.T.);
#12543 = LINE('',#12544,#12545);
#12544 = CARTESIAN_POINT('',(-133.,-218.,133.8125));
#12545 = VECTOR('',#12546,1.);
#12546 = DIRECTION('',(0.,1.,0.));
#12547 = PLANE('',#12548);
#12548 = AXIS2_PLACEMENT_3D('',#12549,#12550,#12551);
#12549 = CARTESIAN_POINT('',(-133.,-218.,180.8125));
#12550 = DIRECTION('',(-1.,0.,-1.224646799147E-16));
#12551 = DIRECTION('',(1.224646799147E-16,0.,-1.));
#12552 = ADVANCED_FACE('',(#12553),#12587,.T.);
#12553 = FACE_BOUND('',#12554,.T.);
#12554 = EDGE_LOOP('',(#12555,#12565,#12573,#12581));
#12555 = ORIENTED_EDGE('',*,*,#12556,.F.);
#12556 = EDGE_CURVE('',#12557,#12559,#12561,.T.);
#12557 = VERTEX_POINT('',#12558);
#12558 = CARTESIAN_POINT('',(-147.,-218.,180.8125));
#12559 = VERTEX_POINT('',#12560);
#12560 = CARTESIAN_POINT('',(-147.,-218.,133.8125));
#12561 = LINE('',#12562,#12563);
#12562 = CARTESIAN_POINT('',(-147.,-218.,180.8125));
#12563 = VECTOR('',#12564,1.);
#12564 = DIRECTION('',(1.224646799147E-16,0.,-1.));
#12565 = ORIENTED_EDGE('',*,*,#12566,.T.);
#12566 = EDGE_CURVE('',#12557,#12567,#12569,.T.);
#12567 = VERTEX_POINT('',#12568);
#12568 = CARTESIAN_POINT('',(-147.,-214.,180.8125));
#12569 = LINE('',#12570,#12571);
#12570 = CARTESIAN_POINT('',(-147.,-218.,180.8125));
#12571 = VECTOR('',#12572,1.);
#12572 = DIRECTION('',(0.,1.,0.));
#12573 = ORIENTED_EDGE('',*,*,#12574,.T.);
#12574 = EDGE_CURVE('',#12567,#12575,#12577,.T.);
#12575 = VERTEX_POINT('',#12576);
#12576 = CARTESIAN_POINT('',(-147.,-214.,133.8125));
#12577 = LINE('',#12578,#12579);
#12578 = CARTESIAN_POINT('',(-147.,-214.,180.8125));
#12579 = VECTOR('',#12580,1.);
#12580 = DIRECTION('',(1.224646799147E-16,0.,-1.));
#12581 = ORIENTED_EDGE('',*,*,#12582,.F.);
#12582 = EDGE_CURVE('',#12559,#12575,#12583,.T.);
#12583 = LINE('',#12584,#12585);
#12584 = CARTESIAN_POINT('',(-147.,-218.,133.8125));
#12585 = VECTOR('',#12586,1.);
#12586 = DIRECTION('',(0.,1.,0.));
#12587 = PLANE('',#12588);
#12588 = AXIS2_PLACEMENT_3D('',#12589,#12590,#12591);
#12589 = CARTESIAN_POINT('',(-147.,-218.,180.8125));
#12590 = DIRECTION('',(-1.,0.,-1.224646799147E-16));
#12591 = DIRECTION('',(1.224646799147E-16,0.,-1.));
#12592 = ADVANCED_FACE('',(#12593),#12609,.F.);
#12593 = FACE_BOUND('',#12594,.F.);
#12594 = EDGE_LOOP('',(#12595,#12601,#12602,#12608));
#12595 = ORIENTED_EDGE('',*,*,#12596,.F.);
#12596 = EDGE_CURVE('',#12517,#12557,#12597,.T.);
#12597 = LINE('',#12598,#12599);
#12598 = CARTESIAN_POINT('',(-133.,-218.,180.8125));
#12599 = VECTOR('',#12600,1.);
#12600 = DIRECTION('',(-1.,0.,-1.224646799147E-16));
#12601 = ORIENTED_EDGE('',*,*,#12516,.T.);
#12602 = ORIENTED_EDGE('',*,*,#12603,.T.);
#12603 = EDGE_CURVE('',#12519,#12559,#12604,.T.);
#12604 = LINE('',#12605,#12606);
#12605 = CARTESIAN_POINT('',(-133.,-218.,133.8125));
#12606 = VECTOR('',#12607,1.);
#12607 = DIRECTION('',(-1.,0.,-1.224646799147E-16));
#12608 = ORIENTED_EDGE('',*,*,#12556,.F.);
#12609 = PLANE('',#12610);
#12610 = AXIS2_PLACEMENT_3D('',#12611,#12612,#12613);
#12611 = CARTESIAN_POINT('',(-133.,-218.,180.8125));
#12612 = DIRECTION('',(0.,1.,0.));
#12613 = DIRECTION('',(1.224646799147E-16,0.,-1.));
#12614 = ADVANCED_FACE('',(#12615),#12631,.T.);
#12615 = FACE_BOUND('',#12616,.T.);
#12616 = EDGE_LOOP('',(#12617,#12623,#12624,#12630));
#12617 = ORIENTED_EDGE('',*,*,#12618,.F.);
#12618 = EDGE_CURVE('',#12527,#12567,#12619,.T.);
#12619 = LINE('',#12620,#12621);
#12620 = CARTESIAN_POINT('',(-133.,-214.,180.8125));
#12621 = VECTOR('',#12622,1.);
#12622 = DIRECTION('',(-1.,0.,-1.224646799147E-16));
#12623 = ORIENTED_EDGE('',*,*,#12534,.T.);
#12624 = ORIENTED_EDGE('',*,*,#12625,.T.);
#12625 = EDGE_CURVE('',#12535,#12575,#12626,.T.);
#12626 = LINE('',#12627,#12628);
#12627 = CARTESIAN_POINT('',(-133.,-214.,133.8125));
#12628 = VECTOR('',#12629,1.);
#12629 = DIRECTION('',(-1.,0.,-1.224646799147E-16));
#12630 = ORIENTED_EDGE('',*,*,#12574,.F.);
#12631 = PLANE('',#12632);
#12632 = AXIS2_PLACEMENT_3D('',#12633,#12634,#12635);
#12633 = CARTESIAN_POINT('',(-133.,-214.,180.8125));
#12634 = DIRECTION('',(0.,1.,0.));
#12635 = DIRECTION('',(1.224646799147E-16,0.,-1.));
#12636 = ADVANCED_FACE('',(#12637),#12643,.F.);
#12637 = FACE_BOUND('',#12638,.F.);
#12638 = EDGE_LOOP('',(#12639,#12640,#12641,#12642));
#12639 = ORIENTED_EDGE('',*,*,#12526,.F.);
#12640 = ORIENTED_EDGE('',*,*,#12596,.T.);
#12641 = ORIENTED_EDGE('',*,*,#12566,.T.);
#12642 = ORIENTED_EDGE('',*,*,#12618,.F.);
#12643 = PLANE('',#12644);
#12644 = AXIS2_PLACEMENT_3D('',#12645,#12646,#12647);
#12645 = CARTESIAN_POINT('',(-133.,-218.,180.8125));
#12646 = DIRECTION('',(1.224646799147E-16,0.,-1.));
#12647 = DIRECTION('',(-1.,0.,-1.224646799147E-16));
#12648 = ADVANCED_FACE('',(#12649),#12655,.T.);
#12649 = FACE_BOUND('',#12650,.T.);
#12650 = EDGE_LOOP('',(#12651,#12652,#12653,#12654));
#12651 = ORIENTED_EDGE('',*,*,#12542,.F.);
#12652 = ORIENTED_EDGE('',*,*,#12603,.T.);
#12653 = ORIENTED_EDGE('',*,*,#12582,.T.);
#12654 = ORIENTED_EDGE('',*,*,#12625,.F.);
#12655 = PLANE('',#12656);
#12656 = AXIS2_PLACEMENT_3D('',#12657,#12658,#12659);
#12657 = CARTESIAN_POINT('',(-133.,-218.,133.8125));
#12658 = DIRECTION('',(1.224646799147E-16,0.,-1.));
#12659 = DIRECTION('',(-1.,0.,-1.224646799147E-16));
#12660 = MANIFOLD_SOLID_BREP('',#12661);
#12661 = CLOSED_SHELL('',(#12662,#12702,#12742,#12764,#12786,#12798));
#12662 = ADVANCED_FACE('',(#12663),#12697,.F.);
#12663 = FACE_BOUND('',#12664,.F.);
#12664 = EDGE_LOOP('',(#12665,#12675,#12683,#12691));
#12665 = ORIENTED_EDGE('',*,*,#12666,.F.);
#12666 = EDGE_CURVE('',#12667,#12669,#12671,.T.);
#12667 = VERTEX_POINT('',#12668);
#12668 = CARTESIAN_POINT('',(-156.5,-218.,190.3125));
#12669 = VERTEX_POINT('',#12670);
#12670 = CARTESIAN_POINT('',(-203.5,-218.,190.3125));
#12671 = LINE('',#12672,#12673);
#12672 = CARTESIAN_POINT('',(-156.5,-218.,190.3125));
#12673 = VECTOR('',#12674,1.);
#12674 = DIRECTION('',(-1.,0.,-2.22044604925E-16));
#12675 = ORIENTED_EDGE('',*,*,#12676,.T.);
#12676 = EDGE_CURVE('',#12667,#12677,#12679,.T.);
#12677 = VERTEX_POINT('',#12678);
#12678 = CARTESIAN_POINT('',(-156.5,-214.,190.3125));
#12679 = LINE('',#12680,#12681);
#12680 = CARTESIAN_POINT('',(-156.5,-218.,190.3125));
#12681 = VECTOR('',#12682,1.);
#12682 = DIRECTION('',(0.,1.,0.));
#12683 = ORIENTED_EDGE('',*,*,#12684,.T.);
#12684 = EDGE_CURVE('',#12677,#12685,#12687,.T.);
#12685 = VERTEX_POINT('',#12686);
#12686 = CARTESIAN_POINT('',(-203.5,-214.,190.3125));
#12687 = LINE('',#12688,#12689);
#12688 = CARTESIAN_POINT('',(-156.5,-214.,190.3125));
#12689 = VECTOR('',#12690,1.);
#12690 = DIRECTION('',(-1.,0.,-2.22044604925E-16));
#12691 = ORIENTED_EDGE('',*,*,#12692,.F.);
#12692 = EDGE_CURVE('',#12669,#12685,#12693,.T.);
#12693 = LINE('',#12694,#12695);
#12694 = CARTESIAN_POINT('',(-203.5,-218.,190.3125));
#12695 = VECTOR('',#12696,1.);
#12696 = DIRECTION('',(0.,1.,0.));
#12697 = PLANE('',#12698);
#12698 = AXIS2_PLACEMENT_3D('',#12699,#12700,#12701);
#12699 = CARTESIAN_POINT('',(-156.5,-218.,190.3125));
#12700 = DIRECTION('',(-2.22044604925E-16,0.,1.));
#12701 = DIRECTION('',(-1.,0.,-2.22044604925E-16));
#12702 = ADVANCED_FACE('',(#12703),#12737,.T.);
#12703 = FACE_BOUND('',#12704,.T.);
#12704 = EDGE_LOOP('',(#12705,#12715,#12723,#12731));
#12705 = ORIENTED_EDGE('',*,*,#12706,.F.);
#12706 = EDGE_CURVE('',#12707,#12709,#12711,.T.);
#12707 = VERTEX_POINT('',#12708);
#12708 = CARTESIAN_POINT('',(-156.5,-218.,204.3125));
#12709 = VERTEX_POINT('',#12710);
#12710 = CARTESIAN_POINT('',(-203.5,-218.,204.3125));
#12711 = LINE('',#12712,#12713);
#12712 = CARTESIAN_POINT('',(-156.5,-218.,204.3125));
#12713 = VECTOR('',#12714,1.);
#12714 = DIRECTION('',(-1.,0.,-2.22044604925E-16));
#12715 = ORIENTED_EDGE('',*,*,#12716,.T.);
#12716 = EDGE_CURVE('',#12707,#12717,#12719,.T.);
#12717 = VERTEX_POINT('',#12718);
#12718 = CARTESIAN_POINT('',(-156.5,-214.,204.3125));
#12719 = LINE('',#12720,#12721);
#12720 = CARTESIAN_POINT('',(-156.5,-218.,204.3125));
#12721 = VECTOR('',#12722,1.);
#12722 = DIRECTION('',(0.,1.,0.));
#12723 = ORIENTED_EDGE('',*,*,#12724,.T.);
#12724 = EDGE_CURVE('',#12717,#12725,#12727,.T.);
#12725 = VERTEX_POINT('',#12726);
#12726 = CARTESIAN_POINT('',(-203.5,-214.,204.3125));
#12727 = LINE('',#12728,#12729);
#12728 = CARTESIAN_POINT('',(-156.5,-214.,204.3125));
#12729 = VECTOR('',#12730,1.);
#12730 = DIRECTION('',(-1.,0.,-2.22044604925E-16));
#12731 = ORIENTED_EDGE('',*,*,#12732,.F.);
#12732 = EDGE_CURVE('',#12709,#12725,#12733,.T.);
#12733 = LINE('',#12734,#12735);
#12734 = CARTESIAN_POINT('',(-203.5,-218.,204.3125));
#12735 = VECTOR('',#12736,1.);
#12736 = DIRECTION('',(0.,1.,0.));
#12737 = PLANE('',#12738);
#12738 = AXIS2_PLACEMENT_3D('',#12739,#12740,#12741);
#12739 = CARTESIAN_POINT('',(-156.5,-218.,204.3125));
#12740 = DIRECTION('',(-2.22044604925E-16,0.,1.));
#12741 = DIRECTION('',(-1.,0.,-2.22044604925E-16));
#12742 = ADVANCED_FACE('',(#12743),#12759,.F.);
#12743 = FACE_BOUND('',#12744,.F.);
#12744 = EDGE_LOOP('',(#12745,#12751,#12752,#12758));
#12745 = ORIENTED_EDGE('',*,*,#12746,.F.);
#12746 = EDGE_CURVE('',#12667,#12707,#12747,.T.);
#12747 = LINE('',#12748,#12749);
#12748 = CARTESIAN_POINT('',(-156.5,-218.,190.3125));
#12749 = VECTOR('',#12750,1.);
#12750 = DIRECTION('',(-2.22044604925E-16,0.,1.));
#12751 = ORIENTED_EDGE('',*,*,#12666,.T.);
#12752 = ORIENTED_EDGE('',*,*,#12753,.T.);
#12753 = EDGE_CURVE('',#12669,#12709,#12754,.T.);
#12754 = LINE('',#12755,#12756);
#12755 = CARTESIAN_POINT('',(-203.5,-218.,190.3125));
#12756 = VECTOR('',#12757,1.);
#12757 = DIRECTION('',(-2.22044604925E-16,0.,1.));
#12758 = ORIENTED_EDGE('',*,*,#12706,.F.);
#12759 = PLANE('',#12760);
#12760 = AXIS2_PLACEMENT_3D('',#12761,#12762,#12763);
#12761 = CARTESIAN_POINT('',(-156.5,-218.,190.3125));
#12762 = DIRECTION('',(0.,1.,0.));
#12763 = DIRECTION('',(-1.,0.,-2.22044604925E-16));
#12764 = ADVANCED_FACE('',(#12765),#12781,.T.);
#12765 = FACE_BOUND('',#12766,.T.);
#12766 = EDGE_LOOP('',(#12767,#12773,#12774,#12780));
#12767 = ORIENTED_EDGE('',*,*,#12768,.F.);
#12768 = EDGE_CURVE('',#12677,#12717,#12769,.T.);
#12769 = LINE('',#12770,#12771);
#12770 = CARTESIAN_POINT('',(-156.5,-214.,190.3125));
#12771 = VECTOR('',#12772,1.);
#12772 = DIRECTION('',(-2.22044604925E-16,0.,1.));
#12773 = ORIENTED_EDGE('',*,*,#12684,.T.);
#12774 = ORIENTED_EDGE('',*,*,#12775,.T.);
#12775 = EDGE_CURVE('',#12685,#12725,#12776,.T.);
#12776 = LINE('',#12777,#12778);
#12777 = CARTESIAN_POINT('',(-203.5,-214.,190.3125));
#12778 = VECTOR('',#12779,1.);
#12779 = DIRECTION('',(-2.22044604925E-16,0.,1.));
#12780 = ORIENTED_EDGE('',*,*,#12724,.F.);
#12781 = PLANE('',#12782);
#12782 = AXIS2_PLACEMENT_3D('',#12783,#12784,#12785);
#12783 = CARTESIAN_POINT('',(-156.5,-214.,190.3125));
#12784 = DIRECTION('',(0.,1.,0.));
#12785 = DIRECTION('',(-1.,0.,-2.22044604925E-16));
#12786 = ADVANCED_FACE('',(#12787),#12793,.F.);
#12787 = FACE_BOUND('',#12788,.F.);
#12788 = EDGE_LOOP('',(#12789,#12790,#12791,#12792));
#12789 = ORIENTED_EDGE('',*,*,#12676,.F.);
#12790 = ORIENTED_EDGE('',*,*,#12746,.T.);
#12791 = ORIENTED_EDGE('',*,*,#12716,.T.);
#12792 = ORIENTED_EDGE('',*,*,#12768,.F.);
#12793 = PLANE('',#12794);
#12794 = AXIS2_PLACEMENT_3D('',#12795,#12796,#12797);
#12795 = CARTESIAN_POINT('',(-156.5,-218.,190.3125));
#12796 = DIRECTION('',(-1.,0.,-2.22044604925E-16));
#12797 = DIRECTION('',(-2.22044604925E-16,0.,1.));
#12798 = ADVANCED_FACE('',(#12799),#12805,.T.);
#12799 = FACE_BOUND('',#12800,.T.);
#12800 = EDGE_LOOP('',(#12801,#12802,#12803,#12804));
#12801 = ORIENTED_EDGE('',*,*,#12692,.F.);
#12802 = ORIENTED_EDGE('',*,*,#12753,.T.);
#12803 = ORIENTED_EDGE('',*,*,#12732,.T.);
#12804 = ORIENTED_EDGE('',*,*,#12775,.F.);
#12805 = PLANE('',#12806);
#12806 = AXIS2_PLACEMENT_3D('',#12807,#12808,#12809);
#12807 = CARTESIAN_POINT('',(-203.5,-218.,190.3125));
#12808 = DIRECTION('',(-1.,0.,-2.22044604925E-16));
#12809 = DIRECTION('',(-2.22044604925E-16,0.,1.));
#12810 = MANIFOLD_SOLID_BREP('',#12811);
#12811 = CLOSED_SHELL('',(#12812,#12852,#12892,#12914,#12936,#12948));
#12812 = ADVANCED_FACE('',(#12813),#12847,.F.);
#12813 = FACE_BOUND('',#12814,.F.);
#12814 = EDGE_LOOP('',(#12815,#12825,#12833,#12841));
#12815 = ORIENTED_EDGE('',*,*,#12816,.F.);
#12816 = EDGE_CURVE('',#12817,#12819,#12821,.T.);
#12817 = VERTEX_POINT('',#12818);
#12818 = CARTESIAN_POINT('',(-245.,15.,1.6650125E+03));
#12819 = VERTEX_POINT('',#12820);
#12820 = CARTESIAN_POINT('',(-245.,15.,1.7550125E+03));
#12821 = LINE('',#12822,#12823);
#12822 = CARTESIAN_POINT('',(-245.,15.,1.6650125E+03));
#12823 = VECTOR('',#12824,1.);
#12824 = DIRECTION('',(0.,0.,1.));
#12825 = ORIENTED_EDGE('',*,*,#12826,.T.);
#12826 = EDGE_CURVE('',#12817,#12827,#12829,.T.);
#12827 = VERTEX_POINT('',#12828);
#12828 = CARTESIAN_POINT('',(-245.,205.,1.6650125E+03));
#12829 = LINE('',#12830,#12831);
#12830 = CARTESIAN_POINT('',(-245.,15.,1.6650125E+03));
#12831 = VECTOR('',#12832,1.);
#12832 = DIRECTION('',(0.,1.,0.));
#12833 = ORIENTED_EDGE('',*,*,#12834,.T.);
#12834 = EDGE_CURVE('',#12827,#12835,#12837,.T.);
#12835 = VERTEX_POINT('',#12836);
#12836 = CARTESIAN_POINT('',(-245.,205.,1.7550125E+03));
#12837 = LINE('',#12838,#12839);
#12838 = CARTESIAN_POINT('',(-245.,205.,1.6650125E+03));
#12839 = VECTOR('',#12840,1.);
#12840 = DIRECTION('',(0.,0.,1.));
#12841 = ORIENTED_EDGE('',*,*,#12842,.F.);
#12842 = EDGE_CURVE('',#12819,#12835,#12843,.T.);
#12843 = LINE('',#12844,#12845);
#12844 = CARTESIAN_POINT('',(-245.,15.,1.7550125E+03));
#12845 = VECTOR('',#12846,1.);
#12846 = DIRECTION('',(0.,1.,0.));
#12847 = PLANE('',#12848);
#12848 = AXIS2_PLACEMENT_3D('',#12849,#12850,#12851);
#12849 = CARTESIAN_POINT('',(-245.,15.,1.6650125E+03));
#12850 = DIRECTION('',(1.,0.,0.));
#12851 = DIRECTION('',(0.,0.,1.));
#12852 = ADVANCED_FACE('',(#12853),#12887,.T.);
#12853 = FACE_BOUND('',#12854,.T.);
#12854 = EDGE_LOOP('',(#12855,#12865,#12873,#12881));
#12855 = ORIENTED_EDGE('',*,*,#12856,.F.);
#12856 = EDGE_CURVE('',#12857,#12859,#12861,.T.);
#12857 = VERTEX_POINT('',#12858);
#12858 = CARTESIAN_POINT('',(245.,15.,1.6650125E+03));
#12859 = VERTEX_POINT('',#12860);
#12860 = CARTESIAN_POINT('',(245.,15.,1.7550125E+03));
#12861 = LINE('',#12862,#12863);
#12862 = CARTESIAN_POINT('',(245.,15.,1.6650125E+03));
#12863 = VECTOR('',#12864,1.);
#12864 = DIRECTION('',(0.,0.,1.));
#12865 = ORIENTED_EDGE('',*,*,#12866,.T.);
#12866 = EDGE_CURVE('',#12857,#12867,#12869,.T.);
#12867 = VERTEX_POINT('',#12868);
#12868 = CARTESIAN_POINT('',(245.,205.,1.6650125E+03));
#12869 = LINE('',#12870,#12871);
#12870 = CARTESIAN_POINT('',(245.,15.,1.6650125E+03));
#12871 = VECTOR('',#12872,1.);
#12872 = DIRECTION('',(0.,1.,0.));
#12873 = ORIENTED_EDGE('',*,*,#12874,.T.);
#12874 = EDGE_CURVE('',#12867,#12875,#12877,.T.);
#12875 = VERTEX_POINT('',#12876);
#12876 = CARTESIAN_POINT('',(245.,205.,1.7550125E+03));
#12877 = LINE('',#12878,#12879);
#12878 = CARTESIAN_POINT('',(245.,205.,1.6650125E+03));
#12879 = VECTOR('',#12880,1.);
#12880 = DIRECTION('',(0.,0.,1.));
#12881 = ORIENTED_EDGE('',*,*,#12882,.F.);
#12882 = EDGE_CURVE('',#12859,#12875,#12883,.T.);
#12883 = LINE('',#12884,#12885);
#12884 = CARTESIAN_POINT('',(245.,15.,1.7550125E+03));
#12885 = VECTOR('',#12886,1.);
#12886 = DIRECTION('',(0.,1.,0.));
#12887 = PLANE('',#12888);
#12888 = AXIS2_PLACEMENT_3D('',#12889,#12890,#12891);
#12889 = CARTESIAN_POINT('',(245.,15.,1.6650125E+03));
#12890 = DIRECTION('',(1.,0.,0.));
#12891 = DIRECTION('',(0.,0.,1.));
#12892 = ADVANCED_FACE('',(#12893),#12909,.F.);
#12893 = FACE_BOUND('',#12894,.F.);
#12894 = EDGE_LOOP('',(#12895,#12901,#12902,#12908));
#12895 = ORIENTED_EDGE('',*,*,#12896,.F.);
#12896 = EDGE_CURVE('',#12817,#12857,#12897,.T.);
#12897 = LINE('',#12898,#12899);
#12898 = CARTESIAN_POINT('',(-245.,15.,1.6650125E+03));
#12899 = VECTOR('',#12900,1.);
#12900 = DIRECTION('',(1.,0.,0.));
#12901 = ORIENTED_EDGE('',*,*,#12816,.T.);
#12902 = ORIENTED_EDGE('',*,*,#12903,.T.);
#12903 = EDGE_CURVE('',#12819,#12859,#12904,.T.);
#12904 = LINE('',#12905,#12906);
#12905 = CARTESIAN_POINT('',(-245.,15.,1.7550125E+03));
#12906 = VECTOR('',#12907,1.);
#12907 = DIRECTION('',(1.,0.,0.));
#12908 = ORIENTED_EDGE('',*,*,#12856,.F.);
#12909 = PLANE('',#12910);
#12910 = AXIS2_PLACEMENT_3D('',#12911,#12912,#12913);
#12911 = CARTESIAN_POINT('',(-245.,15.,1.6650125E+03));
#12912 = DIRECTION('',(0.,1.,0.));
#12913 = DIRECTION('',(0.,0.,1.));
#12914 = ADVANCED_FACE('',(#12915),#12931,.T.);
#12915 = FACE_BOUND('',#12916,.T.);
#12916 = EDGE_LOOP('',(#12917,#12923,#12924,#12930));
#12917 = ORIENTED_EDGE('',*,*,#12918,.F.);
#12918 = EDGE_CURVE('',#12827,#12867,#12919,.T.);
#12919 = LINE('',#12920,#12921);
#12920 = CARTESIAN_POINT('',(-245.,205.,1.6650125E+03));
#12921 = VECTOR('',#12922,1.);
#12922 = DIRECTION('',(1.,0.,0.));
#12923 = ORIENTED_EDGE('',*,*,#12834,.T.);
#12924 = ORIENTED_EDGE('',*,*,#12925,.T.);
#12925 = EDGE_CURVE('',#12835,#12875,#12926,.T.);
#12926 = LINE('',#12927,#12928);
#12927 = CARTESIAN_POINT('',(-245.,205.,1.7550125E+03));
#12928 = VECTOR('',#12929,1.);
#12929 = DIRECTION('',(1.,0.,0.));
#12930 = ORIENTED_EDGE('',*,*,#12874,.F.);
#12931 = PLANE('',#12932);
#12932 = AXIS2_PLACEMENT_3D('',#12933,#12934,#12935);
#12933 = CARTESIAN_POINT('',(-245.,205.,1.6650125E+03));
#12934 = DIRECTION('',(0.,1.,0.));
#12935 = DIRECTION('',(0.,0.,1.));
#12936 = ADVANCED_FACE('',(#12937),#12943,.F.);
#12937 = FACE_BOUND('',#12938,.F.);
#12938 = EDGE_LOOP('',(#12939,#12940,#12941,#12942));
#12939 = ORIENTED_EDGE('',*,*,#12826,.F.);
#12940 = ORIENTED_EDGE('',*,*,#12896,.T.);
#12941 = ORIENTED_EDGE('',*,*,#12866,.T.);
#12942 = ORIENTED_EDGE('',*,*,#12918,.F.);
#12943 = PLANE('',#12944);
#12944 = AXIS2_PLACEMENT_3D('',#12945,#12946,#12947);
#12945 = CARTESIAN_POINT('',(-245.,15.,1.6650125E+03));
#12946 = DIRECTION('',(0.,0.,1.));
#12947 = DIRECTION('',(1.,0.,0.));
#12948 = ADVANCED_FACE('',(#12949),#12955,.T.);
#12949 = FACE_BOUND('',#12950,.T.);
#12950 = EDGE_LOOP('',(#12951,#12952,#12953,#12954));
#12951 = ORIENTED_EDGE('',*,*,#12842,.F.);
#12952 = ORIENTED_EDGE('',*,*,#12903,.T.);
#12953 = ORIENTED_EDGE('',*,*,#12882,.T.);
#12954 = ORIENTED_EDGE('',*,*,#12925,.F.);
#12955 = PLANE('',#12956);
#12956 = AXIS2_PLACEMENT_3D('',#12957,#12958,#12959);
#12957 = CARTESIAN_POINT('',(-245.,15.,1.7550125E+03));
#12958 = DIRECTION('',(0.,0.,1.));
#12959 = DIRECTION('',(1.,0.,0.));
#12960 = MANIFOLD_SOLID_BREP('',#12961);
#12961 = CLOSED_SHELL('',(#12962,#13002,#13042,#13064,#13086,#13098));
#12962 = ADVANCED_FACE('',(#12963),#12997,.F.);
#12963 = FACE_BOUND('',#12964,.F.);
#12964 = EDGE_LOOP('',(#12965,#12975,#12983,#12991));
#12965 = ORIENTED_EDGE('',*,*,#12966,.F.);
#12966 = EDGE_CURVE('',#12967,#12969,#12971,.T.);
#12967 = VERTEX_POINT('',#12968);
#12968 = CARTESIAN_POINT('',(-236.,14.,1.6640125E+03));
#12969 = VERTEX_POINT('',#12970);
#12970 = CARTESIAN_POINT('',(-236.,14.,1.7560125E+03));
#12971 = LINE('',#12972,#12973);
#12972 = CARTESIAN_POINT('',(-236.,14.,1.6640125E+03));
#12973 = VECTOR('',#12974,1.);
#12974 = DIRECTION('',(0.,0.,1.));
#12975 = ORIENTED_EDGE('',*,*,#12976,.T.);
#12976 = EDGE_CURVE('',#12967,#12977,#12979,.T.);
#12977 = VERTEX_POINT('',#12978);
#12978 = CARTESIAN_POINT('',(-236.,206.,1.6640125E+03));
#12979 = LINE('',#12980,#12981);
#12980 = CARTESIAN_POINT('',(-236.,14.,1.6640125E+03));
#12981 = VECTOR('',#12982,1.);
#12982 = DIRECTION('',(0.,1.,0.));
#12983 = ORIENTED_EDGE('',*,*,#12984,.T.);
#12984 = EDGE_CURVE('',#12977,#12985,#12987,.T.);
#12985 = VERTEX_POINT('',#12986);
#12986 = CARTESIAN_POINT('',(-236.,206.,1.7560125E+03));
#12987 = LINE('',#12988,#12989);
#12988 = CARTESIAN_POINT('',(-236.,206.,1.6640125E+03));
#12989 = VECTOR('',#12990,1.);
#12990 = DIRECTION('',(0.,0.,1.));
#12991 = ORIENTED_EDGE('',*,*,#12992,.F.);
#12992 = EDGE_CURVE('',#12969,#12985,#12993,.T.);
#12993 = LINE('',#12994,#12995);
#12994 = CARTESIAN_POINT('',(-236.,14.,1.7560125E+03));
#12995 = VECTOR('',#12996,1.);
#12996 = DIRECTION('',(0.,1.,0.));
#12997 = PLANE('',#12998);
#12998 = AXIS2_PLACEMENT_3D('',#12999,#13000,#13001);
#12999 = CARTESIAN_POINT('',(-236.,14.,1.6640125E+03));
#13000 = DIRECTION('',(1.,0.,0.));
#13001 = DIRECTION('',(0.,0.,1.));
#13002 = ADVANCED_FACE('',(#13003),#13037,.T.);
#13003 = FACE_BOUND('',#13004,.T.);
#13004 = EDGE_LOOP('',(#13005,#13015,#13023,#13031));
#13005 = ORIENTED_EDGE('',*,*,#13006,.F.);
#13006 = EDGE_CURVE('',#13007,#13009,#13011,.T.);
#13007 = VERTEX_POINT('',#13008);
#13008 = CARTESIAN_POINT('',(-234.,14.,1.6640125E+03));
#13009 = VERTEX_POINT('',#13010);
#13010 = CARTESIAN_POINT('',(-234.,14.,1.7560125E+03));
#13011 = LINE('',#13012,#13013);
#13012 = CARTESIAN_POINT('',(-234.,14.,1.6640125E+03));
#13013 = VECTOR('',#13014,1.);
#13014 = DIRECTION('',(0.,0.,1.));
#13015 = ORIENTED_EDGE('',*,*,#13016,.T.);
#13016 = EDGE_CURVE('',#13007,#13017,#13019,.T.);
#13017 = VERTEX_POINT('',#13018);
#13018 = CARTESIAN_POINT('',(-234.,206.,1.6640125E+03));
#13019 = LINE('',#13020,#13021);
#13020 = CARTESIAN_POINT('',(-234.,14.,1.6640125E+03));
#13021 = VECTOR('',#13022,1.);
#13022 = DIRECTION('',(0.,1.,0.));
#13023 = ORIENTED_EDGE('',*,*,#13024,.T.);
#13024 = EDGE_CURVE('',#13017,#13025,#13027,.T.);
#13025 = VERTEX_POINT('',#13026);
#13026 = CARTESIAN_POINT('',(-234.,206.,1.7560125E+03));
#13027 = LINE('',#13028,#13029);
#13028 = CARTESIAN_POINT('',(-234.,206.,1.6640125E+03));
#13029 = VECTOR('',#13030,1.);
#13030 = DIRECTION('',(0.,0.,1.));
#13031 = ORIENTED_EDGE('',*,*,#13032,.F.);
#13032 = EDGE_CURVE('',#13009,#13025,#13033,.T.);
#13033 = LINE('',#13034,#13035);
#13034 = CARTESIAN_POINT('',(-234.,14.,1.7560125E+03));
#13035 = VECTOR('',#13036,1.);
#13036 = DIRECTION('',(0.,1.,0.));
#13037 = PLANE('',#13038);
#13038 = AXIS2_PLACEMENT_3D('',#13039,#13040,#13041);
#13039 = CARTESIAN_POINT('',(-234.,14.,1.6640125E+03));
#13040 = DIRECTION('',(1.,0.,0.));
#13041 = DIRECTION('',(0.,0.,1.));
#13042 = ADVANCED_FACE('',(#13043),#13059,.F.);
#13043 = FACE_BOUND('',#13044,.F.);
#13044 = EDGE_LOOP('',(#13045,#13051,#13052,#13058));
#13045 = ORIENTED_EDGE('',*,*,#13046,.F.);
#13046 = EDGE_CURVE('',#12967,#13007,#13047,.T.);
#13047 = LINE('',#13048,#13049);
#13048 = CARTESIAN_POINT('',(-236.,14.,1.6640125E+03));
#13049 = VECTOR('',#13050,1.);
#13050 = DIRECTION('',(1.,0.,0.));
#13051 = ORIENTED_EDGE('',*,*,#12966,.T.);
#13052 = ORIENTED_EDGE('',*,*,#13053,.T.);
#13053 = EDGE_CURVE('',#12969,#13009,#13054,.T.);
#13054 = LINE('',#13055,#13056);
#13055 = CARTESIAN_POINT('',(-236.,14.,1.7560125E+03));
#13056 = VECTOR('',#13057,1.);
#13057 = DIRECTION('',(1.,0.,0.));
#13058 = ORIENTED_EDGE('',*,*,#13006,.F.);
#13059 = PLANE('',#13060);
#13060 = AXIS2_PLACEMENT_3D('',#13061,#13062,#13063);
#13061 = CARTESIAN_POINT('',(-236.,14.,1.6640125E+03));
#13062 = DIRECTION('',(0.,1.,0.));
#13063 = DIRECTION('',(0.,0.,1.));
#13064 = ADVANCED_FACE('',(#13065),#13081,.T.);
#13065 = FACE_BOUND('',#13066,.T.);
#13066 = EDGE_LOOP('',(#13067,#13073,#13074,#13080));
#13067 = ORIENTED_EDGE('',*,*,#13068,.F.);
#13068 = EDGE_CURVE('',#12977,#13017,#13069,.T.);
#13069 = LINE('',#13070,#13071);
#13070 = CARTESIAN_POINT('',(-236.,206.,1.6640125E+03));
#13071 = VECTOR('',#13072,1.);
#13072 = DIRECTION('',(1.,0.,0.));
#13073 = ORIENTED_EDGE('',*,*,#12984,.T.);
#13074 = ORIENTED_EDGE('',*,*,#13075,.T.);
#13075 = EDGE_CURVE('',#12985,#13025,#13076,.T.);
#13076 = LINE('',#13077,#13078);
#13077 = CARTESIAN_POINT('',(-236.,206.,1.7560125E+03));
#13078 = VECTOR('',#13079,1.);
#13079 = DIRECTION('',(1.,0.,0.));
#13080 = ORIENTED_EDGE('',*,*,#13024,.F.);
#13081 = PLANE('',#13082);
#13082 = AXIS2_PLACEMENT_3D('',#13083,#13084,#13085);
#13083 = CARTESIAN_POINT('',(-236.,206.,1.6640125E+03));
#13084 = DIRECTION('',(0.,1.,0.));
#13085 = DIRECTION('',(0.,0.,1.));
#13086 = ADVANCED_FACE('',(#13087),#13093,.F.);
#13087 = FACE_BOUND('',#13088,.F.);
#13088 = EDGE_LOOP('',(#13089,#13090,#13091,#13092));
#13089 = ORIENTED_EDGE('',*,*,#12976,.F.);
#13090 = ORIENTED_EDGE('',*,*,#13046,.T.);
#13091 = ORIENTED_EDGE('',*,*,#13016,.T.);
#13092 = ORIENTED_EDGE('',*,*,#13068,.F.);
#13093 = PLANE('',#13094);
#13094 = AXIS2_PLACEMENT_3D('',#13095,#13096,#13097);
#13095 = CARTESIAN_POINT('',(-236.,14.,1.6640125E+03));
#13096 = DIRECTION('',(0.,0.,1.));
#13097 = DIRECTION('',(1.,0.,0.));
#13098 = ADVANCED_FACE('',(#13099),#13105,.T.);
#13099 = FACE_BOUND('',#13100,.T.);
#13100 = EDGE_LOOP('',(#13101,#13102,#13103,#13104));
#13101 = ORIENTED_EDGE('',*,*,#12992,.F.);
#13102 = ORIENTED_EDGE('',*,*,#13053,.T.);
#13103 = ORIENTED_EDGE('',*,*,#13032,.T.);
#13104 = ORIENTED_EDGE('',*,*,#13075,.F.);
#13105 = PLANE('',#13106);
#13106 = AXIS2_PLACEMENT_3D('',#13107,#13108,#13109);
#13107 = CARTESIAN_POINT('',(-236.,14.,1.7560125E+03));
#13108 = DIRECTION('',(0.,0.,1.));
#13109 = DIRECTION('',(1.,0.,0.));
#13110 = MANIFOLD_SOLID_BREP('',#13111);
#13111 = CLOSED_SHELL('',(#13112,#13152,#13192,#13214,#13236,#13248));
#13112 = ADVANCED_FACE('',(#13113),#13147,.F.);
#13113 = FACE_BOUND('',#13114,.F.);
#13114 = EDGE_LOOP('',(#13115,#13125,#13133,#13141));
#13115 = ORIENTED_EDGE('',*,*,#13116,.F.);
#13116 = EDGE_CURVE('',#13117,#13119,#13121,.T.);
#13117 = VERTEX_POINT('',#13118);
#13118 = CARTESIAN_POINT('',(-221.,14.,1.6640125E+03));
#13119 = VERTEX_POINT('',#13120);
#13120 = CARTESIAN_POINT('',(-221.,14.,1.7560125E+03));
#13121 = LINE('',#13122,#13123);
#13122 = CARTESIAN_POINT('',(-221.,14.,1.6640125E+03));
#13123 = VECTOR('',#13124,1.);
#13124 = DIRECTION('',(0.,0.,1.));
#13125 = ORIENTED_EDGE('',*,*,#13126,.T.);
#13126 = EDGE_CURVE('',#13117,#13127,#13129,.T.);
#13127 = VERTEX_POINT('',#13128);
#13128 = CARTESIAN_POINT('',(-221.,206.,1.6640125E+03));
#13129 = LINE('',#13130,#13131);
#13130 = CARTESIAN_POINT('',(-221.,14.,1.6640125E+03));
#13131 = VECTOR('',#13132,1.);
#13132 = DIRECTION('',(0.,1.,0.));
#13133 = ORIENTED_EDGE('',*,*,#13134,.T.);
#13134 = EDGE_CURVE('',#13127,#13135,#13137,.T.);
#13135 = VERTEX_POINT('',#13136);
#13136 = CARTESIAN_POINT('',(-221.,206.,1.7560125E+03));
#13137 = LINE('',#13138,#13139);
#13138 = CARTESIAN_POINT('',(-221.,206.,1.6640125E+03));
#13139 = VECTOR('',#13140,1.);
#13140 = DIRECTION('',(0.,0.,1.));
#13141 = ORIENTED_EDGE('',*,*,#13142,.F.);
#13142 = EDGE_CURVE('',#13119,#13135,#13143,.T.);
#13143 = LINE('',#13144,#13145);
#13144 = CARTESIAN_POINT('',(-221.,14.,1.7560125E+03));
#13145 = VECTOR('',#13146,1.);
#13146 = DIRECTION('',(0.,1.,0.));
#13147 = PLANE('',#13148);
#13148 = AXIS2_PLACEMENT_3D('',#13149,#13150,#13151);
#13149 = CARTESIAN_POINT('',(-221.,14.,1.6640125E+03));
#13150 = DIRECTION('',(1.,0.,0.));
#13151 = DIRECTION('',(0.,0.,1.));
#13152 = ADVANCED_FACE('',(#13153),#13187,.T.);
#13153 = FACE_BOUND('',#13154,.T.);
#13154 = EDGE_LOOP('',(#13155,#13165,#13173,#13181));
#13155 = ORIENTED_EDGE('',*,*,#13156,.F.);
#13156 = EDGE_CURVE('',#13157,#13159,#13161,.T.);
#13157 = VERTEX_POINT('',#13158);
#13158 = CARTESIAN_POINT('',(-219.,14.,1.6640125E+03));
#13159 = VERTEX_POINT('',#13160);
#13160 = CARTESIAN_POINT('',(-219.,14.,1.7560125E+03));
#13161 = LINE('',#13162,#13163);
#13162 = CARTESIAN_POINT('',(-219.,14.,1.6640125E+03));
#13163 = VECTOR('',#13164,1.);
#13164 = DIRECTION('',(0.,0.,1.));
#13165 = ORIENTED_EDGE('',*,*,#13166,.T.);
#13166 = EDGE_CURVE('',#13157,#13167,#13169,.T.);
#13167 = VERTEX_POINT('',#13168);
#13168 = CARTESIAN_POINT('',(-219.,206.,1.6640125E+03));
#13169 = LINE('',#13170,#13171);
#13170 = CARTESIAN_POINT('',(-219.,14.,1.6640125E+03));
#13171 = VECTOR('',#13172,1.);
#13172 = DIRECTION('',(0.,1.,0.));
#13173 = ORIENTED_EDGE('',*,*,#13174,.T.);
#13174 = EDGE_CURVE('',#13167,#13175,#13177,.T.);
#13175 = VERTEX_POINT('',#13176);
#13176 = CARTESIAN_POINT('',(-219.,206.,1.7560125E+03));
#13177 = LINE('',#13178,#13179);
#13178 = CARTESIAN_POINT('',(-219.,206.,1.6640125E+03));
#13179 = VECTOR('',#13180,1.);
#13180 = DIRECTION('',(0.,0.,1.));
#13181 = ORIENTED_EDGE('',*,*,#13182,.F.);
#13182 = EDGE_CURVE('',#13159,#13175,#13183,.T.);
#13183 = LINE('',#13184,#13185);
#13184 = CARTESIAN_POINT('',(-219.,14.,1.7560125E+03));
#13185 = VECTOR('',#13186,1.);
#13186 = DIRECTION('',(0.,1.,0.));
#13187 = PLANE('',#13188);
#13188 = AXIS2_PLACEMENT_3D('',#13189,#13190,#13191);
#13189 = CARTESIAN_POINT('',(-219.,14.,1.6640125E+03));
#13190 = DIRECTION('',(1.,0.,0.));
#13191 = DIRECTION('',(0.,0.,1.));
#13192 = ADVANCED_FACE('',(#13193),#13209,.F.);
#13193 = FACE_BOUND('',#13194,.F.);
#13194 = EDGE_LOOP('',(#13195,#13201,#13202,#13208));
#13195 = ORIENTED_EDGE('',*,*,#13196,.F.);
#13196 = EDGE_CURVE('',#13117,#13157,#13197,.T.);
#13197 = LINE('',#13198,#13199);
#13198 = CARTESIAN_POINT('',(-221.,14.,1.6640125E+03));
#13199 = VECTOR('',#13200,1.);
#13200 = DIRECTION('',(1.,0.,0.));
#13201 = ORIENTED_EDGE('',*,*,#13116,.T.);
#13202 = ORIENTED_EDGE('',*,*,#13203,.T.);
#13203 = EDGE_CURVE('',#13119,#13159,#13204,.T.);
#13204 = LINE('',#13205,#13206);
#13205 = CARTESIAN_POINT('',(-221.,14.,1.7560125E+03));
#13206 = VECTOR('',#13207,1.);
#13207 = DIRECTION('',(1.,0.,0.));
#13208 = ORIENTED_EDGE('',*,*,#13156,.F.);
#13209 = PLANE('',#13210);
#13210 = AXIS2_PLACEMENT_3D('',#13211,#13212,#13213);
#13211 = CARTESIAN_POINT('',(-221.,14.,1.6640125E+03));
#13212 = DIRECTION('',(0.,1.,0.));
#13213 = DIRECTION('',(0.,0.,1.));
#13214 = ADVANCED_FACE('',(#13215),#13231,.T.);
#13215 = FACE_BOUND('',#13216,.T.);
#13216 = EDGE_LOOP('',(#13217,#13223,#13224,#13230));
#13217 = ORIENTED_EDGE('',*,*,#13218,.F.);
#13218 = EDGE_CURVE('',#13127,#13167,#13219,.T.);
#13219 = LINE('',#13220,#13221);
#13220 = CARTESIAN_POINT('',(-221.,206.,1.6640125E+03));
#13221 = VECTOR('',#13222,1.);
#13222 = DIRECTION('',(1.,0.,0.));
#13223 = ORIENTED_EDGE('',*,*,#13134,.T.);
#13224 = ORIENTED_EDGE('',*,*,#13225,.T.);
#13225 = EDGE_CURVE('',#13135,#13175,#13226,.T.);
#13226 = LINE('',#13227,#13228);
#13227 = CARTESIAN_POINT('',(-221.,206.,1.7560125E+03));
#13228 = VECTOR('',#13229,1.);
#13229 = DIRECTION('',(1.,0.,0.));
#13230 = ORIENTED_EDGE('',*,*,#13174,.F.);
#13231 = PLANE('',#13232);
#13232 = AXIS2_PLACEMENT_3D('',#13233,#13234,#13235);
#13233 = CARTESIAN_POINT('',(-221.,206.,1.6640125E+03));
#13234 = DIRECTION('',(0.,1.,0.));
#13235 = DIRECTION('',(0.,0.,1.));
#13236 = ADVANCED_FACE('',(#13237),#13243,.F.);
#13237 = FACE_BOUND('',#13238,.F.);
#13238 = EDGE_LOOP('',(#13239,#13240,#13241,#13242));
#13239 = ORIENTED_EDGE('',*,*,#13126,.F.);
#13240 = ORIENTED_EDGE('',*,*,#13196,.T.);
#13241 = ORIENTED_EDGE('',*,*,#13166,.T.);
#13242 = ORIENTED_EDGE('',*,*,#13218,.F.);
#13243 = PLANE('',#13244);
#13244 = AXIS2_PLACEMENT_3D('',#13245,#13246,#13247);
#13245 = CARTESIAN_POINT('',(-221.,14.,1.6640125E+03));
#13246 = DIRECTION('',(0.,0.,1.));
#13247 = DIRECTION('',(1.,0.,0.));
#13248 = ADVANCED_FACE('',(#13249),#13255,.T.);
#13249 = FACE_BOUND('',#13250,.T.);
#13250 = EDGE_LOOP('',(#13251,#13252,#13253,#13254));
#13251 = ORIENTED_EDGE('',*,*,#13142,.F.);
#13252 = ORIENTED_EDGE('',*,*,#13203,.T.);
#13253 = ORIENTED_EDGE('',*,*,#13182,.T.);
#13254 = ORIENTED_EDGE('',*,*,#13225,.F.);
#13255 = PLANE('',#13256);
#13256 = AXIS2_PLACEMENT_3D('',#13257,#13258,#13259);
#13257 = CARTESIAN_POINT('',(-221.,14.,1.7560125E+03));
#13258 = DIRECTION('',(0.,0.,1.));
#13259 = DIRECTION('',(1.,0.,0.));
#13260 = MANIFOLD_SOLID_BREP('',#13261);
#13261 = CLOSED_SHELL('',(#13262,#13302,#13342,#13364,#13386,#13398));
#13262 = ADVANCED_FACE('',(#13263),#13297,.F.);
#13263 = FACE_BOUND('',#13264,.F.);
#13264 = EDGE_LOOP('',(#13265,#13275,#13283,#13291));
#13265 = ORIENTED_EDGE('',*,*,#13266,.F.);
#13266 = EDGE_CURVE('',#13267,#13269,#13271,.T.);
#13267 = VERTEX_POINT('',#13268);
#13268 = CARTESIAN_POINT('',(-206.,14.,1.6640125E+03));
#13269 = VERTEX_POINT('',#13270);
#13270 = CARTESIAN_POINT('',(-206.,14.,1.7560125E+03));
#13271 = LINE('',#13272,#13273);
#13272 = CARTESIAN_POINT('',(-206.,14.,1.6640125E+03));
#13273 = VECTOR('',#13274,1.);
#13274 = DIRECTION('',(0.,0.,1.));
#13275 = ORIENTED_EDGE('',*,*,#13276,.T.);
#13276 = EDGE_CURVE('',#13267,#13277,#13279,.T.);
#13277 = VERTEX_POINT('',#13278);
#13278 = CARTESIAN_POINT('',(-206.,206.,1.6640125E+03));
#13279 = LINE('',#13280,#13281);
#13280 = CARTESIAN_POINT('',(-206.,14.,1.6640125E+03));
#13281 = VECTOR('',#13282,1.);
#13282 = DIRECTION('',(0.,1.,0.));
#13283 = ORIENTED_EDGE('',*,*,#13284,.T.);
#13284 = EDGE_CURVE('',#13277,#13285,#13287,.T.);
#13285 = VERTEX_POINT('',#13286);
#13286 = CARTESIAN_POINT('',(-206.,206.,1.7560125E+03));
#13287 = LINE('',#13288,#13289);
#13288 = CARTESIAN_POINT('',(-206.,206.,1.6640125E+03));
#13289 = VECTOR('',#13290,1.);
#13290 = DIRECTION('',(0.,0.,1.));
#13291 = ORIENTED_EDGE('',*,*,#13292,.F.);
#13292 = EDGE_CURVE('',#13269,#13285,#13293,.T.);
#13293 = LINE('',#13294,#13295);
#13294 = CARTESIAN_POINT('',(-206.,14.,1.7560125E+03));
#13295 = VECTOR('',#13296,1.);
#13296 = DIRECTION('',(0.,1.,0.));
#13297 = PLANE('',#13298);
#13298 = AXIS2_PLACEMENT_3D('',#13299,#13300,#13301);
#13299 = CARTESIAN_POINT('',(-206.,14.,1.6640125E+03));
#13300 = DIRECTION('',(1.,0.,0.));
#13301 = DIRECTION('',(0.,0.,1.));
#13302 = ADVANCED_FACE('',(#13303),#13337,.T.);
#13303 = FACE_BOUND('',#13304,.T.);
#13304 = EDGE_LOOP('',(#13305,#13315,#13323,#13331));
#13305 = ORIENTED_EDGE('',*,*,#13306,.F.);
#13306 = EDGE_CURVE('',#13307,#13309,#13311,.T.);
#13307 = VERTEX_POINT('',#13308);
#13308 = CARTESIAN_POINT('',(-204.,14.,1.6640125E+03));
#13309 = VERTEX_POINT('',#13310);
#13310 = CARTESIAN_POINT('',(-204.,14.,1.7560125E+03));
#13311 = LINE('',#13312,#13313);
#13312 = CARTESIAN_POINT('',(-204.,14.,1.6640125E+03));
#13313 = VECTOR('',#13314,1.);
#13314 = DIRECTION('',(0.,0.,1.));
#13315 = ORIENTED_EDGE('',*,*,#13316,.T.);
#13316 = EDGE_CURVE('',#13307,#13317,#13319,.T.);
#13317 = VERTEX_POINT('',#13318);
#13318 = CARTESIAN_POINT('',(-204.,206.,1.6640125E+03));
#13319 = LINE('',#13320,#13321);
#13320 = CARTESIAN_POINT('',(-204.,14.,1.6640125E+03));
#13321 = VECTOR('',#13322,1.);
#13322 = DIRECTION('',(0.,1.,0.));
#13323 = ORIENTED_EDGE('',*,*,#13324,.T.);
#13324 = EDGE_CURVE('',#13317,#13325,#13327,.T.);
#13325 = VERTEX_POINT('',#13326);
#13326 = CARTESIAN_POINT('',(-204.,206.,1.7560125E+03));
#13327 = LINE('',#13328,#13329);
#13328 = CARTESIAN_POINT('',(-204.,206.,1.6640125E+03));
#13329 = VECTOR('',#13330,1.);
#13330 = DIRECTION('',(0.,0.,1.));
#13331 = ORIENTED_EDGE('',*,*,#13332,.F.);
#13332 = EDGE_CURVE('',#13309,#13325,#13333,.T.);
#13333 = LINE('',#13334,#13335);
#13334 = CARTESIAN_POINT('',(-204.,14.,1.7560125E+03));
#13335 = VECTOR('',#13336,1.);
#13336 = DIRECTION('',(0.,1.,0.));
#13337 = PLANE('',#13338);
#13338 = AXIS2_PLACEMENT_3D('',#13339,#13340,#13341);
#13339 = CARTESIAN_POINT('',(-204.,14.,1.6640125E+03));
#13340 = DIRECTION('',(1.,0.,0.));
#13341 = DIRECTION('',(0.,0.,1.));
#13342 = ADVANCED_FACE('',(#13343),#13359,.F.);
#13343 = FACE_BOUND('',#13344,.F.);
#13344 = EDGE_LOOP('',(#13345,#13351,#13352,#13358));
#13345 = ORIENTED_EDGE('',*,*,#13346,.F.);
#13346 = EDGE_CURVE('',#13267,#13307,#13347,.T.);
#13347 = LINE('',#13348,#13349);
#13348 = CARTESIAN_POINT('',(-206.,14.,1.6640125E+03));
#13349 = VECTOR('',#13350,1.);
#13350 = DIRECTION('',(1.,0.,0.));
#13351 = ORIENTED_EDGE('',*,*,#13266,.T.);
#13352 = ORIENTED_EDGE('',*,*,#13353,.T.);
#13353 = EDGE_CURVE('',#13269,#13309,#13354,.T.);
#13354 = LINE('',#13355,#13356);
#13355 = CARTESIAN_POINT('',(-206.,14.,1.7560125E+03));
#13356 = VECTOR('',#13357,1.);
#13357 = DIRECTION('',(1.,0.,0.));
#13358 = ORIENTED_EDGE('',*,*,#13306,.F.);
#13359 = PLANE('',#13360);
#13360 = AXIS2_PLACEMENT_3D('',#13361,#13362,#13363);
#13361 = CARTESIAN_POINT('',(-206.,14.,1.6640125E+03));
#13362 = DIRECTION('',(0.,1.,0.));
#13363 = DIRECTION('',(0.,0.,1.));
#13364 = ADVANCED_FACE('',(#13365),#13381,.T.);
#13365 = FACE_BOUND('',#13366,.T.);
#13366 = EDGE_LOOP('',(#13367,#13373,#13374,#13380));
#13367 = ORIENTED_EDGE('',*,*,#13368,.F.);
#13368 = EDGE_CURVE('',#13277,#13317,#13369,.T.);
#13369 = LINE('',#13370,#13371);
#13370 = CARTESIAN_POINT('',(-206.,206.,1.6640125E+03));
#13371 = VECTOR('',#13372,1.);
#13372 = DIRECTION('',(1.,0.,0.));
#13373 = ORIENTED_EDGE('',*,*,#13284,.T.);
#13374 = ORIENTED_EDGE('',*,*,#13375,.T.);
#13375 = EDGE_CURVE('',#13285,#13325,#13376,.T.);
#13376 = LINE('',#13377,#13378);
#13377 = CARTESIAN_POINT('',(-206.,206.,1.7560125E+03));
#13378 = VECTOR('',#13379,1.);
#13379 = DIRECTION('',(1.,0.,0.));
#13380 = ORIENTED_EDGE('',*,*,#13324,.F.);
#13381 = PLANE('',#13382);
#13382 = AXIS2_PLACEMENT_3D('',#13383,#13384,#13385);
#13383 = CARTESIAN_POINT('',(-206.,206.,1.6640125E+03));
#13384 = DIRECTION('',(0.,1.,0.));
#13385 = DIRECTION('',(0.,0.,1.));
#13386 = ADVANCED_FACE('',(#13387),#13393,.F.);
#13387 = FACE_BOUND('',#13388,.F.);
#13388 = EDGE_LOOP('',(#13389,#13390,#13391,#13392));
#13389 = ORIENTED_EDGE('',*,*,#13276,.F.);
#13390 = ORIENTED_EDGE('',*,*,#13346,.T.);
#13391 = ORIENTED_EDGE('',*,*,#13316,.T.);
#13392 = ORIENTED_EDGE('',*,*,#13368,.F.);
#13393 = PLANE('',#13394);
#13394 = AXIS2_PLACEMENT_3D('',#13395,#13396,#13397);
#13395 = CARTESIAN_POINT('',(-206.,14.,1.6640125E+03));
#13396 = DIRECTION('',(0.,0.,1.));
#13397 = DIRECTION('',(1.,0.,0.));
#13398 = ADVANCED_FACE('',(#13399),#13405,.T.);
#13399 = FACE_BOUND('',#13400,.T.);
#13400 = EDGE_LOOP('',(#13401,#13402,#13403,#13404));
#13401 = ORIENTED_EDGE('',*,*,#13292,.F.);
#13402 = ORIENTED_EDGE('',*,*,#13353,.T.);
#13403 = ORIENTED_EDGE('',*,*,#13332,.T.);
#13404 = ORIENTED_EDGE('',*,*,#13375,.F.);
#13405 = PLANE('',#13406);
#13406 = AXIS2_PLACEMENT_3D('',#13407,#13408,#13409);
#13407 = CARTESIAN_POINT('',(-206.,14.,1.7560125E+03));
#13408 = DIRECTION('',(0.,0.,1.));
#13409 = DIRECTION('',(1.,0.,0.));
#13410 = MANIFOLD_SOLID_BREP('',#13411);
#13411 = CLOSED_SHELL('',(#13412,#13452,#13492,#13514,#13536,#13548));
#13412 = ADVANCED_FACE('',(#13413),#13447,.F.);
#13413 = FACE_BOUND('',#13414,.F.);
#13414 = EDGE_LOOP('',(#13415,#13425,#13433,#13441));
#13415 = ORIENTED_EDGE('',*,*,#13416,.F.);
#13416 = EDGE_CURVE('',#13417,#13419,#13421,.T.);
#13417 = VERTEX_POINT('',#13418);
#13418 = CARTESIAN_POINT('',(-191.,14.,1.6640125E+03));
#13419 = VERTEX_POINT('',#13420);
#13420 = CARTESIAN_POINT('',(-191.,14.,1.7560125E+03));
#13421 = LINE('',#13422,#13423);
#13422 = CARTESIAN_POINT('',(-191.,14.,1.6640125E+03));
#13423 = VECTOR('',#13424,1.);
#13424 = DIRECTION('',(0.,0.,1.));
#13425 = ORIENTED_EDGE('',*,*,#13426,.T.);
#13426 = EDGE_CURVE('',#13417,#13427,#13429,.T.);
#13427 = VERTEX_POINT('',#13428);
#13428 = CARTESIAN_POINT('',(-191.,206.,1.6640125E+03));
#13429 = LINE('',#13430,#13431);
#13430 = CARTESIAN_POINT('',(-191.,14.,1.6640125E+03));
#13431 = VECTOR('',#13432,1.);
#13432 = DIRECTION('',(0.,1.,0.));
#13433 = ORIENTED_EDGE('',*,*,#13434,.T.);
#13434 = EDGE_CURVE('',#13427,#13435,#13437,.T.);
#13435 = VERTEX_POINT('',#13436);
#13436 = CARTESIAN_POINT('',(-191.,206.,1.7560125E+03));
#13437 = LINE('',#13438,#13439);
#13438 = CARTESIAN_POINT('',(-191.,206.,1.6640125E+03));
#13439 = VECTOR('',#13440,1.);
#13440 = DIRECTION('',(0.,0.,1.));
#13441 = ORIENTED_EDGE('',*,*,#13442,.F.);
#13442 = EDGE_CURVE('',#13419,#13435,#13443,.T.);
#13443 = LINE('',#13444,#13445);
#13444 = CARTESIAN_POINT('',(-191.,14.,1.7560125E+03));
#13445 = VECTOR('',#13446,1.);
#13446 = DIRECTION('',(0.,1.,0.));
#13447 = PLANE('',#13448);
#13448 = AXIS2_PLACEMENT_3D('',#13449,#13450,#13451);
#13449 = CARTESIAN_POINT('',(-191.,14.,1.6640125E+03));
#13450 = DIRECTION('',(1.,0.,0.));
#13451 = DIRECTION('',(0.,0.,1.));
#13452 = ADVANCED_FACE('',(#13453),#13487,.T.);
#13453 = FACE_BOUND('',#13454,.T.);
#13454 = EDGE_LOOP('',(#13455,#13465,#13473,#13481));
#13455 = ORIENTED_EDGE('',*,*,#13456,.F.);
#13456 = EDGE_CURVE('',#13457,#13459,#13461,.T.);
#13457 = VERTEX_POINT('',#13458);
#13458 = CARTESIAN_POINT('',(-189.,14.,1.6640125E+03));
#13459 = VERTEX_POINT('',#13460);
#13460 = CARTESIAN_POINT('',(-189.,14.,1.7560125E+03));
#13461 = LINE('',#13462,#13463);
#13462 = CARTESIAN_POINT('',(-189.,14.,1.6640125E+03));
#13463 = VECTOR('',#13464,1.);
#13464 = DIRECTION('',(0.,0.,1.));
#13465 = ORIENTED_EDGE('',*,*,#13466,.T.);
#13466 = EDGE_CURVE('',#13457,#13467,#13469,.T.);
#13467 = VERTEX_POINT('',#13468);
#13468 = CARTESIAN_POINT('',(-189.,206.,1.6640125E+03));
#13469 = LINE('',#13470,#13471);
#13470 = CARTESIAN_POINT('',(-189.,14.,1.6640125E+03));
#13471 = VECTOR('',#13472,1.);
#13472 = DIRECTION('',(0.,1.,0.));
#13473 = ORIENTED_EDGE('',*,*,#13474,.T.);
#13474 = EDGE_CURVE('',#13467,#13475,#13477,.T.);
#13475 = VERTEX_POINT('',#13476);
#13476 = CARTESIAN_POINT('',(-189.,206.,1.7560125E+03));
#13477 = LINE('',#13478,#13479);
#13478 = CARTESIAN_POINT('',(-189.,206.,1.6640125E+03));
#13479 = VECTOR('',#13480,1.);
#13480 = DIRECTION('',(0.,0.,1.));
#13481 = ORIENTED_EDGE('',*,*,#13482,.F.);
#13482 = EDGE_CURVE('',#13459,#13475,#13483,.T.);
#13483 = LINE('',#13484,#13485);
#13484 = CARTESIAN_POINT('',(-189.,14.,1.7560125E+03));
#13485 = VECTOR('',#13486,1.);
#13486 = DIRECTION('',(0.,1.,0.));
#13487 = PLANE('',#13488);
#13488 = AXIS2_PLACEMENT_3D('',#13489,#13490,#13491);
#13489 = CARTESIAN_POINT('',(-189.,14.,1.6640125E+03));
#13490 = DIRECTION('',(1.,0.,0.));
#13491 = DIRECTION('',(0.,0.,1.));
#13492 = ADVANCED_FACE('',(#13493),#13509,.F.);
#13493 = FACE_BOUND('',#13494,.F.);
#13494 = EDGE_LOOP('',(#13495,#13501,#13502,#13508));
#13495 = ORIENTED_EDGE('',*,*,#13496,.F.);
#13496 = EDGE_CURVE('',#13417,#13457,#13497,.T.);
#13497 = LINE('',#13498,#13499);
#13498 = CARTESIAN_POINT('',(-191.,14.,1.6640125E+03));
#13499 = VECTOR('',#13500,1.);
#13500 = DIRECTION('',(1.,0.,0.));
#13501 = ORIENTED_EDGE('',*,*,#13416,.T.);
#13502 = ORIENTED_EDGE('',*,*,#13503,.T.);
#13503 = EDGE_CURVE('',#13419,#13459,#13504,.T.);
#13504 = LINE('',#13505,#13506);
#13505 = CARTESIAN_POINT('',(-191.,14.,1.7560125E+03));
#13506 = VECTOR('',#13507,1.);
#13507 = DIRECTION('',(1.,0.,0.));
#13508 = ORIENTED_EDGE('',*,*,#13456,.F.);
#13509 = PLANE('',#13510);
#13510 = AXIS2_PLACEMENT_3D('',#13511,#13512,#13513);
#13511 = CARTESIAN_POINT('',(-191.,14.,1.6640125E+03));
#13512 = DIRECTION('',(0.,1.,0.));
#13513 = DIRECTION('',(0.,0.,1.));
#13514 = ADVANCED_FACE('',(#13515),#13531,.T.);
#13515 = FACE_BOUND('',#13516,.T.);
#13516 = EDGE_LOOP('',(#13517,#13523,#13524,#13530));
#13517 = ORIENTED_EDGE('',*,*,#13518,.F.);
#13518 = EDGE_CURVE('',#13427,#13467,#13519,.T.);
#13519 = LINE('',#13520,#13521);
#13520 = CARTESIAN_POINT('',(-191.,206.,1.6640125E+03));
#13521 = VECTOR('',#13522,1.);
#13522 = DIRECTION('',(1.,0.,0.));
#13523 = ORIENTED_EDGE('',*,*,#13434,.T.);
#13524 = ORIENTED_EDGE('',*,*,#13525,.T.);
#13525 = EDGE_CURVE('',#13435,#13475,#13526,.T.);
#13526 = LINE('',#13527,#13528);
#13527 = CARTESIAN_POINT('',(-191.,206.,1.7560125E+03));
#13528 = VECTOR('',#13529,1.);
#13529 = DIRECTION('',(1.,0.,0.));
#13530 = ORIENTED_EDGE('',*,*,#13474,.F.);
#13531 = PLANE('',#13532);
#13532 = AXIS2_PLACEMENT_3D('',#13533,#13534,#13535);
#13533 = CARTESIAN_POINT('',(-191.,206.,1.6640125E+03));
#13534 = DIRECTION('',(0.,1.,0.));
#13535 = DIRECTION('',(0.,0.,1.));
#13536 = ADVANCED_FACE('',(#13537),#13543,.F.);
#13537 = FACE_BOUND('',#13538,.F.);
#13538 = EDGE_LOOP('',(#13539,#13540,#13541,#13542));
#13539 = ORIENTED_EDGE('',*,*,#13426,.F.);
#13540 = ORIENTED_EDGE('',*,*,#13496,.T.);
#13541 = ORIENTED_EDGE('',*,*,#13466,.T.);
#13542 = ORIENTED_EDGE('',*,*,#13518,.F.);
#13543 = PLANE('',#13544);
#13544 = AXIS2_PLACEMENT_3D('',#13545,#13546,#13547);
#13545 = CARTESIAN_POINT('',(-191.,14.,1.6640125E+03));
#13546 = DIRECTION('',(0.,0.,1.));
#13547 = DIRECTION('',(1.,0.,0.));
#13548 = ADVANCED_FACE('',(#13549),#13555,.T.);
#13549 = FACE_BOUND('',#13550,.T.);
#13550 = EDGE_LOOP('',(#13551,#13552,#13553,#13554));
#13551 = ORIENTED_EDGE('',*,*,#13442,.F.);
#13552 = ORIENTED_EDGE('',*,*,#13503,.T.);
#13553 = ORIENTED_EDGE('',*,*,#13482,.T.);
#13554 = ORIENTED_EDGE('',*,*,#13525,.F.);
#13555 = PLANE('',#13556);
#13556 = AXIS2_PLACEMENT_3D('',#13557,#13558,#13559);
#13557 = CARTESIAN_POINT('',(-191.,14.,1.7560125E+03));
#13558 = DIRECTION('',(0.,0.,1.));
#13559 = DIRECTION('',(1.,0.,0.));
#13560 = MANIFOLD_SOLID_BREP('',#13561);
#13561 = CLOSED_SHELL('',(#13562,#13602,#13642,#13664,#13686,#13698));
#13562 = ADVANCED_FACE('',(#13563),#13597,.F.);
#13563 = FACE_BOUND('',#13564,.F.);
#13564 = EDGE_LOOP('',(#13565,#13575,#13583,#13591));
#13565 = ORIENTED_EDGE('',*,*,#13566,.F.);
#13566 = EDGE_CURVE('',#13567,#13569,#13571,.T.);
#13567 = VERTEX_POINT('',#13568);
#13568 = CARTESIAN_POINT('',(-176.,14.,1.6640125E+03));
#13569 = VERTEX_POINT('',#13570);
#13570 = CARTESIAN_POINT('',(-176.,14.,1.7560125E+03));
#13571 = LINE('',#13572,#13573);
#13572 = CARTESIAN_POINT('',(-176.,14.,1.6640125E+03));
#13573 = VECTOR('',#13574,1.);
#13574 = DIRECTION('',(0.,0.,1.));
#13575 = ORIENTED_EDGE('',*,*,#13576,.T.);
#13576 = EDGE_CURVE('',#13567,#13577,#13579,.T.);
#13577 = VERTEX_POINT('',#13578);
#13578 = CARTESIAN_POINT('',(-176.,206.,1.6640125E+03));
#13579 = LINE('',#13580,#13581);
#13580 = CARTESIAN_POINT('',(-176.,14.,1.6640125E+03));
#13581 = VECTOR('',#13582,1.);
#13582 = DIRECTION('',(0.,1.,0.));
#13583 = ORIENTED_EDGE('',*,*,#13584,.T.);
#13584 = EDGE_CURVE('',#13577,#13585,#13587,.T.);
#13585 = VERTEX_POINT('',#13586);
#13586 = CARTESIAN_POINT('',(-176.,206.,1.7560125E+03));
#13587 = LINE('',#13588,#13589);
#13588 = CARTESIAN_POINT('',(-176.,206.,1.6640125E+03));
#13589 = VECTOR('',#13590,1.);
#13590 = DIRECTION('',(0.,0.,1.));
#13591 = ORIENTED_EDGE('',*,*,#13592,.F.);
#13592 = EDGE_CURVE('',#13569,#13585,#13593,.T.);
#13593 = LINE('',#13594,#13595);
#13594 = CARTESIAN_POINT('',(-176.,14.,1.7560125E+03));
#13595 = VECTOR('',#13596,1.);
#13596 = DIRECTION('',(0.,1.,0.));
#13597 = PLANE('',#13598);
#13598 = AXIS2_PLACEMENT_3D('',#13599,#13600,#13601);
#13599 = CARTESIAN_POINT('',(-176.,14.,1.6640125E+03));
#13600 = DIRECTION('',(1.,0.,0.));
#13601 = DIRECTION('',(0.,0.,1.));
#13602 = ADVANCED_FACE('',(#13603),#13637,.T.);
#13603 = FACE_BOUND('',#13604,.T.);
#13604 = EDGE_LOOP('',(#13605,#13615,#13623,#13631));
#13605 = ORIENTED_EDGE('',*,*,#13606,.F.);
#13606 = EDGE_CURVE('',#13607,#13609,#13611,.T.);
#13607 = VERTEX_POINT('',#13608);
#13608 = CARTESIAN_POINT('',(-174.,14.,1.6640125E+03));
#13609 = VERTEX_POINT('',#13610);
#13610 = CARTESIAN_POINT('',(-174.,14.,1.7560125E+03));
#13611 = LINE('',#13612,#13613);
#13612 = CARTESIAN_POINT('',(-174.,14.,1.6640125E+03));
#13613 = VECTOR('',#13614,1.);
#13614 = DIRECTION('',(0.,0.,1.));
#13615 = ORIENTED_EDGE('',*,*,#13616,.T.);
#13616 = EDGE_CURVE('',#13607,#13617,#13619,.T.);
#13617 = VERTEX_POINT('',#13618);
#13618 = CARTESIAN_POINT('',(-174.,206.,1.6640125E+03));
#13619 = LINE('',#13620,#13621);
#13620 = CARTESIAN_POINT('',(-174.,14.,1.6640125E+03));
#13621 = VECTOR('',#13622,1.);
#13622 = DIRECTION('',(0.,1.,0.));
#13623 = ORIENTED_EDGE('',*,*,#13624,.T.);
#13624 = EDGE_CURVE('',#13617,#13625,#13627,.T.);
#13625 = VERTEX_POINT('',#13626);
#13626 = CARTESIAN_POINT('',(-174.,206.,1.7560125E+03));
#13627 = LINE('',#13628,#13629);
#13628 = CARTESIAN_POINT('',(-174.,206.,1.6640125E+03));
#13629 = VECTOR('',#13630,1.);
#13630 = DIRECTION('',(0.,0.,1.));
#13631 = ORIENTED_EDGE('',*,*,#13632,.F.);
#13632 = EDGE_CURVE('',#13609,#13625,#13633,.T.);
#13633 = LINE('',#13634,#13635);
#13634 = CARTESIAN_POINT('',(-174.,14.,1.7560125E+03));
#13635 = VECTOR('',#13636,1.);
#13636 = DIRECTION('',(0.,1.,0.));
#13637 = PLANE('',#13638);
#13638 = AXIS2_PLACEMENT_3D('',#13639,#13640,#13641);
#13639 = CARTESIAN_POINT('',(-174.,14.,1.6640125E+03));
#13640 = DIRECTION('',(1.,0.,0.));
#13641 = DIRECTION('',(0.,0.,1.));
#13642 = ADVANCED_FACE('',(#13643),#13659,.F.);
#13643 = FACE_BOUND('',#13644,.F.);
#13644 = EDGE_LOOP('',(#13645,#13651,#13652,#13658));
#13645 = ORIENTED_EDGE('',*,*,#13646,.F.);
#13646 = EDGE_CURVE('',#13567,#13607,#13647,.T.);
#13647 = LINE('',#13648,#13649);
#13648 = CARTESIAN_POINT('',(-176.,14.,1.6640125E+03));
#13649 = VECTOR('',#13650,1.);
#13650 = DIRECTION('',(1.,0.,0.));
#13651 = ORIENTED_EDGE('',*,*,#13566,.T.);
#13652 = ORIENTED_EDGE('',*,*,#13653,.T.);
#13653 = EDGE_CURVE('',#13569,#13609,#13654,.T.);
#13654 = LINE('',#13655,#13656);
#13655 = CARTESIAN_POINT('',(-176.,14.,1.7560125E+03));
#13656 = VECTOR('',#13657,1.);
#13657 = DIRECTION('',(1.,0.,0.));
#13658 = ORIENTED_EDGE('',*,*,#13606,.F.);
#13659 = PLANE('',#13660);
#13660 = AXIS2_PLACEMENT_3D('',#13661,#13662,#13663);
#13661 = CARTESIAN_POINT('',(-176.,14.,1.6640125E+03));
#13662 = DIRECTION('',(0.,1.,0.));
#13663 = DIRECTION('',(0.,0.,1.));
#13664 = ADVANCED_FACE('',(#13665),#13681,.T.);
#13665 = FACE_BOUND('',#13666,.T.);
#13666 = EDGE_LOOP('',(#13667,#13673,#13674,#13680));
#13667 = ORIENTED_EDGE('',*,*,#13668,.F.);
#13668 = EDGE_CURVE('',#13577,#13617,#13669,.T.);
#13669 = LINE('',#13670,#13671);
#13670 = CARTESIAN_POINT('',(-176.,206.,1.6640125E+03));
#13671 = VECTOR('',#13672,1.);
#13672 = DIRECTION('',(1.,0.,0.));
#13673 = ORIENTED_EDGE('',*,*,#13584,.T.);
#13674 = ORIENTED_EDGE('',*,*,#13675,.T.);
#13675 = EDGE_CURVE('',#13585,#13625,#13676,.T.);
#13676 = LINE('',#13677,#13678);
#13677 = CARTESIAN_POINT('',(-176.,206.,1.7560125E+03));
#13678 = VECTOR('',#13679,1.);
#13679 = DIRECTION('',(1.,0.,0.));
#13680 = ORIENTED_EDGE('',*,*,#13624,.F.);
#13681 = PLANE('',#13682);
#13682 = AXIS2_PLACEMENT_3D('',#13683,#13684,#13685);
#13683 = CARTESIAN_POINT('',(-176.,206.,1.6640125E+03));
#13684 = DIRECTION('',(0.,1.,0.));
#13685 = DIRECTION('',(0.,0.,1.));
#13686 = ADVANCED_FACE('',(#13687),#13693,.F.);
#13687 = FACE_BOUND('',#13688,.F.);
#13688 = EDGE_LOOP('',(#13689,#13690,#13691,#13692));
#13689 = ORIENTED_EDGE('',*,*,#13576,.F.);
#13690 = ORIENTED_EDGE('',*,*,#13646,.T.);
#13691 = ORIENTED_EDGE('',*,*,#13616,.T.);
#13692 = ORIENTED_EDGE('',*,*,#13668,.F.);
#13693 = PLANE('',#13694);
#13694 = AXIS2_PLACEMENT_3D('',#13695,#13696,#13697);
#13695 = CARTESIAN_POINT('',(-176.,14.,1.6640125E+03));
#13696 = DIRECTION('',(0.,0.,1.));
#13697 = DIRECTION('',(1.,0.,0.));
#13698 = ADVANCED_FACE('',(#13699),#13705,.T.);
#13699 = FACE_BOUND('',#13700,.T.);
#13700 = EDGE_LOOP('',(#13701,#13702,#13703,#13704));
#13701 = ORIENTED_EDGE('',*,*,#13592,.F.);
#13702 = ORIENTED_EDGE('',*,*,#13653,.T.);
#13703 = ORIENTED_EDGE('',*,*,#13632,.T.);
#13704 = ORIENTED_EDGE('',*,*,#13675,.F.);
#13705 = PLANE('',#13706);
#13706 = AXIS2_PLACEMENT_3D('',#13707,#13708,#13709);
#13707 = CARTESIAN_POINT('',(-176.,14.,1.7560125E+03));
#13708 = DIRECTION('',(0.,0.,1.));
#13709 = DIRECTION('',(1.,0.,0.));
#13710 = MANIFOLD_SOLID_BREP('',#13711);
#13711 = CLOSED_SHELL('',(#13712,#13752,#13792,#13814,#13836,#13848));
#13712 = ADVANCED_FACE('',(#13713),#13747,.F.);
#13713 = FACE_BOUND('',#13714,.F.);
#13714 = EDGE_LOOP('',(#13715,#13725,#13733,#13741));
#13715 = ORIENTED_EDGE('',*,*,#13716,.F.);
#13716 = EDGE_CURVE('',#13717,#13719,#13721,.T.);
#13717 = VERTEX_POINT('',#13718);
#13718 = CARTESIAN_POINT('',(-161.,14.,1.6640125E+03));
#13719 = VERTEX_POINT('',#13720);
#13720 = CARTESIAN_POINT('',(-161.,14.,1.7560125E+03));
#13721 = LINE('',#13722,#13723);
#13722 = CARTESIAN_POINT('',(-161.,14.,1.6640125E+03));
#13723 = VECTOR('',#13724,1.);
#13724 = DIRECTION('',(0.,0.,1.));
#13725 = ORIENTED_EDGE('',*,*,#13726,.T.);
#13726 = EDGE_CURVE('',#13717,#13727,#13729,.T.);
#13727 = VERTEX_POINT('',#13728);
#13728 = CARTESIAN_POINT('',(-161.,206.,1.6640125E+03));
#13729 = LINE('',#13730,#13731);
#13730 = CARTESIAN_POINT('',(-161.,14.,1.6640125E+03));
#13731 = VECTOR('',#13732,1.);
#13732 = DIRECTION('',(0.,1.,0.));
#13733 = ORIENTED_EDGE('',*,*,#13734,.T.);
#13734 = EDGE_CURVE('',#13727,#13735,#13737,.T.);
#13735 = VERTEX_POINT('',#13736);
#13736 = CARTESIAN_POINT('',(-161.,206.,1.7560125E+03));
#13737 = LINE('',#13738,#13739);
#13738 = CARTESIAN_POINT('',(-161.,206.,1.6640125E+03));
#13739 = VECTOR('',#13740,1.);
#13740 = DIRECTION('',(0.,0.,1.));
#13741 = ORIENTED_EDGE('',*,*,#13742,.F.);
#13742 = EDGE_CURVE('',#13719,#13735,#13743,.T.);
#13743 = LINE('',#13744,#13745);
#13744 = CARTESIAN_POINT('',(-161.,14.,1.7560125E+03));
#13745 = VECTOR('',#13746,1.);
#13746 = DIRECTION('',(0.,1.,0.));
#13747 = PLANE('',#13748);
#13748 = AXIS2_PLACEMENT_3D('',#13749,#13750,#13751);
#13749 = CARTESIAN_POINT('',(-161.,14.,1.6640125E+03));
#13750 = DIRECTION('',(1.,0.,0.));
#13751 = DIRECTION('',(0.,0.,1.));
#13752 = ADVANCED_FACE('',(#13753),#13787,.T.);
#13753 = FACE_BOUND('',#13754,.T.);
#13754 = EDGE_LOOP('',(#13755,#13765,#13773,#13781));
#13755 = ORIENTED_EDGE('',*,*,#13756,.F.);
#13756 = EDGE_CURVE('',#13757,#13759,#13761,.T.);
#13757 = VERTEX_POINT('',#13758);
#13758 = CARTESIAN_POINT('',(-159.,14.,1.6640125E+03));
#13759 = VERTEX_POINT('',#13760);
#13760 = CARTESIAN_POINT('',(-159.,14.,1.7560125E+03));
#13761 = LINE('',#13762,#13763);
#13762 = CARTESIAN_POINT('',(-159.,14.,1.6640125E+03));
#13763 = VECTOR('',#13764,1.);
#13764 = DIRECTION('',(0.,0.,1.));
#13765 = ORIENTED_EDGE('',*,*,#13766,.T.);
#13766 = EDGE_CURVE('',#13757,#13767,#13769,.T.);
#13767 = VERTEX_POINT('',#13768);
#13768 = CARTESIAN_POINT('',(-159.,206.,1.6640125E+03));
#13769 = LINE('',#13770,#13771);
#13770 = CARTESIAN_POINT('',(-159.,14.,1.6640125E+03));
#13771 = VECTOR('',#13772,1.);
#13772 = DIRECTION('',(0.,1.,0.));
#13773 = ORIENTED_EDGE('',*,*,#13774,.T.);
#13774 = EDGE_CURVE('',#13767,#13775,#13777,.T.);
#13775 = VERTEX_POINT('',#13776);
#13776 = CARTESIAN_POINT('',(-159.,206.,1.7560125E+03));
#13777 = LINE('',#13778,#13779);
#13778 = CARTESIAN_POINT('',(-159.,206.,1.6640125E+03));
#13779 = VECTOR('',#13780,1.);
#13780 = DIRECTION('',(0.,0.,1.));
#13781 = ORIENTED_EDGE('',*,*,#13782,.F.);
#13782 = EDGE_CURVE('',#13759,#13775,#13783,.T.);
#13783 = LINE('',#13784,#13785);
#13784 = CARTESIAN_POINT('',(-159.,14.,1.7560125E+03));
#13785 = VECTOR('',#13786,1.);
#13786 = DIRECTION('',(0.,1.,0.));
#13787 = PLANE('',#13788);
#13788 = AXIS2_PLACEMENT_3D('',#13789,#13790,#13791);
#13789 = CARTESIAN_POINT('',(-159.,14.,1.6640125E+03));
#13790 = DIRECTION('',(1.,0.,0.));
#13791 = DIRECTION('',(0.,0.,1.));
#13792 = ADVANCED_FACE('',(#13793),#13809,.F.);
#13793 = FACE_BOUND('',#13794,.F.);
#13794 = EDGE_LOOP('',(#13795,#13801,#13802,#13808));
#13795 = ORIENTED_EDGE('',*,*,#13796,.F.);
#13796 = EDGE_CURVE('',#13717,#13757,#13797,.T.);
#13797 = LINE('',#13798,#13799);
#13798 = CARTESIAN_POINT('',(-161.,14.,1.6640125E+03));
#13799 = VECTOR('',#13800,1.);
#13800 = DIRECTION('',(1.,0.,0.));
#13801 = ORIENTED_EDGE('',*,*,#13716,.T.);
#13802 = ORIENTED_EDGE('',*,*,#13803,.T.);
#13803 = EDGE_CURVE('',#13719,#13759,#13804,.T.);
#13804 = LINE('',#13805,#13806);
#13805 = CARTESIAN_POINT('',(-161.,14.,1.7560125E+03));
#13806 = VECTOR('',#13807,1.);
#13807 = DIRECTION('',(1.,0.,0.));
#13808 = ORIENTED_EDGE('',*,*,#13756,.F.);
#13809 = PLANE('',#13810);
#13810 = AXIS2_PLACEMENT_3D('',#13811,#13812,#13813);
#13811 = CARTESIAN_POINT('',(-161.,14.,1.6640125E+03));
#13812 = DIRECTION('',(0.,1.,0.));
#13813 = DIRECTION('',(0.,0.,1.));
#13814 = ADVANCED_FACE('',(#13815),#13831,.T.);
#13815 = FACE_BOUND('',#13816,.T.);
#13816 = EDGE_LOOP('',(#13817,#13823,#13824,#13830));
#13817 = ORIENTED_EDGE('',*,*,#13818,.F.);
#13818 = EDGE_CURVE('',#13727,#13767,#13819,.T.);
#13819 = LINE('',#13820,#13821);
#13820 = CARTESIAN_POINT('',(-161.,206.,1.6640125E+03));
#13821 = VECTOR('',#13822,1.);
#13822 = DIRECTION('',(1.,0.,0.));
#13823 = ORIENTED_EDGE('',*,*,#13734,.T.);
#13824 = ORIENTED_EDGE('',*,*,#13825,.T.);
#13825 = EDGE_CURVE('',#13735,#13775,#13826,.T.);
#13826 = LINE('',#13827,#13828);
#13827 = CARTESIAN_POINT('',(-161.,206.,1.7560125E+03));
#13828 = VECTOR('',#13829,1.);
#13829 = DIRECTION('',(1.,0.,0.));
#13830 = ORIENTED_EDGE('',*,*,#13774,.F.);
#13831 = PLANE('',#13832);
#13832 = AXIS2_PLACEMENT_3D('',#13833,#13834,#13835);
#13833 = CARTESIAN_POINT('',(-161.,206.,1.6640125E+03));
#13834 = DIRECTION('',(0.,1.,0.));
#13835 = DIRECTION('',(0.,0.,1.));
#13836 = ADVANCED_FACE('',(#13837),#13843,.F.);
#13837 = FACE_BOUND('',#13838,.F.);
#13838 = EDGE_LOOP('',(#13839,#13840,#13841,#13842));
#13839 = ORIENTED_EDGE('',*,*,#13726,.F.);
#13840 = ORIENTED_EDGE('',*,*,#13796,.T.);
#13841 = ORIENTED_EDGE('',*,*,#13766,.T.);
#13842 = ORIENTED_EDGE('',*,*,#13818,.F.);
#13843 = PLANE('',#13844);
#13844 = AXIS2_PLACEMENT_3D('',#13845,#13846,#13847);
#13845 = CARTESIAN_POINT('',(-161.,14.,1.6640125E+03));
#13846 = DIRECTION('',(0.,0.,1.));
#13847 = DIRECTION('',(1.,0.,0.));
#13848 = ADVANCED_FACE('',(#13849),#13855,.T.);
#13849 = FACE_BOUND('',#13850,.T.);
#13850 = EDGE_LOOP('',(#13851,#13852,#13853,#13854));
#13851 = ORIENTED_EDGE('',*,*,#13742,.F.);
#13852 = ORIENTED_EDGE('',*,*,#13803,.T.);
#13853 = ORIENTED_EDGE('',*,*,#13782,.T.);
#13854 = ORIENTED_EDGE('',*,*,#13825,.F.);
#13855 = PLANE('',#13856);
#13856 = AXIS2_PLACEMENT_3D('',#13857,#13858,#13859);
#13857 = CARTESIAN_POINT('',(-161.,14.,1.7560125E+03));
#13858 = DIRECTION('',(0.,0.,1.));
#13859 = DIRECTION('',(1.,0.,0.));
#13860 = MANIFOLD_SOLID_BREP('',#13861);
#13861 = CLOSED_SHELL('',(#13862,#13902,#13942,#13964,#13986,#13998));
#13862 = ADVANCED_FACE('',(#13863),#13897,.F.);
#13863 = FACE_BOUND('',#13864,.F.);
#13864 = EDGE_LOOP('',(#13865,#13875,#13883,#13891));
#13865 = ORIENTED_EDGE('',*,*,#13866,.F.);
#13866 = EDGE_CURVE('',#13867,#13869,#13871,.T.);
#13867 = VERTEX_POINT('',#13868);
#13868 = CARTESIAN_POINT('',(-146.,14.,1.6640125E+03));
#13869 = VERTEX_POINT('',#13870);
#13870 = CARTESIAN_POINT('',(-146.,14.,1.7560125E+03));
#13871 = LINE('',#13872,#13873);
#13872 = CARTESIAN_POINT('',(-146.,14.,1.6640125E+03));
#13873 = VECTOR('',#13874,1.);
#13874 = DIRECTION('',(0.,0.,1.));
#13875 = ORIENTED_EDGE('',*,*,#13876,.T.);
#13876 = EDGE_CURVE('',#13867,#13877,#13879,.T.);
#13877 = VERTEX_POINT('',#13878);
#13878 = CARTESIAN_POINT('',(-146.,206.,1.6640125E+03));
#13879 = LINE('',#13880,#13881);
#13880 = CARTESIAN_POINT('',(-146.,14.,1.6640125E+03));
#13881 = VECTOR('',#13882,1.);
#13882 = DIRECTION('',(0.,1.,0.));
#13883 = ORIENTED_EDGE('',*,*,#13884,.T.);
#13884 = EDGE_CURVE('',#13877,#13885,#13887,.T.);
#13885 = VERTEX_POINT('',#13886);
#13886 = CARTESIAN_POINT('',(-146.,206.,1.7560125E+03));
#13887 = LINE('',#13888,#13889);
#13888 = CARTESIAN_POINT('',(-146.,206.,1.6640125E+03));
#13889 = VECTOR('',#13890,1.);
#13890 = DIRECTION('',(0.,0.,1.));
#13891 = ORIENTED_EDGE('',*,*,#13892,.F.);
#13892 = EDGE_CURVE('',#13869,#13885,#13893,.T.);
#13893 = LINE('',#13894,#13895);
#13894 = CARTESIAN_POINT('',(-146.,14.,1.7560125E+03));
#13895 = VECTOR('',#13896,1.);
#13896 = DIRECTION('',(0.,1.,0.));
#13897 = PLANE('',#13898);
#13898 = AXIS2_PLACEMENT_3D('',#13899,#13900,#13901);
#13899 = CARTESIAN_POINT('',(-146.,14.,1.6640125E+03));
#13900 = DIRECTION('',(1.,0.,0.));
#13901 = DIRECTION('',(0.,0.,1.));
#13902 = ADVANCED_FACE('',(#13903),#13937,.T.);
#13903 = FACE_BOUND('',#13904,.T.);
#13904 = EDGE_LOOP('',(#13905,#13915,#13923,#13931));
#13905 = ORIENTED_EDGE('',*,*,#13906,.F.);
#13906 = EDGE_CURVE('',#13907,#13909,#13911,.T.);
#13907 = VERTEX_POINT('',#13908);
#13908 = CARTESIAN_POINT('',(-144.,14.,1.6640125E+03));
#13909 = VERTEX_POINT('',#13910);
#13910 = CARTESIAN_POINT('',(-144.,14.,1.7560125E+03));
#13911 = LINE('',#13912,#13913);
#13912 = CARTESIAN_POINT('',(-144.,14.,1.6640125E+03));
#13913 = VECTOR('',#13914,1.);
#13914 = DIRECTION('',(0.,0.,1.));
#13915 = ORIENTED_EDGE('',*,*,#13916,.T.);
#13916 = EDGE_CURVE('',#13907,#13917,#13919,.T.);
#13917 = VERTEX_POINT('',#13918);
#13918 = CARTESIAN_POINT('',(-144.,206.,1.6640125E+03));
#13919 = LINE('',#13920,#13921);
#13920 = CARTESIAN_POINT('',(-144.,14.,1.6640125E+03));
#13921 = VECTOR('',#13922,1.);
#13922 = DIRECTION('',(0.,1.,0.));
#13923 = ORIENTED_EDGE('',*,*,#13924,.T.);
#13924 = EDGE_CURVE('',#13917,#13925,#13927,.T.);
#13925 = VERTEX_POINT('',#13926);
#13926 = CARTESIAN_POINT('',(-144.,206.,1.7560125E+03));
#13927 = LINE('',#13928,#13929);
#13928 = CARTESIAN_POINT('',(-144.,206.,1.6640125E+03));
#13929 = VECTOR('',#13930,1.);
#13930 = DIRECTION('',(0.,0.,1.));
#13931 = ORIENTED_EDGE('',*,*,#13932,.F.);
#13932 = EDGE_CURVE('',#13909,#13925,#13933,.T.);
#13933 = LINE('',#13934,#13935);
#13934 = CARTESIAN_POINT('',(-144.,14.,1.7560125E+03));
#13935 = VECTOR('',#13936,1.);
#13936 = DIRECTION('',(0.,1.,0.));
#13937 = PLANE('',#13938);
#13938 = AXIS2_PLACEMENT_3D('',#13939,#13940,#13941);
#13939 = CARTESIAN_POINT('',(-144.,14.,1.6640125E+03));
#13940 = DIRECTION('',(1.,0.,0.));
#13941 = DIRECTION('',(0.,0.,1.));
#13942 = ADVANCED_FACE('',(#13943),#13959,.F.);
#13943 = FACE_BOUND('',#13944,.F.);
#13944 = EDGE_LOOP('',(#13945,#13951,#13952,#13958));
#13945 = ORIENTED_EDGE('',*,*,#13946,.F.);
#13946 = EDGE_CURVE('',#13867,#13907,#13947,.T.);
#13947 = LINE('',#13948,#13949);
#13948 = CARTESIAN_POINT('',(-146.,14.,1.6640125E+03));
#13949 = VECTOR('',#13950,1.);
#13950 = DIRECTION('',(1.,0.,0.));
#13951 = ORIENTED_EDGE('',*,*,#13866,.T.);
#13952 = ORIENTED_EDGE('',*,*,#13953,.T.);
#13953 = EDGE_CURVE('',#13869,#13909,#13954,.T.);
#13954 = LINE('',#13955,#13956);
#13955 = CARTESIAN_POINT('',(-146.,14.,1.7560125E+03));
#13956 = VECTOR('',#13957,1.);
#13957 = DIRECTION('',(1.,0.,0.));
#13958 = ORIENTED_EDGE('',*,*,#13906,.F.);
#13959 = PLANE('',#13960);
#13960 = AXIS2_PLACEMENT_3D('',#13961,#13962,#13963);
#13961 = CARTESIAN_POINT('',(-146.,14.,1.6640125E+03));
#13962 = DIRECTION('',(0.,1.,0.));
#13963 = DIRECTION('',(0.,0.,1.));
#13964 = ADVANCED_FACE('',(#13965),#13981,.T.);
#13965 = FACE_BOUND('',#13966,.T.);
#13966 = EDGE_LOOP('',(#13967,#13973,#13974,#13980));
#13967 = ORIENTED_EDGE('',*,*,#13968,.F.);
#13968 = EDGE_CURVE('',#13877,#13917,#13969,.T.);
#13969 = LINE('',#13970,#13971);
#13970 = CARTESIAN_POINT('',(-146.,206.,1.6640125E+03));
#13971 = VECTOR('',#13972,1.);
#13972 = DIRECTION('',(1.,0.,0.));
#13973 = ORIENTED_EDGE('',*,*,#13884,.T.);
#13974 = ORIENTED_EDGE('',*,*,#13975,.T.);
#13975 = EDGE_CURVE('',#13885,#13925,#13976,.T.);
#13976 = LINE('',#13977,#13978);
#13977 = CARTESIAN_POINT('',(-146.,206.,1.7560125E+03));
#13978 = VECTOR('',#13979,1.);
#13979 = DIRECTION('',(1.,0.,0.));
#13980 = ORIENTED_EDGE('',*,*,#13924,.F.);
#13981 = PLANE('',#13982);
#13982 = AXIS2_PLACEMENT_3D('',#13983,#13984,#13985);
#13983 = CARTESIAN_POINT('',(-146.,206.,1.6640125E+03));
#13984 = DIRECTION('',(0.,1.,0.));
#13985 = DIRECTION('',(0.,0.,1.));
#13986 = ADVANCED_FACE('',(#13987),#13993,.F.);
#13987 = FACE_BOUND('',#13988,.F.);
#13988 = EDGE_LOOP('',(#13989,#13990,#13991,#13992));
#13989 = ORIENTED_EDGE('',*,*,#13876,.F.);
#13990 = ORIENTED_EDGE('',*,*,#13946,.T.);
#13991 = ORIENTED_EDGE('',*,*,#13916,.T.);
#13992 = ORIENTED_EDGE('',*,*,#13968,.F.);
#13993 = PLANE('',#13994);
#13994 = AXIS2_PLACEMENT_3D('',#13995,#13996,#13997);
#13995 = CARTESIAN_POINT('',(-146.,14.,1.6640125E+03));
#13996 = DIRECTION('',(0.,0.,1.));
#13997 = DIRECTION('',(1.,0.,0.));
#13998 = ADVANCED_FACE('',(#13999),#14005,.T.);
#13999 = FACE_BOUND('',#14000,.T.);
#14000 = EDGE_LOOP('',(#14001,#14002,#14003,#14004));
#14001 = ORIENTED_EDGE('',*,*,#13892,.F.);
#14002 = ORIENTED_EDGE('',*,*,#13953,.T.);
#14003 = ORIENTED_EDGE('',*,*,#13932,.T.);
#14004 = ORIENTED_EDGE('',*,*,#13975,.F.);
#14005 = PLANE('',#14006);
#14006 = AXIS2_PLACEMENT_3D('',#14007,#14008,#14009);
#14007 = CARTESIAN_POINT('',(-146.,14.,1.7560125E+03));
#14008 = DIRECTION('',(0.,0.,1.));
#14009 = DIRECTION('',(1.,0.,0.));
#14010 = MANIFOLD_SOLID_BREP('',#14011);
#14011 = CLOSED_SHELL('',(#14012,#14052,#14092,#14114,#14136,#14148));
#14012 = ADVANCED_FACE('',(#14013),#14047,.F.);
#14013 = FACE_BOUND('',#14014,.F.);
#14014 = EDGE_LOOP('',(#14015,#14025,#14033,#14041));
#14015 = ORIENTED_EDGE('',*,*,#14016,.F.);
#14016 = EDGE_CURVE('',#14017,#14019,#14021,.T.);
#14017 = VERTEX_POINT('',#14018);
#14018 = CARTESIAN_POINT('',(-131.,14.,1.6640125E+03));
#14019 = VERTEX_POINT('',#14020);
#14020 = CARTESIAN_POINT('',(-131.,14.,1.7560125E+03));
#14021 = LINE('',#14022,#14023);
#14022 = CARTESIAN_POINT('',(-131.,14.,1.6640125E+03));
#14023 = VECTOR('',#14024,1.);
#14024 = DIRECTION('',(0.,0.,1.));
#14025 = ORIENTED_EDGE('',*,*,#14026,.T.);
#14026 = EDGE_CURVE('',#14017,#14027,#14029,.T.);
#14027 = VERTEX_POINT('',#14028);
#14028 = CARTESIAN_POINT('',(-131.,206.,1.6640125E+03));
#14029 = LINE('',#14030,#14031);
#14030 = CARTESIAN_POINT('',(-131.,14.,1.6640125E+03));
#14031 = VECTOR('',#14032,1.);
#14032 = DIRECTION('',(0.,1.,0.));
#14033 = ORIENTED_EDGE('',*,*,#14034,.T.);
#14034 = EDGE_CURVE('',#14027,#14035,#14037,.T.);
#14035 = VERTEX_POINT('',#14036);
#14036 = CARTESIAN_POINT('',(-131.,206.,1.7560125E+03));
#14037 = LINE('',#14038,#14039);
#14038 = CARTESIAN_POINT('',(-131.,206.,1.6640125E+03));
#14039 = VECTOR('',#14040,1.);
#14040 = DIRECTION('',(0.,0.,1.));
#14041 = ORIENTED_EDGE('',*,*,#14042,.F.);
#14042 = EDGE_CURVE('',#14019,#14035,#14043,.T.);
#14043 = LINE('',#14044,#14045);
#14044 = CARTESIAN_POINT('',(-131.,14.,1.7560125E+03));
#14045 = VECTOR('',#14046,1.);
#14046 = DIRECTION('',(0.,1.,0.));
#14047 = PLANE('',#14048);
#14048 = AXIS2_PLACEMENT_3D('',#14049,#14050,#14051);
#14049 = CARTESIAN_POINT('',(-131.,14.,1.6640125E+03));
#14050 = DIRECTION('',(1.,0.,0.));
#14051 = DIRECTION('',(0.,0.,1.));
#14052 = ADVANCED_FACE('',(#14053),#14087,.T.);
#14053 = FACE_BOUND('',#14054,.T.);
#14054 = EDGE_LOOP('',(#14055,#14065,#14073,#14081));
#14055 = ORIENTED_EDGE('',*,*,#14056,.F.);
#14056 = EDGE_CURVE('',#14057,#14059,#14061,.T.);
#14057 = VERTEX_POINT('',#14058);
#14058 = CARTESIAN_POINT('',(-129.,14.,1.6640125E+03));
#14059 = VERTEX_POINT('',#14060);
#14060 = CARTESIAN_POINT('',(-129.,14.,1.7560125E+03));
#14061 = LINE('',#14062,#14063);
#14062 = CARTESIAN_POINT('',(-129.,14.,1.6640125E+03));
#14063 = VECTOR('',#14064,1.);
#14064 = DIRECTION('',(0.,0.,1.));
#14065 = ORIENTED_EDGE('',*,*,#14066,.T.);
#14066 = EDGE_CURVE('',#14057,#14067,#14069,.T.);
#14067 = VERTEX_POINT('',#14068);
#14068 = CARTESIAN_POINT('',(-129.,206.,1.6640125E+03));
#14069 = LINE('',#14070,#14071);
#14070 = CARTESIAN_POINT('',(-129.,14.,1.6640125E+03));
#14071 = VECTOR('',#14072,1.);
#14072 = DIRECTION('',(0.,1.,0.));
#14073 = ORIENTED_EDGE('',*,*,#14074,.T.);
#14074 = EDGE_CURVE('',#14067,#14075,#14077,.T.);
#14075 = VERTEX_POINT('',#14076);
#14076 = CARTESIAN_POINT('',(-129.,206.,1.7560125E+03));
#14077 = LINE('',#14078,#14079);
#14078 = CARTESIAN_POINT('',(-129.,206.,1.6640125E+03));
#14079 = VECTOR('',#14080,1.);
#14080 = DIRECTION('',(0.,0.,1.));
#14081 = ORIENTED_EDGE('',*,*,#14082,.F.);
#14082 = EDGE_CURVE('',#14059,#14075,#14083,.T.);
#14083 = LINE('',#14084,#14085);
#14084 = CARTESIAN_POINT('',(-129.,14.,1.7560125E+03));
#14085 = VECTOR('',#14086,1.);
#14086 = DIRECTION('',(0.,1.,0.));
#14087 = PLANE('',#14088);
#14088 = AXIS2_PLACEMENT_3D('',#14089,#14090,#14091);
#14089 = CARTESIAN_POINT('',(-129.,14.,1.6640125E+03));
#14090 = DIRECTION('',(1.,0.,0.));
#14091 = DIRECTION('',(0.,0.,1.));
#14092 = ADVANCED_FACE('',(#14093),#14109,.F.);
#14093 = FACE_BOUND('',#14094,.F.);
#14094 = EDGE_LOOP('',(#14095,#14101,#14102,#14108));
#14095 = ORIENTED_EDGE('',*,*,#14096,.F.);
#14096 = EDGE_CURVE('',#14017,#14057,#14097,.T.);
#14097 = LINE('',#14098,#14099);
#14098 = CARTESIAN_POINT('',(-131.,14.,1.6640125E+03));
#14099 = VECTOR('',#14100,1.);
#14100 = DIRECTION('',(1.,0.,0.));
#14101 = ORIENTED_EDGE('',*,*,#14016,.T.);
#14102 = ORIENTED_EDGE('',*,*,#14103,.T.);
#14103 = EDGE_CURVE('',#14019,#14059,#14104,.T.);
#14104 = LINE('',#14105,#14106);
#14105 = CARTESIAN_POINT('',(-131.,14.,1.7560125E+03));
#14106 = VECTOR('',#14107,1.);
#14107 = DIRECTION('',(1.,0.,0.));
#14108 = ORIENTED_EDGE('',*,*,#14056,.F.);
#14109 = PLANE('',#14110);
#14110 = AXIS2_PLACEMENT_3D('',#14111,#14112,#14113);
#14111 = CARTESIAN_POINT('',(-131.,14.,1.6640125E+03));
#14112 = DIRECTION('',(0.,1.,0.));
#14113 = DIRECTION('',(0.,0.,1.));
#14114 = ADVANCED_FACE('',(#14115),#14131,.T.);
#14115 = FACE_BOUND('',#14116,.T.);
#14116 = EDGE_LOOP('',(#14117,#14123,#14124,#14130));
#14117 = ORIENTED_EDGE('',*,*,#14118,.F.);
#14118 = EDGE_CURVE('',#14027,#14067,#14119,.T.);
#14119 = LINE('',#14120,#14121);
#14120 = CARTESIAN_POINT('',(-131.,206.,1.6640125E+03));
#14121 = VECTOR('',#14122,1.);
#14122 = DIRECTION('',(1.,0.,0.));
#14123 = ORIENTED_EDGE('',*,*,#14034,.T.);
#14124 = ORIENTED_EDGE('',*,*,#14125,.T.);
#14125 = EDGE_CURVE('',#14035,#14075,#14126,.T.);
#14126 = LINE('',#14127,#14128);
#14127 = CARTESIAN_POINT('',(-131.,206.,1.7560125E+03));
#14128 = VECTOR('',#14129,1.);
#14129 = DIRECTION('',(1.,0.,0.));
#14130 = ORIENTED_EDGE('',*,*,#14074,.F.);
#14131 = PLANE('',#14132);
#14132 = AXIS2_PLACEMENT_3D('',#14133,#14134,#14135);
#14133 = CARTESIAN_POINT('',(-131.,206.,1.6640125E+03));
#14134 = DIRECTION('',(0.,1.,0.));
#14135 = DIRECTION('',(0.,0.,1.));
#14136 = ADVANCED_FACE('',(#14137),#14143,.F.);
#14137 = FACE_BOUND('',#14138,.F.);
#14138 = EDGE_LOOP('',(#14139,#14140,#14141,#14142));
#14139 = ORIENTED_EDGE('',*,*,#14026,.F.);
#14140 = ORIENTED_EDGE('',*,*,#14096,.T.);
#14141 = ORIENTED_EDGE('',*,*,#14066,.T.);
#14142 = ORIENTED_EDGE('',*,*,#14118,.F.);
#14143 = PLANE('',#14144);
#14144 = AXIS2_PLACEMENT_3D('',#14145,#14146,#14147);
#14145 = CARTESIAN_POINT('',(-131.,14.,1.6640125E+03));
#14146 = DIRECTION('',(0.,0.,1.));
#14147 = DIRECTION('',(1.,0.,0.));
#14148 = ADVANCED_FACE('',(#14149),#14155,.T.);
#14149 = FACE_BOUND('',#14150,.T.);
#14150 = EDGE_LOOP('',(#14151,#14152,#14153,#14154));
#14151 = ORIENTED_EDGE('',*,*,#14042,.F.);
#14152 = ORIENTED_EDGE('',*,*,#14103,.T.);
#14153 = ORIENTED_EDGE('',*,*,#14082,.T.);
#14154 = ORIENTED_EDGE('',*,*,#14125,.F.);
#14155 = PLANE('',#14156);
#14156 = AXIS2_PLACEMENT_3D('',#14157,#14158,#14159);
#14157 = CARTESIAN_POINT('',(-131.,14.,1.7560125E+03));
#14158 = DIRECTION('',(0.,0.,1.));
#14159 = DIRECTION('',(1.,0.,0.));
#14160 = MANIFOLD_SOLID_BREP('',#14161);
#14161 = CLOSED_SHELL('',(#14162,#14202,#14242,#14264,#14286,#14298));
#14162 = ADVANCED_FACE('',(#14163),#14197,.F.);
#14163 = FACE_BOUND('',#14164,.F.);
#14164 = EDGE_LOOP('',(#14165,#14175,#14183,#14191));
#14165 = ORIENTED_EDGE('',*,*,#14166,.F.);
#14166 = EDGE_CURVE('',#14167,#14169,#14171,.T.);
#14167 = VERTEX_POINT('',#14168);
#14168 = CARTESIAN_POINT('',(-116.,14.,1.6640125E+03));
#14169 = VERTEX_POINT('',#14170);
#14170 = CARTESIAN_POINT('',(-116.,14.,1.7560125E+03));
#14171 = LINE('',#14172,#14173);
#14172 = CARTESIAN_POINT('',(-116.,14.,1.6640125E+03));
#14173 = VECTOR('',#14174,1.);
#14174 = DIRECTION('',(0.,0.,1.));
#14175 = ORIENTED_EDGE('',*,*,#14176,.T.);
#14176 = EDGE_CURVE('',#14167,#14177,#14179,.T.);
#14177 = VERTEX_POINT('',#14178);
#14178 = CARTESIAN_POINT('',(-116.,206.,1.6640125E+03));
#14179 = LINE('',#14180,#14181);
#14180 = CARTESIAN_POINT('',(-116.,14.,1.6640125E+03));
#14181 = VECTOR('',#14182,1.);
#14182 = DIRECTION('',(0.,1.,0.));
#14183 = ORIENTED_EDGE('',*,*,#14184,.T.);
#14184 = EDGE_CURVE('',#14177,#14185,#14187,.T.);
#14185 = VERTEX_POINT('',#14186);
#14186 = CARTESIAN_POINT('',(-116.,206.,1.7560125E+03));
#14187 = LINE('',#14188,#14189);
#14188 = CARTESIAN_POINT('',(-116.,206.,1.6640125E+03));
#14189 = VECTOR('',#14190,1.);
#14190 = DIRECTION('',(0.,0.,1.));
#14191 = ORIENTED_EDGE('',*,*,#14192,.F.);
#14192 = EDGE_CURVE('',#14169,#14185,#14193,.T.);
#14193 = LINE('',#14194,#14195);
#14194 = CARTESIAN_POINT('',(-116.,14.,1.7560125E+03));
#14195 = VECTOR('',#14196,1.);
#14196 = DIRECTION('',(0.,1.,0.));
#14197 = PLANE('',#14198);
#14198 = AXIS2_PLACEMENT_3D('',#14199,#14200,#14201);
#14199 = CARTESIAN_POINT('',(-116.,14.,1.6640125E+03));
#14200 = DIRECTION('',(1.,0.,0.));
#14201 = DIRECTION('',(0.,0.,1.));
#14202 = ADVANCED_FACE('',(#14203),#14237,.T.);
#14203 = FACE_BOUND('',#14204,.T.);
#14204 = EDGE_LOOP('',(#14205,#14215,#14223,#14231));
#14205 = ORIENTED_EDGE('',*,*,#14206,.F.);
#14206 = EDGE_CURVE('',#14207,#14209,#14211,.T.);
#14207 = VERTEX_POINT('',#14208);
#14208 = CARTESIAN_POINT('',(-114.,14.,1.6640125E+03));
#14209 = VERTEX_POINT('',#14210);
#14210 = CARTESIAN_POINT('',(-114.,14.,1.7560125E+03));
#14211 = LINE('',#14212,#14213);
#14212 = CARTESIAN_POINT('',(-114.,14.,1.6640125E+03));
#14213 = VECTOR('',#14214,1.);
#14214 = DIRECTION('',(0.,0.,1.));
#14215 = ORIENTED_EDGE('',*,*,#14216,.T.);
#14216 = EDGE_CURVE('',#14207,#14217,#14219,.T.);
#14217 = VERTEX_POINT('',#14218);
#14218 = CARTESIAN_POINT('',(-114.,206.,1.6640125E+03));
#14219 = LINE('',#14220,#14221);
#14220 = CARTESIAN_POINT('',(-114.,14.,1.6640125E+03));
#14221 = VECTOR('',#14222,1.);
#14222 = DIRECTION('',(0.,1.,0.));
#14223 = ORIENTED_EDGE('',*,*,#14224,.T.);
#14224 = EDGE_CURVE('',#14217,#14225,#14227,.T.);
#14225 = VERTEX_POINT('',#14226);
#14226 = CARTESIAN_POINT('',(-114.,206.,1.7560125E+03));
#14227 = LINE('',#14228,#14229);
#14228 = CARTESIAN_POINT('',(-114.,206.,1.6640125E+03));
#14229 = VECTOR('',#14230,1.);
#14230 = DIRECTION('',(0.,0.,1.));
#14231 = ORIENTED_EDGE('',*,*,#14232,.F.);
#14232 = EDGE_CURVE('',#14209,#14225,#14233,.T.);
#14233 = LINE('',#14234,#14235);
#14234 = CARTESIAN_POINT('',(-114.,14.,1.7560125E+03));
#14235 = VECTOR('',#14236,1.);
#14236 = DIRECTION('',(0.,1.,0.));
#14237 = PLANE('',#14238);
#14238 = AXIS2_PLACEMENT_3D('',#14239,#14240,#14241);
#14239 = CARTESIAN_POINT('',(-114.,14.,1.6640125E+03));
#14240 = DIRECTION('',(1.,0.,0.));
#14241 = DIRECTION('',(0.,0.,1.));
#14242 = ADVANCED_FACE('',(#14243),#14259,.F.);
#14243 = FACE_BOUND('',#14244,.F.);
#14244 = EDGE_LOOP('',(#14245,#14251,#14252,#14258));
#14245 = ORIENTED_EDGE('',*,*,#14246,.F.);
#14246 = EDGE_CURVE('',#14167,#14207,#14247,.T.);
#14247 = LINE('',#14248,#14249);
#14248 = CARTESIAN_POINT('',(-116.,14.,1.6640125E+03));
#14249 = VECTOR('',#14250,1.);
#14250 = DIRECTION('',(1.,0.,0.));
#14251 = ORIENTED_EDGE('',*,*,#14166,.T.);
#14252 = ORIENTED_EDGE('',*,*,#14253,.T.);
#14253 = EDGE_CURVE('',#14169,#14209,#14254,.T.);
#14254 = LINE('',#14255,#14256);
#14255 = CARTESIAN_POINT('',(-116.,14.,1.7560125E+03));
#14256 = VECTOR('',#14257,1.);
#14257 = DIRECTION('',(1.,0.,0.));
#14258 = ORIENTED_EDGE('',*,*,#14206,.F.);
#14259 = PLANE('',#14260);
#14260 = AXIS2_PLACEMENT_3D('',#14261,#14262,#14263);
#14261 = CARTESIAN_POINT('',(-116.,14.,1.6640125E+03));
#14262 = DIRECTION('',(0.,1.,0.));
#14263 = DIRECTION('',(0.,0.,1.));
#14264 = ADVANCED_FACE('',(#14265),#14281,.T.);
#14265 = FACE_BOUND('',#14266,.T.);
#14266 = EDGE_LOOP('',(#14267,#14273,#14274,#14280));
#14267 = ORIENTED_EDGE('',*,*,#14268,.F.);
#14268 = EDGE_CURVE('',#14177,#14217,#14269,.T.);
#14269 = LINE('',#14270,#14271);
#14270 = CARTESIAN_POINT('',(-116.,206.,1.6640125E+03));
#14271 = VECTOR('',#14272,1.);
#14272 = DIRECTION('',(1.,0.,0.));
#14273 = ORIENTED_EDGE('',*,*,#14184,.T.);
#14274 = ORIENTED_EDGE('',*,*,#14275,.T.);
#14275 = EDGE_CURVE('',#14185,#14225,#14276,.T.);
#14276 = LINE('',#14277,#14278);
#14277 = CARTESIAN_POINT('',(-116.,206.,1.7560125E+03));
#14278 = VECTOR('',#14279,1.);
#14279 = DIRECTION('',(1.,0.,0.));
#14280 = ORIENTED_EDGE('',*,*,#14224,.F.);
#14281 = PLANE('',#14282);
#14282 = AXIS2_PLACEMENT_3D('',#14283,#14284,#14285);
#14283 = CARTESIAN_POINT('',(-116.,206.,1.6640125E+03));
#14284 = DIRECTION('',(0.,1.,0.));
#14285 = DIRECTION('',(0.,0.,1.));
#14286 = ADVANCED_FACE('',(#14287),#14293,.F.);
#14287 = FACE_BOUND('',#14288,.F.);
#14288 = EDGE_LOOP('',(#14289,#14290,#14291,#14292));
#14289 = ORIENTED_EDGE('',*,*,#14176,.F.);
#14290 = ORIENTED_EDGE('',*,*,#14246,.T.);
#14291 = ORIENTED_EDGE('',*,*,#14216,.T.);
#14292 = ORIENTED_EDGE('',*,*,#14268,.F.);
#14293 = PLANE('',#14294);
#14294 = AXIS2_PLACEMENT_3D('',#14295,#14296,#14297);
#14295 = CARTESIAN_POINT('',(-116.,14.,1.6640125E+03));
#14296 = DIRECTION('',(0.,0.,1.));
#14297 = DIRECTION('',(1.,0.,0.));
#14298 = ADVANCED_FACE('',(#14299),#14305,.T.);
#14299 = FACE_BOUND('',#14300,.T.);
#14300 = EDGE_LOOP('',(#14301,#14302,#14303,#14304));
#14301 = ORIENTED_EDGE('',*,*,#14192,.F.);
#14302 = ORIENTED_EDGE('',*,*,#14253,.T.);
#14303 = ORIENTED_EDGE('',*,*,#14232,.T.);
#14304 = ORIENTED_EDGE('',*,*,#14275,.F.);
#14305 = PLANE('',#14306);
#14306 = AXIS2_PLACEMENT_3D('',#14307,#14308,#14309);
#14307 = CARTESIAN_POINT('',(-116.,14.,1.7560125E+03));
#14308 = DIRECTION('',(0.,0.,1.));
#14309 = DIRECTION('',(1.,0.,0.));
#14310 = MANIFOLD_SOLID_BREP('',#14311);
#14311 = CLOSED_SHELL('',(#14312,#14352,#14392,#14414,#14436,#14448));
#14312 = ADVANCED_FACE('',(#14313),#14347,.F.);
#14313 = FACE_BOUND('',#14314,.F.);
#14314 = EDGE_LOOP('',(#14315,#14325,#14333,#14341));
#14315 = ORIENTED_EDGE('',*,*,#14316,.F.);
#14316 = EDGE_CURVE('',#14317,#14319,#14321,.T.);
#14317 = VERTEX_POINT('',#14318);
#14318 = CARTESIAN_POINT('',(-101.,14.,1.6640125E+03));
#14319 = VERTEX_POINT('',#14320);
#14320 = CARTESIAN_POINT('',(-101.,14.,1.7560125E+03));
#14321 = LINE('',#14322,#14323);
#14322 = CARTESIAN_POINT('',(-101.,14.,1.6640125E+03));
#14323 = VECTOR('',#14324,1.);
#14324 = DIRECTION('',(0.,0.,1.));
#14325 = ORIENTED_EDGE('',*,*,#14326,.T.);
#14326 = EDGE_CURVE('',#14317,#14327,#14329,.T.);
#14327 = VERTEX_POINT('',#14328);
#14328 = CARTESIAN_POINT('',(-101.,206.,1.6640125E+03));
#14329 = LINE('',#14330,#14331);
#14330 = CARTESIAN_POINT('',(-101.,14.,1.6640125E+03));
#14331 = VECTOR('',#14332,1.);
#14332 = DIRECTION('',(0.,1.,0.));
#14333 = ORIENTED_EDGE('',*,*,#14334,.T.);
#14334 = EDGE_CURVE('',#14327,#14335,#14337,.T.);
#14335 = VERTEX_POINT('',#14336);
#14336 = CARTESIAN_POINT('',(-101.,206.,1.7560125E+03));
#14337 = LINE('',#14338,#14339);
#14338 = CARTESIAN_POINT('',(-101.,206.,1.6640125E+03));
#14339 = VECTOR('',#14340,1.);
#14340 = DIRECTION('',(0.,0.,1.));
#14341 = ORIENTED_EDGE('',*,*,#14342,.F.);
#14342 = EDGE_CURVE('',#14319,#14335,#14343,.T.);
#14343 = LINE('',#14344,#14345);
#14344 = CARTESIAN_POINT('',(-101.,14.,1.7560125E+03));
#14345 = VECTOR('',#14346,1.);
#14346 = DIRECTION('',(0.,1.,0.));
#14347 = PLANE('',#14348);
#14348 = AXIS2_PLACEMENT_3D('',#14349,#14350,#14351);
#14349 = CARTESIAN_POINT('',(-101.,14.,1.6640125E+03));
#14350 = DIRECTION('',(1.,0.,0.));
#14351 = DIRECTION('',(0.,0.,1.));
#14352 = ADVANCED_FACE('',(#14353),#14387,.T.);
#14353 = FACE_BOUND('',#14354,.T.);
#14354 = EDGE_LOOP('',(#14355,#14365,#14373,#14381));
#14355 = ORIENTED_EDGE('',*,*,#14356,.F.);
#14356 = EDGE_CURVE('',#14357,#14359,#14361,.T.);
#14357 = VERTEX_POINT('',#14358);
#14358 = CARTESIAN_POINT('',(-99.,14.,1.6640125E+03));
#14359 = VERTEX_POINT('',#14360);
#14360 = CARTESIAN_POINT('',(-99.,14.,1.7560125E+03));
#14361 = LINE('',#14362,#14363);
#14362 = CARTESIAN_POINT('',(-99.,14.,1.6640125E+03));
#14363 = VECTOR('',#14364,1.);
#14364 = DIRECTION('',(0.,0.,1.));
#14365 = ORIENTED_EDGE('',*,*,#14366,.T.);
#14366 = EDGE_CURVE('',#14357,#14367,#14369,.T.);
#14367 = VERTEX_POINT('',#14368);
#14368 = CARTESIAN_POINT('',(-99.,206.,1.6640125E+03));
#14369 = LINE('',#14370,#14371);
#14370 = CARTESIAN_POINT('',(-99.,14.,1.6640125E+03));
#14371 = VECTOR('',#14372,1.);
#14372 = DIRECTION('',(0.,1.,0.));
#14373 = ORIENTED_EDGE('',*,*,#14374,.T.);
#14374 = EDGE_CURVE('',#14367,#14375,#14377,.T.);
#14375 = VERTEX_POINT('',#14376);
#14376 = CARTESIAN_POINT('',(-99.,206.,1.7560125E+03));
#14377 = LINE('',#14378,#14379);
#14378 = CARTESIAN_POINT('',(-99.,206.,1.6640125E+03));
#14379 = VECTOR('',#14380,1.);
#14380 = DIRECTION('',(0.,0.,1.));
#14381 = ORIENTED_EDGE('',*,*,#14382,.F.);
#14382 = EDGE_CURVE('',#14359,#14375,#14383,.T.);
#14383 = LINE('',#14384,#14385);
#14384 = CARTESIAN_POINT('',(-99.,14.,1.7560125E+03));
#14385 = VECTOR('',#14386,1.);
#14386 = DIRECTION('',(0.,1.,0.));
#14387 = PLANE('',#14388);
#14388 = AXIS2_PLACEMENT_3D('',#14389,#14390,#14391);
#14389 = CARTESIAN_POINT('',(-99.,14.,1.6640125E+03));
#14390 = DIRECTION('',(1.,0.,0.));
#14391 = DIRECTION('',(0.,0.,1.));
#14392 = ADVANCED_FACE('',(#14393),#14409,.F.);
#14393 = FACE_BOUND('',#14394,.F.);
#14394 = EDGE_LOOP('',(#14395,#14401,#14402,#14408));
#14395 = ORIENTED_EDGE('',*,*,#14396,.F.);
#14396 = EDGE_CURVE('',#14317,#14357,#14397,.T.);
#14397 = LINE('',#14398,#14399);
#14398 = CARTESIAN_POINT('',(-101.,14.,1.6640125E+03));
#14399 = VECTOR('',#14400,1.);
#14400 = DIRECTION('',(1.,0.,0.));
#14401 = ORIENTED_EDGE('',*,*,#14316,.T.);
#14402 = ORIENTED_EDGE('',*,*,#14403,.T.);
#14403 = EDGE_CURVE('',#14319,#14359,#14404,.T.);
#14404 = LINE('',#14405,#14406);
#14405 = CARTESIAN_POINT('',(-101.,14.,1.7560125E+03));
#14406 = VECTOR('',#14407,1.);
#14407 = DIRECTION('',(1.,0.,0.));
#14408 = ORIENTED_EDGE('',*,*,#14356,.F.);
#14409 = PLANE('',#14410);
#14410 = AXIS2_PLACEMENT_3D('',#14411,#14412,#14413);
#14411 = CARTESIAN_POINT('',(-101.,14.,1.6640125E+03));
#14412 = DIRECTION('',(0.,1.,0.));
#14413 = DIRECTION('',(0.,0.,1.));
#14414 = ADVANCED_FACE('',(#14415),#14431,.T.);
#14415 = FACE_BOUND('',#14416,.T.);
#14416 = EDGE_LOOP('',(#14417,#14423,#14424,#14430));
#14417 = ORIENTED_EDGE('',*,*,#14418,.F.);
#14418 = EDGE_CURVE('',#14327,#14367,#14419,.T.);
#14419 = LINE('',#14420,#14421);
#14420 = CARTESIAN_POINT('',(-101.,206.,1.6640125E+03));
#14421 = VECTOR('',#14422,1.);
#14422 = DIRECTION('',(1.,0.,0.));
#14423 = ORIENTED_EDGE('',*,*,#14334,.T.);
#14424 = ORIENTED_EDGE('',*,*,#14425,.T.);
#14425 = EDGE_CURVE('',#14335,#14375,#14426,.T.);
#14426 = LINE('',#14427,#14428);
#14427 = CARTESIAN_POINT('',(-101.,206.,1.7560125E+03));
#14428 = VECTOR('',#14429,1.);
#14429 = DIRECTION('',(1.,0.,0.));
#14430 = ORIENTED_EDGE('',*,*,#14374,.F.);
#14431 = PLANE('',#14432);
#14432 = AXIS2_PLACEMENT_3D('',#14433,#14434,#14435);
#14433 = CARTESIAN_POINT('',(-101.,206.,1.6640125E+03));
#14434 = DIRECTION('',(0.,1.,0.));
#14435 = DIRECTION('',(0.,0.,1.));
#14436 = ADVANCED_FACE('',(#14437),#14443,.F.);
#14437 = FACE_BOUND('',#14438,.F.);
#14438 = EDGE_LOOP('',(#14439,#14440,#14441,#14442));
#14439 = ORIENTED_EDGE('',*,*,#14326,.F.);
#14440 = ORIENTED_EDGE('',*,*,#14396,.T.);
#14441 = ORIENTED_EDGE('',*,*,#14366,.T.);
#14442 = ORIENTED_EDGE('',*,*,#14418,.F.);
#14443 = PLANE('',#14444);
#14444 = AXIS2_PLACEMENT_3D('',#14445,#14446,#14447);
#14445 = CARTESIAN_POINT('',(-101.,14.,1.6640125E+03));
#14446 = DIRECTION('',(0.,0.,1.));
#14447 = DIRECTION('',(1.,0.,0.));
#14448 = ADVANCED_FACE('',(#14449),#14455,.T.);
#14449 = FACE_BOUND('',#14450,.T.);
#14450 = EDGE_LOOP('',(#14451,#14452,#14453,#14454));
#14451 = ORIENTED_EDGE('',*,*,#14342,.F.);
#14452 = ORIENTED_EDGE('',*,*,#14403,.T.);
#14453 = ORIENTED_EDGE('',*,*,#14382,.T.);
#14454 = ORIENTED_EDGE('',*,*,#14425,.F.);
#14455 = PLANE('',#14456);
#14456 = AXIS2_PLACEMENT_3D('',#14457,#14458,#14459);
#14457 = CARTESIAN_POINT('',(-101.,14.,1.7560125E+03));
#14458 = DIRECTION('',(0.,0.,1.));
#14459 = DIRECTION('',(1.,0.,0.));
#14460 = MANIFOLD_SOLID_BREP('',#14461);
#14461 = CLOSED_SHELL('',(#14462,#14502,#14542,#14564,#14586,#14598));
#14462 = ADVANCED_FACE('',(#14463),#14497,.F.);
#14463 = FACE_BOUND('',#14464,.F.);
#14464 = EDGE_LOOP('',(#14465,#14475,#14483,#14491));
#14465 = ORIENTED_EDGE('',*,*,#14466,.F.);
#14466 = EDGE_CURVE('',#14467,#14469,#14471,.T.);
#14467 = VERTEX_POINT('',#14468);
#14468 = CARTESIAN_POINT('',(-86.,14.,1.6640125E+03));
#14469 = VERTEX_POINT('',#14470);
#14470 = CARTESIAN_POINT('',(-86.,14.,1.7560125E+03));
#14471 = LINE('',#14472,#14473);
#14472 = CARTESIAN_POINT('',(-86.,14.,1.6640125E+03));
#14473 = VECTOR('',#14474,1.);
#14474 = DIRECTION('',(0.,0.,1.));
#14475 = ORIENTED_EDGE('',*,*,#14476,.T.);
#14476 = EDGE_CURVE('',#14467,#14477,#14479,.T.);
#14477 = VERTEX_POINT('',#14478);
#14478 = CARTESIAN_POINT('',(-86.,206.,1.6640125E+03));
#14479 = LINE('',#14480,#14481);
#14480 = CARTESIAN_POINT('',(-86.,14.,1.6640125E+03));
#14481 = VECTOR('',#14482,1.);
#14482 = DIRECTION('',(0.,1.,0.));
#14483 = ORIENTED_EDGE('',*,*,#14484,.T.);
#14484 = EDGE_CURVE('',#14477,#14485,#14487,.T.);
#14485 = VERTEX_POINT('',#14486);
#14486 = CARTESIAN_POINT('',(-86.,206.,1.7560125E+03));
#14487 = LINE('',#14488,#14489);
#14488 = CARTESIAN_POINT('',(-86.,206.,1.6640125E+03));
#14489 = VECTOR('',#14490,1.);
#14490 = DIRECTION('',(0.,0.,1.));
#14491 = ORIENTED_EDGE('',*,*,#14492,.F.);
#14492 = EDGE_CURVE('',#14469,#14485,#14493,.T.);
#14493 = LINE('',#14494,#14495);
#14494 = CARTESIAN_POINT('',(-86.,14.,1.7560125E+03));
#14495 = VECTOR('',#14496,1.);
#14496 = DIRECTION('',(0.,1.,0.));
#14497 = PLANE('',#14498);
#14498 = AXIS2_PLACEMENT_3D('',#14499,#14500,#14501);
#14499 = CARTESIAN_POINT('',(-86.,14.,1.6640125E+03));
#14500 = DIRECTION('',(1.,0.,0.));
#14501 = DIRECTION('',(0.,0.,1.));
#14502 = ADVANCED_FACE('',(#14503),#14537,.T.);
#14503 = FACE_BOUND('',#14504,.T.);
#14504 = EDGE_LOOP('',(#14505,#14515,#14523,#14531));
#14505 = ORIENTED_EDGE('',*,*,#14506,.F.);
#14506 = EDGE_CURVE('',#14507,#14509,#14511,.T.);
#14507 = VERTEX_POINT('',#14508);
#14508 = CARTESIAN_POINT('',(-84.,14.,1.6640125E+03));
#14509 = VERTEX_POINT('',#14510);
#14510 = CARTESIAN_POINT('',(-84.,14.,1.7560125E+03));
#14511 = LINE('',#14512,#14513);
#14512 = CARTESIAN_POINT('',(-84.,14.,1.6640125E+03));
#14513 = VECTOR('',#14514,1.);
#14514 = DIRECTION('',(0.,0.,1.));
#14515 = ORIENTED_EDGE('',*,*,#14516,.T.);
#14516 = EDGE_CURVE('',#14507,#14517,#14519,.T.);
#14517 = VERTEX_POINT('',#14518);
#14518 = CARTESIAN_POINT('',(-84.,206.,1.6640125E+03));
#14519 = LINE('',#14520,#14521);
#14520 = CARTESIAN_POINT('',(-84.,14.,1.6640125E+03));
#14521 = VECTOR('',#14522,1.);
#14522 = DIRECTION('',(0.,1.,0.));
#14523 = ORIENTED_EDGE('',*,*,#14524,.T.);
#14524 = EDGE_CURVE('',#14517,#14525,#14527,.T.);
#14525 = VERTEX_POINT('',#14526);
#14526 = CARTESIAN_POINT('',(-84.,206.,1.7560125E+03));
#14527 = LINE('',#14528,#14529);
#14528 = CARTESIAN_POINT('',(-84.,206.,1.6640125E+03));
#14529 = VECTOR('',#14530,1.);
#14530 = DIRECTION('',(0.,0.,1.));
#14531 = ORIENTED_EDGE('',*,*,#14532,.F.);
#14532 = EDGE_CURVE('',#14509,#14525,#14533,.T.);
#14533 = LINE('',#14534,#14535);
#14534 = CARTESIAN_POINT('',(-84.,14.,1.7560125E+03));
#14535 = VECTOR('',#14536,1.);
#14536 = DIRECTION('',(0.,1.,0.));
#14537 = PLANE('',#14538);
#14538 = AXIS2_PLACEMENT_3D('',#14539,#14540,#14541);
#14539 = CARTESIAN_POINT('',(-84.,14.,1.6640125E+03));
#14540 = DIRECTION('',(1.,0.,0.));
#14541 = DIRECTION('',(0.,0.,1.));
#14542 = ADVANCED_FACE('',(#14543),#14559,.F.);
#14543 = FACE_BOUND('',#14544,.F.);
#14544 = EDGE_LOOP('',(#14545,#14551,#14552,#14558));
#14545 = ORIENTED_EDGE('',*,*,#14546,.F.);
#14546 = EDGE_CURVE('',#14467,#14507,#14547,.T.);
#14547 = LINE('',#14548,#14549);
#14548 = CARTESIAN_POINT('',(-86.,14.,1.6640125E+03));
#14549 = VECTOR('',#14550,1.);
#14550 = DIRECTION('',(1.,0.,0.));
#14551 = ORIENTED_EDGE('',*,*,#14466,.T.);
#14552 = ORIENTED_EDGE('',*,*,#14553,.T.);
#14553 = EDGE_CURVE('',#14469,#14509,#14554,.T.);
#14554 = LINE('',#14555,#14556);
#14555 = CARTESIAN_POINT('',(-86.,14.,1.7560125E+03));
#14556 = VECTOR('',#14557,1.);
#14557 = DIRECTION('',(1.,0.,0.));
#14558 = ORIENTED_EDGE('',*,*,#14506,.F.);
#14559 = PLANE('',#14560);
#14560 = AXIS2_PLACEMENT_3D('',#14561,#14562,#14563);
#14561 = CARTESIAN_POINT('',(-86.,14.,1.6640125E+03));
#14562 = DIRECTION('',(0.,1.,0.));
#14563 = DIRECTION('',(0.,0.,1.));
#14564 = ADVANCED_FACE('',(#14565),#14581,.T.);
#14565 = FACE_BOUND('',#14566,.T.);
#14566 = EDGE_LOOP('',(#14567,#14573,#14574,#14580));
#14567 = ORIENTED_EDGE('',*,*,#14568,.F.);
#14568 = EDGE_CURVE('',#14477,#14517,#14569,.T.);
#14569 = LINE('',#14570,#14571);
#14570 = CARTESIAN_POINT('',(-86.,206.,1.6640125E+03));
#14571 = VECTOR('',#14572,1.);
#14572 = DIRECTION('',(1.,0.,0.));
#14573 = ORIENTED_EDGE('',*,*,#14484,.T.);
#14574 = ORIENTED_EDGE('',*,*,#14575,.T.);
#14575 = EDGE_CURVE('',#14485,#14525,#14576,.T.);
#14576 = LINE('',#14577,#14578);
#14577 = CARTESIAN_POINT('',(-86.,206.,1.7560125E+03));
#14578 = VECTOR('',#14579,1.);
#14579 = DIRECTION('',(1.,0.,0.));
#14580 = ORIENTED_EDGE('',*,*,#14524,.F.);
#14581 = PLANE('',#14582);
#14582 = AXIS2_PLACEMENT_3D('',#14583,#14584,#14585);
#14583 = CARTESIAN_POINT('',(-86.,206.,1.6640125E+03));
#14584 = DIRECTION('',(0.,1.,0.));
#14585 = DIRECTION('',(0.,0.,1.));
#14586 = ADVANCED_FACE('',(#14587),#14593,.F.);
#14587 = FACE_BOUND('',#14588,.F.);
#14588 = EDGE_LOOP('',(#14589,#14590,#14591,#14592));
#14589 = ORIENTED_EDGE('',*,*,#14476,.F.);
#14590 = ORIENTED_EDGE('',*,*,#14546,.T.);
#14591 = ORIENTED_EDGE('',*,*,#14516,.T.);
#14592 = ORIENTED_EDGE('',*,*,#14568,.F.);
#14593 = PLANE('',#14594);
#14594 = AXIS2_PLACEMENT_3D('',#14595,#14596,#14597);
#14595 = CARTESIAN_POINT('',(-86.,14.,1.6640125E+03));
#14596 = DIRECTION('',(0.,0.,1.));
#14597 = DIRECTION('',(1.,0.,0.));
#14598 = ADVANCED_FACE('',(#14599),#14605,.T.);
#14599 = FACE_BOUND('',#14600,.T.);
#14600 = EDGE_LOOP('',(#14601,#14602,#14603,#14604));
#14601 = ORIENTED_EDGE('',*,*,#14492,.F.);
#14602 = ORIENTED_EDGE('',*,*,#14553,.T.);
#14603 = ORIENTED_EDGE('',*,*,#14532,.T.);
#14604 = ORIENTED_EDGE('',*,*,#14575,.F.);
#14605 = PLANE('',#14606);
#14606 = AXIS2_PLACEMENT_3D('',#14607,#14608,#14609);
#14607 = CARTESIAN_POINT('',(-86.,14.,1.7560125E+03));
#14608 = DIRECTION('',(0.,0.,1.));
#14609 = DIRECTION('',(1.,0.,0.));
#14610 = MANIFOLD_SOLID_BREP('',#14611);
#14611 = CLOSED_SHELL('',(#14612,#14652,#14692,#14714,#14736,#14748));
#14612 = ADVANCED_FACE('',(#14613),#14647,.F.);
#14613 = FACE_BOUND('',#14614,.F.);
#14614 = EDGE_LOOP('',(#14615,#14625,#14633,#14641));
#14615 = ORIENTED_EDGE('',*,*,#14616,.F.);
#14616 = EDGE_CURVE('',#14617,#14619,#14621,.T.);
#14617 = VERTEX_POINT('',#14618);
#14618 = CARTESIAN_POINT('',(-71.,14.,1.6640125E+03));
#14619 = VERTEX_POINT('',#14620);
#14620 = CARTESIAN_POINT('',(-71.,14.,1.7560125E+03));
#14621 = LINE('',#14622,#14623);
#14622 = CARTESIAN_POINT('',(-71.,14.,1.6640125E+03));
#14623 = VECTOR('',#14624,1.);
#14624 = DIRECTION('',(0.,0.,1.));
#14625 = ORIENTED_EDGE('',*,*,#14626,.T.);
#14626 = EDGE_CURVE('',#14617,#14627,#14629,.T.);
#14627 = VERTEX_POINT('',#14628);
#14628 = CARTESIAN_POINT('',(-71.,206.,1.6640125E+03));
#14629 = LINE('',#14630,#14631);
#14630 = CARTESIAN_POINT('',(-71.,14.,1.6640125E+03));
#14631 = VECTOR('',#14632,1.);
#14632 = DIRECTION('',(0.,1.,0.));
#14633 = ORIENTED_EDGE('',*,*,#14634,.T.);
#14634 = EDGE_CURVE('',#14627,#14635,#14637,.T.);
#14635 = VERTEX_POINT('',#14636);
#14636 = CARTESIAN_POINT('',(-71.,206.,1.7560125E+03));
#14637 = LINE('',#14638,#14639);
#14638 = CARTESIAN_POINT('',(-71.,206.,1.6640125E+03));
#14639 = VECTOR('',#14640,1.);
#14640 = DIRECTION('',(0.,0.,1.));
#14641 = ORIENTED_EDGE('',*,*,#14642,.F.);
#14642 = EDGE_CURVE('',#14619,#14635,#14643,.T.);
#14643 = LINE('',#14644,#14645);
#14644 = CARTESIAN_POINT('',(-71.,14.,1.7560125E+03));
#14645 = VECTOR('',#14646,1.);
#14646 = DIRECTION('',(0.,1.,0.));
#14647 = PLANE('',#14648);
#14648 = AXIS2_PLACEMENT_3D('',#14649,#14650,#14651);
#14649 = CARTESIAN_POINT('',(-71.,14.,1.6640125E+03));
#14650 = DIRECTION('',(1.,0.,0.));
#14651 = DIRECTION('',(0.,0.,1.));
#14652 = ADVANCED_FACE('',(#14653),#14687,.T.);
#14653 = FACE_BOUND('',#14654,.T.);
#14654 = EDGE_LOOP('',(#14655,#14665,#14673,#14681));
#14655 = ORIENTED_EDGE('',*,*,#14656,.F.);
#14656 = EDGE_CURVE('',#14657,#14659,#14661,.T.);
#14657 = VERTEX_POINT('',#14658);
#14658 = CARTESIAN_POINT('',(-69.,14.,1.6640125E+03));
#14659 = VERTEX_POINT('',#14660);
#14660 = CARTESIAN_POINT('',(-69.,14.,1.7560125E+03));
#14661 = LINE('',#14662,#14663);
#14662 = CARTESIAN_POINT('',(-69.,14.,1.6640125E+03));
#14663 = VECTOR('',#14664,1.);
#14664 = DIRECTION('',(0.,0.,1.));
#14665 = ORIENTED_EDGE('',*,*,#14666,.T.);
#14666 = EDGE_CURVE('',#14657,#14667,#14669,.T.);
#14667 = VERTEX_POINT('',#14668);
#14668 = CARTESIAN_POINT('',(-69.,206.,1.6640125E+03));
#14669 = LINE('',#14670,#14671);
#14670 = CARTESIAN_POINT('',(-69.,14.,1.6640125E+03));
#14671 = VECTOR('',#14672,1.);
#14672 = DIRECTION('',(0.,1.,0.));
#14673 = ORIENTED_EDGE('',*,*,#14674,.T.);
#14674 = EDGE_CURVE('',#14667,#14675,#14677,.T.);
#14675 = VERTEX_POINT('',#14676);
#14676 = CARTESIAN_POINT('',(-69.,206.,1.7560125E+03));
#14677 = LINE('',#14678,#14679);
#14678 = CARTESIAN_POINT('',(-69.,206.,1.6640125E+03));
#14679 = VECTOR('',#14680,1.);
#14680 = DIRECTION('',(0.,0.,1.));
#14681 = ORIENTED_EDGE('',*,*,#14682,.F.);
#14682 = EDGE_CURVE('',#14659,#14675,#14683,.T.);
#14683 = LINE('',#14684,#14685);
#14684 = CARTESIAN_POINT('',(-69.,14.,1.7560125E+03));
#14685 = VECTOR('',#14686,1.);
#14686 = DIRECTION('',(0.,1.,0.));
#14687 = PLANE('',#14688);
#14688 = AXIS2_PLACEMENT_3D('',#14689,#14690,#14691);
#14689 = CARTESIAN_POINT('',(-69.,14.,1.6640125E+03));
#14690 = DIRECTION('',(1.,0.,0.));
#14691 = DIRECTION('',(0.,0.,1.));
#14692 = ADVANCED_FACE('',(#14693),#14709,.F.);
#14693 = FACE_BOUND('',#14694,.F.);
#14694 = EDGE_LOOP('',(#14695,#14701,#14702,#14708));
#14695 = ORIENTED_EDGE('',*,*,#14696,.F.);
#14696 = EDGE_CURVE('',#14617,#14657,#14697,.T.);
#14697 = LINE('',#14698,#14699);
#14698 = CARTESIAN_POINT('',(-71.,14.,1.6640125E+03));
#14699 = VECTOR('',#14700,1.);
#14700 = DIRECTION('',(1.,0.,0.));
#14701 = ORIENTED_EDGE('',*,*,#14616,.T.);
#14702 = ORIENTED_EDGE('',*,*,#14703,.T.);
#14703 = EDGE_CURVE('',#14619,#14659,#14704,.T.);
#14704 = LINE('',#14705,#14706);
#14705 = CARTESIAN_POINT('',(-71.,14.,1.7560125E+03));
#14706 = VECTOR('',#14707,1.);
#14707 = DIRECTION('',(1.,0.,0.));
#14708 = ORIENTED_EDGE('',*,*,#14656,.F.);
#14709 = PLANE('',#14710);
#14710 = AXIS2_PLACEMENT_3D('',#14711,#14712,#14713);
#14711 = CARTESIAN_POINT('',(-71.,14.,1.6640125E+03));
#14712 = DIRECTION('',(0.,1.,0.));
#14713 = DIRECTION('',(0.,0.,1.));
#14714 = ADVANCED_FACE('',(#14715),#14731,.T.);
#14715 = FACE_BOUND('',#14716,.T.);
#14716 = EDGE_LOOP('',(#14717,#14723,#14724,#14730));
#14717 = ORIENTED_EDGE('',*,*,#14718,.F.);
#14718 = EDGE_CURVE('',#14627,#14667,#14719,.T.);
#14719 = LINE('',#14720,#14721);
#14720 = CARTESIAN_POINT('',(-71.,206.,1.6640125E+03));
#14721 = VECTOR('',#14722,1.);
#14722 = DIRECTION('',(1.,0.,0.));
#14723 = ORIENTED_EDGE('',*,*,#14634,.T.);
#14724 = ORIENTED_EDGE('',*,*,#14725,.T.);
#14725 = EDGE_CURVE('',#14635,#14675,#14726,.T.);
#14726 = LINE('',#14727,#14728);
#14727 = CARTESIAN_POINT('',(-71.,206.,1.7560125E+03));
#14728 = VECTOR('',#14729,1.);
#14729 = DIRECTION('',(1.,0.,0.));
#14730 = ORIENTED_EDGE('',*,*,#14674,.F.);
#14731 = PLANE('',#14732);
#14732 = AXIS2_PLACEMENT_3D('',#14733,#14734,#14735);
#14733 = CARTESIAN_POINT('',(-71.,206.,1.6640125E+03));
#14734 = DIRECTION('',(0.,1.,0.));
#14735 = DIRECTION('',(0.,0.,1.));
#14736 = ADVANCED_FACE('',(#14737),#14743,.F.);
#14737 = FACE_BOUND('',#14738,.F.);
#14738 = EDGE_LOOP('',(#14739,#14740,#14741,#14742));
#14739 = ORIENTED_EDGE('',*,*,#14626,.F.);
#14740 = ORIENTED_EDGE('',*,*,#14696,.T.);
#14741 = ORIENTED_EDGE('',*,*,#14666,.T.);
#14742 = ORIENTED_EDGE('',*,*,#14718,.F.);
#14743 = PLANE('',#14744);
#14744 = AXIS2_PLACEMENT_3D('',#14745,#14746,#14747);
#14745 = CARTESIAN_POINT('',(-71.,14.,1.6640125E+03));
#14746 = DIRECTION('',(0.,0.,1.));
#14747 = DIRECTION('',(1.,0.,0.));
#14748 = ADVANCED_FACE('',(#14749),#14755,.T.);
#14749 = FACE_BOUND('',#14750,.T.);
#14750 = EDGE_LOOP('',(#14751,#14752,#14753,#14754));
#14751 = ORIENTED_EDGE('',*,*,#14642,.F.);
#14752 = ORIENTED_EDGE('',*,*,#14703,.T.);
#14753 = ORIENTED_EDGE('',*,*,#14682,.T.);
#14754 = ORIENTED_EDGE('',*,*,#14725,.F.);
#14755 = PLANE('',#14756);
#14756 = AXIS2_PLACEMENT_3D('',#14757,#14758,#14759);
#14757 = CARTESIAN_POINT('',(-71.,14.,1.7560125E+03));
#14758 = DIRECTION('',(0.,0.,1.));
#14759 = DIRECTION('',(1.,0.,0.));
#14760 = MANIFOLD_SOLID_BREP('',#14761);
#14761 = CLOSED_SHELL('',(#14762,#14802,#14842,#14864,#14886,#14898));
#14762 = ADVANCED_FACE('',(#14763),#14797,.F.);
#14763 = FACE_BOUND('',#14764,.F.);
#14764 = EDGE_LOOP('',(#14765,#14775,#14783,#14791));
#14765 = ORIENTED_EDGE('',*,*,#14766,.F.);
#14766 = EDGE_CURVE('',#14767,#14769,#14771,.T.);
#14767 = VERTEX_POINT('',#14768);
#14768 = CARTESIAN_POINT('',(-56.,14.,1.6640125E+03));
#14769 = VERTEX_POINT('',#14770);
#14770 = CARTESIAN_POINT('',(-56.,14.,1.7560125E+03));
#14771 = LINE('',#14772,#14773);
#14772 = CARTESIAN_POINT('',(-56.,14.,1.6640125E+03));
#14773 = VECTOR('',#14774,1.);
#14774 = DIRECTION('',(0.,0.,1.));
#14775 = ORIENTED_EDGE('',*,*,#14776,.T.);
#14776 = EDGE_CURVE('',#14767,#14777,#14779,.T.);
#14777 = VERTEX_POINT('',#14778);
#14778 = CARTESIAN_POINT('',(-56.,206.,1.6640125E+03));
#14779 = LINE('',#14780,#14781);
#14780 = CARTESIAN_POINT('',(-56.,14.,1.6640125E+03));
#14781 = VECTOR('',#14782,1.);
#14782 = DIRECTION('',(0.,1.,0.));
#14783 = ORIENTED_EDGE('',*,*,#14784,.T.);
#14784 = EDGE_CURVE('',#14777,#14785,#14787,.T.);
#14785 = VERTEX_POINT('',#14786);
#14786 = CARTESIAN_POINT('',(-56.,206.,1.7560125E+03));
#14787 = LINE('',#14788,#14789);
#14788 = CARTESIAN_POINT('',(-56.,206.,1.6640125E+03));
#14789 = VECTOR('',#14790,1.);
#14790 = DIRECTION('',(0.,0.,1.));
#14791 = ORIENTED_EDGE('',*,*,#14792,.F.);
#14792 = EDGE_CURVE('',#14769,#14785,#14793,.T.);
#14793 = LINE('',#14794,#14795);
#14794 = CARTESIAN_POINT('',(-56.,14.,1.7560125E+03));
#14795 = VECTOR('',#14796,1.);
#14796 = DIRECTION('',(0.,1.,0.));
#14797 = PLANE('',#14798);
#14798 = AXIS2_PLACEMENT_3D('',#14799,#14800,#14801);
#14799 = CARTESIAN_POINT('',(-56.,14.,1.6640125E+03));
#14800 = DIRECTION('',(1.,0.,0.));
#14801 = DIRECTION('',(0.,0.,1.));
#14802 = ADVANCED_FACE('',(#14803),#14837,.T.);
#14803 = FACE_BOUND('',#14804,.T.);
#14804 = EDGE_LOOP('',(#14805,#14815,#14823,#14831));
#14805 = ORIENTED_EDGE('',*,*,#14806,.F.);
#14806 = EDGE_CURVE('',#14807,#14809,#14811,.T.);
#14807 = VERTEX_POINT('',#14808);
#14808 = CARTESIAN_POINT('',(-54.,14.,1.6640125E+03));
#14809 = VERTEX_POINT('',#14810);
#14810 = CARTESIAN_POINT('',(-54.,14.,1.7560125E+03));
#14811 = LINE('',#14812,#14813);
#14812 = CARTESIAN_POINT('',(-54.,14.,1.6640125E+03));
#14813 = VECTOR('',#14814,1.);
#14814 = DIRECTION('',(0.,0.,1.));
#14815 = ORIENTED_EDGE('',*,*,#14816,.T.);
#14816 = EDGE_CURVE('',#14807,#14817,#14819,.T.);
#14817 = VERTEX_POINT('',#14818);
#14818 = CARTESIAN_POINT('',(-54.,206.,1.6640125E+03));
#14819 = LINE('',#14820,#14821);
#14820 = CARTESIAN_POINT('',(-54.,14.,1.6640125E+03));
#14821 = VECTOR('',#14822,1.);
#14822 = DIRECTION('',(0.,1.,0.));
#14823 = ORIENTED_EDGE('',*,*,#14824,.T.);
#14824 = EDGE_CURVE('',#14817,#14825,#14827,.T.);
#14825 = VERTEX_POINT('',#14826);
#14826 = CARTESIAN_POINT('',(-54.,206.,1.7560125E+03));
#14827 = LINE('',#14828,#14829);
#14828 = CARTESIAN_POINT('',(-54.,206.,1.6640125E+03));
#14829 = VECTOR('',#14830,1.);
#14830 = DIRECTION('',(0.,0.,1.));
#14831 = ORIENTED_EDGE('',*,*,#14832,.F.);
#14832 = EDGE_CURVE('',#14809,#14825,#14833,.T.);
#14833 = LINE('',#14834,#14835);
#14834 = CARTESIAN_POINT('',(-54.,14.,1.7560125E+03));
#14835 = VECTOR('',#14836,1.);
#14836 = DIRECTION('',(0.,1.,0.));
#14837 = PLANE('',#14838);
#14838 = AXIS2_PLACEMENT_3D('',#14839,#14840,#14841);
#14839 = CARTESIAN_POINT('',(-54.,14.,1.6640125E+03));
#14840 = DIRECTION('',(1.,0.,0.));
#14841 = DIRECTION('',(0.,0.,1.));
#14842 = ADVANCED_FACE('',(#14843),#14859,.F.);
#14843 = FACE_BOUND('',#14844,.F.);
#14844 = EDGE_LOOP('',(#14845,#14851,#14852,#14858));
#14845 = ORIENTED_EDGE('',*,*,#14846,.F.);
#14846 = EDGE_CURVE('',#14767,#14807,#14847,.T.);
#14847 = LINE('',#14848,#14849);
#14848 = CARTESIAN_POINT('',(-56.,14.,1.6640125E+03));
#14849 = VECTOR('',#14850,1.);
#14850 = DIRECTION('',(1.,0.,0.));
#14851 = ORIENTED_EDGE('',*,*,#14766,.T.);
#14852 = ORIENTED_EDGE('',*,*,#14853,.T.);
#14853 = EDGE_CURVE('',#14769,#14809,#14854,.T.);
#14854 = LINE('',#14855,#14856);
#14855 = CARTESIAN_POINT('',(-56.,14.,1.7560125E+03));
#14856 = VECTOR('',#14857,1.);
#14857 = DIRECTION('',(1.,0.,0.));
#14858 = ORIENTED_EDGE('',*,*,#14806,.F.);
#14859 = PLANE('',#14860);
#14860 = AXIS2_PLACEMENT_3D('',#14861,#14862,#14863);
#14861 = CARTESIAN_POINT('',(-56.,14.,1.6640125E+03));
#14862 = DIRECTION('',(0.,1.,0.));
#14863 = DIRECTION('',(0.,0.,1.));
#14864 = ADVANCED_FACE('',(#14865),#14881,.T.);
#14865 = FACE_BOUND('',#14866,.T.);
#14866 = EDGE_LOOP('',(#14867,#14873,#14874,#14880));
#14867 = ORIENTED_EDGE('',*,*,#14868,.F.);
#14868 = EDGE_CURVE('',#14777,#14817,#14869,.T.);
#14869 = LINE('',#14870,#14871);
#14870 = CARTESIAN_POINT('',(-56.,206.,1.6640125E+03));
#14871 = VECTOR('',#14872,1.);
#14872 = DIRECTION('',(1.,0.,0.));
#14873 = ORIENTED_EDGE('',*,*,#14784,.T.);
#14874 = ORIENTED_EDGE('',*,*,#14875,.T.);
#14875 = EDGE_CURVE('',#14785,#14825,#14876,.T.);
#14876 = LINE('',#14877,#14878);
#14877 = CARTESIAN_POINT('',(-56.,206.,1.7560125E+03));
#14878 = VECTOR('',#14879,1.);
#14879 = DIRECTION('',(1.,0.,0.));
#14880 = ORIENTED_EDGE('',*,*,#14824,.F.);
#14881 = PLANE('',#14882);
#14882 = AXIS2_PLACEMENT_3D('',#14883,#14884,#14885);
#14883 = CARTESIAN_POINT('',(-56.,206.,1.6640125E+03));
#14884 = DIRECTION('',(0.,1.,0.));
#14885 = DIRECTION('',(0.,0.,1.));
#14886 = ADVANCED_FACE('',(#14887),#14893,.F.);
#14887 = FACE_BOUND('',#14888,.F.);
#14888 = EDGE_LOOP('',(#14889,#14890,#14891,#14892));
#14889 = ORIENTED_EDGE('',*,*,#14776,.F.);
#14890 = ORIENTED_EDGE('',*,*,#14846,.T.);
#14891 = ORIENTED_EDGE('',*,*,#14816,.T.);
#14892 = ORIENTED_EDGE('',*,*,#14868,.F.);
#14893 = PLANE('',#14894);
#14894 = AXIS2_PLACEMENT_3D('',#14895,#14896,#14897);
#14895 = CARTESIAN_POINT('',(-56.,14.,1.6640125E+03));
#14896 = DIRECTION('',(0.,0.,1.));
#14897 = DIRECTION('',(1.,0.,0.));
#14898 = ADVANCED_FACE('',(#14899),#14905,.T.);
#14899 = FACE_BOUND('',#14900,.T.);
#14900 = EDGE_LOOP('',(#14901,#14902,#14903,#14904));
#14901 = ORIENTED_EDGE('',*,*,#14792,.F.);
#14902 = ORIENTED_EDGE('',*,*,#14853,.T.);
#14903 = ORIENTED_EDGE('',*,*,#14832,.T.);
#14904 = ORIENTED_EDGE('',*,*,#14875,.F.);
#14905 = PLANE('',#14906);
#14906 = AXIS2_PLACEMENT_3D('',#14907,#14908,#14909);
#14907 = CARTESIAN_POINT('',(-56.,14.,1.7560125E+03));
#14908 = DIRECTION('',(0.,0.,1.));
#14909 = DIRECTION('',(1.,0.,0.));
#14910 = MANIFOLD_SOLID_BREP('',#14911);
#14911 = CLOSED_SHELL('',(#14912,#14952,#14992,#15014,#15036,#15048));
#14912 = ADVANCED_FACE('',(#14913),#14947,.F.);
#14913 = FACE_BOUND('',#14914,.F.);
#14914 = EDGE_LOOP('',(#14915,#14925,#14933,#14941));
#14915 = ORIENTED_EDGE('',*,*,#14916,.F.);
#14916 = EDGE_CURVE('',#14917,#14919,#14921,.T.);
#14917 = VERTEX_POINT('',#14918);
#14918 = CARTESIAN_POINT('',(-41.,14.,1.6640125E+03));
#14919 = VERTEX_POINT('',#14920);
#14920 = CARTESIAN_POINT('',(-41.,14.,1.7560125E+03));
#14921 = LINE('',#14922,#14923);
#14922 = CARTESIAN_POINT('',(-41.,14.,1.6640125E+03));
#14923 = VECTOR('',#14924,1.);
#14924 = DIRECTION('',(0.,0.,1.));
#14925 = ORIENTED_EDGE('',*,*,#14926,.T.);
#14926 = EDGE_CURVE('',#14917,#14927,#14929,.T.);
#14927 = VERTEX_POINT('',#14928);
#14928 = CARTESIAN_POINT('',(-41.,206.,1.6640125E+03));
#14929 = LINE('',#14930,#14931);
#14930 = CARTESIAN_POINT('',(-41.,14.,1.6640125E+03));
#14931 = VECTOR('',#14932,1.);
#14932 = DIRECTION('',(0.,1.,0.));
#14933 = ORIENTED_EDGE('',*,*,#14934,.T.);
#14934 = EDGE_CURVE('',#14927,#14935,#14937,.T.);
#14935 = VERTEX_POINT('',#14936);
#14936 = CARTESIAN_POINT('',(-41.,206.,1.7560125E+03));
#14937 = LINE('',#14938,#14939);
#14938 = CARTESIAN_POINT('',(-41.,206.,1.6640125E+03));
#14939 = VECTOR('',#14940,1.);
#14940 = DIRECTION('',(0.,0.,1.));
#14941 = ORIENTED_EDGE('',*,*,#14942,.F.);
#14942 = EDGE_CURVE('',#14919,#14935,#14943,.T.);
#14943 = LINE('',#14944,#14945);
#14944 = CARTESIAN_POINT('',(-41.,14.,1.7560125E+03));
#14945 = VECTOR('',#14946,1.);
#14946 = DIRECTION('',(0.,1.,0.));
#14947 = PLANE('',#14948);
#14948 = AXIS2_PLACEMENT_3D('',#14949,#14950,#14951);
#14949 = CARTESIAN_POINT('',(-41.,14.,1.6640125E+03));
#14950 = DIRECTION('',(1.,0.,0.));
#14951 = DIRECTION('',(0.,0.,1.));
#14952 = ADVANCED_FACE('',(#14953),#14987,.T.);
#14953 = FACE_BOUND('',#14954,.T.);
#14954 = EDGE_LOOP('',(#14955,#14965,#14973,#14981));
#14955 = ORIENTED_EDGE('',*,*,#14956,.F.);
#14956 = EDGE_CURVE('',#14957,#14959,#14961,.T.);
#14957 = VERTEX_POINT('',#14958);
#14958 = CARTESIAN_POINT('',(-39.,14.,1.6640125E+03));
#14959 = VERTEX_POINT('',#14960);
#14960 = CARTESIAN_POINT('',(-39.,14.,1.7560125E+03));
#14961 = LINE('',#14962,#14963);
#14962 = CARTESIAN_POINT('',(-39.,14.,1.6640125E+03));
#14963 = VECTOR('',#14964,1.);
#14964 = DIRECTION('',(0.,0.,1.));
#14965 = ORIENTED_EDGE('',*,*,#14966,.T.);
#14966 = EDGE_CURVE('',#14957,#14967,#14969,.T.);
#14967 = VERTEX_POINT('',#14968);
#14968 = CARTESIAN_POINT('',(-39.,206.,1.6640125E+03));
#14969 = LINE('',#14970,#14971);
#14970 = CARTESIAN_POINT('',(-39.,14.,1.6640125E+03));
#14971 = VECTOR('',#14972,1.);
#14972 = DIRECTION('',(0.,1.,0.));
#14973 = ORIENTED_EDGE('',*,*,#14974,.T.);
#14974 = EDGE_CURVE('',#14967,#14975,#14977,.T.);
#14975 = VERTEX_POINT('',#14976);
#14976 = CARTESIAN_POINT('',(-39.,206.,1.7560125E+03));
#14977 = LINE('',#14978,#14979);
#14978 = CARTESIAN_POINT('',(-39.,206.,1.6640125E+03));
#14979 = VECTOR('',#14980,1.);
#14980 = DIRECTION('',(0.,0.,1.));
#14981 = ORIENTED_EDGE('',*,*,#14982,.F.);
#14982 = EDGE_CURVE('',#14959,#14975,#14983,.T.);
#14983 = LINE('',#14984,#14985);
#14984 = CARTESIAN_POINT('',(-39.,14.,1.7560125E+03));
#14985 = VECTOR('',#14986,1.);
#14986 = DIRECTION('',(0.,1.,0.));
#14987 = PLANE('',#14988);
#14988 = AXIS2_PLACEMENT_3D('',#14989,#14990,#14991);
#14989 = CARTESIAN_POINT('',(-39.,14.,1.6640125E+03));
#14990 = DIRECTION('',(1.,0.,0.));
#14991 = DIRECTION('',(0.,0.,1.));
#14992 = ADVANCED_FACE('',(#14993),#15009,.F.);
#14993 = FACE_BOUND('',#14994,.F.);
#14994 = EDGE_LOOP('',(#14995,#15001,#15002,#15008));
#14995 = ORIENTED_EDGE('',*,*,#14996,.F.);
#14996 = EDGE_CURVE('',#14917,#14957,#14997,.T.);
#14997 = LINE('',#14998,#14999);
#14998 = CARTESIAN_POINT('',(-41.,14.,1.6640125E+03));
#14999 = VECTOR('',#15000,1.);
#15000 = DIRECTION('',(1.,0.,0.));
#15001 = ORIENTED_EDGE('',*,*,#14916,.T.);
#15002 = ORIENTED_EDGE('',*,*,#15003,.T.);
#15003 = EDGE_CURVE('',#14919,#14959,#15004,.T.);
#15004 = LINE('',#15005,#15006);
#15005 = CARTESIAN_POINT('',(-41.,14.,1.7560125E+03));
#15006 = VECTOR('',#15007,1.);
#15007 = DIRECTION('',(1.,0.,0.));
#15008 = ORIENTED_EDGE('',*,*,#14956,.F.);
#15009 = PLANE('',#15010);
#15010 = AXIS2_PLACEMENT_3D('',#15011,#15012,#15013);
#15011 = CARTESIAN_POINT('',(-41.,14.,1.6640125E+03));
#15012 = DIRECTION('',(0.,1.,0.));
#15013 = DIRECTION('',(0.,0.,1.));
#15014 = ADVANCED_FACE('',(#15015),#15031,.T.);
#15015 = FACE_BOUND('',#15016,.T.);
#15016 = EDGE_LOOP('',(#15017,#15023,#15024,#15030));
#15017 = ORIENTED_EDGE('',*,*,#15018,.F.);
#15018 = EDGE_CURVE('',#14927,#14967,#15019,.T.);
#15019 = LINE('',#15020,#15021);
#15020 = CARTESIAN_POINT('',(-41.,206.,1.6640125E+03));
#15021 = VECTOR('',#15022,1.);
#15022 = DIRECTION('',(1.,0.,0.));
#15023 = ORIENTED_EDGE('',*,*,#14934,.T.);
#15024 = ORIENTED_EDGE('',*,*,#15025,.T.);
#15025 = EDGE_CURVE('',#14935,#14975,#15026,.T.);
#15026 = LINE('',#15027,#15028);
#15027 = CARTESIAN_POINT('',(-41.,206.,1.7560125E+03));
#15028 = VECTOR('',#15029,1.);
#15029 = DIRECTION('',(1.,0.,0.));
#15030 = ORIENTED_EDGE('',*,*,#14974,.F.);
#15031 = PLANE('',#15032);
#15032 = AXIS2_PLACEMENT_3D('',#15033,#15034,#15035);
#15033 = CARTESIAN_POINT('',(-41.,206.,1.6640125E+03));
#15034 = DIRECTION('',(0.,1.,0.));
#15035 = DIRECTION('',(0.,0.,1.));
#15036 = ADVANCED_FACE('',(#15037),#15043,.F.);
#15037 = FACE_BOUND('',#15038,.F.);
#15038 = EDGE_LOOP('',(#15039,#15040,#15041,#15042));
#15039 = ORIENTED_EDGE('',*,*,#14926,.F.);
#15040 = ORIENTED_EDGE('',*,*,#14996,.T.);
#15041 = ORIENTED_EDGE('',*,*,#14966,.T.);
#15042 = ORIENTED_EDGE('',*,*,#15018,.F.);
#15043 = PLANE('',#15044);
#15044 = AXIS2_PLACEMENT_3D('',#15045,#15046,#15047);
#15045 = CARTESIAN_POINT('',(-41.,14.,1.6640125E+03));
#15046 = DIRECTION('',(0.,0.,1.));
#15047 = DIRECTION('',(1.,0.,0.));
#15048 = ADVANCED_FACE('',(#15049),#15055,.T.);
#15049 = FACE_BOUND('',#15050,.T.);
#15050 = EDGE_LOOP('',(#15051,#15052,#15053,#15054));
#15051 = ORIENTED_EDGE('',*,*,#14942,.F.);
#15052 = ORIENTED_EDGE('',*,*,#15003,.T.);
#15053 = ORIENTED_EDGE('',*,*,#14982,.T.);
#15054 = ORIENTED_EDGE('',*,*,#15025,.F.);
#15055 = PLANE('',#15056);
#15056 = AXIS2_PLACEMENT_3D('',#15057,#15058,#15059);
#15057 = CARTESIAN_POINT('',(-41.,14.,1.7560125E+03));
#15058 = DIRECTION('',(0.,0.,1.));
#15059 = DIRECTION('',(1.,0.,0.));
#15060 = MANIFOLD_SOLID_BREP('',#15061);
#15061 = CLOSED_SHELL('',(#15062,#15102,#15142,#15164,#15186,#15198));
#15062 = ADVANCED_FACE('',(#15063),#15097,.F.);
#15063 = FACE_BOUND('',#15064,.F.);
#15064 = EDGE_LOOP('',(#15065,#15075,#15083,#15091));
#15065 = ORIENTED_EDGE('',*,*,#15066,.F.);
#15066 = EDGE_CURVE('',#15067,#15069,#15071,.T.);
#15067 = VERTEX_POINT('',#15068);
#15068 = CARTESIAN_POINT('',(-26.,14.,1.6640125E+03));
#15069 = VERTEX_POINT('',#15070);
#15070 = CARTESIAN_POINT('',(-26.,14.,1.7560125E+03));
#15071 = LINE('',#15072,#15073);
#15072 = CARTESIAN_POINT('',(-26.,14.,1.6640125E+03));
#15073 = VECTOR('',#15074,1.);
#15074 = DIRECTION('',(0.,0.,1.));
#15075 = ORIENTED_EDGE('',*,*,#15076,.T.);
#15076 = EDGE_CURVE('',#15067,#15077,#15079,.T.);
#15077 = VERTEX_POINT('',#15078);
#15078 = CARTESIAN_POINT('',(-26.,206.,1.6640125E+03));
#15079 = LINE('',#15080,#15081);
#15080 = CARTESIAN_POINT('',(-26.,14.,1.6640125E+03));
#15081 = VECTOR('',#15082,1.);
#15082 = DIRECTION('',(0.,1.,0.));
#15083 = ORIENTED_EDGE('',*,*,#15084,.T.);
#15084 = EDGE_CURVE('',#15077,#15085,#15087,.T.);
#15085 = VERTEX_POINT('',#15086);
#15086 = CARTESIAN_POINT('',(-26.,206.,1.7560125E+03));
#15087 = LINE('',#15088,#15089);
#15088 = CARTESIAN_POINT('',(-26.,206.,1.6640125E+03));
#15089 = VECTOR('',#15090,1.);
#15090 = DIRECTION('',(0.,0.,1.));
#15091 = ORIENTED_EDGE('',*,*,#15092,.F.);
#15092 = EDGE_CURVE('',#15069,#15085,#15093,.T.);
#15093 = LINE('',#15094,#15095);
#15094 = CARTESIAN_POINT('',(-26.,14.,1.7560125E+03));
#15095 = VECTOR('',#15096,1.);
#15096 = DIRECTION('',(0.,1.,0.));
#15097 = PLANE('',#15098);
#15098 = AXIS2_PLACEMENT_3D('',#15099,#15100,#15101);
#15099 = CARTESIAN_POINT('',(-26.,14.,1.6640125E+03));
#15100 = DIRECTION('',(1.,0.,0.));
#15101 = DIRECTION('',(0.,0.,1.));
#15102 = ADVANCED_FACE('',(#15103),#15137,.T.);
#15103 = FACE_BOUND('',#15104,.T.);
#15104 = EDGE_LOOP('',(#15105,#15115,#15123,#15131));
#15105 = ORIENTED_EDGE('',*,*,#15106,.F.);
#15106 = EDGE_CURVE('',#15107,#15109,#15111,.T.);
#15107 = VERTEX_POINT('',#15108);
#15108 = CARTESIAN_POINT('',(-24.,14.,1.6640125E+03));
#15109 = VERTEX_POINT('',#15110);
#15110 = CARTESIAN_POINT('',(-24.,14.,1.7560125E+03));
#15111 = LINE('',#15112,#15113);
#15112 = CARTESIAN_POINT('',(-24.,14.,1.6640125E+03));
#15113 = VECTOR('',#15114,1.);
#15114 = DIRECTION('',(0.,0.,1.));
#15115 = ORIENTED_EDGE('',*,*,#15116,.T.);
#15116 = EDGE_CURVE('',#15107,#15117,#15119,.T.);
#15117 = VERTEX_POINT('',#15118);
#15118 = CARTESIAN_POINT('',(-24.,206.,1.6640125E+03));
#15119 = LINE('',#15120,#15121);
#15120 = CARTESIAN_POINT('',(-24.,14.,1.6640125E+03));
#15121 = VECTOR('',#15122,1.);
#15122 = DIRECTION('',(0.,1.,0.));
#15123 = ORIENTED_EDGE('',*,*,#15124,.T.);
#15124 = EDGE_CURVE('',#15117,#15125,#15127,.T.);
#15125 = VERTEX_POINT('',#15126);
#15126 = CARTESIAN_POINT('',(-24.,206.,1.7560125E+03));
#15127 = LINE('',#15128,#15129);
#15128 = CARTESIAN_POINT('',(-24.,206.,1.6640125E+03));
#15129 = VECTOR('',#15130,1.);
#15130 = DIRECTION('',(0.,0.,1.));
#15131 = ORIENTED_EDGE('',*,*,#15132,.F.);
#15132 = EDGE_CURVE('',#15109,#15125,#15133,.T.);
#15133 = LINE('',#15134,#15135);
#15134 = CARTESIAN_POINT('',(-24.,14.,1.7560125E+03));
#15135 = VECTOR('',#15136,1.);
#15136 = DIRECTION('',(0.,1.,0.));
#15137 = PLANE('',#15138);
#15138 = AXIS2_PLACEMENT_3D('',#15139,#15140,#15141);
#15139 = CARTESIAN_POINT('',(-24.,14.,1.6640125E+03));
#15140 = DIRECTION('',(1.,0.,0.));
#15141 = DIRECTION('',(0.,0.,1.));
#15142 = ADVANCED_FACE('',(#15143),#15159,.F.);
#15143 = FACE_BOUND('',#15144,.F.);
#15144 = EDGE_LOOP('',(#15145,#15151,#15152,#15158));
#15145 = ORIENTED_EDGE('',*,*,#15146,.F.);
#15146 = EDGE_CURVE('',#15067,#15107,#15147,.T.);
#15147 = LINE('',#15148,#15149);
#15148 = CARTESIAN_POINT('',(-26.,14.,1.6640125E+03));
#15149 = VECTOR('',#15150,1.);
#15150 = DIRECTION('',(1.,0.,0.));
#15151 = ORIENTED_EDGE('',*,*,#15066,.T.);
#15152 = ORIENTED_EDGE('',*,*,#15153,.T.);
#15153 = EDGE_CURVE('',#15069,#15109,#15154,.T.);
#15154 = LINE('',#15155,#15156);
#15155 = CARTESIAN_POINT('',(-26.,14.,1.7560125E+03));
#15156 = VECTOR('',#15157,1.);
#15157 = DIRECTION('',(1.,0.,0.));
#15158 = ORIENTED_EDGE('',*,*,#15106,.F.);
#15159 = PLANE('',#15160);
#15160 = AXIS2_PLACEMENT_3D('',#15161,#15162,#15163);
#15161 = CARTESIAN_POINT('',(-26.,14.,1.6640125E+03));
#15162 = DIRECTION('',(0.,1.,0.));
#15163 = DIRECTION('',(0.,0.,1.));
#15164 = ADVANCED_FACE('',(#15165),#15181,.T.);
#15165 = FACE_BOUND('',#15166,.T.);
#15166 = EDGE_LOOP('',(#15167,#15173,#15174,#15180));
#15167 = ORIENTED_EDGE('',*,*,#15168,.F.);
#15168 = EDGE_CURVE('',#15077,#15117,#15169,.T.);
#15169 = LINE('',#15170,#15171);
#15170 = CARTESIAN_POINT('',(-26.,206.,1.6640125E+03));
#15171 = VECTOR('',#15172,1.);
#15172 = DIRECTION('',(1.,0.,0.));
#15173 = ORIENTED_EDGE('',*,*,#15084,.T.);
#15174 = ORIENTED_EDGE('',*,*,#15175,.T.);
#15175 = EDGE_CURVE('',#15085,#15125,#15176,.T.);
#15176 = LINE('',#15177,#15178);
#15177 = CARTESIAN_POINT('',(-26.,206.,1.7560125E+03));
#15178 = VECTOR('',#15179,1.);
#15179 = DIRECTION('',(1.,0.,0.));
#15180 = ORIENTED_EDGE('',*,*,#15124,.F.);
#15181 = PLANE('',#15182);
#15182 = AXIS2_PLACEMENT_3D('',#15183,#15184,#15185);
#15183 = CARTESIAN_POINT('',(-26.,206.,1.6640125E+03));
#15184 = DIRECTION('',(0.,1.,0.));
#15185 = DIRECTION('',(0.,0.,1.));
#15186 = ADVANCED_FACE('',(#15187),#15193,.F.);
#15187 = FACE_BOUND('',#15188,.F.);
#15188 = EDGE_LOOP('',(#15189,#15190,#15191,#15192));
#15189 = ORIENTED_EDGE('',*,*,#15076,.F.);
#15190 = ORIENTED_EDGE('',*,*,#15146,.T.);
#15191 = ORIENTED_EDGE('',*,*,#15116,.T.);
#15192 = ORIENTED_EDGE('',*,*,#15168,.F.);
#15193 = PLANE('',#15194);
#15194 = AXIS2_PLACEMENT_3D('',#15195,#15196,#15197);
#15195 = CARTESIAN_POINT('',(-26.,14.,1.6640125E+03));
#15196 = DIRECTION('',(0.,0.,1.));
#15197 = DIRECTION('',(1.,0.,0.));
#15198 = ADVANCED_FACE('',(#15199),#15205,.T.);
#15199 = FACE_BOUND('',#15200,.T.);
#15200 = EDGE_LOOP('',(#15201,#15202,#15203,#15204));
#15201 = ORIENTED_EDGE('',*,*,#15092,.F.);
#15202 = ORIENTED_EDGE('',*,*,#15153,.T.);
#15203 = ORIENTED_EDGE('',*,*,#15132,.T.);
#15204 = ORIENTED_EDGE('',*,*,#15175,.F.);
#15205 = PLANE('',#15206);
#15206 = AXIS2_PLACEMENT_3D('',#15207,#15208,#15209);
#15207 = CARTESIAN_POINT('',(-26.,14.,1.7560125E+03));
#15208 = DIRECTION('',(0.,0.,1.));
#15209 = DIRECTION('',(1.,0.,0.));
#15210 = MANIFOLD_SOLID_BREP('',#15211);
#15211 = CLOSED_SHELL('',(#15212,#15252,#15292,#15314,#15336,#15348));
#15212 = ADVANCED_FACE('',(#15213),#15247,.F.);
#15213 = FACE_BOUND('',#15214,.F.);
#15214 = EDGE_LOOP('',(#15215,#15225,#15233,#15241));
#15215 = ORIENTED_EDGE('',*,*,#15216,.F.);
#15216 = EDGE_CURVE('',#15217,#15219,#15221,.T.);
#15217 = VERTEX_POINT('',#15218);
#15218 = CARTESIAN_POINT('',(-11.,14.,1.6640125E+03));
#15219 = VERTEX_POINT('',#15220);
#15220 = CARTESIAN_POINT('',(-11.,14.,1.7560125E+03));
#15221 = LINE('',#15222,#15223);
#15222 = CARTESIAN_POINT('',(-11.,14.,1.6640125E+03));
#15223 = VECTOR('',#15224,1.);
#15224 = DIRECTION('',(0.,0.,1.));
#15225 = ORIENTED_EDGE('',*,*,#15226,.T.);
#15226 = EDGE_CURVE('',#15217,#15227,#15229,.T.);
#15227 = VERTEX_POINT('',#15228);
#15228 = CARTESIAN_POINT('',(-11.,206.,1.6640125E+03));
#15229 = LINE('',#15230,#15231);
#15230 = CARTESIAN_POINT('',(-11.,14.,1.6640125E+03));
#15231 = VECTOR('',#15232,1.);
#15232 = DIRECTION('',(0.,1.,0.));
#15233 = ORIENTED_EDGE('',*,*,#15234,.T.);
#15234 = EDGE_CURVE('',#15227,#15235,#15237,.T.);
#15235 = VERTEX_POINT('',#15236);
#15236 = CARTESIAN_POINT('',(-11.,206.,1.7560125E+03));
#15237 = LINE('',#15238,#15239);
#15238 = CARTESIAN_POINT('',(-11.,206.,1.6640125E+03));
#15239 = VECTOR('',#15240,1.);
#15240 = DIRECTION('',(0.,0.,1.));
#15241 = ORIENTED_EDGE('',*,*,#15242,.F.);
#15242 = EDGE_CURVE('',#15219,#15235,#15243,.T.);
#15243 = LINE('',#15244,#15245);
#15244 = CARTESIAN_POINT('',(-11.,14.,1.7560125E+03));
#15245 = VECTOR('',#15246,1.);
#15246 = DIRECTION('',(0.,1.,0.));
#15247 = PLANE('',#15248);
#15248 = AXIS2_PLACEMENT_3D('',#15249,#15250,#15251);
#15249 = CARTESIAN_POINT('',(-11.,14.,1.6640125E+03));
#15250 = DIRECTION('',(1.,0.,0.));
#15251 = DIRECTION('',(0.,0.,1.));
#15252 = ADVANCED_FACE('',(#15253),#15287,.T.);
#15253 = FACE_BOUND('',#15254,.T.);
#15254 = EDGE_LOOP('',(#15255,#15265,#15273,#15281));
#15255 = ORIENTED_EDGE('',*,*,#15256,.F.);
#15256 = EDGE_CURVE('',#15257,#15259,#15261,.T.);
#15257 = VERTEX_POINT('',#15258);
#15258 = CARTESIAN_POINT('',(-9.,14.,1.6640125E+03));
#15259 = VERTEX_POINT('',#15260);
#15260 = CARTESIAN_POINT('',(-9.,14.,1.7560125E+03));
#15261 = LINE('',#15262,#15263);
#15262 = CARTESIAN_POINT('',(-9.,14.,1.6640125E+03));
#15263 = VECTOR('',#15264,1.);
#15264 = DIRECTION('',(0.,0.,1.));
#15265 = ORIENTED_EDGE('',*,*,#15266,.T.);
#15266 = EDGE_CURVE('',#15257,#15267,#15269,.T.);
#15267 = VERTEX_POINT('',#15268);
#15268 = CARTESIAN_POINT('',(-9.,206.,1.6640125E+03));
#15269 = LINE('',#15270,#15271);
#15270 = CARTESIAN_POINT('',(-9.,14.,1.6640125E+03));
#15271 = VECTOR('',#15272,1.);
#15272 = DIRECTION('',(0.,1.,0.));
#15273 = ORIENTED_EDGE('',*,*,#15274,.T.);
#15274 = EDGE_CURVE('',#15267,#15275,#15277,.T.);
#15275 = VERTEX_POINT('',#15276);
#15276 = CARTESIAN_POINT('',(-9.,206.,1.7560125E+03));
#15277 = LINE('',#15278,#15279);
#15278 = CARTESIAN_POINT('',(-9.,206.,1.6640125E+03));
#15279 = VECTOR('',#15280,1.);
#15280 = DIRECTION('',(0.,0.,1.));
#15281 = ORIENTED_EDGE('',*,*,#15282,.F.);
#15282 = EDGE_CURVE('',#15259,#15275,#15283,.T.);
#15283 = LINE('',#15284,#15285);
#15284 = CARTESIAN_POINT('',(-9.,14.,1.7560125E+03));
#15285 = VECTOR('',#15286,1.);
#15286 = DIRECTION('',(0.,1.,0.));
#15287 = PLANE('',#15288);
#15288 = AXIS2_PLACEMENT_3D('',#15289,#15290,#15291);
#15289 = CARTESIAN_POINT('',(-9.,14.,1.6640125E+03));
#15290 = DIRECTION('',(1.,0.,0.));
#15291 = DIRECTION('',(0.,0.,1.));
#15292 = ADVANCED_FACE('',(#15293),#15309,.F.);
#15293 = FACE_BOUND('',#15294,.F.);
#15294 = EDGE_LOOP('',(#15295,#15301,#15302,#15308));
#15295 = ORIENTED_EDGE('',*,*,#15296,.F.);
#15296 = EDGE_CURVE('',#15217,#15257,#15297,.T.);
#15297 = LINE('',#15298,#15299);
#15298 = CARTESIAN_POINT('',(-11.,14.,1.6640125E+03));
#15299 = VECTOR('',#15300,1.);
#15300 = DIRECTION('',(1.,0.,0.));
#15301 = ORIENTED_EDGE('',*,*,#15216,.T.);
#15302 = ORIENTED_EDGE('',*,*,#15303,.T.);
#15303 = EDGE_CURVE('',#15219,#15259,#15304,.T.);
#15304 = LINE('',#15305,#15306);
#15305 = CARTESIAN_POINT('',(-11.,14.,1.7560125E+03));
#15306 = VECTOR('',#15307,1.);
#15307 = DIRECTION('',(1.,0.,0.));
#15308 = ORIENTED_EDGE('',*,*,#15256,.F.);
#15309 = PLANE('',#15310);
#15310 = AXIS2_PLACEMENT_3D('',#15311,#15312,#15313);
#15311 = CARTESIAN_POINT('',(-11.,14.,1.6640125E+03));
#15312 = DIRECTION('',(0.,1.,0.));
#15313 = DIRECTION('',(0.,0.,1.));
#15314 = ADVANCED_FACE('',(#15315),#15331,.T.);
#15315 = FACE_BOUND('',#15316,.T.);
#15316 = EDGE_LOOP('',(#15317,#15323,#15324,#15330));
#15317 = ORIENTED_EDGE('',*,*,#15318,.F.);
#15318 = EDGE_CURVE('',#15227,#15267,#15319,.T.);
#15319 = LINE('',#15320,#15321);
#15320 = CARTESIAN_POINT('',(-11.,206.,1.6640125E+03));
#15321 = VECTOR('',#15322,1.);
#15322 = DIRECTION('',(1.,0.,0.));
#15323 = ORIENTED_EDGE('',*,*,#15234,.T.);
#15324 = ORIENTED_EDGE('',*,*,#15325,.T.);
#15325 = EDGE_CURVE('',#15235,#15275,#15326,.T.);
#15326 = LINE('',#15327,#15328);
#15327 = CARTESIAN_POINT('',(-11.,206.,1.7560125E+03));
#15328 = VECTOR('',#15329,1.);
#15329 = DIRECTION('',(1.,0.,0.));
#15330 = ORIENTED_EDGE('',*,*,#15274,.F.);
#15331 = PLANE('',#15332);
#15332 = AXIS2_PLACEMENT_3D('',#15333,#15334,#15335);
#15333 = CARTESIAN_POINT('',(-11.,206.,1.6640125E+03));
#15334 = DIRECTION('',(0.,1.,0.));
#15335 = DIRECTION('',(0.,0.,1.));
#15336 = ADVANCED_FACE('',(#15337),#15343,.F.);
#15337 = FACE_BOUND('',#15338,.F.);
#15338 = EDGE_LOOP('',(#15339,#15340,#15341,#15342));
#15339 = ORIENTED_EDGE('',*,*,#15226,.F.);
#15340 = ORIENTED_EDGE('',*,*,#15296,.T.);
#15341 = ORIENTED_EDGE('',*,*,#15266,.T.);
#15342 = ORIENTED_EDGE('',*,*,#15318,.F.);
#15343 = PLANE('',#15344);
#15344 = AXIS2_PLACEMENT_3D('',#15345,#15346,#15347);
#15345 = CARTESIAN_POINT('',(-11.,14.,1.6640125E+03));
#15346 = DIRECTION('',(0.,0.,1.));
#15347 = DIRECTION('',(1.,0.,0.));
#15348 = ADVANCED_FACE('',(#15349),#15355,.T.);
#15349 = FACE_BOUND('',#15350,.T.);
#15350 = EDGE_LOOP('',(#15351,#15352,#15353,#15354));
#15351 = ORIENTED_EDGE('',*,*,#15242,.F.);
#15352 = ORIENTED_EDGE('',*,*,#15303,.T.);
#15353 = ORIENTED_EDGE('',*,*,#15282,.T.);
#15354 = ORIENTED_EDGE('',*,*,#15325,.F.);
#15355 = PLANE('',#15356);
#15356 = AXIS2_PLACEMENT_3D('',#15357,#15358,#15359);
#15357 = CARTESIAN_POINT('',(-11.,14.,1.7560125E+03));
#15358 = DIRECTION('',(0.,0.,1.));
#15359 = DIRECTION('',(1.,0.,0.));
#15360 = MANIFOLD_SOLID_BREP('',#15361);
#15361 = CLOSED_SHELL('',(#15362,#15402,#15442,#15464,#15486,#15498));
#15362 = ADVANCED_FACE('',(#15363),#15397,.F.);
#15363 = FACE_BOUND('',#15364,.F.);
#15364 = EDGE_LOOP('',(#15365,#15375,#15383,#15391));
#15365 = ORIENTED_EDGE('',*,*,#15366,.F.);
#15366 = EDGE_CURVE('',#15367,#15369,#15371,.T.);
#15367 = VERTEX_POINT('',#15368);
#15368 = CARTESIAN_POINT('',(4.,14.,1.6640125E+03));
#15369 = VERTEX_POINT('',#15370);
#15370 = CARTESIAN_POINT('',(4.,14.,1.7560125E+03));
#15371 = LINE('',#15372,#15373);
#15372 = CARTESIAN_POINT('',(4.,14.,1.6640125E+03));
#15373 = VECTOR('',#15374,1.);
#15374 = DIRECTION('',(0.,0.,1.));
#15375 = ORIENTED_EDGE('',*,*,#15376,.T.);
#15376 = EDGE_CURVE('',#15367,#15377,#15379,.T.);
#15377 = VERTEX_POINT('',#15378);
#15378 = CARTESIAN_POINT('',(4.,206.,1.6640125E+03));
#15379 = LINE('',#15380,#15381);
#15380 = CARTESIAN_POINT('',(4.,14.,1.6640125E+03));
#15381 = VECTOR('',#15382,1.);
#15382 = DIRECTION('',(0.,1.,0.));
#15383 = ORIENTED_EDGE('',*,*,#15384,.T.);
#15384 = EDGE_CURVE('',#15377,#15385,#15387,.T.);
#15385 = VERTEX_POINT('',#15386);
#15386 = CARTESIAN_POINT('',(4.,206.,1.7560125E+03));
#15387 = LINE('',#15388,#15389);
#15388 = CARTESIAN_POINT('',(4.,206.,1.6640125E+03));
#15389 = VECTOR('',#15390,1.);
#15390 = DIRECTION('',(0.,0.,1.));
#15391 = ORIENTED_EDGE('',*,*,#15392,.F.);
#15392 = EDGE_CURVE('',#15369,#15385,#15393,.T.);
#15393 = LINE('',#15394,#15395);
#15394 = CARTESIAN_POINT('',(4.,14.,1.7560125E+03));
#15395 = VECTOR('',#15396,1.);
#15396 = DIRECTION('',(0.,1.,0.));
#15397 = PLANE('',#15398);
#15398 = AXIS2_PLACEMENT_3D('',#15399,#15400,#15401);
#15399 = CARTESIAN_POINT('',(4.,14.,1.6640125E+03));
#15400 = DIRECTION('',(1.,0.,0.));
#15401 = DIRECTION('',(0.,0.,1.));
#15402 = ADVANCED_FACE('',(#15403),#15437,.T.);
#15403 = FACE_BOUND('',#15404,.T.);
#15404 = EDGE_LOOP('',(#15405,#15415,#15423,#15431));
#15405 = ORIENTED_EDGE('',*,*,#15406,.F.);
#15406 = EDGE_CURVE('',#15407,#15409,#15411,.T.);
#15407 = VERTEX_POINT('',#15408);
#15408 = CARTESIAN_POINT('',(6.,14.,1.6640125E+03));
#15409 = VERTEX_POINT('',#15410);
#15410 = CARTESIAN_POINT('',(6.,14.,1.7560125E+03));
#15411 = LINE('',#15412,#15413);
#15412 = CARTESIAN_POINT('',(6.,14.,1.6640125E+03));
#15413 = VECTOR('',#15414,1.);
#15414 = DIRECTION('',(0.,0.,1.));
#15415 = ORIENTED_EDGE('',*,*,#15416,.T.);
#15416 = EDGE_CURVE('',#15407,#15417,#15419,.T.);
#15417 = VERTEX_POINT('',#15418);
#15418 = CARTESIAN_POINT('',(6.,206.,1.6640125E+03));
#15419 = LINE('',#15420,#15421);
#15420 = CARTESIAN_POINT('',(6.,14.,1.6640125E+03));
#15421 = VECTOR('',#15422,1.);
#15422 = DIRECTION('',(0.,1.,0.));
#15423 = ORIENTED_EDGE('',*,*,#15424,.T.);
#15424 = EDGE_CURVE('',#15417,#15425,#15427,.T.);
#15425 = VERTEX_POINT('',#15426);
#15426 = CARTESIAN_POINT('',(6.,206.,1.7560125E+03));
#15427 = LINE('',#15428,#15429);
#15428 = CARTESIAN_POINT('',(6.,206.,1.6640125E+03));
#15429 = VECTOR('',#15430,1.);
#15430 = DIRECTION('',(0.,0.,1.));
#15431 = ORIENTED_EDGE('',*,*,#15432,.F.);
#15432 = EDGE_CURVE('',#15409,#15425,#15433,.T.);
#15433 = LINE('',#15434,#15435);
#15434 = CARTESIAN_POINT('',(6.,14.,1.7560125E+03));
#15435 = VECTOR('',#15436,1.);
#15436 = DIRECTION('',(0.,1.,0.));
#15437 = PLANE('',#15438);
#15438 = AXIS2_PLACEMENT_3D('',#15439,#15440,#15441);
#15439 = CARTESIAN_POINT('',(6.,14.,1.6640125E+03));
#15440 = DIRECTION('',(1.,0.,0.));
#15441 = DIRECTION('',(0.,0.,1.));
#15442 = ADVANCED_FACE('',(#15443),#15459,.F.);
#15443 = FACE_BOUND('',#15444,.F.);
#15444 = EDGE_LOOP('',(#15445,#15451,#15452,#15458));
#15445 = ORIENTED_EDGE('',*,*,#15446,.F.);
#15446 = EDGE_CURVE('',#15367,#15407,#15447,.T.);
#15447 = LINE('',#15448,#15449);
#15448 = CARTESIAN_POINT('',(4.,14.,1.6640125E+03));
#15449 = VECTOR('',#15450,1.);
#15450 = DIRECTION('',(1.,0.,0.));
#15451 = ORIENTED_EDGE('',*,*,#15366,.T.);
#15452 = ORIENTED_EDGE('',*,*,#15453,.T.);
#15453 = EDGE_CURVE('',#15369,#15409,#15454,.T.);
#15454 = LINE('',#15455,#15456);
#15455 = CARTESIAN_POINT('',(4.,14.,1.7560125E+03));
#15456 = VECTOR('',#15457,1.);
#15457 = DIRECTION('',(1.,0.,0.));
#15458 = ORIENTED_EDGE('',*,*,#15406,.F.);
#15459 = PLANE('',#15460);
#15460 = AXIS2_PLACEMENT_3D('',#15461,#15462,#15463);
#15461 = CARTESIAN_POINT('',(4.,14.,1.6640125E+03));
#15462 = DIRECTION('',(0.,1.,0.));
#15463 = DIRECTION('',(0.,0.,1.));
#15464 = ADVANCED_FACE('',(#15465),#15481,.T.);
#15465 = FACE_BOUND('',#15466,.T.);
#15466 = EDGE_LOOP('',(#15467,#15473,#15474,#15480));
#15467 = ORIENTED_EDGE('',*,*,#15468,.F.);
#15468 = EDGE_CURVE('',#15377,#15417,#15469,.T.);
#15469 = LINE('',#15470,#15471);
#15470 = CARTESIAN_POINT('',(4.,206.,1.6640125E+03));
#15471 = VECTOR('',#15472,1.);
#15472 = DIRECTION('',(1.,0.,0.));
#15473 = ORIENTED_EDGE('',*,*,#15384,.T.);
#15474 = ORIENTED_EDGE('',*,*,#15475,.T.);
#15475 = EDGE_CURVE('',#15385,#15425,#15476,.T.);
#15476 = LINE('',#15477,#15478);
#15477 = CARTESIAN_POINT('',(4.,206.,1.7560125E+03));
#15478 = VECTOR('',#15479,1.);
#15479 = DIRECTION('',(1.,0.,0.));
#15480 = ORIENTED_EDGE('',*,*,#15424,.F.);
#15481 = PLANE('',#15482);
#15482 = AXIS2_PLACEMENT_3D('',#15483,#15484,#15485);
#15483 = CARTESIAN_POINT('',(4.,206.,1.6640125E+03));
#15484 = DIRECTION('',(0.,1.,0.));
#15485 = DIRECTION('',(0.,0.,1.));
#15486 = ADVANCED_FACE('',(#15487),#15493,.F.);
#15487 = FACE_BOUND('',#15488,.F.);
#15488 = EDGE_LOOP('',(#15489,#15490,#15491,#15492));
#15489 = ORIENTED_EDGE('',*,*,#15376,.F.);
#15490 = ORIENTED_EDGE('',*,*,#15446,.T.);
#15491 = ORIENTED_EDGE('',*,*,#15416,.T.);
#15492 = ORIENTED_EDGE('',*,*,#15468,.F.);
#15493 = PLANE('',#15494);
#15494 = AXIS2_PLACEMENT_3D('',#15495,#15496,#15497);
#15495 = CARTESIAN_POINT('',(4.,14.,1.6640125E+03));
#15496 = DIRECTION('',(0.,0.,1.));
#15497 = DIRECTION('',(1.,0.,0.));
#15498 = ADVANCED_FACE('',(#15499),#15505,.T.);
#15499 = FACE_BOUND('',#15500,.T.);
#15500 = EDGE_LOOP('',(#15501,#15502,#15503,#15504));
#15501 = ORIENTED_EDGE('',*,*,#15392,.F.);
#15502 = ORIENTED_EDGE('',*,*,#15453,.T.);
#15503 = ORIENTED_EDGE('',*,*,#15432,.T.);
#15504 = ORIENTED_EDGE('',*,*,#15475,.F.);
#15505 = PLANE('',#15506);
#15506 = AXIS2_PLACEMENT_3D('',#15507,#15508,#15509);
#15507 = CARTESIAN_POINT('',(4.,14.,1.7560125E+03));
#15508 = DIRECTION('',(0.,0.,1.));
#15509 = DIRECTION('',(1.,0.,0.));
#15510 = MANIFOLD_SOLID_BREP('',#15511);
#15511 = CLOSED_SHELL('',(#15512,#15552,#15592,#15614,#15636,#15648));
#15512 = ADVANCED_FACE('',(#15513),#15547,.F.);
#15513 = FACE_BOUND('',#15514,.F.);
#15514 = EDGE_LOOP('',(#15515,#15525,#15533,#15541));
#15515 = ORIENTED_EDGE('',*,*,#15516,.F.);
#15516 = EDGE_CURVE('',#15517,#15519,#15521,.T.);
#15517 = VERTEX_POINT('',#15518);
#15518 = CARTESIAN_POINT('',(19.,14.,1.6640125E+03));
#15519 = VERTEX_POINT('',#15520);
#15520 = CARTESIAN_POINT('',(19.,14.,1.7560125E+03));
#15521 = LINE('',#15522,#15523);
#15522 = CARTESIAN_POINT('',(19.,14.,1.6640125E+03));
#15523 = VECTOR('',#15524,1.);
#15524 = DIRECTION('',(0.,0.,1.));
#15525 = ORIENTED_EDGE('',*,*,#15526,.T.);
#15526 = EDGE_CURVE('',#15517,#15527,#15529,.T.);
#15527 = VERTEX_POINT('',#15528);
#15528 = CARTESIAN_POINT('',(19.,206.,1.6640125E+03));
#15529 = LINE('',#15530,#15531);
#15530 = CARTESIAN_POINT('',(19.,14.,1.6640125E+03));
#15531 = VECTOR('',#15532,1.);
#15532 = DIRECTION('',(0.,1.,0.));
#15533 = ORIENTED_EDGE('',*,*,#15534,.T.);
#15534 = EDGE_CURVE('',#15527,#15535,#15537,.T.);
#15535 = VERTEX_POINT('',#15536);
#15536 = CARTESIAN_POINT('',(19.,206.,1.7560125E+03));
#15537 = LINE('',#15538,#15539);
#15538 = CARTESIAN_POINT('',(19.,206.,1.6640125E+03));
#15539 = VECTOR('',#15540,1.);
#15540 = DIRECTION('',(0.,0.,1.));
#15541 = ORIENTED_EDGE('',*,*,#15542,.F.);
#15542 = EDGE_CURVE('',#15519,#15535,#15543,.T.);
#15543 = LINE('',#15544,#15545);
#15544 = CARTESIAN_POINT('',(19.,14.,1.7560125E+03));
#15545 = VECTOR('',#15546,1.);
#15546 = DIRECTION('',(0.,1.,0.));
#15547 = PLANE('',#15548);
#15548 = AXIS2_PLACEMENT_3D('',#15549,#15550,#15551);
#15549 = CARTESIAN_POINT('',(19.,14.,1.6640125E+03));
#15550 = DIRECTION('',(1.,0.,0.));
#15551 = DIRECTION('',(0.,0.,1.));
#15552 = ADVANCED_FACE('',(#15553),#15587,.T.);
#15553 = FACE_BOUND('',#15554,.T.);
#15554 = EDGE_LOOP('',(#15555,#15565,#15573,#15581));
#15555 = ORIENTED_EDGE('',*,*,#15556,.F.);
#15556 = EDGE_CURVE('',#15557,#15559,#15561,.T.);
#15557 = VERTEX_POINT('',#15558);
#15558 = CARTESIAN_POINT('',(21.,14.,1.6640125E+03));
#15559 = VERTEX_POINT('',#15560);
#15560 = CARTESIAN_POINT('',(21.,14.,1.7560125E+03));
#15561 = LINE('',#15562,#15563);
#15562 = CARTESIAN_POINT('',(21.,14.,1.6640125E+03));
#15563 = VECTOR('',#15564,1.);
#15564 = DIRECTION('',(0.,0.,1.));
#15565 = ORIENTED_EDGE('',*,*,#15566,.T.);
#15566 = EDGE_CURVE('',#15557,#15567,#15569,.T.);
#15567 = VERTEX_POINT('',#15568);
#15568 = CARTESIAN_POINT('',(21.,206.,1.6640125E+03));
#15569 = LINE('',#15570,#15571);
#15570 = CARTESIAN_POINT('',(21.,14.,1.6640125E+03));
#15571 = VECTOR('',#15572,1.);
#15572 = DIRECTION('',(0.,1.,0.));
#15573 = ORIENTED_EDGE('',*,*,#15574,.T.);
#15574 = EDGE_CURVE('',#15567,#15575,#15577,.T.);
#15575 = VERTEX_POINT('',#15576);
#15576 = CARTESIAN_POINT('',(21.,206.,1.7560125E+03));
#15577 = LINE('',#15578,#15579);
#15578 = CARTESIAN_POINT('',(21.,206.,1.6640125E+03));
#15579 = VECTOR('',#15580,1.);
#15580 = DIRECTION('',(0.,0.,1.));
#15581 = ORIENTED_EDGE('',*,*,#15582,.F.);
#15582 = EDGE_CURVE('',#15559,#15575,#15583,.T.);
#15583 = LINE('',#15584,#15585);
#15584 = CARTESIAN_POINT('',(21.,14.,1.7560125E+03));
#15585 = VECTOR('',#15586,1.);
#15586 = DIRECTION('',(0.,1.,0.));
#15587 = PLANE('',#15588);
#15588 = AXIS2_PLACEMENT_3D('',#15589,#15590,#15591);
#15589 = CARTESIAN_POINT('',(21.,14.,1.6640125E+03));
#15590 = DIRECTION('',(1.,0.,0.));
#15591 = DIRECTION('',(0.,0.,1.));
#15592 = ADVANCED_FACE('',(#15593),#15609,.F.);
#15593 = FACE_BOUND('',#15594,.F.);
#15594 = EDGE_LOOP('',(#15595,#15601,#15602,#15608));
#15595 = ORIENTED_EDGE('',*,*,#15596,.F.);
#15596 = EDGE_CURVE('',#15517,#15557,#15597,.T.);
#15597 = LINE('',#15598,#15599);
#15598 = CARTESIAN_POINT('',(19.,14.,1.6640125E+03));
#15599 = VECTOR('',#15600,1.);
#15600 = DIRECTION('',(1.,0.,0.));
#15601 = ORIENTED_EDGE('',*,*,#15516,.T.);
#15602 = ORIENTED_EDGE('',*,*,#15603,.T.);
#15603 = EDGE_CURVE('',#15519,#15559,#15604,.T.);
#15604 = LINE('',#15605,#15606);
#15605 = CARTESIAN_POINT('',(19.,14.,1.7560125E+03));
#15606 = VECTOR('',#15607,1.);
#15607 = DIRECTION('',(1.,0.,0.));
#15608 = ORIENTED_EDGE('',*,*,#15556,.F.);
#15609 = PLANE('',#15610);
#15610 = AXIS2_PLACEMENT_3D('',#15611,#15612,#15613);
#15611 = CARTESIAN_POINT('',(19.,14.,1.6640125E+03));
#15612 = DIRECTION('',(0.,1.,0.));
#15613 = DIRECTION('',(0.,0.,1.));
#15614 = ADVANCED_FACE('',(#15615),#15631,.T.);
#15615 = FACE_BOUND('',#15616,.T.);
#15616 = EDGE_LOOP('',(#15617,#15623,#15624,#15630));
#15617 = ORIENTED_EDGE('',*,*,#15618,.F.);
#15618 = EDGE_CURVE('',#15527,#15567,#15619,.T.);
#15619 = LINE('',#15620,#15621);
#15620 = CARTESIAN_POINT('',(19.,206.,1.6640125E+03));
#15621 = VECTOR('',#15622,1.);
#15622 = DIRECTION('',(1.,0.,0.));
#15623 = ORIENTED_EDGE('',*,*,#15534,.T.);
#15624 = ORIENTED_EDGE('',*,*,#15625,.T.);
#15625 = EDGE_CURVE('',#15535,#15575,#15626,.T.);
#15626 = LINE('',#15627,#15628);
#15627 = CARTESIAN_POINT('',(19.,206.,1.7560125E+03));
#15628 = VECTOR('',#15629,1.);
#15629 = DIRECTION('',(1.,0.,0.));
#15630 = ORIENTED_EDGE('',*,*,#15574,.F.);
#15631 = PLANE('',#15632);
#15632 = AXIS2_PLACEMENT_3D('',#15633,#15634,#15635);
#15633 = CARTESIAN_POINT('',(19.,206.,1.6640125E+03));
#15634 = DIRECTION('',(0.,1.,0.));
#15635 = DIRECTION('',(0.,0.,1.));
#15636 = ADVANCED_FACE('',(#15637),#15643,.F.);
#15637 = FACE_BOUND('',#15638,.F.);
#15638 = EDGE_LOOP('',(#15639,#15640,#15641,#15642));
#15639 = ORIENTED_EDGE('',*,*,#15526,.F.);
#15640 = ORIENTED_EDGE('',*,*,#15596,.T.);
#15641 = ORIENTED_EDGE('',*,*,#15566,.T.);
#15642 = ORIENTED_EDGE('',*,*,#15618,.F.);
#15643 = PLANE('',#15644);
#15644 = AXIS2_PLACEMENT_3D('',#15645,#15646,#15647);
#15645 = CARTESIAN_POINT('',(19.,14.,1.6640125E+03));
#15646 = DIRECTION('',(0.,0.,1.));
#15647 = DIRECTION('',(1.,0.,0.));
#15648 = ADVANCED_FACE('',(#15649),#15655,.T.);
#15649 = FACE_BOUND('',#15650,.T.);
#15650 = EDGE_LOOP('',(#15651,#15652,#15653,#15654));
#15651 = ORIENTED_EDGE('',*,*,#15542,.F.);
#15652 = ORIENTED_EDGE('',*,*,#15603,.T.);
#15653 = ORIENTED_EDGE('',*,*,#15582,.T.);
#15654 = ORIENTED_EDGE('',*,*,#15625,.F.);
#15655 = PLANE('',#15656);
#15656 = AXIS2_PLACEMENT_3D('',#15657,#15658,#15659);
#15657 = CARTESIAN_POINT('',(19.,14.,1.7560125E+03));
#15658 = DIRECTION('',(0.,0.,1.));
#15659 = DIRECTION('',(1.,0.,0.));
#15660 = MANIFOLD_SOLID_BREP('',#15661);
#15661 = CLOSED_SHELL('',(#15662,#15702,#15742,#15764,#15786,#15798));
#15662 = ADVANCED_FACE('',(#15663),#15697,.F.);
#15663 = FACE_BOUND('',#15664,.F.);
#15664 = EDGE_LOOP('',(#15665,#15675,#15683,#15691));
#15665 = ORIENTED_EDGE('',*,*,#15666,.F.);
#15666 = EDGE_CURVE('',#15667,#15669,#15671,.T.);
#15667 = VERTEX_POINT('',#15668);
#15668 = CARTESIAN_POINT('',(34.,14.,1.6640125E+03));
#15669 = VERTEX_POINT('',#15670);
#15670 = CARTESIAN_POINT('',(34.,14.,1.7560125E+03));
#15671 = LINE('',#15672,#15673);
#15672 = CARTESIAN_POINT('',(34.,14.,1.6640125E+03));
#15673 = VECTOR('',#15674,1.);
#15674 = DIRECTION('',(0.,0.,1.));
#15675 = ORIENTED_EDGE('',*,*,#15676,.T.);
#15676 = EDGE_CURVE('',#15667,#15677,#15679,.T.);
#15677 = VERTEX_POINT('',#15678);
#15678 = CARTESIAN_POINT('',(34.,206.,1.6640125E+03));
#15679 = LINE('',#15680,#15681);
#15680 = CARTESIAN_POINT('',(34.,14.,1.6640125E+03));
#15681 = VECTOR('',#15682,1.);
#15682 = DIRECTION('',(0.,1.,0.));
#15683 = ORIENTED_EDGE('',*,*,#15684,.T.);
#15684 = EDGE_CURVE('',#15677,#15685,#15687,.T.);
#15685 = VERTEX_POINT('',#15686);
#15686 = CARTESIAN_POINT('',(34.,206.,1.7560125E+03));
#15687 = LINE('',#15688,#15689);
#15688 = CARTESIAN_POINT('',(34.,206.,1.6640125E+03));
#15689 = VECTOR('',#15690,1.);
#15690 = DIRECTION('',(0.,0.,1.));
#15691 = ORIENTED_EDGE('',*,*,#15692,.F.);
#15692 = EDGE_CURVE('',#15669,#15685,#15693,.T.);
#15693 = LINE('',#15694,#15695);
#15694 = CARTESIAN_POINT('',(34.,14.,1.7560125E+03));
#15695 = VECTOR('',#15696,1.);
#15696 = DIRECTION('',(0.,1.,0.));
#15697 = PLANE('',#15698);
#15698 = AXIS2_PLACEMENT_3D('',#15699,#15700,#15701);
#15699 = CARTESIAN_POINT('',(34.,14.,1.6640125E+03));
#15700 = DIRECTION('',(1.,0.,0.));
#15701 = DIRECTION('',(0.,0.,1.));
#15702 = ADVANCED_FACE('',(#15703),#15737,.T.);
#15703 = FACE_BOUND('',#15704,.T.);
#15704 = EDGE_LOOP('',(#15705,#15715,#15723,#15731));
#15705 = ORIENTED_EDGE('',*,*,#15706,.F.);
#15706 = EDGE_CURVE('',#15707,#15709,#15711,.T.);
#15707 = VERTEX_POINT('',#15708);
#15708 = CARTESIAN_POINT('',(36.,14.,1.6640125E+03));
#15709 = VERTEX_POINT('',#15710);
#15710 = CARTESIAN_POINT('',(36.,14.,1.7560125E+03));
#15711 = LINE('',#15712,#15713);
#15712 = CARTESIAN_POINT('',(36.,14.,1.6640125E+03));
#15713 = VECTOR('',#15714,1.);
#15714 = DIRECTION('',(0.,0.,1.));
#15715 = ORIENTED_EDGE('',*,*,#15716,.T.);
#15716 = EDGE_CURVE('',#15707,#15717,#15719,.T.);
#15717 = VERTEX_POINT('',#15718);
#15718 = CARTESIAN_POINT('',(36.,206.,1.6640125E+03));
#15719 = LINE('',#15720,#15721);
#15720 = CARTESIAN_POINT('',(36.,14.,1.6640125E+03));
#15721 = VECTOR('',#15722,1.);
#15722 = DIRECTION('',(0.,1.,0.));
#15723 = ORIENTED_EDGE('',*,*,#15724,.T.);
#15724 = EDGE_CURVE('',#15717,#15725,#15727,.T.);
#15725 = VERTEX_POINT('',#15726);
#15726 = CARTESIAN_POINT('',(36.,206.,1.7560125E+03));
#15727 = LINE('',#15728,#15729);
#15728 = CARTESIAN_POINT('',(36.,206.,1.6640125E+03));
#15729 = VECTOR('',#15730,1.);
#15730 = DIRECTION('',(0.,0.,1.));
#15731 = ORIENTED_EDGE('',*,*,#15732,.F.);
#15732 = EDGE_CURVE('',#15709,#15725,#15733,.T.);
#15733 = LINE('',#15734,#15735);
#15734 = CARTESIAN_POINT('',(36.,14.,1.7560125E+03));
#15735 = VECTOR('',#15736,1.);
#15736 = DIRECTION('',(0.,1.,0.));
#15737 = PLANE('',#15738);
#15738 = AXIS2_PLACEMENT_3D('',#15739,#15740,#15741);
#15739 = CARTESIAN_POINT('',(36.,14.,1.6640125E+03));
#15740 = DIRECTION('',(1.,0.,0.));
#15741 = DIRECTION('',(0.,0.,1.));
#15742 = ADVANCED_FACE('',(#15743),#15759,.F.);
#15743 = FACE_BOUND('',#15744,.F.);
#15744 = EDGE_LOOP('',(#15745,#15751,#15752,#15758));
#15745 = ORIENTED_EDGE('',*,*,#15746,.F.);
#15746 = EDGE_CURVE('',#15667,#15707,#15747,.T.);
#15747 = LINE('',#15748,#15749);
#15748 = CARTESIAN_POINT('',(34.,14.,1.6640125E+03));
#15749 = VECTOR('',#15750,1.);
#15750 = DIRECTION('',(1.,0.,0.));
#15751 = ORIENTED_EDGE('',*,*,#15666,.T.);
#15752 = ORIENTED_EDGE('',*,*,#15753,.T.);
#15753 = EDGE_CURVE('',#15669,#15709,#15754,.T.);
#15754 = LINE('',#15755,#15756);
#15755 = CARTESIAN_POINT('',(34.,14.,1.7560125E+03));
#15756 = VECTOR('',#15757,1.);
#15757 = DIRECTION('',(1.,0.,0.));
#15758 = ORIENTED_EDGE('',*,*,#15706,.F.);
#15759 = PLANE('',#15760);
#15760 = AXIS2_PLACEMENT_3D('',#15761,#15762,#15763);
#15761 = CARTESIAN_POINT('',(34.,14.,1.6640125E+03));
#15762 = DIRECTION('',(0.,1.,0.));
#15763 = DIRECTION('',(0.,0.,1.));
#15764 = ADVANCED_FACE('',(#15765),#15781,.T.);
#15765 = FACE_BOUND('',#15766,.T.);
#15766 = EDGE_LOOP('',(#15767,#15773,#15774,#15780));
#15767 = ORIENTED_EDGE('',*,*,#15768,.F.);
#15768 = EDGE_CURVE('',#15677,#15717,#15769,.T.);
#15769 = LINE('',#15770,#15771);
#15770 = CARTESIAN_POINT('',(34.,206.,1.6640125E+03));
#15771 = VECTOR('',#15772,1.);
#15772 = DIRECTION('',(1.,0.,0.));
#15773 = ORIENTED_EDGE('',*,*,#15684,.T.);
#15774 = ORIENTED_EDGE('',*,*,#15775,.T.);
#15775 = EDGE_CURVE('',#15685,#15725,#15776,.T.);
#15776 = LINE('',#15777,#15778);
#15777 = CARTESIAN_POINT('',(34.,206.,1.7560125E+03));
#15778 = VECTOR('',#15779,1.);
#15779 = DIRECTION('',(1.,0.,0.));
#15780 = ORIENTED_EDGE('',*,*,#15724,.F.);
#15781 = PLANE('',#15782);
#15782 = AXIS2_PLACEMENT_3D('',#15783,#15784,#15785);
#15783 = CARTESIAN_POINT('',(34.,206.,1.6640125E+03));
#15784 = DIRECTION('',(0.,1.,0.));
#15785 = DIRECTION('',(0.,0.,1.));
#15786 = ADVANCED_FACE('',(#15787),#15793,.F.);
#15787 = FACE_BOUND('',#15788,.F.);
#15788 = EDGE_LOOP('',(#15789,#15790,#15791,#15792));
#15789 = ORIENTED_EDGE('',*,*,#15676,.F.);
#15790 = ORIENTED_EDGE('',*,*,#15746,.T.);
#15791 = ORIENTED_EDGE('',*,*,#15716,.T.);
#15792 = ORIENTED_EDGE('',*,*,#15768,.F.);
#15793 = PLANE('',#15794);
#15794 = AXIS2_PLACEMENT_3D('',#15795,#15796,#15797);
#15795 = CARTESIAN_POINT('',(34.,14.,1.6640125E+03));
#15796 = DIRECTION('',(0.,0.,1.));
#15797 = DIRECTION('',(1.,0.,0.));
#15798 = ADVANCED_FACE('',(#15799),#15805,.T.);
#15799 = FACE_BOUND('',#15800,.T.);
#15800 = EDGE_LOOP('',(#15801,#15802,#15803,#15804));
#15801 = ORIENTED_EDGE('',*,*,#15692,.F.);
#15802 = ORIENTED_EDGE('',*,*,#15753,.T.);
#15803 = ORIENTED_EDGE('',*,*,#15732,.T.);
#15804 = ORIENTED_EDGE('',*,*,#15775,.F.);
#15805 = PLANE('',#15806);
#15806 = AXIS2_PLACEMENT_3D('',#15807,#15808,#15809);
#15807 = CARTESIAN_POINT('',(34.,14.,1.7560125E+03));
#15808 = DIRECTION('',(0.,0.,1.));
#15809 = DIRECTION('',(1.,0.,0.));
#15810 = MANIFOLD_SOLID_BREP('',#15811);
#15811 = CLOSED_SHELL('',(#15812,#15852,#15892,#15914,#15936,#15948));
#15812 = ADVANCED_FACE('',(#15813),#15847,.F.);
#15813 = FACE_BOUND('',#15814,.F.);
#15814 = EDGE_LOOP('',(#15815,#15825,#15833,#15841));
#15815 = ORIENTED_EDGE('',*,*,#15816,.F.);
#15816 = EDGE_CURVE('',#15817,#15819,#15821,.T.);
#15817 = VERTEX_POINT('',#15818);
#15818 = CARTESIAN_POINT('',(49.,14.,1.6640125E+03));
#15819 = VERTEX_POINT('',#15820);
#15820 = CARTESIAN_POINT('',(49.,14.,1.7560125E+03));
#15821 = LINE('',#15822,#15823);
#15822 = CARTESIAN_POINT('',(49.,14.,1.6640125E+03));
#15823 = VECTOR('',#15824,1.);
#15824 = DIRECTION('',(0.,0.,1.));
#15825 = ORIENTED_EDGE('',*,*,#15826,.T.);
#15826 = EDGE_CURVE('',#15817,#15827,#15829,.T.);
#15827 = VERTEX_POINT('',#15828);
#15828 = CARTESIAN_POINT('',(49.,206.,1.6640125E+03));
#15829 = LINE('',#15830,#15831);
#15830 = CARTESIAN_POINT('',(49.,14.,1.6640125E+03));
#15831 = VECTOR('',#15832,1.);
#15832 = DIRECTION('',(0.,1.,0.));
#15833 = ORIENTED_EDGE('',*,*,#15834,.T.);
#15834 = EDGE_CURVE('',#15827,#15835,#15837,.T.);
#15835 = VERTEX_POINT('',#15836);
#15836 = CARTESIAN_POINT('',(49.,206.,1.7560125E+03));
#15837 = LINE('',#15838,#15839);
#15838 = CARTESIAN_POINT('',(49.,206.,1.6640125E+03));
#15839 = VECTOR('',#15840,1.);
#15840 = DIRECTION('',(0.,0.,1.));
#15841 = ORIENTED_EDGE('',*,*,#15842,.F.);
#15842 = EDGE_CURVE('',#15819,#15835,#15843,.T.);
#15843 = LINE('',#15844,#15845);
#15844 = CARTESIAN_POINT('',(49.,14.,1.7560125E+03));
#15845 = VECTOR('',#15846,1.);
#15846 = DIRECTION('',(0.,1.,0.));
#15847 = PLANE('',#15848);
#15848 = AXIS2_PLACEMENT_3D('',#15849,#15850,#15851);
#15849 = CARTESIAN_POINT('',(49.,14.,1.6640125E+03));
#15850 = DIRECTION('',(1.,0.,0.));
#15851 = DIRECTION('',(0.,0.,1.));
#15852 = ADVANCED_FACE('',(#15853),#15887,.T.);
#15853 = FACE_BOUND('',#15854,.T.);
#15854 = EDGE_LOOP('',(#15855,#15865,#15873,#15881));
#15855 = ORIENTED_EDGE('',*,*,#15856,.F.);
#15856 = EDGE_CURVE('',#15857,#15859,#15861,.T.);
#15857 = VERTEX_POINT('',#15858);
#15858 = CARTESIAN_POINT('',(51.,14.,1.6640125E+03));
#15859 = VERTEX_POINT('',#15860);
#15860 = CARTESIAN_POINT('',(51.,14.,1.7560125E+03));
#15861 = LINE('',#15862,#15863);
#15862 = CARTESIAN_POINT('',(51.,14.,1.6640125E+03));
#15863 = VECTOR('',#15864,1.);
#15864 = DIRECTION('',(0.,0.,1.));
#15865 = ORIENTED_EDGE('',*,*,#15866,.T.);
#15866 = EDGE_CURVE('',#15857,#15867,#15869,.T.);
#15867 = VERTEX_POINT('',#15868);
#15868 = CARTESIAN_POINT('',(51.,206.,1.6640125E+03));
#15869 = LINE('',#15870,#15871);
#15870 = CARTESIAN_POINT('',(51.,14.,1.6640125E+03));
#15871 = VECTOR('',#15872,1.);
#15872 = DIRECTION('',(0.,1.,0.));
#15873 = ORIENTED_EDGE('',*,*,#15874,.T.);
#15874 = EDGE_CURVE('',#15867,#15875,#15877,.T.);
#15875 = VERTEX_POINT('',#15876);
#15876 = CARTESIAN_POINT('',(51.,206.,1.7560125E+03));
#15877 = LINE('',#15878,#15879);
#15878 = CARTESIAN_POINT('',(51.,206.,1.6640125E+03));
#15879 = VECTOR('',#15880,1.);
#15880 = DIRECTION('',(0.,0.,1.));
#15881 = ORIENTED_EDGE('',*,*,#15882,.F.);
#15882 = EDGE_CURVE('',#15859,#15875,#15883,.T.);
#15883 = LINE('',#15884,#15885);
#15884 = CARTESIAN_POINT('',(51.,14.,1.7560125E+03));
#15885 = VECTOR('',#15886,1.);
#15886 = DIRECTION('',(0.,1.,0.));
#15887 = PLANE('',#15888);
#15888 = AXIS2_PLACEMENT_3D('',#15889,#15890,#15891);
#15889 = CARTESIAN_POINT('',(51.,14.,1.6640125E+03));
#15890 = DIRECTION('',(1.,0.,0.));
#15891 = DIRECTION('',(0.,0.,1.));
#15892 = ADVANCED_FACE('',(#15893),#15909,.F.);
#15893 = FACE_BOUND('',#15894,.F.);
#15894 = EDGE_LOOP('',(#15895,#15901,#15902,#15908));
#15895 = ORIENTED_EDGE('',*,*,#15896,.F.);
#15896 = EDGE_CURVE('',#15817,#15857,#15897,.T.);
#15897 = LINE('',#15898,#15899);
#15898 = CARTESIAN_POINT('',(49.,14.,1.6640125E+03));
#15899 = VECTOR('',#15900,1.);
#15900 = DIRECTION('',(1.,0.,0.));
#15901 = ORIENTED_EDGE('',*,*,#15816,.T.);
#15902 = ORIENTED_EDGE('',*,*,#15903,.T.);
#15903 = EDGE_CURVE('',#15819,#15859,#15904,.T.);
#15904 = LINE('',#15905,#15906);
#15905 = CARTESIAN_POINT('',(49.,14.,1.7560125E+03));
#15906 = VECTOR('',#15907,1.);
#15907 = DIRECTION('',(1.,0.,0.));
#15908 = ORIENTED_EDGE('',*,*,#15856,.F.);
#15909 = PLANE('',#15910);
#15910 = AXIS2_PLACEMENT_3D('',#15911,#15912,#15913);
#15911 = CARTESIAN_POINT('',(49.,14.,1.6640125E+03));
#15912 = DIRECTION('',(0.,1.,0.));
#15913 = DIRECTION('',(0.,0.,1.));
#15914 = ADVANCED_FACE('',(#15915),#15931,.T.);
#15915 = FACE_BOUND('',#15916,.T.);
#15916 = EDGE_LOOP('',(#15917,#15923,#15924,#15930));
#15917 = ORIENTED_EDGE('',*,*,#15918,.F.);
#15918 = EDGE_CURVE('',#15827,#15867,#15919,.T.);
#15919 = LINE('',#15920,#15921);
#15920 = CARTESIAN_POINT('',(49.,206.,1.6640125E+03));
#15921 = VECTOR('',#15922,1.);
#15922 = DIRECTION('',(1.,0.,0.));
#15923 = ORIENTED_EDGE('',*,*,#15834,.T.);
#15924 = ORIENTED_EDGE('',*,*,#15925,.T.);
#15925 = EDGE_CURVE('',#15835,#15875,#15926,.T.);
#15926 = LINE('',#15927,#15928);
#15927 = CARTESIAN_POINT('',(49.,206.,1.7560125E+03));
#15928 = VECTOR('',#15929,1.);
#15929 = DIRECTION('',(1.,0.,0.));
#15930 = ORIENTED_EDGE('',*,*,#15874,.F.);
#15931 = PLANE('',#15932);
#15932 = AXIS2_PLACEMENT_3D('',#15933,#15934,#15935);
#15933 = CARTESIAN_POINT('',(49.,206.,1.6640125E+03));
#15934 = DIRECTION('',(0.,1.,0.));
#15935 = DIRECTION('',(0.,0.,1.));
#15936 = ADVANCED_FACE('',(#15937),#15943,.F.);
#15937 = FACE_BOUND('',#15938,.F.);
#15938 = EDGE_LOOP('',(#15939,#15940,#15941,#15942));
#15939 = ORIENTED_EDGE('',*,*,#15826,.F.);
#15940 = ORIENTED_EDGE('',*,*,#15896,.T.);
#15941 = ORIENTED_EDGE('',*,*,#15866,.T.);
#15942 = ORIENTED_EDGE('',*,*,#15918,.F.);
#15943 = PLANE('',#15944);
#15944 = AXIS2_PLACEMENT_3D('',#15945,#15946,#15947);
#15945 = CARTESIAN_POINT('',(49.,14.,1.6640125E+03));
#15946 = DIRECTION('',(0.,0.,1.));
#15947 = DIRECTION('',(1.,0.,0.));
#15948 = ADVANCED_FACE('',(#15949),#15955,.T.);
#15949 = FACE_BOUND('',#15950,.T.);
#15950 = EDGE_LOOP('',(#15951,#15952,#15953,#15954));
#15951 = ORIENTED_EDGE('',*,*,#15842,.F.);
#15952 = ORIENTED_EDGE('',*,*,#15903,.T.);
#15953 = ORIENTED_EDGE('',*,*,#15882,.T.);
#15954 = ORIENTED_EDGE('',*,*,#15925,.F.);
#15955 = PLANE('',#15956);
#15956 = AXIS2_PLACEMENT_3D('',#15957,#15958,#15959);
#15957 = CARTESIAN_POINT('',(49.,14.,1.7560125E+03));
#15958 = DIRECTION('',(0.,0.,1.));
#15959 = DIRECTION('',(1.,0.,0.));
#15960 = MANIFOLD_SOLID_BREP('',#15961);
#15961 = CLOSED_SHELL('',(#15962,#16002,#16042,#16064,#16086,#16098));
#15962 = ADVANCED_FACE('',(#15963),#15997,.F.);
#15963 = FACE_BOUND('',#15964,.F.);
#15964 = EDGE_LOOP('',(#15965,#15975,#15983,#15991));
#15965 = ORIENTED_EDGE('',*,*,#15966,.F.);
#15966 = EDGE_CURVE('',#15967,#15969,#15971,.T.);
#15967 = VERTEX_POINT('',#15968);
#15968 = CARTESIAN_POINT('',(64.,14.,1.6640125E+03));
#15969 = VERTEX_POINT('',#15970);
#15970 = CARTESIAN_POINT('',(64.,14.,1.7560125E+03));
#15971 = LINE('',#15972,#15973);
#15972 = CARTESIAN_POINT('',(64.,14.,1.6640125E+03));
#15973 = VECTOR('',#15974,1.);
#15974 = DIRECTION('',(0.,0.,1.));
#15975 = ORIENTED_EDGE('',*,*,#15976,.T.);
#15976 = EDGE_CURVE('',#15967,#15977,#15979,.T.);
#15977 = VERTEX_POINT('',#15978);
#15978 = CARTESIAN_POINT('',(64.,206.,1.6640125E+03));
#15979 = LINE('',#15980,#15981);
#15980 = CARTESIAN_POINT('',(64.,14.,1.6640125E+03));
#15981 = VECTOR('',#15982,1.);
#15982 = DIRECTION('',(0.,1.,0.));
#15983 = ORIENTED_EDGE('',*,*,#15984,.T.);
#15984 = EDGE_CURVE('',#15977,#15985,#15987,.T.);
#15985 = VERTEX_POINT('',#15986);
#15986 = CARTESIAN_POINT('',(64.,206.,1.7560125E+03));
#15987 = LINE('',#15988,#15989);
#15988 = CARTESIAN_POINT('',(64.,206.,1.6640125E+03));
#15989 = VECTOR('',#15990,1.);
#15990 = DIRECTION('',(0.,0.,1.));
#15991 = ORIENTED_EDGE('',*,*,#15992,.F.);
#15992 = EDGE_CURVE('',#15969,#15985,#15993,.T.);
#15993 = LINE('',#15994,#15995);
#15994 = CARTESIAN_POINT('',(64.,14.,1.7560125E+03));
#15995 = VECTOR('',#15996,1.);
#15996 = DIRECTION('',(0.,1.,0.));
#15997 = PLANE('',#15998);
#15998 = AXIS2_PLACEMENT_3D('',#15999,#16000,#16001);
#15999 = CARTESIAN_POINT('',(64.,14.,1.6640125E+03));
#16000 = DIRECTION('',(1.,0.,0.));
#16001 = DIRECTION('',(0.,0.,1.));
#16002 = ADVANCED_FACE('',(#16003),#16037,.T.);
#16003 = FACE_BOUND('',#16004,.T.);
#16004 = EDGE_LOOP('',(#16005,#16015,#16023,#16031));
#16005 = ORIENTED_EDGE('',*,*,#16006,.F.);
#16006 = EDGE_CURVE('',#16007,#16009,#16011,.T.);
#16007 = VERTEX_POINT('',#16008);
#16008 = CARTESIAN_POINT('',(66.,14.,1.6640125E+03));
#16009 = VERTEX_POINT('',#16010);
#16010 = CARTESIAN_POINT('',(66.,14.,1.7560125E+03));
#16011 = LINE('',#16012,#16013);
#16012 = CARTESIAN_POINT('',(66.,14.,1.6640125E+03));
#16013 = VECTOR('',#16014,1.);
#16014 = DIRECTION('',(0.,0.,1.));
#16015 = ORIENTED_EDGE('',*,*,#16016,.T.);
#16016 = EDGE_CURVE('',#16007,#16017,#16019,.T.);
#16017 = VERTEX_POINT('',#16018);
#16018 = CARTESIAN_POINT('',(66.,206.,1.6640125E+03));
#16019 = LINE('',#16020,#16021);
#16020 = CARTESIAN_POINT('',(66.,14.,1.6640125E+03));
#16021 = VECTOR('',#16022,1.);
#16022 = DIRECTION('',(0.,1.,0.));
#16023 = ORIENTED_EDGE('',*,*,#16024,.T.);
#16024 = EDGE_CURVE('',#16017,#16025,#16027,.T.);
#16025 = VERTEX_POINT('',#16026);
#16026 = CARTESIAN_POINT('',(66.,206.,1.7560125E+03));
#16027 = LINE('',#16028,#16029);
#16028 = CARTESIAN_POINT('',(66.,206.,1.6640125E+03));
#16029 = VECTOR('',#16030,1.);
#16030 = DIRECTION('',(0.,0.,1.));
#16031 = ORIENTED_EDGE('',*,*,#16032,.F.);
#16032 = EDGE_CURVE('',#16009,#16025,#16033,.T.);
#16033 = LINE('',#16034,#16035);
#16034 = CARTESIAN_POINT('',(66.,14.,1.7560125E+03));
#16035 = VECTOR('',#16036,1.);
#16036 = DIRECTION('',(0.,1.,0.));
#16037 = PLANE('',#16038);
#16038 = AXIS2_PLACEMENT_3D('',#16039,#16040,#16041);
#16039 = CARTESIAN_POINT('',(66.,14.,1.6640125E+03));
#16040 = DIRECTION('',(1.,0.,0.));
#16041 = DIRECTION('',(0.,0.,1.));
#16042 = ADVANCED_FACE('',(#16043),#16059,.F.);
#16043 = FACE_BOUND('',#16044,.F.);
#16044 = EDGE_LOOP('',(#16045,#16051,#16052,#16058));
#16045 = ORIENTED_EDGE('',*,*,#16046,.F.);
#16046 = EDGE_CURVE('',#15967,#16007,#16047,.T.);
#16047 = LINE('',#16048,#16049);
#16048 = CARTESIAN_POINT('',(64.,14.,1.6640125E+03));
#16049 = VECTOR('',#16050,1.);
#16050 = DIRECTION('',(1.,0.,0.));
#16051 = ORIENTED_EDGE('',*,*,#15966,.T.);
#16052 = ORIENTED_EDGE('',*,*,#16053,.T.);
#16053 = EDGE_CURVE('',#15969,#16009,#16054,.T.);
#16054 = LINE('',#16055,#16056);
#16055 = CARTESIAN_POINT('',(64.,14.,1.7560125E+03));
#16056 = VECTOR('',#16057,1.);
#16057 = DIRECTION('',(1.,0.,0.));
#16058 = ORIENTED_EDGE('',*,*,#16006,.F.);
#16059 = PLANE('',#16060);
#16060 = AXIS2_PLACEMENT_3D('',#16061,#16062,#16063);
#16061 = CARTESIAN_POINT('',(64.,14.,1.6640125E+03));
#16062 = DIRECTION('',(0.,1.,0.));
#16063 = DIRECTION('',(0.,0.,1.));
#16064 = ADVANCED_FACE('',(#16065),#16081,.T.);
#16065 = FACE_BOUND('',#16066,.T.);
#16066 = EDGE_LOOP('',(#16067,#16073,#16074,#16080));
#16067 = ORIENTED_EDGE('',*,*,#16068,.F.);
#16068 = EDGE_CURVE('',#15977,#16017,#16069,.T.);
#16069 = LINE('',#16070,#16071);
#16070 = CARTESIAN_POINT('',(64.,206.,1.6640125E+03));
#16071 = VECTOR('',#16072,1.);
#16072 = DIRECTION('',(1.,0.,0.));
#16073 = ORIENTED_EDGE('',*,*,#15984,.T.);
#16074 = ORIENTED_EDGE('',*,*,#16075,.T.);
#16075 = EDGE_CURVE('',#15985,#16025,#16076,.T.);
#16076 = LINE('',#16077,#16078);
#16077 = CARTESIAN_POINT('',(64.,206.,1.7560125E+03));
#16078 = VECTOR('',#16079,1.);
#16079 = DIRECTION('',(1.,0.,0.));
#16080 = ORIENTED_EDGE('',*,*,#16024,.F.);
#16081 = PLANE('',#16082);
#16082 = AXIS2_PLACEMENT_3D('',#16083,#16084,#16085);
#16083 = CARTESIAN_POINT('',(64.,206.,1.6640125E+03));
#16084 = DIRECTION('',(0.,1.,0.));
#16085 = DIRECTION('',(0.,0.,1.));
#16086 = ADVANCED_FACE('',(#16087),#16093,.F.);
#16087 = FACE_BOUND('',#16088,.F.);
#16088 = EDGE_LOOP('',(#16089,#16090,#16091,#16092));
#16089 = ORIENTED_EDGE('',*,*,#15976,.F.);
#16090 = ORIENTED_EDGE('',*,*,#16046,.T.);
#16091 = ORIENTED_EDGE('',*,*,#16016,.T.);
#16092 = ORIENTED_EDGE('',*,*,#16068,.F.);
#16093 = PLANE('',#16094);
#16094 = AXIS2_PLACEMENT_3D('',#16095,#16096,#16097);
#16095 = CARTESIAN_POINT('',(64.,14.,1.6640125E+03));
#16096 = DIRECTION('',(0.,0.,1.));
#16097 = DIRECTION('',(1.,0.,0.));
#16098 = ADVANCED_FACE('',(#16099),#16105,.T.);
#16099 = FACE_BOUND('',#16100,.T.);
#16100 = EDGE_LOOP('',(#16101,#16102,#16103,#16104));
#16101 = ORIENTED_EDGE('',*,*,#15992,.F.);
#16102 = ORIENTED_EDGE('',*,*,#16053,.T.);
#16103 = ORIENTED_EDGE('',*,*,#16032,.T.);
#16104 = ORIENTED_EDGE('',*,*,#16075,.F.);
#16105 = PLANE('',#16106);
#16106 = AXIS2_PLACEMENT_3D('',#16107,#16108,#16109);
#16107 = CARTESIAN_POINT('',(64.,14.,1.7560125E+03));
#16108 = DIRECTION('',(0.,0.,1.));
#16109 = DIRECTION('',(1.,0.,0.));
#16110 = MANIFOLD_SOLID_BREP('',#16111);
#16111 = CLOSED_SHELL('',(#16112,#16152,#16192,#16214,#16236,#16248));
#16112 = ADVANCED_FACE('',(#16113),#16147,.F.);
#16113 = FACE_BOUND('',#16114,.F.);
#16114 = EDGE_LOOP('',(#16115,#16125,#16133,#16141));
#16115 = ORIENTED_EDGE('',*,*,#16116,.F.);
#16116 = EDGE_CURVE('',#16117,#16119,#16121,.T.);
#16117 = VERTEX_POINT('',#16118);
#16118 = CARTESIAN_POINT('',(79.,14.,1.6640125E+03));
#16119 = VERTEX_POINT('',#16120);
#16120 = CARTESIAN_POINT('',(79.,14.,1.7560125E+03));
#16121 = LINE('',#16122,#16123);
#16122 = CARTESIAN_POINT('',(79.,14.,1.6640125E+03));
#16123 = VECTOR('',#16124,1.);
#16124 = DIRECTION('',(0.,0.,1.));
#16125 = ORIENTED_EDGE('',*,*,#16126,.T.);
#16126 = EDGE_CURVE('',#16117,#16127,#16129,.T.);
#16127 = VERTEX_POINT('',#16128);
#16128 = CARTESIAN_POINT('',(79.,206.,1.6640125E+03));
#16129 = LINE('',#16130,#16131);
#16130 = CARTESIAN_POINT('',(79.,14.,1.6640125E+03));
#16131 = VECTOR('',#16132,1.);
#16132 = DIRECTION('',(0.,1.,0.));
#16133 = ORIENTED_EDGE('',*,*,#16134,.T.);
#16134 = EDGE_CURVE('',#16127,#16135,#16137,.T.);
#16135 = VERTEX_POINT('',#16136);
#16136 = CARTESIAN_POINT('',(79.,206.,1.7560125E+03));
#16137 = LINE('',#16138,#16139);
#16138 = CARTESIAN_POINT('',(79.,206.,1.6640125E+03));
#16139 = VECTOR('',#16140,1.);
#16140 = DIRECTION('',(0.,0.,1.));
#16141 = ORIENTED_EDGE('',*,*,#16142,.F.);
#16142 = EDGE_CURVE('',#16119,#16135,#16143,.T.);
#16143 = LINE('',#16144,#16145);
#16144 = CARTESIAN_POINT('',(79.,14.,1.7560125E+03));
#16145 = VECTOR('',#16146,1.);
#16146 = DIRECTION('',(0.,1.,0.));
#16147 = PLANE('',#16148);
#16148 = AXIS2_PLACEMENT_3D('',#16149,#16150,#16151);
#16149 = CARTESIAN_POINT('',(79.,14.,1.6640125E+03));
#16150 = DIRECTION('',(1.,0.,0.));
#16151 = DIRECTION('',(0.,0.,1.));
#16152 = ADVANCED_FACE('',(#16153),#16187,.T.);
#16153 = FACE_BOUND('',#16154,.T.);
#16154 = EDGE_LOOP('',(#16155,#16165,#16173,#16181));
#16155 = ORIENTED_EDGE('',*,*,#16156,.F.);
#16156 = EDGE_CURVE('',#16157,#16159,#16161,.T.);
#16157 = VERTEX_POINT('',#16158);
#16158 = CARTESIAN_POINT('',(81.,14.,1.6640125E+03));
#16159 = VERTEX_POINT('',#16160);
#16160 = CARTESIAN_POINT('',(81.,14.,1.7560125E+03));
#16161 = LINE('',#16162,#16163);
#16162 = CARTESIAN_POINT('',(81.,14.,1.6640125E+03));
#16163 = VECTOR('',#16164,1.);
#16164 = DIRECTION('',(0.,0.,1.));
#16165 = ORIENTED_EDGE('',*,*,#16166,.T.);
#16166 = EDGE_CURVE('',#16157,#16167,#16169,.T.);
#16167 = VERTEX_POINT('',#16168);
#16168 = CARTESIAN_POINT('',(81.,206.,1.6640125E+03));
#16169 = LINE('',#16170,#16171);
#16170 = CARTESIAN_POINT('',(81.,14.,1.6640125E+03));
#16171 = VECTOR('',#16172,1.);
#16172 = DIRECTION('',(0.,1.,0.));
#16173 = ORIENTED_EDGE('',*,*,#16174,.T.);
#16174 = EDGE_CURVE('',#16167,#16175,#16177,.T.);
#16175 = VERTEX_POINT('',#16176);
#16176 = CARTESIAN_POINT('',(81.,206.,1.7560125E+03));
#16177 = LINE('',#16178,#16179);
#16178 = CARTESIAN_POINT('',(81.,206.,1.6640125E+03));
#16179 = VECTOR('',#16180,1.);
#16180 = DIRECTION('',(0.,0.,1.));
#16181 = ORIENTED_EDGE('',*,*,#16182,.F.);
#16182 = EDGE_CURVE('',#16159,#16175,#16183,.T.);
#16183 = LINE('',#16184,#16185);
#16184 = CARTESIAN_POINT('',(81.,14.,1.7560125E+03));
#16185 = VECTOR('',#16186,1.);
#16186 = DIRECTION('',(0.,1.,0.));
#16187 = PLANE('',#16188);
#16188 = AXIS2_PLACEMENT_3D('',#16189,#16190,#16191);
#16189 = CARTESIAN_POINT('',(81.,14.,1.6640125E+03));
#16190 = DIRECTION('',(1.,0.,0.));
#16191 = DIRECTION('',(0.,0.,1.));
#16192 = ADVANCED_FACE('',(#16193),#16209,.F.);
#16193 = FACE_BOUND('',#16194,.F.);
#16194 = EDGE_LOOP('',(#16195,#16201,#16202,#16208));
#16195 = ORIENTED_EDGE('',*,*,#16196,.F.);
#16196 = EDGE_CURVE('',#16117,#16157,#16197,.T.);
#16197 = LINE('',#16198,#16199);
#16198 = CARTESIAN_POINT('',(79.,14.,1.6640125E+03));
#16199 = VECTOR('',#16200,1.);
#16200 = DIRECTION('',(1.,0.,0.));
#16201 = ORIENTED_EDGE('',*,*,#16116,.T.);
#16202 = ORIENTED_EDGE('',*,*,#16203,.T.);
#16203 = EDGE_CURVE('',#16119,#16159,#16204,.T.);
#16204 = LINE('',#16205,#16206);
#16205 = CARTESIAN_POINT('',(79.,14.,1.7560125E+03));
#16206 = VECTOR('',#16207,1.);
#16207 = DIRECTION('',(1.,0.,0.));
#16208 = ORIENTED_EDGE('',*,*,#16156,.F.);
#16209 = PLANE('',#16210);
#16210 = AXIS2_PLACEMENT_3D('',#16211,#16212,#16213);
#16211 = CARTESIAN_POINT('',(79.,14.,1.6640125E+03));
#16212 = DIRECTION('',(0.,1.,0.));
#16213 = DIRECTION('',(0.,0.,1.));
#16214 = ADVANCED_FACE('',(#16215),#16231,.T.);
#16215 = FACE_BOUND('',#16216,.T.);
#16216 = EDGE_LOOP('',(#16217,#16223,#16224,#16230));
#16217 = ORIENTED_EDGE('',*,*,#16218,.F.);
#16218 = EDGE_CURVE('',#16127,#16167,#16219,.T.);
#16219 = LINE('',#16220,#16221);
#16220 = CARTESIAN_POINT('',(79.,206.,1.6640125E+03));
#16221 = VECTOR('',#16222,1.);
#16222 = DIRECTION('',(1.,0.,0.));
#16223 = ORIENTED_EDGE('',*,*,#16134,.T.);
#16224 = ORIENTED_EDGE('',*,*,#16225,.T.);
#16225 = EDGE_CURVE('',#16135,#16175,#16226,.T.);
#16226 = LINE('',#16227,#16228);
#16227 = CARTESIAN_POINT('',(79.,206.,1.7560125E+03));
#16228 = VECTOR('',#16229,1.);
#16229 = DIRECTION('',(1.,0.,0.));
#16230 = ORIENTED_EDGE('',*,*,#16174,.F.);
#16231 = PLANE('',#16232);
#16232 = AXIS2_PLACEMENT_3D('',#16233,#16234,#16235);
#16233 = CARTESIAN_POINT('',(79.,206.,1.6640125E+03));
#16234 = DIRECTION('',(0.,1.,0.));
#16235 = DIRECTION('',(0.,0.,1.));
#16236 = ADVANCED_FACE('',(#16237),#16243,.F.);
#16237 = FACE_BOUND('',#16238,.F.);
#16238 = EDGE_LOOP('',(#16239,#16240,#16241,#16242));
#16239 = ORIENTED_EDGE('',*,*,#16126,.F.);
#16240 = ORIENTED_EDGE('',*,*,#16196,.T.);
#16241 = ORIENTED_EDGE('',*,*,#16166,.T.);
#16242 = ORIENTED_EDGE('',*,*,#16218,.F.);
#16243 = PLANE('',#16244);
#16244 = AXIS2_PLACEMENT_3D('',#16245,#16246,#16247);
#16245 = CARTESIAN_POINT('',(79.,14.,1.6640125E+03));
#16246 = DIRECTION('',(0.,0.,1.));
#16247 = DIRECTION('',(1.,0.,0.));
#16248 = ADVANCED_FACE('',(#16249),#16255,.T.);
#16249 = FACE_BOUND('',#16250,.T.);
#16250 = EDGE_LOOP('',(#16251,#16252,#16253,#16254));
#16251 = ORIENTED_EDGE('',*,*,#16142,.F.);
#16252 = ORIENTED_EDGE('',*,*,#16203,.T.);
#16253 = ORIENTED_EDGE('',*,*,#16182,.T.);
#16254 = ORIENTED_EDGE('',*,*,#16225,.F.);
#16255 = PLANE('',#16256);
#16256 = AXIS2_PLACEMENT_3D('',#16257,#16258,#16259);
#16257 = CARTESIAN_POINT('',(79.,14.,1.7560125E+03));
#16258 = DIRECTION('',(0.,0.,1.));
#16259 = DIRECTION('',(1.,0.,0.));
#16260 = MANIFOLD_SOLID_BREP('',#16261);
#16261 = CLOSED_SHELL('',(#16262,#16302,#16342,#16364,#16386,#16398));
#16262 = ADVANCED_FACE('',(#16263),#16297,.F.);
#16263 = FACE_BOUND('',#16264,.F.);
#16264 = EDGE_LOOP('',(#16265,#16275,#16283,#16291));
#16265 = ORIENTED_EDGE('',*,*,#16266,.F.);
#16266 = EDGE_CURVE('',#16267,#16269,#16271,.T.);
#16267 = VERTEX_POINT('',#16268);
#16268 = CARTESIAN_POINT('',(94.,14.,1.6640125E+03));
#16269 = VERTEX_POINT('',#16270);
#16270 = CARTESIAN_POINT('',(94.,14.,1.7560125E+03));
#16271 = LINE('',#16272,#16273);
#16272 = CARTESIAN_POINT('',(94.,14.,1.6640125E+03));
#16273 = VECTOR('',#16274,1.);
#16274 = DIRECTION('',(0.,0.,1.));
#16275 = ORIENTED_EDGE('',*,*,#16276,.T.);
#16276 = EDGE_CURVE('',#16267,#16277,#16279,.T.);
#16277 = VERTEX_POINT('',#16278);
#16278 = CARTESIAN_POINT('',(94.,206.,1.6640125E+03));
#16279 = LINE('',#16280,#16281);
#16280 = CARTESIAN_POINT('',(94.,14.,1.6640125E+03));
#16281 = VECTOR('',#16282,1.);
#16282 = DIRECTION('',(0.,1.,0.));
#16283 = ORIENTED_EDGE('',*,*,#16284,.T.);
#16284 = EDGE_CURVE('',#16277,#16285,#16287,.T.);
#16285 = VERTEX_POINT('',#16286);
#16286 = CARTESIAN_POINT('',(94.,206.,1.7560125E+03));
#16287 = LINE('',#16288,#16289);
#16288 = CARTESIAN_POINT('',(94.,206.,1.6640125E+03));
#16289 = VECTOR('',#16290,1.);
#16290 = DIRECTION('',(0.,0.,1.));
#16291 = ORIENTED_EDGE('',*,*,#16292,.F.);
#16292 = EDGE_CURVE('',#16269,#16285,#16293,.T.);
#16293 = LINE('',#16294,#16295);
#16294 = CARTESIAN_POINT('',(94.,14.,1.7560125E+03));
#16295 = VECTOR('',#16296,1.);
#16296 = DIRECTION('',(0.,1.,0.));
#16297 = PLANE('',#16298);
#16298 = AXIS2_PLACEMENT_3D('',#16299,#16300,#16301);
#16299 = CARTESIAN_POINT('',(94.,14.,1.6640125E+03));
#16300 = DIRECTION('',(1.,0.,0.));
#16301 = DIRECTION('',(0.,0.,1.));
#16302 = ADVANCED_FACE('',(#16303),#16337,.T.);
#16303 = FACE_BOUND('',#16304,.T.);
#16304 = EDGE_LOOP('',(#16305,#16315,#16323,#16331));
#16305 = ORIENTED_EDGE('',*,*,#16306,.F.);
#16306 = EDGE_CURVE('',#16307,#16309,#16311,.T.);
#16307 = VERTEX_POINT('',#16308);
#16308 = CARTESIAN_POINT('',(96.,14.,1.6640125E+03));
#16309 = VERTEX_POINT('',#16310);
#16310 = CARTESIAN_POINT('',(96.,14.,1.7560125E+03));
#16311 = LINE('',#16312,#16313);
#16312 = CARTESIAN_POINT('',(96.,14.,1.6640125E+03));
#16313 = VECTOR('',#16314,1.);
#16314 = DIRECTION('',(0.,0.,1.));
#16315 = ORIENTED_EDGE('',*,*,#16316,.T.);
#16316 = EDGE_CURVE('',#16307,#16317,#16319,.T.);
#16317 = VERTEX_POINT('',#16318);
#16318 = CARTESIAN_POINT('',(96.,206.,1.6640125E+03));
#16319 = LINE('',#16320,#16321);
#16320 = CARTESIAN_POINT('',(96.,14.,1.6640125E+03));
#16321 = VECTOR('',#16322,1.);
#16322 = DIRECTION('',(0.,1.,0.));
#16323 = ORIENTED_EDGE('',*,*,#16324,.T.);
#16324 = EDGE_CURVE('',#16317,#16325,#16327,.T.);
#16325 = VERTEX_POINT('',#16326);
#16326 = CARTESIAN_POINT('',(96.,206.,1.7560125E+03));
#16327 = LINE('',#16328,#16329);
#16328 = CARTESIAN_POINT('',(96.,206.,1.6640125E+03));
#16329 = VECTOR('',#16330,1.);
#16330 = DIRECTION('',(0.,0.,1.));
#16331 = ORIENTED_EDGE('',*,*,#16332,.F.);
#16332 = EDGE_CURVE('',#16309,#16325,#16333,.T.);
#16333 = LINE('',#16334,#16335);
#16334 = CARTESIAN_POINT('',(96.,14.,1.7560125E+03));
#16335 = VECTOR('',#16336,1.);
#16336 = DIRECTION('',(0.,1.,0.));
#16337 = PLANE('',#16338);
#16338 = AXIS2_PLACEMENT_3D('',#16339,#16340,#16341);
#16339 = CARTESIAN_POINT('',(96.,14.,1.6640125E+03));
#16340 = DIRECTION('',(1.,0.,0.));
#16341 = DIRECTION('',(0.,0.,1.));
#16342 = ADVANCED_FACE('',(#16343),#16359,.F.);
#16343 = FACE_BOUND('',#16344,.F.);
#16344 = EDGE_LOOP('',(#16345,#16351,#16352,#16358));
#16345 = ORIENTED_EDGE('',*,*,#16346,.F.);
#16346 = EDGE_CURVE('',#16267,#16307,#16347,.T.);
#16347 = LINE('',#16348,#16349);
#16348 = CARTESIAN_POINT('',(94.,14.,1.6640125E+03));
#16349 = VECTOR('',#16350,1.);
#16350 = DIRECTION('',(1.,0.,0.));
#16351 = ORIENTED_EDGE('',*,*,#16266,.T.);
#16352 = ORIENTED_EDGE('',*,*,#16353,.T.);
#16353 = EDGE_CURVE('',#16269,#16309,#16354,.T.);
#16354 = LINE('',#16355,#16356);
#16355 = CARTESIAN_POINT('',(94.,14.,1.7560125E+03));
#16356 = VECTOR('',#16357,1.);
#16357 = DIRECTION('',(1.,0.,0.));
#16358 = ORIENTED_EDGE('',*,*,#16306,.F.);
#16359 = PLANE('',#16360);
#16360 = AXIS2_PLACEMENT_3D('',#16361,#16362,#16363);
#16361 = CARTESIAN_POINT('',(94.,14.,1.6640125E+03));
#16362 = DIRECTION('',(0.,1.,0.));
#16363 = DIRECTION('',(0.,0.,1.));
#16364 = ADVANCED_FACE('',(#16365),#16381,.T.);
#16365 = FACE_BOUND('',#16366,.T.);
#16366 = EDGE_LOOP('',(#16367,#16373,#16374,#16380));
#16367 = ORIENTED_EDGE('',*,*,#16368,.F.);
#16368 = EDGE_CURVE('',#16277,#16317,#16369,.T.);
#16369 = LINE('',#16370,#16371);
#16370 = CARTESIAN_POINT('',(94.,206.,1.6640125E+03));
#16371 = VECTOR('',#16372,1.);
#16372 = DIRECTION('',(1.,0.,0.));
#16373 = ORIENTED_EDGE('',*,*,#16284,.T.);
#16374 = ORIENTED_EDGE('',*,*,#16375,.T.);
#16375 = EDGE_CURVE('',#16285,#16325,#16376,.T.);
#16376 = LINE('',#16377,#16378);
#16377 = CARTESIAN_POINT('',(94.,206.,1.7560125E+03));
#16378 = VECTOR('',#16379,1.);
#16379 = DIRECTION('',(1.,0.,0.));
#16380 = ORIENTED_EDGE('',*,*,#16324,.F.);
#16381 = PLANE('',#16382);
#16382 = AXIS2_PLACEMENT_3D('',#16383,#16384,#16385);
#16383 = CARTESIAN_POINT('',(94.,206.,1.6640125E+03));
#16384 = DIRECTION('',(0.,1.,0.));
#16385 = DIRECTION('',(0.,0.,1.));
#16386 = ADVANCED_FACE('',(#16387),#16393,.F.);
#16387 = FACE_BOUND('',#16388,.F.);
#16388 = EDGE_LOOP('',(#16389,#16390,#16391,#16392));
#16389 = ORIENTED_EDGE('',*,*,#16276,.F.);
#16390 = ORIENTED_EDGE('',*,*,#16346,.T.);
#16391 = ORIENTED_EDGE('',*,*,#16316,.T.);
#16392 = ORIENTED_EDGE('',*,*,#16368,.F.);
#16393 = PLANE('',#16394);
#16394 = AXIS2_PLACEMENT_3D('',#16395,#16396,#16397);
#16395 = CARTESIAN_POINT('',(94.,14.,1.6640125E+03));
#16396 = DIRECTION('',(0.,0.,1.));
#16397 = DIRECTION('',(1.,0.,0.));
#16398 = ADVANCED_FACE('',(#16399),#16405,.T.);
#16399 = FACE_BOUND('',#16400,.T.);
#16400 = EDGE_LOOP('',(#16401,#16402,#16403,#16404));
#16401 = ORIENTED_EDGE('',*,*,#16292,.F.);
#16402 = ORIENTED_EDGE('',*,*,#16353,.T.);
#16403 = ORIENTED_EDGE('',*,*,#16332,.T.);
#16404 = ORIENTED_EDGE('',*,*,#16375,.F.);
#16405 = PLANE('',#16406);
#16406 = AXIS2_PLACEMENT_3D('',#16407,#16408,#16409);
#16407 = CARTESIAN_POINT('',(94.,14.,1.7560125E+03));
#16408 = DIRECTION('',(0.,0.,1.));
#16409 = DIRECTION('',(1.,0.,0.));
#16410 = MANIFOLD_SOLID_BREP('',#16411);
#16411 = CLOSED_SHELL('',(#16412,#16452,#16492,#16514,#16536,#16548));
#16412 = ADVANCED_FACE('',(#16413),#16447,.F.);
#16413 = FACE_BOUND('',#16414,.F.);
#16414 = EDGE_LOOP('',(#16415,#16425,#16433,#16441));
#16415 = ORIENTED_EDGE('',*,*,#16416,.F.);
#16416 = EDGE_CURVE('',#16417,#16419,#16421,.T.);
#16417 = VERTEX_POINT('',#16418);
#16418 = CARTESIAN_POINT('',(109.,14.,1.6640125E+03));
#16419 = VERTEX_POINT('',#16420);
#16420 = CARTESIAN_POINT('',(109.,14.,1.7560125E+03));
#16421 = LINE('',#16422,#16423);
#16422 = CARTESIAN_POINT('',(109.,14.,1.6640125E+03));
#16423 = VECTOR('',#16424,1.);
#16424 = DIRECTION('',(0.,0.,1.));
#16425 = ORIENTED_EDGE('',*,*,#16426,.T.);
#16426 = EDGE_CURVE('',#16417,#16427,#16429,.T.);
#16427 = VERTEX_POINT('',#16428);
#16428 = CARTESIAN_POINT('',(109.,206.,1.6640125E+03));
#16429 = LINE('',#16430,#16431);
#16430 = CARTESIAN_POINT('',(109.,14.,1.6640125E+03));
#16431 = VECTOR('',#16432,1.);
#16432 = DIRECTION('',(0.,1.,0.));
#16433 = ORIENTED_EDGE('',*,*,#16434,.T.);
#16434 = EDGE_CURVE('',#16427,#16435,#16437,.T.);
#16435 = VERTEX_POINT('',#16436);
#16436 = CARTESIAN_POINT('',(109.,206.,1.7560125E+03));
#16437 = LINE('',#16438,#16439);
#16438 = CARTESIAN_POINT('',(109.,206.,1.6640125E+03));
#16439 = VECTOR('',#16440,1.);
#16440 = DIRECTION('',(0.,0.,1.));
#16441 = ORIENTED_EDGE('',*,*,#16442,.F.);
#16442 = EDGE_CURVE('',#16419,#16435,#16443,.T.);
#16443 = LINE('',#16444,#16445);
#16444 = CARTESIAN_POINT('',(109.,14.,1.7560125E+03));
#16445 = VECTOR('',#16446,1.);
#16446 = DIRECTION('',(0.,1.,0.));
#16447 = PLANE('',#16448);
#16448 = AXIS2_PLACEMENT_3D('',#16449,#16450,#16451);
#16449 = CARTESIAN_POINT('',(109.,14.,1.6640125E+03));
#16450 = DIRECTION('',(1.,0.,0.));
#16451 = DIRECTION('',(0.,0.,1.));
#16452 = ADVANCED_FACE('',(#16453),#16487,.T.);
#16453 = FACE_BOUND('',#16454,.T.);
#16454 = EDGE_LOOP('',(#16455,#16465,#16473,#16481));
#16455 = ORIENTED_EDGE('',*,*,#16456,.F.);
#16456 = EDGE_CURVE('',#16457,#16459,#16461,.T.);
#16457 = VERTEX_POINT('',#16458);
#16458 = CARTESIAN_POINT('',(111.,14.,1.6640125E+03));
#16459 = VERTEX_POINT('',#16460);
#16460 = CARTESIAN_POINT('',(111.,14.,1.7560125E+03));
#16461 = LINE('',#16462,#16463);
#16462 = CARTESIAN_POINT('',(111.,14.,1.6640125E+03));
#16463 = VECTOR('',#16464,1.);
#16464 = DIRECTION('',(0.,0.,1.));
#16465 = ORIENTED_EDGE('',*,*,#16466,.T.);
#16466 = EDGE_CURVE('',#16457,#16467,#16469,.T.);
#16467 = VERTEX_POINT('',#16468);
#16468 = CARTESIAN_POINT('',(111.,206.,1.6640125E+03));
#16469 = LINE('',#16470,#16471);
#16470 = CARTESIAN_POINT('',(111.,14.,1.6640125E+03));
#16471 = VECTOR('',#16472,1.);
#16472 = DIRECTION('',(0.,1.,0.));
#16473 = ORIENTED_EDGE('',*,*,#16474,.T.);
#16474 = EDGE_CURVE('',#16467,#16475,#16477,.T.);
#16475 = VERTEX_POINT('',#16476);
#16476 = CARTESIAN_POINT('',(111.,206.,1.7560125E+03));
#16477 = LINE('',#16478,#16479);
#16478 = CARTESIAN_POINT('',(111.,206.,1.6640125E+03));
#16479 = VECTOR('',#16480,1.);
#16480 = DIRECTION('',(0.,0.,1.));
#16481 = ORIENTED_EDGE('',*,*,#16482,.F.);
#16482 = EDGE_CURVE('',#16459,#16475,#16483,.T.);
#16483 = LINE('',#16484,#16485);
#16484 = CARTESIAN_POINT('',(111.,14.,1.7560125E+03));
#16485 = VECTOR('',#16486,1.);
#16486 = DIRECTION('',(0.,1.,0.));
#16487 = PLANE('',#16488);
#16488 = AXIS2_PLACEMENT_3D('',#16489,#16490,#16491);
#16489 = CARTESIAN_POINT('',(111.,14.,1.6640125E+03));
#16490 = DIRECTION('',(1.,0.,0.));
#16491 = DIRECTION('',(0.,0.,1.));
#16492 = ADVANCED_FACE('',(#16493),#16509,.F.);
#16493 = FACE_BOUND('',#16494,.F.);
#16494 = EDGE_LOOP('',(#16495,#16501,#16502,#16508));
#16495 = ORIENTED_EDGE('',*,*,#16496,.F.);
#16496 = EDGE_CURVE('',#16417,#16457,#16497,.T.);
#16497 = LINE('',#16498,#16499);
#16498 = CARTESIAN_POINT('',(109.,14.,1.6640125E+03));
#16499 = VECTOR('',#16500,1.);
#16500 = DIRECTION('',(1.,0.,0.));
#16501 = ORIENTED_EDGE('',*,*,#16416,.T.);
#16502 = ORIENTED_EDGE('',*,*,#16503,.T.);
#16503 = EDGE_CURVE('',#16419,#16459,#16504,.T.);
#16504 = LINE('',#16505,#16506);
#16505 = CARTESIAN_POINT('',(109.,14.,1.7560125E+03));
#16506 = VECTOR('',#16507,1.);
#16507 = DIRECTION('',(1.,0.,0.));
#16508 = ORIENTED_EDGE('',*,*,#16456,.F.);
#16509 = PLANE('',#16510);
#16510 = AXIS2_PLACEMENT_3D('',#16511,#16512,#16513);
#16511 = CARTESIAN_POINT('',(109.,14.,1.6640125E+03));
#16512 = DIRECTION('',(0.,1.,0.));
#16513 = DIRECTION('',(0.,0.,1.));
#16514 = ADVANCED_FACE('',(#16515),#16531,.T.);
#16515 = FACE_BOUND('',#16516,.T.);
#16516 = EDGE_LOOP('',(#16517,#16523,#16524,#16530));
#16517 = ORIENTED_EDGE('',*,*,#16518,.F.);
#16518 = EDGE_CURVE('',#16427,#16467,#16519,.T.);
#16519 = LINE('',#16520,#16521);
#16520 = CARTESIAN_POINT('',(109.,206.,1.6640125E+03));
#16521 = VECTOR('',#16522,1.);
#16522 = DIRECTION('',(1.,0.,0.));
#16523 = ORIENTED_EDGE('',*,*,#16434,.T.);
#16524 = ORIENTED_EDGE('',*,*,#16525,.T.);
#16525 = EDGE_CURVE('',#16435,#16475,#16526,.T.);
#16526 = LINE('',#16527,#16528);
#16527 = CARTESIAN_POINT('',(109.,206.,1.7560125E+03));
#16528 = VECTOR('',#16529,1.);
#16529 = DIRECTION('',(1.,0.,0.));
#16530 = ORIENTED_EDGE('',*,*,#16474,.F.);
#16531 = PLANE('',#16532);
#16532 = AXIS2_PLACEMENT_3D('',#16533,#16534,#16535);
#16533 = CARTESIAN_POINT('',(109.,206.,1.6640125E+03));
#16534 = DIRECTION('',(0.,1.,0.));
#16535 = DIRECTION('',(0.,0.,1.));
#16536 = ADVANCED_FACE('',(#16537),#16543,.F.);
#16537 = FACE_BOUND('',#16538,.F.);
#16538 = EDGE_LOOP('',(#16539,#16540,#16541,#16542));
#16539 = ORIENTED_EDGE('',*,*,#16426,.F.);
#16540 = ORIENTED_EDGE('',*,*,#16496,.T.);
#16541 = ORIENTED_EDGE('',*,*,#16466,.T.);
#16542 = ORIENTED_EDGE('',*,*,#16518,.F.);
#16543 = PLANE('',#16544);
#16544 = AXIS2_PLACEMENT_3D('',#16545,#16546,#16547);
#16545 = CARTESIAN_POINT('',(109.,14.,1.6640125E+03));
#16546 = DIRECTION('',(0.,0.,1.));
#16547 = DIRECTION('',(1.,0.,0.));
#16548 = ADVANCED_FACE('',(#16549),#16555,.T.);
#16549 = FACE_BOUND('',#16550,.T.);
#16550 = EDGE_LOOP('',(#16551,#16552,#16553,#16554));
#16551 = ORIENTED_EDGE('',*,*,#16442,.F.);
#16552 = ORIENTED_EDGE('',*,*,#16503,.T.);
#16553 = ORIENTED_EDGE('',*,*,#16482,.T.);
#16554 = ORIENTED_EDGE('',*,*,#16525,.F.);
#16555 = PLANE('',#16556);
#16556 = AXIS2_PLACEMENT_3D('',#16557,#16558,#16559);
#16557 = CARTESIAN_POINT('',(109.,14.,1.7560125E+03));
#16558 = DIRECTION('',(0.,0.,1.));
#16559 = DIRECTION('',(1.,0.,0.));
#16560 = MANIFOLD_SOLID_BREP('',#16561);
#16561 = CLOSED_SHELL('',(#16562,#16602,#16642,#16664,#16686,#16698));
#16562 = ADVANCED_FACE('',(#16563),#16597,.F.);
#16563 = FACE_BOUND('',#16564,.F.);
#16564 = EDGE_LOOP('',(#16565,#16575,#16583,#16591));
#16565 = ORIENTED_EDGE('',*,*,#16566,.F.);
#16566 = EDGE_CURVE('',#16567,#16569,#16571,.T.);
#16567 = VERTEX_POINT('',#16568);
#16568 = CARTESIAN_POINT('',(124.,14.,1.6640125E+03));
#16569 = VERTEX_POINT('',#16570);
#16570 = CARTESIAN_POINT('',(124.,14.,1.7560125E+03));
#16571 = LINE('',#16572,#16573);
#16572 = CARTESIAN_POINT('',(124.,14.,1.6640125E+03));
#16573 = VECTOR('',#16574,1.);
#16574 = DIRECTION('',(0.,0.,1.));
#16575 = ORIENTED_EDGE('',*,*,#16576,.T.);
#16576 = EDGE_CURVE('',#16567,#16577,#16579,.T.);
#16577 = VERTEX_POINT('',#16578);
#16578 = CARTESIAN_POINT('',(124.,206.,1.6640125E+03));
#16579 = LINE('',#16580,#16581);
#16580 = CARTESIAN_POINT('',(124.,14.,1.6640125E+03));
#16581 = VECTOR('',#16582,1.);
#16582 = DIRECTION('',(0.,1.,0.));
#16583 = ORIENTED_EDGE('',*,*,#16584,.T.);
#16584 = EDGE_CURVE('',#16577,#16585,#16587,.T.);
#16585 = VERTEX_POINT('',#16586);
#16586 = CARTESIAN_POINT('',(124.,206.,1.7560125E+03));
#16587 = LINE('',#16588,#16589);
#16588 = CARTESIAN_POINT('',(124.,206.,1.6640125E+03));
#16589 = VECTOR('',#16590,1.);
#16590 = DIRECTION('',(0.,0.,1.));
#16591 = ORIENTED_EDGE('',*,*,#16592,.F.);
#16592 = EDGE_CURVE('',#16569,#16585,#16593,.T.);
#16593 = LINE('',#16594,#16595);
#16594 = CARTESIAN_POINT('',(124.,14.,1.7560125E+03));
#16595 = VECTOR('',#16596,1.);
#16596 = DIRECTION('',(0.,1.,0.));
#16597 = PLANE('',#16598);
#16598 = AXIS2_PLACEMENT_3D('',#16599,#16600,#16601);
#16599 = CARTESIAN_POINT('',(124.,14.,1.6640125E+03));
#16600 = DIRECTION('',(1.,0.,0.));
#16601 = DIRECTION('',(0.,0.,1.));
#16602 = ADVANCED_FACE('',(#16603),#16637,.T.);
#16603 = FACE_BOUND('',#16604,.T.);
#16604 = EDGE_LOOP('',(#16605,#16615,#16623,#16631));
#16605 = ORIENTED_EDGE('',*,*,#16606,.F.);
#16606 = EDGE_CURVE('',#16607,#16609,#16611,.T.);
#16607 = VERTEX_POINT('',#16608);
#16608 = CARTESIAN_POINT('',(126.,14.,1.6640125E+03));
#16609 = VERTEX_POINT('',#16610);
#16610 = CARTESIAN_POINT('',(126.,14.,1.7560125E+03));
#16611 = LINE('',#16612,#16613);
#16612 = CARTESIAN_POINT('',(126.,14.,1.6640125E+03));
#16613 = VECTOR('',#16614,1.);
#16614 = DIRECTION('',(0.,0.,1.));
#16615 = ORIENTED_EDGE('',*,*,#16616,.T.);
#16616 = EDGE_CURVE('',#16607,#16617,#16619,.T.);
#16617 = VERTEX_POINT('',#16618);
#16618 = CARTESIAN_POINT('',(126.,206.,1.6640125E+03));
#16619 = LINE('',#16620,#16621);
#16620 = CARTESIAN_POINT('',(126.,14.,1.6640125E+03));
#16621 = VECTOR('',#16622,1.);
#16622 = DIRECTION('',(0.,1.,0.));
#16623 = ORIENTED_EDGE('',*,*,#16624,.T.);
#16624 = EDGE_CURVE('',#16617,#16625,#16627,.T.);
#16625 = VERTEX_POINT('',#16626);
#16626 = CARTESIAN_POINT('',(126.,206.,1.7560125E+03));
#16627 = LINE('',#16628,#16629);
#16628 = CARTESIAN_POINT('',(126.,206.,1.6640125E+03));
#16629 = VECTOR('',#16630,1.);
#16630 = DIRECTION('',(0.,0.,1.));
#16631 = ORIENTED_EDGE('',*,*,#16632,.F.);
#16632 = EDGE_CURVE('',#16609,#16625,#16633,.T.);
#16633 = LINE('',#16634,#16635);
#16634 = CARTESIAN_POINT('',(126.,14.,1.7560125E+03));
#16635 = VECTOR('',#16636,1.);
#16636 = DIRECTION('',(0.,1.,0.));
#16637 = PLANE('',#16638);
#16638 = AXIS2_PLACEMENT_3D('',#16639,#16640,#16641);
#16639 = CARTESIAN_POINT('',(126.,14.,1.6640125E+03));
#16640 = DIRECTION('',(1.,0.,0.));
#16641 = DIRECTION('',(0.,0.,1.));
#16642 = ADVANCED_FACE('',(#16643),#16659,.F.);
#16643 = FACE_BOUND('',#16644,.F.);
#16644 = EDGE_LOOP('',(#16645,#16651,#16652,#16658));
#16645 = ORIENTED_EDGE('',*,*,#16646,.F.);
#16646 = EDGE_CURVE('',#16567,#16607,#16647,.T.);
#16647 = LINE('',#16648,#16649);
#16648 = CARTESIAN_POINT('',(124.,14.,1.6640125E+03));
#16649 = VECTOR('',#16650,1.);
#16650 = DIRECTION('',(1.,0.,0.));
#16651 = ORIENTED_EDGE('',*,*,#16566,.T.);
#16652 = ORIENTED_EDGE('',*,*,#16653,.T.);
#16653 = EDGE_CURVE('',#16569,#16609,#16654,.T.);
#16654 = LINE('',#16655,#16656);
#16655 = CARTESIAN_POINT('',(124.,14.,1.7560125E+03));
#16656 = VECTOR('',#16657,1.);
#16657 = DIRECTION('',(1.,0.,0.));
#16658 = ORIENTED_EDGE('',*,*,#16606,.F.);
#16659 = PLANE('',#16660);
#16660 = AXIS2_PLACEMENT_3D('',#16661,#16662,#16663);
#16661 = CARTESIAN_POINT('',(124.,14.,1.6640125E+03));
#16662 = DIRECTION('',(0.,1.,0.));
#16663 = DIRECTION('',(0.,0.,1.));
#16664 = ADVANCED_FACE('',(#16665),#16681,.T.);
#16665 = FACE_BOUND('',#16666,.T.);
#16666 = EDGE_LOOP('',(#16667,#16673,#16674,#16680));
#16667 = ORIENTED_EDGE('',*,*,#16668,.F.);
#16668 = EDGE_CURVE('',#16577,#16617,#16669,.T.);
#16669 = LINE('',#16670,#16671);
#16670 = CARTESIAN_POINT('',(124.,206.,1.6640125E+03));
#16671 = VECTOR('',#16672,1.);
#16672 = DIRECTION('',(1.,0.,0.));
#16673 = ORIENTED_EDGE('',*,*,#16584,.T.);
#16674 = ORIENTED_EDGE('',*,*,#16675,.T.);
#16675 = EDGE_CURVE('',#16585,#16625,#16676,.T.);
#16676 = LINE('',#16677,#16678);
#16677 = CARTESIAN_POINT('',(124.,206.,1.7560125E+03));
#16678 = VECTOR('',#16679,1.);
#16679 = DIRECTION('',(1.,0.,0.));
#16680 = ORIENTED_EDGE('',*,*,#16624,.F.);
#16681 = PLANE('',#16682);
#16682 = AXIS2_PLACEMENT_3D('',#16683,#16684,#16685);
#16683 = CARTESIAN_POINT('',(124.,206.,1.6640125E+03));
#16684 = DIRECTION('',(0.,1.,0.));
#16685 = DIRECTION('',(0.,0.,1.));
#16686 = ADVANCED_FACE('',(#16687),#16693,.F.);
#16687 = FACE_BOUND('',#16688,.F.);
#16688 = EDGE_LOOP('',(#16689,#16690,#16691,#16692));
#16689 = ORIENTED_EDGE('',*,*,#16576,.F.);
#16690 = ORIENTED_EDGE('',*,*,#16646,.T.);
#16691 = ORIENTED_EDGE('',*,*,#16616,.T.);
#16692 = ORIENTED_EDGE('',*,*,#16668,.F.);
#16693 = PLANE('',#16694);
#16694 = AXIS2_PLACEMENT_3D('',#16695,#16696,#16697);
#16695 = CARTESIAN_POINT('',(124.,14.,1.6640125E+03));
#16696 = DIRECTION('',(0.,0.,1.));
#16697 = DIRECTION('',(1.,0.,0.));
#16698 = ADVANCED_FACE('',(#16699),#16705,.T.);
#16699 = FACE_BOUND('',#16700,.T.);
#16700 = EDGE_LOOP('',(#16701,#16702,#16703,#16704));
#16701 = ORIENTED_EDGE('',*,*,#16592,.F.);
#16702 = ORIENTED_EDGE('',*,*,#16653,.T.);
#16703 = ORIENTED_EDGE('',*,*,#16632,.T.);
#16704 = ORIENTED_EDGE('',*,*,#16675,.F.);
#16705 = PLANE('',#16706);
#16706 = AXIS2_PLACEMENT_3D('',#16707,#16708,#16709);
#16707 = CARTESIAN_POINT('',(124.,14.,1.7560125E+03));
#16708 = DIRECTION('',(0.,0.,1.));
#16709 = DIRECTION('',(1.,0.,0.));
#16710 = MANIFOLD_SOLID_BREP('',#16711);
#16711 = CLOSED_SHELL('',(#16712,#16752,#16792,#16814,#16836,#16848));
#16712 = ADVANCED_FACE('',(#16713),#16747,.F.);
#16713 = FACE_BOUND('',#16714,.F.);
#16714 = EDGE_LOOP('',(#16715,#16725,#16733,#16741));
#16715 = ORIENTED_EDGE('',*,*,#16716,.F.);
#16716 = EDGE_CURVE('',#16717,#16719,#16721,.T.);
#16717 = VERTEX_POINT('',#16718);
#16718 = CARTESIAN_POINT('',(139.,14.,1.6640125E+03));
#16719 = VERTEX_POINT('',#16720);
#16720 = CARTESIAN_POINT('',(139.,14.,1.7560125E+03));
#16721 = LINE('',#16722,#16723);
#16722 = CARTESIAN_POINT('',(139.,14.,1.6640125E+03));
#16723 = VECTOR('',#16724,1.);
#16724 = DIRECTION('',(0.,0.,1.));
#16725 = ORIENTED_EDGE('',*,*,#16726,.T.);
#16726 = EDGE_CURVE('',#16717,#16727,#16729,.T.);
#16727 = VERTEX_POINT('',#16728);
#16728 = CARTESIAN_POINT('',(139.,206.,1.6640125E+03));
#16729 = LINE('',#16730,#16731);
#16730 = CARTESIAN_POINT('',(139.,14.,1.6640125E+03));
#16731 = VECTOR('',#16732,1.);
#16732 = DIRECTION('',(0.,1.,0.));
#16733 = ORIENTED_EDGE('',*,*,#16734,.T.);
#16734 = EDGE_CURVE('',#16727,#16735,#16737,.T.);
#16735 = VERTEX_POINT('',#16736);
#16736 = CARTESIAN_POINT('',(139.,206.,1.7560125E+03));
#16737 = LINE('',#16738,#16739);
#16738 = CARTESIAN_POINT('',(139.,206.,1.6640125E+03));
#16739 = VECTOR('',#16740,1.);
#16740 = DIRECTION('',(0.,0.,1.));
#16741 = ORIENTED_EDGE('',*,*,#16742,.F.);
#16742 = EDGE_CURVE('',#16719,#16735,#16743,.T.);
#16743 = LINE('',#16744,#16745);
#16744 = CARTESIAN_POINT('',(139.,14.,1.7560125E+03));
#16745 = VECTOR('',#16746,1.);
#16746 = DIRECTION('',(0.,1.,0.));
#16747 = PLANE('',#16748);
#16748 = AXIS2_PLACEMENT_3D('',#16749,#16750,#16751);
#16749 = CARTESIAN_POINT('',(139.,14.,1.6640125E+03));
#16750 = DIRECTION('',(1.,0.,0.));
#16751 = DIRECTION('',(0.,0.,1.));
#16752 = ADVANCED_FACE('',(#16753),#16787,.T.);
#16753 = FACE_BOUND('',#16754,.T.);
#16754 = EDGE_LOOP('',(#16755,#16765,#16773,#16781));
#16755 = ORIENTED_EDGE('',*,*,#16756,.F.);
#16756 = EDGE_CURVE('',#16757,#16759,#16761,.T.);
#16757 = VERTEX_POINT('',#16758);
#16758 = CARTESIAN_POINT('',(141.,14.,1.6640125E+03));
#16759 = VERTEX_POINT('',#16760);
#16760 = CARTESIAN_POINT('',(141.,14.,1.7560125E+03));
#16761 = LINE('',#16762,#16763);
#16762 = CARTESIAN_POINT('',(141.,14.,1.6640125E+03));
#16763 = VECTOR('',#16764,1.);
#16764 = DIRECTION('',(0.,0.,1.));
#16765 = ORIENTED_EDGE('',*,*,#16766,.T.);
#16766 = EDGE_CURVE('',#16757,#16767,#16769,.T.);
#16767 = VERTEX_POINT('',#16768);
#16768 = CARTESIAN_POINT('',(141.,206.,1.6640125E+03));
#16769 = LINE('',#16770,#16771);
#16770 = CARTESIAN_POINT('',(141.,14.,1.6640125E+03));
#16771 = VECTOR('',#16772,1.);
#16772 = DIRECTION('',(0.,1.,0.));
#16773 = ORIENTED_EDGE('',*,*,#16774,.T.);
#16774 = EDGE_CURVE('',#16767,#16775,#16777,.T.);
#16775 = VERTEX_POINT('',#16776);
#16776 = CARTESIAN_POINT('',(141.,206.,1.7560125E+03));
#16777 = LINE('',#16778,#16779);
#16778 = CARTESIAN_POINT('',(141.,206.,1.6640125E+03));
#16779 = VECTOR('',#16780,1.);
#16780 = DIRECTION('',(0.,0.,1.));
#16781 = ORIENTED_EDGE('',*,*,#16782,.F.);
#16782 = EDGE_CURVE('',#16759,#16775,#16783,.T.);
#16783 = LINE('',#16784,#16785);
#16784 = CARTESIAN_POINT('',(141.,14.,1.7560125E+03));
#16785 = VECTOR('',#16786,1.);
#16786 = DIRECTION('',(0.,1.,0.));
#16787 = PLANE('',#16788);
#16788 = AXIS2_PLACEMENT_3D('',#16789,#16790,#16791);
#16789 = CARTESIAN_POINT('',(141.,14.,1.6640125E+03));
#16790 = DIRECTION('',(1.,0.,0.));
#16791 = DIRECTION('',(0.,0.,1.));
#16792 = ADVANCED_FACE('',(#16793),#16809,.F.);
#16793 = FACE_BOUND('',#16794,.F.);
#16794 = EDGE_LOOP('',(#16795,#16801,#16802,#16808));
#16795 = ORIENTED_EDGE('',*,*,#16796,.F.);
#16796 = EDGE_CURVE('',#16717,#16757,#16797,.T.);
#16797 = LINE('',#16798,#16799);
#16798 = CARTESIAN_POINT('',(139.,14.,1.6640125E+03));
#16799 = VECTOR('',#16800,1.);
#16800 = DIRECTION('',(1.,0.,0.));
#16801 = ORIENTED_EDGE('',*,*,#16716,.T.);
#16802 = ORIENTED_EDGE('',*,*,#16803,.T.);
#16803 = EDGE_CURVE('',#16719,#16759,#16804,.T.);
#16804 = LINE('',#16805,#16806);
#16805 = CARTESIAN_POINT('',(139.,14.,1.7560125E+03));
#16806 = VECTOR('',#16807,1.);
#16807 = DIRECTION('',(1.,0.,0.));
#16808 = ORIENTED_EDGE('',*,*,#16756,.F.);
#16809 = PLANE('',#16810);
#16810 = AXIS2_PLACEMENT_3D('',#16811,#16812,#16813);
#16811 = CARTESIAN_POINT('',(139.,14.,1.6640125E+03));
#16812 = DIRECTION('',(0.,1.,0.));
#16813 = DIRECTION('',(0.,0.,1.));
#16814 = ADVANCED_FACE('',(#16815),#16831,.T.);
#16815 = FACE_BOUND('',#16816,.T.);
#16816 = EDGE_LOOP('',(#16817,#16823,#16824,#16830));
#16817 = ORIENTED_EDGE('',*,*,#16818,.F.);
#16818 = EDGE_CURVE('',#16727,#16767,#16819,.T.);
#16819 = LINE('',#16820,#16821);
#16820 = CARTESIAN_POINT('',(139.,206.,1.6640125E+03));
#16821 = VECTOR('',#16822,1.);
#16822 = DIRECTION('',(1.,0.,0.));
#16823 = ORIENTED_EDGE('',*,*,#16734,.T.);
#16824 = ORIENTED_EDGE('',*,*,#16825,.T.);
#16825 = EDGE_CURVE('',#16735,#16775,#16826,.T.);
#16826 = LINE('',#16827,#16828);
#16827 = CARTESIAN_POINT('',(139.,206.,1.7560125E+03));
#16828 = VECTOR('',#16829,1.);
#16829 = DIRECTION('',(1.,0.,0.));
#16830 = ORIENTED_EDGE('',*,*,#16774,.F.);
#16831 = PLANE('',#16832);
#16832 = AXIS2_PLACEMENT_3D('',#16833,#16834,#16835);
#16833 = CARTESIAN_POINT('',(139.,206.,1.6640125E+03));
#16834 = DIRECTION('',(0.,1.,0.));
#16835 = DIRECTION('',(0.,0.,1.));
#16836 = ADVANCED_FACE('',(#16837),#16843,.F.);
#16837 = FACE_BOUND('',#16838,.F.);
#16838 = EDGE_LOOP('',(#16839,#16840,#16841,#16842));
#16839 = ORIENTED_EDGE('',*,*,#16726,.F.);
#16840 = ORIENTED_EDGE('',*,*,#16796,.T.);
#16841 = ORIENTED_EDGE('',*,*,#16766,.T.);
#16842 = ORIENTED_EDGE('',*,*,#16818,.F.);
#16843 = PLANE('',#16844);
#16844 = AXIS2_PLACEMENT_3D('',#16845,#16846,#16847);
#16845 = CARTESIAN_POINT('',(139.,14.,1.6640125E+03));
#16846 = DIRECTION('',(0.,0.,1.));
#16847 = DIRECTION('',(1.,0.,0.));
#16848 = ADVANCED_FACE('',(#16849),#16855,.T.);
#16849 = FACE_BOUND('',#16850,.T.);
#16850 = EDGE_LOOP('',(#16851,#16852,#16853,#16854));
#16851 = ORIENTED_EDGE('',*,*,#16742,.F.);
#16852 = ORIENTED_EDGE('',*,*,#16803,.T.);
#16853 = ORIENTED_EDGE('',*,*,#16782,.T.);
#16854 = ORIENTED_EDGE('',*,*,#16825,.F.);
#16855 = PLANE('',#16856);
#16856 = AXIS2_PLACEMENT_3D('',#16857,#16858,#16859);
#16857 = CARTESIAN_POINT('',(139.,14.,1.7560125E+03));
#16858 = DIRECTION('',(0.,0.,1.));
#16859 = DIRECTION('',(1.,0.,0.));
#16860 = MANIFOLD_SOLID_BREP('',#16861);
#16861 = CLOSED_SHELL('',(#16862,#16902,#16942,#16964,#16986,#16998));
#16862 = ADVANCED_FACE('',(#16863),#16897,.F.);
#16863 = FACE_BOUND('',#16864,.F.);
#16864 = EDGE_LOOP('',(#16865,#16875,#16883,#16891));
#16865 = ORIENTED_EDGE('',*,*,#16866,.F.);
#16866 = EDGE_CURVE('',#16867,#16869,#16871,.T.);
#16867 = VERTEX_POINT('',#16868);
#16868 = CARTESIAN_POINT('',(154.,14.,1.6640125E+03));
#16869 = VERTEX_POINT('',#16870);
#16870 = CARTESIAN_POINT('',(154.,14.,1.7560125E+03));
#16871 = LINE('',#16872,#16873);
#16872 = CARTESIAN_POINT('',(154.,14.,1.6640125E+03));
#16873 = VECTOR('',#16874,1.);
#16874 = DIRECTION('',(0.,0.,1.));
#16875 = ORIENTED_EDGE('',*,*,#16876,.T.);
#16876 = EDGE_CURVE('',#16867,#16877,#16879,.T.);
#16877 = VERTEX_POINT('',#16878);
#16878 = CARTESIAN_POINT('',(154.,206.,1.6640125E+03));
#16879 = LINE('',#16880,#16881);
#16880 = CARTESIAN_POINT('',(154.,14.,1.6640125E+03));
#16881 = VECTOR('',#16882,1.);
#16882 = DIRECTION('',(0.,1.,0.));
#16883 = ORIENTED_EDGE('',*,*,#16884,.T.);
#16884 = EDGE_CURVE('',#16877,#16885,#16887,.T.);
#16885 = VERTEX_POINT('',#16886);
#16886 = CARTESIAN_POINT('',(154.,206.,1.7560125E+03));
#16887 = LINE('',#16888,#16889);
#16888 = CARTESIAN_POINT('',(154.,206.,1.6640125E+03));
#16889 = VECTOR('',#16890,1.);
#16890 = DIRECTION('',(0.,0.,1.));
#16891 = ORIENTED_EDGE('',*,*,#16892,.F.);
#16892 = EDGE_CURVE('',#16869,#16885,#16893,.T.);
#16893 = LINE('',#16894,#16895);
#16894 = CARTESIAN_POINT('',(154.,14.,1.7560125E+03));
#16895 = VECTOR('',#16896,1.);
#16896 = DIRECTION('',(0.,1.,0.));
#16897 = PLANE('',#16898);
#16898 = AXIS2_PLACEMENT_3D('',#16899,#16900,#16901);
#16899 = CARTESIAN_POINT('',(154.,14.,1.6640125E+03));
#16900 = DIRECTION('',(1.,0.,0.));
#16901 = DIRECTION('',(0.,0.,1.));
#16902 = ADVANCED_FACE('',(#16903),#16937,.T.);
#16903 = FACE_BOUND('',#16904,.T.);
#16904 = EDGE_LOOP('',(#16905,#16915,#16923,#16931));
#16905 = ORIENTED_EDGE('',*,*,#16906,.F.);
#16906 = EDGE_CURVE('',#16907,#16909,#16911,.T.);
#16907 = VERTEX_POINT('',#16908);
#16908 = CARTESIAN_POINT('',(156.,14.,1.6640125E+03));
#16909 = VERTEX_POINT('',#16910);
#16910 = CARTESIAN_POINT('',(156.,14.,1.7560125E+03));
#16911 = LINE('',#16912,#16913);
#16912 = CARTESIAN_POINT('',(156.,14.,1.6640125E+03));
#16913 = VECTOR('',#16914,1.);
#16914 = DIRECTION('',(0.,0.,1.));
#16915 = ORIENTED_EDGE('',*,*,#16916,.T.);
#16916 = EDGE_CURVE('',#16907,#16917,#16919,.T.);
#16917 = VERTEX_POINT('',#16918);
#16918 = CARTESIAN_POINT('',(156.,206.,1.6640125E+03));
#16919 = LINE('',#16920,#16921);
#16920 = CARTESIAN_POINT('',(156.,14.,1.6640125E+03));
#16921 = VECTOR('',#16922,1.);
#16922 = DIRECTION('',(0.,1.,0.));
#16923 = ORIENTED_EDGE('',*,*,#16924,.T.);
#16924 = EDGE_CURVE('',#16917,#16925,#16927,.T.);
#16925 = VERTEX_POINT('',#16926);
#16926 = CARTESIAN_POINT('',(156.,206.,1.7560125E+03));
#16927 = LINE('',#16928,#16929);
#16928 = CARTESIAN_POINT('',(156.,206.,1.6640125E+03));
#16929 = VECTOR('',#16930,1.);
#16930 = DIRECTION('',(0.,0.,1.));
#16931 = ORIENTED_EDGE('',*,*,#16932,.F.);
#16932 = EDGE_CURVE('',#16909,#16925,#16933,.T.);
#16933 = LINE('',#16934,#16935);
#16934 = CARTESIAN_POINT('',(156.,14.,1.7560125E+03));
#16935 = VECTOR('',#16936,1.);
#16936 = DIRECTION('',(0.,1.,0.));
#16937 = PLANE('',#16938);
#16938 = AXIS2_PLACEMENT_3D('',#16939,#16940,#16941);
#16939 = CARTESIAN_POINT('',(156.,14.,1.6640125E+03));
#16940 = DIRECTION('',(1.,0.,0.));
#16941 = DIRECTION('',(0.,0.,1.));
#16942 = ADVANCED_FACE('',(#16943),#16959,.F.);
#16943 = FACE_BOUND('',#16944,.F.);
#16944 = EDGE_LOOP('',(#16945,#16951,#16952,#16958));
#16945 = ORIENTED_EDGE('',*,*,#16946,.F.);
#16946 = EDGE_CURVE('',#16867,#16907,#16947,.T.);
#16947 = LINE('',#16948,#16949);
#16948 = CARTESIAN_POINT('',(154.,14.,1.6640125E+03));
#16949 = VECTOR('',#16950,1.);
#16950 = DIRECTION('',(1.,0.,0.));
#16951 = ORIENTED_EDGE('',*,*,#16866,.T.);
#16952 = ORIENTED_EDGE('',*,*,#16953,.T.);
#16953 = EDGE_CURVE('',#16869,#16909,#16954,.T.);
#16954 = LINE('',#16955,#16956);
#16955 = CARTESIAN_POINT('',(154.,14.,1.7560125E+03));
#16956 = VECTOR('',#16957,1.);
#16957 = DIRECTION('',(1.,0.,0.));
#16958 = ORIENTED_EDGE('',*,*,#16906,.F.);
#16959 = PLANE('',#16960);
#16960 = AXIS2_PLACEMENT_3D('',#16961,#16962,#16963);
#16961 = CARTESIAN_POINT('',(154.,14.,1.6640125E+03));
#16962 = DIRECTION('',(0.,1.,0.));
#16963 = DIRECTION('',(0.,0.,1.));
#16964 = ADVANCED_FACE('',(#16965),#16981,.T.);
#16965 = FACE_BOUND('',#16966,.T.);
#16966 = EDGE_LOOP('',(#16967,#16973,#16974,#16980));
#16967 = ORIENTED_EDGE('',*,*,#16968,.F.);
#16968 = EDGE_CURVE('',#16877,#16917,#16969,.T.);
#16969 = LINE('',#16970,#16971);
#16970 = CARTESIAN_POINT('',(154.,206.,1.6640125E+03));
#16971 = VECTOR('',#16972,1.);
#16972 = DIRECTION('',(1.,0.,0.));
#16973 = ORIENTED_EDGE('',*,*,#16884,.T.);
#16974 = ORIENTED_EDGE('',*,*,#16975,.T.);
#16975 = EDGE_CURVE('',#16885,#16925,#16976,.T.);
#16976 = LINE('',#16977,#16978);
#16977 = CARTESIAN_POINT('',(154.,206.,1.7560125E+03));
#16978 = VECTOR('',#16979,1.);
#16979 = DIRECTION('',(1.,0.,0.));
#16980 = ORIENTED_EDGE('',*,*,#16924,.F.);
#16981 = PLANE('',#16982);
#16982 = AXIS2_PLACEMENT_3D('',#16983,#16984,#16985);
#16983 = CARTESIAN_POINT('',(154.,206.,1.6640125E+03));
#16984 = DIRECTION('',(0.,1.,0.));
#16985 = DIRECTION('',(0.,0.,1.));
#16986 = ADVANCED_FACE('',(#16987),#16993,.F.);
#16987 = FACE_BOUND('',#16988,.F.);
#16988 = EDGE_LOOP('',(#16989,#16990,#16991,#16992));
#16989 = ORIENTED_EDGE('',*,*,#16876,.F.);
#16990 = ORIENTED_EDGE('',*,*,#16946,.T.);
#16991 = ORIENTED_EDGE('',*,*,#16916,.T.);
#16992 = ORIENTED_EDGE('',*,*,#16968,.F.);
#16993 = PLANE('',#16994);
#16994 = AXIS2_PLACEMENT_3D('',#16995,#16996,#16997);
#16995 = CARTESIAN_POINT('',(154.,14.,1.6640125E+03));
#16996 = DIRECTION('',(0.,0.,1.));
#16997 = DIRECTION('',(1.,0.,0.));
#16998 = ADVANCED_FACE('',(#16999),#17005,.T.);
#16999 = FACE_BOUND('',#17000,.T.);
#17000 = EDGE_LOOP('',(#17001,#17002,#17003,#17004));
#17001 = ORIENTED_EDGE('',*,*,#16892,.F.);
#17002 = ORIENTED_EDGE('',*,*,#16953,.T.);
#17003 = ORIENTED_EDGE('',*,*,#16932,.T.);
#17004 = ORIENTED_EDGE('',*,*,#16975,.F.);
#17005 = PLANE('',#17006);
#17006 = AXIS2_PLACEMENT_3D('',#17007,#17008,#17009);
#17007 = CARTESIAN_POINT('',(154.,14.,1.7560125E+03));
#17008 = DIRECTION('',(0.,0.,1.));
#17009 = DIRECTION('',(1.,0.,0.));
#17010 = MANIFOLD_SOLID_BREP('',#17011);
#17011 = CLOSED_SHELL('',(#17012,#17052,#17092,#17114,#17136,#17148));
#17012 = ADVANCED_FACE('',(#17013),#17047,.F.);
#17013 = FACE_BOUND('',#17014,.F.);
#17014 = EDGE_LOOP('',(#17015,#17025,#17033,#17041));
#17015 = ORIENTED_EDGE('',*,*,#17016,.F.);
#17016 = EDGE_CURVE('',#17017,#17019,#17021,.T.);
#17017 = VERTEX_POINT('',#17018);
#17018 = CARTESIAN_POINT('',(169.,14.,1.6640125E+03));
#17019 = VERTEX_POINT('',#17020);
#17020 = CARTESIAN_POINT('',(169.,14.,1.7560125E+03));
#17021 = LINE('',#17022,#17023);
#17022 = CARTESIAN_POINT('',(169.,14.,1.6640125E+03));
#17023 = VECTOR('',#17024,1.);
#17024 = DIRECTION('',(0.,0.,1.));
#17025 = ORIENTED_EDGE('',*,*,#17026,.T.);
#17026 = EDGE_CURVE('',#17017,#17027,#17029,.T.);
#17027 = VERTEX_POINT('',#17028);
#17028 = CARTESIAN_POINT('',(169.,206.,1.6640125E+03));
#17029 = LINE('',#17030,#17031);
#17030 = CARTESIAN_POINT('',(169.,14.,1.6640125E+03));
#17031 = VECTOR('',#17032,1.);
#17032 = DIRECTION('',(0.,1.,0.));
#17033 = ORIENTED_EDGE('',*,*,#17034,.T.);
#17034 = EDGE_CURVE('',#17027,#17035,#17037,.T.);
#17035 = VERTEX_POINT('',#17036);
#17036 = CARTESIAN_POINT('',(169.,206.,1.7560125E+03));
#17037 = LINE('',#17038,#17039);
#17038 = CARTESIAN_POINT('',(169.,206.,1.6640125E+03));
#17039 = VECTOR('',#17040,1.);
#17040 = DIRECTION('',(0.,0.,1.));
#17041 = ORIENTED_EDGE('',*,*,#17042,.F.);
#17042 = EDGE_CURVE('',#17019,#17035,#17043,.T.);
#17043 = LINE('',#17044,#17045);
#17044 = CARTESIAN_POINT('',(169.,14.,1.7560125E+03));
#17045 = VECTOR('',#17046,1.);
#17046 = DIRECTION('',(0.,1.,0.));
#17047 = PLANE('',#17048);
#17048 = AXIS2_PLACEMENT_3D('',#17049,#17050,#17051);
#17049 = CARTESIAN_POINT('',(169.,14.,1.6640125E+03));
#17050 = DIRECTION('',(1.,0.,0.));
#17051 = DIRECTION('',(0.,0.,1.));
#17052 = ADVANCED_FACE('',(#17053),#17087,.T.);
#17053 = FACE_BOUND('',#17054,.T.);
#17054 = EDGE_LOOP('',(#17055,#17065,#17073,#17081));
#17055 = ORIENTED_EDGE('',*,*,#17056,.F.);
#17056 = EDGE_CURVE('',#17057,#17059,#17061,.T.);
#17057 = VERTEX_POINT('',#17058);
#17058 = CARTESIAN_POINT('',(171.,14.,1.6640125E+03));
#17059 = VERTEX_POINT('',#17060);
#17060 = CARTESIAN_POINT('',(171.,14.,1.7560125E+03));
#17061 = LINE('',#17062,#17063);
#17062 = CARTESIAN_POINT('',(171.,14.,1.6640125E+03));
#17063 = VECTOR('',#17064,1.);
#17064 = DIRECTION('',(0.,0.,1.));
#17065 = ORIENTED_EDGE('',*,*,#17066,.T.);
#17066 = EDGE_CURVE('',#17057,#17067,#17069,.T.);
#17067 = VERTEX_POINT('',#17068);
#17068 = CARTESIAN_POINT('',(171.,206.,1.6640125E+03));
#17069 = LINE('',#17070,#17071);
#17070 = CARTESIAN_POINT('',(171.,14.,1.6640125E+03));
#17071 = VECTOR('',#17072,1.);
#17072 = DIRECTION('',(0.,1.,0.));
#17073 = ORIENTED_EDGE('',*,*,#17074,.T.);
#17074 = EDGE_CURVE('',#17067,#17075,#17077,.T.);
#17075 = VERTEX_POINT('',#17076);
#17076 = CARTESIAN_POINT('',(171.,206.,1.7560125E+03));
#17077 = LINE('',#17078,#17079);
#17078 = CARTESIAN_POINT('',(171.,206.,1.6640125E+03));
#17079 = VECTOR('',#17080,1.);
#17080 = DIRECTION('',(0.,0.,1.));
#17081 = ORIENTED_EDGE('',*,*,#17082,.F.);
#17082 = EDGE_CURVE('',#17059,#17075,#17083,.T.);
#17083 = LINE('',#17084,#17085);
#17084 = CARTESIAN_POINT('',(171.,14.,1.7560125E+03));
#17085 = VECTOR('',#17086,1.);
#17086 = DIRECTION('',(0.,1.,0.));
#17087 = PLANE('',#17088);
#17088 = AXIS2_PLACEMENT_3D('',#17089,#17090,#17091);
#17089 = CARTESIAN_POINT('',(171.,14.,1.6640125E+03));
#17090 = DIRECTION('',(1.,0.,0.));
#17091 = DIRECTION('',(0.,0.,1.));
#17092 = ADVANCED_FACE('',(#17093),#17109,.F.);
#17093 = FACE_BOUND('',#17094,.F.);
#17094 = EDGE_LOOP('',(#17095,#17101,#17102,#17108));
#17095 = ORIENTED_EDGE('',*,*,#17096,.F.);
#17096 = EDGE_CURVE('',#17017,#17057,#17097,.T.);
#17097 = LINE('',#17098,#17099);
#17098 = CARTESIAN_POINT('',(169.,14.,1.6640125E+03));
#17099 = VECTOR('',#17100,1.);
#17100 = DIRECTION('',(1.,0.,0.));
#17101 = ORIENTED_EDGE('',*,*,#17016,.T.);
#17102 = ORIENTED_EDGE('',*,*,#17103,.T.);
#17103 = EDGE_CURVE('',#17019,#17059,#17104,.T.);
#17104 = LINE('',#17105,#17106);
#17105 = CARTESIAN_POINT('',(169.,14.,1.7560125E+03));
#17106 = VECTOR('',#17107,1.);
#17107 = DIRECTION('',(1.,0.,0.));
#17108 = ORIENTED_EDGE('',*,*,#17056,.F.);
#17109 = PLANE('',#17110);
#17110 = AXIS2_PLACEMENT_3D('',#17111,#17112,#17113);
#17111 = CARTESIAN_POINT('',(169.,14.,1.6640125E+03));
#17112 = DIRECTION('',(0.,1.,0.));
#17113 = DIRECTION('',(0.,0.,1.));
#17114 = ADVANCED_FACE('',(#17115),#17131,.T.);
#17115 = FACE_BOUND('',#17116,.T.);
#17116 = EDGE_LOOP('',(#17117,#17123,#17124,#17130));
#17117 = ORIENTED_EDGE('',*,*,#17118,.F.);
#17118 = EDGE_CURVE('',#17027,#17067,#17119,.T.);
#17119 = LINE('',#17120,#17121);
#17120 = CARTESIAN_POINT('',(169.,206.,1.6640125E+03));
#17121 = VECTOR('',#17122,1.);
#17122 = DIRECTION('',(1.,0.,0.));
#17123 = ORIENTED_EDGE('',*,*,#17034,.T.);
#17124 = ORIENTED_EDGE('',*,*,#17125,.T.);
#17125 = EDGE_CURVE('',#17035,#17075,#17126,.T.);
#17126 = LINE('',#17127,#17128);
#17127 = CARTESIAN_POINT('',(169.,206.,1.7560125E+03));
#17128 = VECTOR('',#17129,1.);
#17129 = DIRECTION('',(1.,0.,0.));
#17130 = ORIENTED_EDGE('',*,*,#17074,.F.);
#17131 = PLANE('',#17132);
#17132 = AXIS2_PLACEMENT_3D('',#17133,#17134,#17135);
#17133 = CARTESIAN_POINT('',(169.,206.,1.6640125E+03));
#17134 = DIRECTION('',(0.,1.,0.));
#17135 = DIRECTION('',(0.,0.,1.));
#17136 = ADVANCED_FACE('',(#17137),#17143,.F.);
#17137 = FACE_BOUND('',#17138,.F.);
#17138 = EDGE_LOOP('',(#17139,#17140,#17141,#17142));
#17139 = ORIENTED_EDGE('',*,*,#17026,.F.);
#17140 = ORIENTED_EDGE('',*,*,#17096,.T.);
#17141 = ORIENTED_EDGE('',*,*,#17066,.T.);
#17142 = ORIENTED_EDGE('',*,*,#17118,.F.);
#17143 = PLANE('',#17144);
#17144 = AXIS2_PLACEMENT_3D('',#17145,#17146,#17147);
#17145 = CARTESIAN_POINT('',(169.,14.,1.6640125E+03));
#17146 = DIRECTION('',(0.,0.,1.));
#17147 = DIRECTION('',(1.,0.,0.));
#17148 = ADVANCED_FACE('',(#17149),#17155,.T.);
#17149 = FACE_BOUND('',#17150,.T.);
#17150 = EDGE_LOOP('',(#17151,#17152,#17153,#17154));
#17151 = ORIENTED_EDGE('',*,*,#17042,.F.);
#17152 = ORIENTED_EDGE('',*,*,#17103,.T.);
#17153 = ORIENTED_EDGE('',*,*,#17082,.T.);
#17154 = ORIENTED_EDGE('',*,*,#17125,.F.);
#17155 = PLANE('',#17156);
#17156 = AXIS2_PLACEMENT_3D('',#17157,#17158,#17159);
#17157 = CARTESIAN_POINT('',(169.,14.,1.7560125E+03));
#17158 = DIRECTION('',(0.,0.,1.));
#17159 = DIRECTION('',(1.,0.,0.));
#17160 = MANIFOLD_SOLID_BREP('',#17161);
#17161 = CLOSED_SHELL('',(#17162,#17202,#17242,#17264,#17286,#17298));
#17162 = ADVANCED_FACE('',(#17163),#17197,.F.);
#17163 = FACE_BOUND('',#17164,.F.);
#17164 = EDGE_LOOP('',(#17165,#17175,#17183,#17191));
#17165 = ORIENTED_EDGE('',*,*,#17166,.F.);
#17166 = EDGE_CURVE('',#17167,#17169,#17171,.T.);
#17167 = VERTEX_POINT('',#17168);
#17168 = CARTESIAN_POINT('',(184.,14.,1.6640125E+03));
#17169 = VERTEX_POINT('',#17170);
#17170 = CARTESIAN_POINT('',(184.,14.,1.7560125E+03));
#17171 = LINE('',#17172,#17173);
#17172 = CARTESIAN_POINT('',(184.,14.,1.6640125E+03));
#17173 = VECTOR('',#17174,1.);
#17174 = DIRECTION('',(0.,0.,1.));
#17175 = ORIENTED_EDGE('',*,*,#17176,.T.);
#17176 = EDGE_CURVE('',#17167,#17177,#17179,.T.);
#17177 = VERTEX_POINT('',#17178);
#17178 = CARTESIAN_POINT('',(184.,206.,1.6640125E+03));
#17179 = LINE('',#17180,#17181);
#17180 = CARTESIAN_POINT('',(184.,14.,1.6640125E+03));
#17181 = VECTOR('',#17182,1.);
#17182 = DIRECTION('',(0.,1.,0.));
#17183 = ORIENTED_EDGE('',*,*,#17184,.T.);
#17184 = EDGE_CURVE('',#17177,#17185,#17187,.T.);
#17185 = VERTEX_POINT('',#17186);
#17186 = CARTESIAN_POINT('',(184.,206.,1.7560125E+03));
#17187 = LINE('',#17188,#17189);
#17188 = CARTESIAN_POINT('',(184.,206.,1.6640125E+03));
#17189 = VECTOR('',#17190,1.);
#17190 = DIRECTION('',(0.,0.,1.));
#17191 = ORIENTED_EDGE('',*,*,#17192,.F.);
#17192 = EDGE_CURVE('',#17169,#17185,#17193,.T.);
#17193 = LINE('',#17194,#17195);
#17194 = CARTESIAN_POINT('',(184.,14.,1.7560125E+03));
#17195 = VECTOR('',#17196,1.);
#17196 = DIRECTION('',(0.,1.,0.));
#17197 = PLANE('',#17198);
#17198 = AXIS2_PLACEMENT_3D('',#17199,#17200,#17201);
#17199 = CARTESIAN_POINT('',(184.,14.,1.6640125E+03));
#17200 = DIRECTION('',(1.,0.,0.));
#17201 = DIRECTION('',(0.,0.,1.));
#17202 = ADVANCED_FACE('',(#17203),#17237,.T.);
#17203 = FACE_BOUND('',#17204,.T.);
#17204 = EDGE_LOOP('',(#17205,#17215,#17223,#17231));
#17205 = ORIENTED_EDGE('',*,*,#17206,.F.);
#17206 = EDGE_CURVE('',#17207,#17209,#17211,.T.);
#17207 = VERTEX_POINT('',#17208);
#17208 = CARTESIAN_POINT('',(186.,14.,1.6640125E+03));
#17209 = VERTEX_POINT('',#17210);
#17210 = CARTESIAN_POINT('',(186.,14.,1.7560125E+03));
#17211 = LINE('',#17212,#17213);
#17212 = CARTESIAN_POINT('',(186.,14.,1.6640125E+03));
#17213 = VECTOR('',#17214,1.);
#17214 = DIRECTION('',(0.,0.,1.));
#17215 = ORIENTED_EDGE('',*,*,#17216,.T.);
#17216 = EDGE_CURVE('',#17207,#17217,#17219,.T.);
#17217 = VERTEX_POINT('',#17218);
#17218 = CARTESIAN_POINT('',(186.,206.,1.6640125E+03));
#17219 = LINE('',#17220,#17221);
#17220 = CARTESIAN_POINT('',(186.,14.,1.6640125E+03));
#17221 = VECTOR('',#17222,1.);
#17222 = DIRECTION('',(0.,1.,0.));
#17223 = ORIENTED_EDGE('',*,*,#17224,.T.);
#17224 = EDGE_CURVE('',#17217,#17225,#17227,.T.);
#17225 = VERTEX_POINT('',#17226);
#17226 = CARTESIAN_POINT('',(186.,206.,1.7560125E+03));
#17227 = LINE('',#17228,#17229);
#17228 = CARTESIAN_POINT('',(186.,206.,1.6640125E+03));
#17229 = VECTOR('',#17230,1.);
#17230 = DIRECTION('',(0.,0.,1.));
#17231 = ORIENTED_EDGE('',*,*,#17232,.F.);
#17232 = EDGE_CURVE('',#17209,#17225,#17233,.T.);
#17233 = LINE('',#17234,#17235);
#17234 = CARTESIAN_POINT('',(186.,14.,1.7560125E+03));
#17235 = VECTOR('',#17236,1.);
#17236 = DIRECTION('',(0.,1.,0.));
#17237 = PLANE('',#17238);
#17238 = AXIS2_PLACEMENT_3D('',#17239,#17240,#17241);
#17239 = CARTESIAN_POINT('',(186.,14.,1.6640125E+03));
#17240 = DIRECTION('',(1.,0.,0.));
#17241 = DIRECTION('',(0.,0.,1.));
#17242 = ADVANCED_FACE('',(#17243),#17259,.F.);
#17243 = FACE_BOUND('',#17244,.F.);
#17244 = EDGE_LOOP('',(#17245,#17251,#17252,#17258));
#17245 = ORIENTED_EDGE('',*,*,#17246,.F.);
#17246 = EDGE_CURVE('',#17167,#17207,#17247,.T.);
#17247 = LINE('',#17248,#17249);
#17248 = CARTESIAN_POINT('',(184.,14.,1.6640125E+03));
#17249 = VECTOR('',#17250,1.);
#17250 = DIRECTION('',(1.,0.,0.));
#17251 = ORIENTED_EDGE('',*,*,#17166,.T.);
#17252 = ORIENTED_EDGE('',*,*,#17253,.T.);
#17253 = EDGE_CURVE('',#17169,#17209,#17254,.T.);
#17254 = LINE('',#17255,#17256);
#17255 = CARTESIAN_POINT('',(184.,14.,1.7560125E+03));
#17256 = VECTOR('',#17257,1.);
#17257 = DIRECTION('',(1.,0.,0.));
#17258 = ORIENTED_EDGE('',*,*,#17206,.F.);
#17259 = PLANE('',#17260);
#17260 = AXIS2_PLACEMENT_3D('',#17261,#17262,#17263);
#17261 = CARTESIAN_POINT('',(184.,14.,1.6640125E+03));
#17262 = DIRECTION('',(0.,1.,0.));
#17263 = DIRECTION('',(0.,0.,1.));
#17264 = ADVANCED_FACE('',(#17265),#17281,.T.);
#17265 = FACE_BOUND('',#17266,.T.);
#17266 = EDGE_LOOP('',(#17267,#17273,#17274,#17280));
#17267 = ORIENTED_EDGE('',*,*,#17268,.F.);
#17268 = EDGE_CURVE('',#17177,#17217,#17269,.T.);
#17269 = LINE('',#17270,#17271);
#17270 = CARTESIAN_POINT('',(184.,206.,1.6640125E+03));
#17271 = VECTOR('',#17272,1.);
#17272 = DIRECTION('',(1.,0.,0.));
#17273 = ORIENTED_EDGE('',*,*,#17184,.T.);
#17274 = ORIENTED_EDGE('',*,*,#17275,.T.);
#17275 = EDGE_CURVE('',#17185,#17225,#17276,.T.);
#17276 = LINE('',#17277,#17278);
#17277 = CARTESIAN_POINT('',(184.,206.,1.7560125E+03));
#17278 = VECTOR('',#17279,1.);
#17279 = DIRECTION('',(1.,0.,0.));
#17280 = ORIENTED_EDGE('',*,*,#17224,.F.);
#17281 = PLANE('',#17282);
#17282 = AXIS2_PLACEMENT_3D('',#17283,#17284,#17285);
#17283 = CARTESIAN_POINT('',(184.,206.,1.6640125E+03));
#17284 = DIRECTION('',(0.,1.,0.));
#17285 = DIRECTION('',(0.,0.,1.));
#17286 = ADVANCED_FACE('',(#17287),#17293,.F.);
#17287 = FACE_BOUND('',#17288,.F.);
#17288 = EDGE_LOOP('',(#17289,#17290,#17291,#17292));
#17289 = ORIENTED_EDGE('',*,*,#17176,.F.);
#17290 = ORIENTED_EDGE('',*,*,#17246,.T.);
#17291 = ORIENTED_EDGE('',*,*,#17216,.T.);
#17292 = ORIENTED_EDGE('',*,*,#17268,.F.);
#17293 = PLANE('',#17294);
#17294 = AXIS2_PLACEMENT_3D('',#17295,#17296,#17297);
#17295 = CARTESIAN_POINT('',(184.,14.,1.6640125E+03));
#17296 = DIRECTION('',(0.,0.,1.));
#17297 = DIRECTION('',(1.,0.,0.));
#17298 = ADVANCED_FACE('',(#17299),#17305,.T.);
#17299 = FACE_BOUND('',#17300,.T.);
#17300 = EDGE_LOOP('',(#17301,#17302,#17303,#17304));
#17301 = ORIENTED_EDGE('',*,*,#17192,.F.);
#17302 = ORIENTED_EDGE('',*,*,#17253,.T.);
#17303 = ORIENTED_EDGE('',*,*,#17232,.T.);
#17304 = ORIENTED_EDGE('',*,*,#17275,.F.);
#17305 = PLANE('',#17306);
#17306 = AXIS2_PLACEMENT_3D('',#17307,#17308,#17309);
#17307 = CARTESIAN_POINT('',(184.,14.,1.7560125E+03));
#17308 = DIRECTION('',(0.,0.,1.));
#17309 = DIRECTION('',(1.,0.,0.));
#17310 = MANIFOLD_SOLID_BREP('',#17311);
#17311 = CLOSED_SHELL('',(#17312,#17352,#17392,#17414,#17436,#17448));
#17312 = ADVANCED_FACE('',(#17313),#17347,.F.);
#17313 = FACE_BOUND('',#17314,.F.);
#17314 = EDGE_LOOP('',(#17315,#17325,#17333,#17341));
#17315 = ORIENTED_EDGE('',*,*,#17316,.F.);
#17316 = EDGE_CURVE('',#17317,#17319,#17321,.T.);
#17317 = VERTEX_POINT('',#17318);
#17318 = CARTESIAN_POINT('',(199.,14.,1.6640125E+03));
#17319 = VERTEX_POINT('',#17320);
#17320 = CARTESIAN_POINT('',(199.,14.,1.7560125E+03));
#17321 = LINE('',#17322,#17323);
#17322 = CARTESIAN_POINT('',(199.,14.,1.6640125E+03));
#17323 = VECTOR('',#17324,1.);
#17324 = DIRECTION('',(0.,0.,1.));
#17325 = ORIENTED_EDGE('',*,*,#17326,.T.);
#17326 = EDGE_CURVE('',#17317,#17327,#17329,.T.);
#17327 = VERTEX_POINT('',#17328);
#17328 = CARTESIAN_POINT('',(199.,206.,1.6640125E+03));
#17329 = LINE('',#17330,#17331);
#17330 = CARTESIAN_POINT('',(199.,14.,1.6640125E+03));
#17331 = VECTOR('',#17332,1.);
#17332 = DIRECTION('',(0.,1.,0.));
#17333 = ORIENTED_EDGE('',*,*,#17334,.T.);
#17334 = EDGE_CURVE('',#17327,#17335,#17337,.T.);
#17335 = VERTEX_POINT('',#17336);
#17336 = CARTESIAN_POINT('',(199.,206.,1.7560125E+03));
#17337 = LINE('',#17338,#17339);
#17338 = CARTESIAN_POINT('',(199.,206.,1.6640125E+03));
#17339 = VECTOR('',#17340,1.);
#17340 = DIRECTION('',(0.,0.,1.));
#17341 = ORIENTED_EDGE('',*,*,#17342,.F.);
#17342 = EDGE_CURVE('',#17319,#17335,#17343,.T.);
#17343 = LINE('',#17344,#17345);
#17344 = CARTESIAN_POINT('',(199.,14.,1.7560125E+03));
#17345 = VECTOR('',#17346,1.);
#17346 = DIRECTION('',(0.,1.,0.));
#17347 = PLANE('',#17348);
#17348 = AXIS2_PLACEMENT_3D('',#17349,#17350,#17351);
#17349 = CARTESIAN_POINT('',(199.,14.,1.6640125E+03));
#17350 = DIRECTION('',(1.,0.,0.));
#17351 = DIRECTION('',(0.,0.,1.));
#17352 = ADVANCED_FACE('',(#17353),#17387,.T.);
#17353 = FACE_BOUND('',#17354,.T.);
#17354 = EDGE_LOOP('',(#17355,#17365,#17373,#17381));
#17355 = ORIENTED_EDGE('',*,*,#17356,.F.);
#17356 = EDGE_CURVE('',#17357,#17359,#17361,.T.);
#17357 = VERTEX_POINT('',#17358);
#17358 = CARTESIAN_POINT('',(201.,14.,1.6640125E+03));
#17359 = VERTEX_POINT('',#17360);
#17360 = CARTESIAN_POINT('',(201.,14.,1.7560125E+03));
#17361 = LINE('',#17362,#17363);
#17362 = CARTESIAN_POINT('',(201.,14.,1.6640125E+03));
#17363 = VECTOR('',#17364,1.);
#17364 = DIRECTION('',(0.,0.,1.));
#17365 = ORIENTED_EDGE('',*,*,#17366,.T.);
#17366 = EDGE_CURVE('',#17357,#17367,#17369,.T.);
#17367 = VERTEX_POINT('',#17368);
#17368 = CARTESIAN_POINT('',(201.,206.,1.6640125E+03));
#17369 = LINE('',#17370,#17371);
#17370 = CARTESIAN_POINT('',(201.,14.,1.6640125E+03));
#17371 = VECTOR('',#17372,1.);
#17372 = DIRECTION('',(0.,1.,0.));
#17373 = ORIENTED_EDGE('',*,*,#17374,.T.);
#17374 = EDGE_CURVE('',#17367,#17375,#17377,.T.);
#17375 = VERTEX_POINT('',#17376);
#17376 = CARTESIAN_POINT('',(201.,206.,1.7560125E+03));
#17377 = LINE('',#17378,#17379);
#17378 = CARTESIAN_POINT('',(201.,206.,1.6640125E+03));
#17379 = VECTOR('',#17380,1.);
#17380 = DIRECTION('',(0.,0.,1.));
#17381 = ORIENTED_EDGE('',*,*,#17382,.F.);
#17382 = EDGE_CURVE('',#17359,#17375,#17383,.T.);
#17383 = LINE('',#17384,#17385);
#17384 = CARTESIAN_POINT('',(201.,14.,1.7560125E+03));
#17385 = VECTOR('',#17386,1.);
#17386 = DIRECTION('',(0.,1.,0.));
#17387 = PLANE('',#17388);
#17388 = AXIS2_PLACEMENT_3D('',#17389,#17390,#17391);
#17389 = CARTESIAN_POINT('',(201.,14.,1.6640125E+03));
#17390 = DIRECTION('',(1.,0.,0.));
#17391 = DIRECTION('',(0.,0.,1.));
#17392 = ADVANCED_FACE('',(#17393),#17409,.F.);
#17393 = FACE_BOUND('',#17394,.F.);
#17394 = EDGE_LOOP('',(#17395,#17401,#17402,#17408));
#17395 = ORIENTED_EDGE('',*,*,#17396,.F.);
#17396 = EDGE_CURVE('',#17317,#17357,#17397,.T.);
#17397 = LINE('',#17398,#17399);
#17398 = CARTESIAN_POINT('',(199.,14.,1.6640125E+03));
#17399 = VECTOR('',#17400,1.);
#17400 = DIRECTION('',(1.,0.,0.));
#17401 = ORIENTED_EDGE('',*,*,#17316,.T.);
#17402 = ORIENTED_EDGE('',*,*,#17403,.T.);
#17403 = EDGE_CURVE('',#17319,#17359,#17404,.T.);
#17404 = LINE('',#17405,#17406);
#17405 = CARTESIAN_POINT('',(199.,14.,1.7560125E+03));
#17406 = VECTOR('',#17407,1.);
#17407 = DIRECTION('',(1.,0.,0.));
#17408 = ORIENTED_EDGE('',*,*,#17356,.F.);
#17409 = PLANE('',#17410);
#17410 = AXIS2_PLACEMENT_3D('',#17411,#17412,#17413);
#17411 = CARTESIAN_POINT('',(199.,14.,1.6640125E+03));
#17412 = DIRECTION('',(0.,1.,0.));
#17413 = DIRECTION('',(0.,0.,1.));
#17414 = ADVANCED_FACE('',(#17415),#17431,.T.);
#17415 = FACE_BOUND('',#17416,.T.);
#17416 = EDGE_LOOP('',(#17417,#17423,#17424,#17430));
#17417 = ORIENTED_EDGE('',*,*,#17418,.F.);
#17418 = EDGE_CURVE('',#17327,#17367,#17419,.T.);
#17419 = LINE('',#17420,#17421);
#17420 = CARTESIAN_POINT('',(199.,206.,1.6640125E+03));
#17421 = VECTOR('',#17422,1.);
#17422 = DIRECTION('',(1.,0.,0.));
#17423 = ORIENTED_EDGE('',*,*,#17334,.T.);
#17424 = ORIENTED_EDGE('',*,*,#17425,.T.);
#17425 = EDGE_CURVE('',#17335,#17375,#17426,.T.);
#17426 = LINE('',#17427,#17428);
#17427 = CARTESIAN_POINT('',(199.,206.,1.7560125E+03));
#17428 = VECTOR('',#17429,1.);
#17429 = DIRECTION('',(1.,0.,0.));
#17430 = ORIENTED_EDGE('',*,*,#17374,.F.);
#17431 = PLANE('',#17432);
#17432 = AXIS2_PLACEMENT_3D('',#17433,#17434,#17435);
#17433 = CARTESIAN_POINT('',(199.,206.,1.6640125E+03));
#17434 = DIRECTION('',(0.,1.,0.));
#17435 = DIRECTION('',(0.,0.,1.));
#17436 = ADVANCED_FACE('',(#17437),#17443,.F.);
#17437 = FACE_BOUND('',#17438,.F.);
#17438 = EDGE_LOOP('',(#17439,#17440,#17441,#17442));
#17439 = ORIENTED_EDGE('',*,*,#17326,.F.);
#17440 = ORIENTED_EDGE('',*,*,#17396,.T.);
#17441 = ORIENTED_EDGE('',*,*,#17366,.T.);
#17442 = ORIENTED_EDGE('',*,*,#17418,.F.);
#17443 = PLANE('',#17444);
#17444 = AXIS2_PLACEMENT_3D('',#17445,#17446,#17447);
#17445 = CARTESIAN_POINT('',(199.,14.,1.6640125E+03));
#17446 = DIRECTION('',(0.,0.,1.));
#17447 = DIRECTION('',(1.,0.,0.));
#17448 = ADVANCED_FACE('',(#17449),#17455,.T.);
#17449 = FACE_BOUND('',#17450,.T.);
#17450 = EDGE_LOOP('',(#17451,#17452,#17453,#17454));
#17451 = ORIENTED_EDGE('',*,*,#17342,.F.);
#17452 = ORIENTED_EDGE('',*,*,#17403,.T.);
#17453 = ORIENTED_EDGE('',*,*,#17382,.T.);
#17454 = ORIENTED_EDGE('',*,*,#17425,.F.);
#17455 = PLANE('',#17456);
#17456 = AXIS2_PLACEMENT_3D('',#17457,#17458,#17459);
#17457 = CARTESIAN_POINT('',(199.,14.,1.7560125E+03));
#17458 = DIRECTION('',(0.,0.,1.));
#17459 = DIRECTION('',(1.,0.,0.));
#17460 = MANIFOLD_SOLID_BREP('',#17461);
#17461 = CLOSED_SHELL('',(#17462,#17502,#17542,#17564,#17586,#17598));
#17462 = ADVANCED_FACE('',(#17463),#17497,.F.);
#17463 = FACE_BOUND('',#17464,.F.);
#17464 = EDGE_LOOP('',(#17465,#17475,#17483,#17491));
#17465 = ORIENTED_EDGE('',*,*,#17466,.F.);
#17466 = EDGE_CURVE('',#17467,#17469,#17471,.T.);
#17467 = VERTEX_POINT('',#17468);
#17468 = CARTESIAN_POINT('',(214.,14.,1.6640125E+03));
#17469 = VERTEX_POINT('',#17470);
#17470 = CARTESIAN_POINT('',(214.,14.,1.7560125E+03));
#17471 = LINE('',#17472,#17473);
#17472 = CARTESIAN_POINT('',(214.,14.,1.6640125E+03));
#17473 = VECTOR('',#17474,1.);
#17474 = DIRECTION('',(0.,0.,1.));
#17475 = ORIENTED_EDGE('',*,*,#17476,.T.);
#17476 = EDGE_CURVE('',#17467,#17477,#17479,.T.);
#17477 = VERTEX_POINT('',#17478);
#17478 = CARTESIAN_POINT('',(214.,206.,1.6640125E+03));
#17479 = LINE('',#17480,#17481);
#17480 = CARTESIAN_POINT('',(214.,14.,1.6640125E+03));
#17481 = VECTOR('',#17482,1.);
#17482 = DIRECTION('',(0.,1.,0.));
#17483 = ORIENTED_EDGE('',*,*,#17484,.T.);
#17484 = EDGE_CURVE('',#17477,#17485,#17487,.T.);
#17485 = VERTEX_POINT('',#17486);
#17486 = CARTESIAN_POINT('',(214.,206.,1.7560125E+03));
#17487 = LINE('',#17488,#17489);
#17488 = CARTESIAN_POINT('',(214.,206.,1.6640125E+03));
#17489 = VECTOR('',#17490,1.);
#17490 = DIRECTION('',(0.,0.,1.));
#17491 = ORIENTED_EDGE('',*,*,#17492,.F.);
#17492 = EDGE_CURVE('',#17469,#17485,#17493,.T.);
#17493 = LINE('',#17494,#17495);
#17494 = CARTESIAN_POINT('',(214.,14.,1.7560125E+03));
#17495 = VECTOR('',#17496,1.);
#17496 = DIRECTION('',(0.,1.,0.));
#17497 = PLANE('',#17498);
#17498 = AXIS2_PLACEMENT_3D('',#17499,#17500,#17501);
#17499 = CARTESIAN_POINT('',(214.,14.,1.6640125E+03));
#17500 = DIRECTION('',(1.,0.,0.));
#17501 = DIRECTION('',(0.,0.,1.));
#17502 = ADVANCED_FACE('',(#17503),#17537,.T.);
#17503 = FACE_BOUND('',#17504,.T.);
#17504 = EDGE_LOOP('',(#17505,#17515,#17523,#17531));
#17505 = ORIENTED_EDGE('',*,*,#17506,.F.);
#17506 = EDGE_CURVE('',#17507,#17509,#17511,.T.);
#17507 = VERTEX_POINT('',#17508);
#17508 = CARTESIAN_POINT('',(216.,14.,1.6640125E+03));
#17509 = VERTEX_POINT('',#17510);
#17510 = CARTESIAN_POINT('',(216.,14.,1.7560125E+03));
#17511 = LINE('',#17512,#17513);
#17512 = CARTESIAN_POINT('',(216.,14.,1.6640125E+03));
#17513 = VECTOR('',#17514,1.);
#17514 = DIRECTION('',(0.,0.,1.));
#17515 = ORIENTED_EDGE('',*,*,#17516,.T.);
#17516 = EDGE_CURVE('',#17507,#17517,#17519,.T.);
#17517 = VERTEX_POINT('',#17518);
#17518 = CARTESIAN_POINT('',(216.,206.,1.6640125E+03));
#17519 = LINE('',#17520,#17521);
#17520 = CARTESIAN_POINT('',(216.,14.,1.6640125E+03));
#17521 = VECTOR('',#17522,1.);
#17522 = DIRECTION('',(0.,1.,0.));
#17523 = ORIENTED_EDGE('',*,*,#17524,.T.);
#17524 = EDGE_CURVE('',#17517,#17525,#17527,.T.);
#17525 = VERTEX_POINT('',#17526);
#17526 = CARTESIAN_POINT('',(216.,206.,1.7560125E+03));
#17527 = LINE('',#17528,#17529);
#17528 = CARTESIAN_POINT('',(216.,206.,1.6640125E+03));
#17529 = VECTOR('',#17530,1.);
#17530 = DIRECTION('',(0.,0.,1.));
#17531 = ORIENTED_EDGE('',*,*,#17532,.F.);
#17532 = EDGE_CURVE('',#17509,#17525,#17533,.T.);
#17533 = LINE('',#17534,#17535);
#17534 = CARTESIAN_POINT('',(216.,14.,1.7560125E+03));
#17535 = VECTOR('',#17536,1.);
#17536 = DIRECTION('',(0.,1.,0.));
#17537 = PLANE('',#17538);
#17538 = AXIS2_PLACEMENT_3D('',#17539,#17540,#17541);
#17539 = CARTESIAN_POINT('',(216.,14.,1.6640125E+03));
#17540 = DIRECTION('',(1.,0.,0.));
#17541 = DIRECTION('',(0.,0.,1.));
#17542 = ADVANCED_FACE('',(#17543),#17559,.F.);
#17543 = FACE_BOUND('',#17544,.F.);
#17544 = EDGE_LOOP('',(#17545,#17551,#17552,#17558));
#17545 = ORIENTED_EDGE('',*,*,#17546,.F.);
#17546 = EDGE_CURVE('',#17467,#17507,#17547,.T.);
#17547 = LINE('',#17548,#17549);
#17548 = CARTESIAN_POINT('',(214.,14.,1.6640125E+03));
#17549 = VECTOR('',#17550,1.);
#17550 = DIRECTION('',(1.,0.,0.));
#17551 = ORIENTED_EDGE('',*,*,#17466,.T.);
#17552 = ORIENTED_EDGE('',*,*,#17553,.T.);
#17553 = EDGE_CURVE('',#17469,#17509,#17554,.T.);
#17554 = LINE('',#17555,#17556);
#17555 = CARTESIAN_POINT('',(214.,14.,1.7560125E+03));
#17556 = VECTOR('',#17557,1.);
#17557 = DIRECTION('',(1.,0.,0.));
#17558 = ORIENTED_EDGE('',*,*,#17506,.F.);
#17559 = PLANE('',#17560);
#17560 = AXIS2_PLACEMENT_3D('',#17561,#17562,#17563);
#17561 = CARTESIAN_POINT('',(214.,14.,1.6640125E+03));
#17562 = DIRECTION('',(0.,1.,0.));
#17563 = DIRECTION('',(0.,0.,1.));
#17564 = ADVANCED_FACE('',(#17565),#17581,.T.);
#17565 = FACE_BOUND('',#17566,.T.);
#17566 = EDGE_LOOP('',(#17567,#17573,#17574,#17580));
#17567 = ORIENTED_EDGE('',*,*,#17568,.F.);
#17568 = EDGE_CURVE('',#17477,#17517,#17569,.T.);
#17569 = LINE('',#17570,#17571);
#17570 = CARTESIAN_POINT('',(214.,206.,1.6640125E+03));
#17571 = VECTOR('',#17572,1.);
#17572 = DIRECTION('',(1.,0.,0.));
#17573 = ORIENTED_EDGE('',*,*,#17484,.T.);
#17574 = ORIENTED_EDGE('',*,*,#17575,.T.);
#17575 = EDGE_CURVE('',#17485,#17525,#17576,.T.);
#17576 = LINE('',#17577,#17578);
#17577 = CARTESIAN_POINT('',(214.,206.,1.7560125E+03));
#17578 = VECTOR('',#17579,1.);
#17579 = DIRECTION('',(1.,0.,0.));
#17580 = ORIENTED_EDGE('',*,*,#17524,.F.);
#17581 = PLANE('',#17582);
#17582 = AXIS2_PLACEMENT_3D('',#17583,#17584,#17585);
#17583 = CARTESIAN_POINT('',(214.,206.,1.6640125E+03));
#17584 = DIRECTION('',(0.,1.,0.));
#17585 = DIRECTION('',(0.,0.,1.));
#17586 = ADVANCED_FACE('',(#17587),#17593,.F.);
#17587 = FACE_BOUND('',#17588,.F.);
#17588 = EDGE_LOOP('',(#17589,#17590,#17591,#17592));
#17589 = ORIENTED_EDGE('',*,*,#17476,.F.);
#17590 = ORIENTED_EDGE('',*,*,#17546,.T.);
#17591 = ORIENTED_EDGE('',*,*,#17516,.T.);
#17592 = ORIENTED_EDGE('',*,*,#17568,.F.);
#17593 = PLANE('',#17594);
#17594 = AXIS2_PLACEMENT_3D('',#17595,#17596,#17597);
#17595 = CARTESIAN_POINT('',(214.,14.,1.6640125E+03));
#17596 = DIRECTION('',(0.,0.,1.));
#17597 = DIRECTION('',(1.,0.,0.));
#17598 = ADVANCED_FACE('',(#17599),#17605,.T.);
#17599 = FACE_BOUND('',#17600,.T.);
#17600 = EDGE_LOOP('',(#17601,#17602,#17603,#17604));
#17601 = ORIENTED_EDGE('',*,*,#17492,.F.);
#17602 = ORIENTED_EDGE('',*,*,#17553,.T.);
#17603 = ORIENTED_EDGE('',*,*,#17532,.T.);
#17604 = ORIENTED_EDGE('',*,*,#17575,.F.);
#17605 = PLANE('',#17606);
#17606 = AXIS2_PLACEMENT_3D('',#17607,#17608,#17609);
#17607 = CARTESIAN_POINT('',(214.,14.,1.7560125E+03));
#17608 = DIRECTION('',(0.,0.,1.));
#17609 = DIRECTION('',(1.,0.,0.));
#17610 = MANIFOLD_SOLID_BREP('',#17611);
#17611 = CLOSED_SHELL('',(#17612,#17652,#17692,#17714,#17736,#17748));
#17612 = ADVANCED_FACE('',(#17613),#17647,.F.);
#17613 = FACE_BOUND('',#17614,.F.);
#17614 = EDGE_LOOP('',(#17615,#17625,#17633,#17641));
#17615 = ORIENTED_EDGE('',*,*,#17616,.F.);
#17616 = EDGE_CURVE('',#17617,#17619,#17621,.T.);
#17617 = VERTEX_POINT('',#17618);
#17618 = CARTESIAN_POINT('',(229.,14.,1.6640125E+03));
#17619 = VERTEX_POINT('',#17620);
#17620 = CARTESIAN_POINT('',(229.,14.,1.7560125E+03));
#17621 = LINE('',#17622,#17623);
#17622 = CARTESIAN_POINT('',(229.,14.,1.6640125E+03));
#17623 = VECTOR('',#17624,1.);
#17624 = DIRECTION('',(0.,0.,1.));
#17625 = ORIENTED_EDGE('',*,*,#17626,.T.);
#17626 = EDGE_CURVE('',#17617,#17627,#17629,.T.);
#17627 = VERTEX_POINT('',#17628);
#17628 = CARTESIAN_POINT('',(229.,206.,1.6640125E+03));
#17629 = LINE('',#17630,#17631);
#17630 = CARTESIAN_POINT('',(229.,14.,1.6640125E+03));
#17631 = VECTOR('',#17632,1.);
#17632 = DIRECTION('',(0.,1.,0.));
#17633 = ORIENTED_EDGE('',*,*,#17634,.T.);
#17634 = EDGE_CURVE('',#17627,#17635,#17637,.T.);
#17635 = VERTEX_POINT('',#17636);
#17636 = CARTESIAN_POINT('',(229.,206.,1.7560125E+03));
#17637 = LINE('',#17638,#17639);
#17638 = CARTESIAN_POINT('',(229.,206.,1.6640125E+03));
#17639 = VECTOR('',#17640,1.);
#17640 = DIRECTION('',(0.,0.,1.));
#17641 = ORIENTED_EDGE('',*,*,#17642,.F.);
#17642 = EDGE_CURVE('',#17619,#17635,#17643,.T.);
#17643 = LINE('',#17644,#17645);
#17644 = CARTESIAN_POINT('',(229.,14.,1.7560125E+03));
#17645 = VECTOR('',#17646,1.);
#17646 = DIRECTION('',(0.,1.,0.));
#17647 = PLANE('',#17648);
#17648 = AXIS2_PLACEMENT_3D('',#17649,#17650,#17651);
#17649 = CARTESIAN_POINT('',(229.,14.,1.6640125E+03));
#17650 = DIRECTION('',(1.,0.,0.));
#17651 = DIRECTION('',(0.,0.,1.));
#17652 = ADVANCED_FACE('',(#17653),#17687,.T.);
#17653 = FACE_BOUND('',#17654,.T.);
#17654 = EDGE_LOOP('',(#17655,#17665,#17673,#17681));
#17655 = ORIENTED_EDGE('',*,*,#17656,.F.);
#17656 = EDGE_CURVE('',#17657,#17659,#17661,.T.);
#17657 = VERTEX_POINT('',#17658);
#17658 = CARTESIAN_POINT('',(231.,14.,1.6640125E+03));
#17659 = VERTEX_POINT('',#17660);
#17660 = CARTESIAN_POINT('',(231.,14.,1.7560125E+03));
#17661 = LINE('',#17662,#17663);
#17662 = CARTESIAN_POINT('',(231.,14.,1.6640125E+03));
#17663 = VECTOR('',#17664,1.);
#17664 = DIRECTION('',(0.,0.,1.));
#17665 = ORIENTED_EDGE('',*,*,#17666,.T.);
#17666 = EDGE_CURVE('',#17657,#17667,#17669,.T.);
#17667 = VERTEX_POINT('',#17668);
#17668 = CARTESIAN_POINT('',(231.,206.,1.6640125E+03));
#17669 = LINE('',#17670,#17671);
#17670 = CARTESIAN_POINT('',(231.,14.,1.6640125E+03));
#17671 = VECTOR('',#17672,1.);
#17672 = DIRECTION('',(0.,1.,0.));
#17673 = ORIENTED_EDGE('',*,*,#17674,.T.);
#17674 = EDGE_CURVE('',#17667,#17675,#17677,.T.);
#17675 = VERTEX_POINT('',#17676);
#17676 = CARTESIAN_POINT('',(231.,206.,1.7560125E+03));
#17677 = LINE('',#17678,#17679);
#17678 = CARTESIAN_POINT('',(231.,206.,1.6640125E+03));
#17679 = VECTOR('',#17680,1.);
#17680 = DIRECTION('',(0.,0.,1.));
#17681 = ORIENTED_EDGE('',*,*,#17682,.F.);
#17682 = EDGE_CURVE('',#17659,#17675,#17683,.T.);
#17683 = LINE('',#17684,#17685);
#17684 = CARTESIAN_POINT('',(231.,14.,1.7560125E+03));
#17685 = VECTOR('',#17686,1.);
#17686 = DIRECTION('',(0.,1.,0.));
#17687 = PLANE('',#17688);
#17688 = AXIS2_PLACEMENT_3D('',#17689,#17690,#17691);
#17689 = CARTESIAN_POINT('',(231.,14.,1.6640125E+03));
#17690 = DIRECTION('',(1.,0.,0.));
#17691 = DIRECTION('',(0.,0.,1.));
#17692 = ADVANCED_FACE('',(#17693),#17709,.F.);
#17693 = FACE_BOUND('',#17694,.F.);
#17694 = EDGE_LOOP('',(#17695,#17701,#17702,#17708));
#17695 = ORIENTED_EDGE('',*,*,#17696,.F.);
#17696 = EDGE_CURVE('',#17617,#17657,#17697,.T.);
#17697 = LINE('',#17698,#17699);
#17698 = CARTESIAN_POINT('',(229.,14.,1.6640125E+03));
#17699 = VECTOR('',#17700,1.);
#17700 = DIRECTION('',(1.,0.,0.));
#17701 = ORIENTED_EDGE('',*,*,#17616,.T.);
#17702 = ORIENTED_EDGE('',*,*,#17703,.T.);
#17703 = EDGE_CURVE('',#17619,#17659,#17704,.T.);
#17704 = LINE('',#17705,#17706);
#17705 = CARTESIAN_POINT('',(229.,14.,1.7560125E+03));
#17706 = VECTOR('',#17707,1.);
#17707 = DIRECTION('',(1.,0.,0.));
#17708 = ORIENTED_EDGE('',*,*,#17656,.F.);
#17709 = PLANE('',#17710);
#17710 = AXIS2_PLACEMENT_3D('',#17711,#17712,#17713);
#17711 = CARTESIAN_POINT('',(229.,14.,1.6640125E+03));
#17712 = DIRECTION('',(0.,1.,0.));
#17713 = DIRECTION('',(0.,0.,1.));
#17714 = ADVANCED_FACE('',(#17715),#17731,.T.);
#17715 = FACE_BOUND('',#17716,.T.);
#17716 = EDGE_LOOP('',(#17717,#17723,#17724,#17730));
#17717 = ORIENTED_EDGE('',*,*,#17718,.F.);
#17718 = EDGE_CURVE('',#17627,#17667,#17719,.T.);
#17719 = LINE('',#17720,#17721);
#17720 = CARTESIAN_POINT('',(229.,206.,1.6640125E+03));
#17721 = VECTOR('',#17722,1.);
#17722 = DIRECTION('',(1.,0.,0.));
#17723 = ORIENTED_EDGE('',*,*,#17634,.T.);
#17724 = ORIENTED_EDGE('',*,*,#17725,.T.);
#17725 = EDGE_CURVE('',#17635,#17675,#17726,.T.);
#17726 = LINE('',#17727,#17728);
#17727 = CARTESIAN_POINT('',(229.,206.,1.7560125E+03));
#17728 = VECTOR('',#17729,1.);
#17729 = DIRECTION('',(1.,0.,0.));
#17730 = ORIENTED_EDGE('',*,*,#17674,.F.);
#17731 = PLANE('',#17732);
#17732 = AXIS2_PLACEMENT_3D('',#17733,#17734,#17735);
#17733 = CARTESIAN_POINT('',(229.,206.,1.6640125E+03));
#17734 = DIRECTION('',(0.,1.,0.));
#17735 = DIRECTION('',(0.,0.,1.));
#17736 = ADVANCED_FACE('',(#17737),#17743,.F.);
#17737 = FACE_BOUND('',#17738,.F.);
#17738 = EDGE_LOOP('',(#17739,#17740,#17741,#17742));
#17739 = ORIENTED_EDGE('',*,*,#17626,.F.);
#17740 = ORIENTED_EDGE('',*,*,#17696,.T.);
#17741 = ORIENTED_EDGE('',*,*,#17666,.T.);
#17742 = ORIENTED_EDGE('',*,*,#17718,.F.);
#17743 = PLANE('',#17744);
#17744 = AXIS2_PLACEMENT_3D('',#17745,#17746,#17747);
#17745 = CARTESIAN_POINT('',(229.,14.,1.6640125E+03));
#17746 = DIRECTION('',(0.,0.,1.));
#17747 = DIRECTION('',(1.,0.,0.));
#17748 = ADVANCED_FACE('',(#17749),#17755,.T.);
#17749 = FACE_BOUND('',#17750,.T.);
#17750 = EDGE_LOOP('',(#17751,#17752,#17753,#17754));
#17751 = ORIENTED_EDGE('',*,*,#17642,.F.);
#17752 = ORIENTED_EDGE('',*,*,#17703,.T.);
#17753 = ORIENTED_EDGE('',*,*,#17682,.T.);
#17754 = ORIENTED_EDGE('',*,*,#17725,.F.);
#17755 = PLANE('',#17756);
#17756 = AXIS2_PLACEMENT_3D('',#17757,#17758,#17759);
#17757 = CARTESIAN_POINT('',(229.,14.,1.7560125E+03));
#17758 = DIRECTION('',(0.,0.,1.));
#17759 = DIRECTION('',(1.,0.,0.));
#17760 = MANIFOLD_SOLID_BREP('',#17761);
#17761 = CLOSED_SHELL('',(#17762,#17795,#17804));
#17762 = ADVANCED_FACE('',(#17763),#17790,.T.);
#17763 = FACE_BOUND('',#17764,.T.);
#17764 = EDGE_LOOP('',(#17765,#17774,#17782,#17789));
#17765 = ORIENTED_EDGE('',*,*,#17766,.F.);
#17766 = EDGE_CURVE('',#17767,#17767,#17769,.T.);
#17767 = VERTEX_POINT('',#17768);
#17768 = CARTESIAN_POINT('',(-282.9,-253.15,64.));
#17769 = CIRCLE('',#17770,32.);
#17770 = AXIS2_PLACEMENT_3D('',#17771,#17772,#17773);
#17771 = CARTESIAN_POINT('',(-282.9,-253.15,32.));
#17772 = DIRECTION('',(1.,0.,-0.));
#17773 = DIRECTION('',(0.,0.,1.));
#17774 = ORIENTED_EDGE('',*,*,#17775,.F.);
#17775 = EDGE_CURVE('',#17776,#17767,#17778,.T.);
#17776 = VERTEX_POINT('',#17777);
#17777 = CARTESIAN_POINT('',(-306.9,-253.15,64.));
#17778 = LINE('',#17779,#17780);
#17779 = CARTESIAN_POINT('',(-306.9,-253.15,64.));
#17780 = VECTOR('',#17781,1.);
#17781 = DIRECTION('',(1.,0.,0.));
#17782 = ORIENTED_EDGE('',*,*,#17783,.T.);
#17783 = EDGE_CURVE('',#17776,#17776,#17784,.T.);
#17784 = CIRCLE('',#17785,32.);
#17785 = AXIS2_PLACEMENT_3D('',#17786,#17787,#17788);
#17786 = CARTESIAN_POINT('',(-306.9,-253.15,32.));
#17787 = DIRECTION('',(1.,0.,-0.));
#17788 = DIRECTION('',(0.,0.,1.));
#17789 = ORIENTED_EDGE('',*,*,#17775,.T.);
#17790 = CYLINDRICAL_SURFACE('',#17791,32.);
#17791 = AXIS2_PLACEMENT_3D('',#17792,#17793,#17794);
#17792 = CARTESIAN_POINT('',(-306.9,-253.15,32.));
#17793 = DIRECTION('',(1.,0.,0.));
#17794 = DIRECTION('',(0.,0.,1.));
#17795 = ADVANCED_FACE('',(#17796),#17799,.T.);
#17796 = FACE_BOUND('',#17797,.T.);
#17797 = EDGE_LOOP('',(#17798));
#17798 = ORIENTED_EDGE('',*,*,#17766,.T.);
#17799 = PLANE('',#17800);
#17800 = AXIS2_PLACEMENT_3D('',#17801,#17802,#17803);
#17801 = CARTESIAN_POINT('',(-282.9,-253.15,32.));
#17802 = DIRECTION('',(1.,0.,0.));
#17803 = DIRECTION('',(0.,0.,1.));
#17804 = ADVANCED_FACE('',(#17805),#17808,.F.);
#17805 = FACE_BOUND('',#17806,.T.);
#17806 = EDGE_LOOP('',(#17807));
#17807 = ORIENTED_EDGE('',*,*,#17783,.F.);
#17808 = PLANE('',#17809);
#17809 = AXIS2_PLACEMENT_3D('',#17810,#17811,#17812);
#17810 = CARTESIAN_POINT('',(-306.9,-253.15,32.));
#17811 = DIRECTION('',(1.,0.,0.));
#17812 = DIRECTION('',(0.,0.,1.));
#17813 = MANIFOLD_SOLID_BREP('',#17814);
#17814 = CLOSED_SHELL('',(#17815,#17848,#17857));
#17815 = ADVANCED_FACE('',(#17816),#17843,.T.);
#17816 = FACE_BOUND('',#17817,.T.);
#17817 = EDGE_LOOP('',(#17818,#17827,#17835,#17842));
#17818 = ORIENTED_EDGE('',*,*,#17819,.F.);
#17819 = EDGE_CURVE('',#17820,#17820,#17822,.T.);
#17820 = VERTEX_POINT('',#17821);
#17821 = CARTESIAN_POINT('',(-275.9,-253.15,39.));
#17822 = CIRCLE('',#17823,7.);
#17823 = AXIS2_PLACEMENT_3D('',#17824,#17825,#17826);
#17824 = CARTESIAN_POINT('',(-275.9,-253.15,32.));
#17825 = DIRECTION('',(1.,0.,-0.));
#17826 = DIRECTION('',(0.,0.,1.));
#17827 = ORIENTED_EDGE('',*,*,#17828,.F.);
#17828 = EDGE_CURVE('',#17829,#17820,#17831,.T.);
#17829 = VERTEX_POINT('',#17830);
#17830 = CARTESIAN_POINT('',(-313.9,-253.15,39.));
#17831 = LINE('',#17832,#17833);
#17832 = CARTESIAN_POINT('',(-313.9,-253.15,39.));
#17833 = VECTOR('',#17834,1.);
#17834 = DIRECTION('',(1.,0.,0.));
#17835 = ORIENTED_EDGE('',*,*,#17836,.T.);
#17836 = EDGE_CURVE('',#17829,#17829,#17837,.T.);
#17837 = CIRCLE('',#17838,7.);
#17838 = AXIS2_PLACEMENT_3D('',#17839,#17840,#17841);
#17839 = CARTESIAN_POINT('',(-313.9,-253.15,32.));
#17840 = DIRECTION('',(1.,0.,-0.));
#17841 = DIRECTION('',(0.,0.,1.));
#17842 = ORIENTED_EDGE('',*,*,#17828,.T.);
#17843 = CYLINDRICAL_SURFACE('',#17844,7.);
#17844 = AXIS2_PLACEMENT_3D('',#17845,#17846,#17847);
#17845 = CARTESIAN_POINT('',(-313.9,-253.15,32.));
#17846 = DIRECTION('',(1.,0.,0.));
#17847 = DIRECTION('',(0.,0.,1.));
#17848 = ADVANCED_FACE('',(#17849),#17852,.T.);
#17849 = FACE_BOUND('',#17850,.T.);
#17850 = EDGE_LOOP('',(#17851));
#17851 = ORIENTED_EDGE('',*,*,#17819,.T.);
#17852 = PLANE('',#17853);
#17853 = AXIS2_PLACEMENT_3D('',#17854,#17855,#17856);
#17854 = CARTESIAN_POINT('',(-275.9,-253.15,32.));
#17855 = DIRECTION('',(1.,0.,0.));
#17856 = DIRECTION('',(0.,0.,1.));
#17857 = ADVANCED_FACE('',(#17858),#17861,.F.);
#17858 = FACE_BOUND('',#17859,.T.);
#17859 = EDGE_LOOP('',(#17860));
#17860 = ORIENTED_EDGE('',*,*,#17836,.F.);
#17861 = PLANE('',#17862);
#17862 = AXIS2_PLACEMENT_3D('',#17863,#17864,#17865);
#17863 = CARTESIAN_POINT('',(-313.9,-253.15,32.));
#17864 = DIRECTION('',(1.,0.,0.));
#17865 = DIRECTION('',(0.,0.,1.));
#17866 = MANIFOLD_SOLID_BREP('',#17867);
#17867 = CLOSED_SHELL('',(#17868,#17901,#17910));
#17868 = ADVANCED_FACE('',(#17869),#17896,.T.);
#17869 = FACE_BOUND('',#17870,.T.);
#17870 = EDGE_LOOP('',(#17871,#17880,#17888,#17895));
#17871 = ORIENTED_EDGE('',*,*,#17872,.F.);
#17872 = EDGE_CURVE('',#17873,#17873,#17875,.T.);
#17873 = VERTEX_POINT('',#17874);
#17874 = CARTESIAN_POINT('',(-285.9,-253.15,87.3125));
#17875 = CIRCLE('',#17876,9.);
#17876 = AXIS2_PLACEMENT_3D('',#17877,#17878,#17879);
#17877 = CARTESIAN_POINT('',(-294.9,-253.15,87.3125));
#17878 = DIRECTION('',(0.,0.,1.));
#17879 = DIRECTION('',(1.,0.,0.));
#17880 = ORIENTED_EDGE('',*,*,#17881,.F.);
#17881 = EDGE_CURVE('',#17882,#17873,#17884,.T.);
#17882 = VERTEX_POINT('',#17883);
#17883 = CARTESIAN_POINT('',(-285.9,-253.15,68.));
#17884 = LINE('',#17885,#17886);
#17885 = CARTESIAN_POINT('',(-285.9,-253.15,68.));
#17886 = VECTOR('',#17887,1.);
#17887 = DIRECTION('',(0.,0.,1.));
#17888 = ORIENTED_EDGE('',*,*,#17889,.T.);
#17889 = EDGE_CURVE('',#17882,#17882,#17890,.T.);
#17890 = CIRCLE('',#17891,9.);
#17891 = AXIS2_PLACEMENT_3D('',#17892,#17893,#17894);
#17892 = CARTESIAN_POINT('',(-294.9,-253.15,68.));
#17893 = DIRECTION('',(0.,0.,1.));
#17894 = DIRECTION('',(1.,0.,0.));
#17895 = ORIENTED_EDGE('',*,*,#17881,.T.);
#17896 = CYLINDRICAL_SURFACE('',#17897,9.);
#17897 = AXIS2_PLACEMENT_3D('',#17898,#17899,#17900);
#17898 = CARTESIAN_POINT('',(-294.9,-253.15,68.));
#17899 = DIRECTION('',(0.,0.,1.));
#17900 = DIRECTION('',(1.,0.,0.));
#17901 = ADVANCED_FACE('',(#17902),#17905,.T.);
#17902 = FACE_BOUND('',#17903,.T.);
#17903 = EDGE_LOOP('',(#17904));
#17904 = ORIENTED_EDGE('',*,*,#17872,.T.);
#17905 = PLANE('',#17906);
#17906 = AXIS2_PLACEMENT_3D('',#17907,#17908,#17909);
#17907 = CARTESIAN_POINT('',(-294.9,-253.15,87.3125));
#17908 = DIRECTION('',(0.,0.,1.));
#17909 = DIRECTION('',(1.,0.,0.));
#17910 = ADVANCED_FACE('',(#17911),#17914,.F.);
#17911 = FACE_BOUND('',#17912,.T.);
#17912 = EDGE_LOOP('',(#17913));
#17913 = ORIENTED_EDGE('',*,*,#17889,.F.);
#17914 = PLANE('',#17915);
#17915 = AXIS2_PLACEMENT_3D('',#17916,#17917,#17918);
#17916 = CARTESIAN_POINT('',(-294.9,-253.15,68.));
#17917 = DIRECTION('',(0.,0.,1.));
#17918 = DIRECTION('',(1.,0.,0.));
#17919 = MANIFOLD_SOLID_BREP('',#17920);
#17920 = CLOSED_SHELL('',(#17921,#17961,#18001,#18023,#18045,#18057));
#17921 = ADVANCED_FACE('',(#17922),#17956,.F.);
#17922 = FACE_BOUND('',#17923,.F.);
#17923 = EDGE_LOOP('',(#17924,#17934,#17942,#17950));
#17924 = ORIENTED_EDGE('',*,*,#17925,.F.);
#17925 = EDGE_CURVE('',#17926,#17928,#17930,.T.);
#17926 = VERTEX_POINT('',#17927);
#17927 = CARTESIAN_POINT('',(-317.4,-274.15,81.3125));
#17928 = VERTEX_POINT('',#17929);
#17929 = CARTESIAN_POINT('',(-317.4,-274.15,87.3125));
#17930 = LINE('',#17931,#17932);
#17931 = CARTESIAN_POINT('',(-317.4,-274.15,81.3125));
#17932 = VECTOR('',#17933,1.);
#17933 = DIRECTION('',(0.,0.,1.));
#17934 = ORIENTED_EDGE('',*,*,#17935,.T.);
#17935 = EDGE_CURVE('',#17926,#17936,#17938,.T.);
#17936 = VERTEX_POINT('',#17937);
#17937 = CARTESIAN_POINT('',(-317.4,-232.15,81.3125));
#17938 = LINE('',#17939,#17940);
#17939 = CARTESIAN_POINT('',(-317.4,-274.15,81.3125));
#17940 = VECTOR('',#17941,1.);
#17941 = DIRECTION('',(0.,1.,0.));
#17942 = ORIENTED_EDGE('',*,*,#17943,.T.);
#17943 = EDGE_CURVE('',#17936,#17944,#17946,.T.);
#17944 = VERTEX_POINT('',#17945);
#17945 = CARTESIAN_POINT('',(-317.4,-232.15,87.3125));
#17946 = LINE('',#17947,#17948);
#17947 = CARTESIAN_POINT('',(-317.4,-232.15,81.3125));
#17948 = VECTOR('',#17949,1.);
#17949 = DIRECTION('',(0.,0.,1.));
#17950 = ORIENTED_EDGE('',*,*,#17951,.F.);
#17951 = EDGE_CURVE('',#17928,#17944,#17952,.T.);
#17952 = LINE('',#17953,#17954);
#17953 = CARTESIAN_POINT('',(-317.4,-274.15,87.3125));
#17954 = VECTOR('',#17955,1.);
#17955 = DIRECTION('',(0.,1.,0.));
#17956 = PLANE('',#17957);
#17957 = AXIS2_PLACEMENT_3D('',#17958,#17959,#17960);
#17958 = CARTESIAN_POINT('',(-317.4,-274.15,81.3125));
#17959 = DIRECTION('',(1.,0.,0.));
#17960 = DIRECTION('',(0.,0.,1.));
#17961 = ADVANCED_FACE('',(#17962),#17996,.T.);
#17962 = FACE_BOUND('',#17963,.T.);
#17963 = EDGE_LOOP('',(#17964,#17974,#17982,#17990));
#17964 = ORIENTED_EDGE('',*,*,#17965,.F.);
#17965 = EDGE_CURVE('',#17966,#17968,#17970,.T.);
#17966 = VERTEX_POINT('',#17967);
#17967 = CARTESIAN_POINT('',(-272.4,-274.15,81.3125));
#17968 = VERTEX_POINT('',#17969);
#17969 = CARTESIAN_POINT('',(-272.4,-274.15,87.3125));
#17970 = LINE('',#17971,#17972);
#17971 = CARTESIAN_POINT('',(-272.4,-274.15,81.3125));
#17972 = VECTOR('',#17973,1.);
#17973 = DIRECTION('',(0.,0.,1.));
#17974 = ORIENTED_EDGE('',*,*,#17975,.T.);
#17975 = EDGE_CURVE('',#17966,#17976,#17978,.T.);
#17976 = VERTEX_POINT('',#17977);
#17977 = CARTESIAN_POINT('',(-272.4,-232.15,81.3125));
#17978 = LINE('',#17979,#17980);
#17979 = CARTESIAN_POINT('',(-272.4,-274.15,81.3125));
#17980 = VECTOR('',#17981,1.);
#17981 = DIRECTION('',(0.,1.,0.));
#17982 = ORIENTED_EDGE('',*,*,#17983,.T.);
#17983 = EDGE_CURVE('',#17976,#17984,#17986,.T.);
#17984 = VERTEX_POINT('',#17985);
#17985 = CARTESIAN_POINT('',(-272.4,-232.15,87.3125));
#17986 = LINE('',#17987,#17988);
#17987 = CARTESIAN_POINT('',(-272.4,-232.15,81.3125));
#17988 = VECTOR('',#17989,1.);
#17989 = DIRECTION('',(0.,0.,1.));
#17990 = ORIENTED_EDGE('',*,*,#17991,.F.);
#17991 = EDGE_CURVE('',#17968,#17984,#17992,.T.);
#17992 = LINE('',#17993,#17994);
#17993 = CARTESIAN_POINT('',(-272.4,-274.15,87.3125));
#17994 = VECTOR('',#17995,1.);
#17995 = DIRECTION('',(0.,1.,0.));
#17996 = PLANE('',#17997);
#17997 = AXIS2_PLACEMENT_3D('',#17998,#17999,#18000);
#17998 = CARTESIAN_POINT('',(-272.4,-274.15,81.3125));
#17999 = DIRECTION('',(1.,0.,0.));
#18000 = DIRECTION('',(0.,0.,1.));
#18001 = ADVANCED_FACE('',(#18002),#18018,.F.);
#18002 = FACE_BOUND('',#18003,.F.);
#18003 = EDGE_LOOP('',(#18004,#18010,#18011,#18017));
#18004 = ORIENTED_EDGE('',*,*,#18005,.F.);
#18005 = EDGE_CURVE('',#17926,#17966,#18006,.T.);
#18006 = LINE('',#18007,#18008);
#18007 = CARTESIAN_POINT('',(-317.4,-274.15,81.3125));
#18008 = VECTOR('',#18009,1.);
#18009 = DIRECTION('',(1.,0.,0.));
#18010 = ORIENTED_EDGE('',*,*,#17925,.T.);
#18011 = ORIENTED_EDGE('',*,*,#18012,.T.);
#18012 = EDGE_CURVE('',#17928,#17968,#18013,.T.);
#18013 = LINE('',#18014,#18015);
#18014 = CARTESIAN_POINT('',(-317.4,-274.15,87.3125));
#18015 = VECTOR('',#18016,1.);
#18016 = DIRECTION('',(1.,0.,0.));
#18017 = ORIENTED_EDGE('',*,*,#17965,.F.);
#18018 = PLANE('',#18019);
#18019 = AXIS2_PLACEMENT_3D('',#18020,#18021,#18022);
#18020 = CARTESIAN_POINT('',(-317.4,-274.15,81.3125));
#18021 = DIRECTION('',(0.,1.,0.));
#18022 = DIRECTION('',(0.,0.,1.));
#18023 = ADVANCED_FACE('',(#18024),#18040,.T.);
#18024 = FACE_BOUND('',#18025,.T.);
#18025 = EDGE_LOOP('',(#18026,#18032,#18033,#18039));
#18026 = ORIENTED_EDGE('',*,*,#18027,.F.);
#18027 = EDGE_CURVE('',#17936,#17976,#18028,.T.);
#18028 = LINE('',#18029,#18030);
#18029 = CARTESIAN_POINT('',(-317.4,-232.15,81.3125));
#18030 = VECTOR('',#18031,1.);
#18031 = DIRECTION('',(1.,0.,0.));
#18032 = ORIENTED_EDGE('',*,*,#17943,.T.);
#18033 = ORIENTED_EDGE('',*,*,#18034,.T.);
#18034 = EDGE_CURVE('',#17944,#17984,#18035,.T.);
#18035 = LINE('',#18036,#18037);
#18036 = CARTESIAN_POINT('',(-317.4,-232.15,87.3125));
#18037 = VECTOR('',#18038,1.);
#18038 = DIRECTION('',(1.,0.,0.));
#18039 = ORIENTED_EDGE('',*,*,#17983,.F.);
#18040 = PLANE('',#18041);
#18041 = AXIS2_PLACEMENT_3D('',#18042,#18043,#18044);
#18042 = CARTESIAN_POINT('',(-317.4,-232.15,81.3125));
#18043 = DIRECTION('',(0.,1.,0.));
#18044 = DIRECTION('',(0.,0.,1.));
#18045 = ADVANCED_FACE('',(#18046),#18052,.F.);
#18046 = FACE_BOUND('',#18047,.F.);
#18047 = EDGE_LOOP('',(#18048,#18049,#18050,#18051));
#18048 = ORIENTED_EDGE('',*,*,#17935,.F.);
#18049 = ORIENTED_EDGE('',*,*,#18005,.T.);
#18050 = ORIENTED_EDGE('',*,*,#17975,.T.);
#18051 = ORIENTED_EDGE('',*,*,#18027,.F.);
#18052 = PLANE('',#18053);
#18053 = AXIS2_PLACEMENT_3D('',#18054,#18055,#18056);
#18054 = CARTESIAN_POINT('',(-317.4,-274.15,81.3125));
#18055 = DIRECTION('',(0.,0.,1.));
#18056 = DIRECTION('',(1.,0.,0.));
#18057 = ADVANCED_FACE('',(#18058),#18064,.T.);
#18058 = FACE_BOUND('',#18059,.T.);
#18059 = EDGE_LOOP('',(#18060,#18061,#18062,#18063));
#18060 = ORIENTED_EDGE('',*,*,#17951,.F.);
#18061 = ORIENTED_EDGE('',*,*,#18012,.T.);
#18062 = ORIENTED_EDGE('',*,*,#17991,.T.);
#18063 = ORIENTED_EDGE('',*,*,#18034,.F.);
#18064 = PLANE('',#18065);
#18065 = AXIS2_PLACEMENT_3D('',#18066,#18067,#18068);
#18066 = CARTESIAN_POINT('',(-317.4,-274.15,87.3125));
#18067 = DIRECTION('',(0.,0.,1.));
#18068 = DIRECTION('',(1.,0.,0.));
#18069 = MANIFOLD_SOLID_BREP('',#18070);
#18070 = CLOSED_SHELL('',(#18071,#18111,#18151,#18173,#18195,#18207));
#18071 = ADVANCED_FACE('',(#18072),#18106,.F.);
#18072 = FACE_BOUND('',#18073,.F.);
#18073 = EDGE_LOOP('',(#18074,#18084,#18092,#18100));
#18074 = ORIENTED_EDGE('',*,*,#18075,.F.);
#18075 = EDGE_CURVE('',#18076,#18078,#18080,.T.);
#18076 = VERTEX_POINT('',#18077);
#18077 = CARTESIAN_POINT('',(-313.4,-264.15,29.5));
#18078 = VERTEX_POINT('',#18079);
#18079 = CARTESIAN_POINT('',(-313.4,-264.15,74.5));
#18080 = LINE('',#18081,#18082);
#18081 = CARTESIAN_POINT('',(-313.4,-264.15,29.5));
#18082 = VECTOR('',#18083,1.);
#18083 = DIRECTION('',(0.,0.,1.));
#18084 = ORIENTED_EDGE('',*,*,#18085,.T.);
#18085 = EDGE_CURVE('',#18076,#18086,#18088,.T.);
#18086 = VERTEX_POINT('',#18087);
#18087 = CARTESIAN_POINT('',(-313.4,-242.15,29.5));
#18088 = LINE('',#18089,#18090);
#18089 = CARTESIAN_POINT('',(-313.4,-264.15,29.5));
#18090 = VECTOR('',#18091,1.);
#18091 = DIRECTION('',(0.,1.,0.));
#18092 = ORIENTED_EDGE('',*,*,#18093,.T.);
#18093 = EDGE_CURVE('',#18086,#18094,#18096,.T.);
#18094 = VERTEX_POINT('',#18095);
#18095 = CARTESIAN_POINT('',(-313.4,-242.15,74.5));
#18096 = LINE('',#18097,#18098);
#18097 = CARTESIAN_POINT('',(-313.4,-242.15,29.5));
#18098 = VECTOR('',#18099,1.);
#18099 = DIRECTION('',(0.,0.,1.));
#18100 = ORIENTED_EDGE('',*,*,#18101,.F.);
#18101 = EDGE_CURVE('',#18078,#18094,#18102,.T.);
#18102 = LINE('',#18103,#18104);
#18103 = CARTESIAN_POINT('',(-313.4,-264.15,74.5));
#18104 = VECTOR('',#18105,1.);
#18105 = DIRECTION('',(0.,1.,0.));
#18106 = PLANE('',#18107);
#18107 = AXIS2_PLACEMENT_3D('',#18108,#18109,#18110);
#18108 = CARTESIAN_POINT('',(-313.4,-264.15,29.5));
#18109 = DIRECTION('',(1.,0.,0.));
#18110 = DIRECTION('',(0.,0.,1.));
#18111 = ADVANCED_FACE('',(#18112),#18146,.T.);
#18112 = FACE_BOUND('',#18113,.T.);
#18113 = EDGE_LOOP('',(#18114,#18124,#18132,#18140));
#18114 = ORIENTED_EDGE('',*,*,#18115,.F.);
#18115 = EDGE_CURVE('',#18116,#18118,#18120,.T.);
#18116 = VERTEX_POINT('',#18117);
#18117 = CARTESIAN_POINT('',(-308.4,-264.15,29.5));
#18118 = VERTEX_POINT('',#18119);
#18119 = CARTESIAN_POINT('',(-308.4,-264.15,74.5));
#18120 = LINE('',#18121,#18122);
#18121 = CARTESIAN_POINT('',(-308.4,-264.15,29.5));
#18122 = VECTOR('',#18123,1.);
#18123 = DIRECTION('',(0.,0.,1.));
#18124 = ORIENTED_EDGE('',*,*,#18125,.T.);
#18125 = EDGE_CURVE('',#18116,#18126,#18128,.T.);
#18126 = VERTEX_POINT('',#18127);
#18127 = CARTESIAN_POINT('',(-308.4,-242.15,29.5));
#18128 = LINE('',#18129,#18130);
#18129 = CARTESIAN_POINT('',(-308.4,-264.15,29.5));
#18130 = VECTOR('',#18131,1.);
#18131 = DIRECTION('',(0.,1.,0.));
#18132 = ORIENTED_EDGE('',*,*,#18133,.T.);
#18133 = EDGE_CURVE('',#18126,#18134,#18136,.T.);
#18134 = VERTEX_POINT('',#18135);
#18135 = CARTESIAN_POINT('',(-308.4,-242.15,74.5));
#18136 = LINE('',#18137,#18138);
#18137 = CARTESIAN_POINT('',(-308.4,-242.15,29.5));
#18138 = VECTOR('',#18139,1.);
#18139 = DIRECTION('',(0.,0.,1.));
#18140 = ORIENTED_EDGE('',*,*,#18141,.F.);
#18141 = EDGE_CURVE('',#18118,#18134,#18142,.T.);
#18142 = LINE('',#18143,#18144);
#18143 = CARTESIAN_POINT('',(-308.4,-264.15,74.5));
#18144 = VECTOR('',#18145,1.);
#18145 = DIRECTION('',(0.,1.,0.));
#18146 = PLANE('',#18147);
#18147 = AXIS2_PLACEMENT_3D('',#18148,#18149,#18150);
#18148 = CARTESIAN_POINT('',(-308.4,-264.15,29.5));
#18149 = DIRECTION('',(1.,0.,0.));
#18150 = DIRECTION('',(0.,0.,1.));
#18151 = ADVANCED_FACE('',(#18152),#18168,.F.);
#18152 = FACE_BOUND('',#18153,.F.);
#18153 = EDGE_LOOP('',(#18154,#18160,#18161,#18167));
#18154 = ORIENTED_EDGE('',*,*,#18155,.F.);
#18155 = EDGE_CURVE('',#18076,#18116,#18156,.T.);
#18156 = LINE('',#18157,#18158);
#18157 = CARTESIAN_POINT('',(-313.4,-264.15,29.5));
#18158 = VECTOR('',#18159,1.);
#18159 = DIRECTION('',(1.,0.,0.));
#18160 = ORIENTED_EDGE('',*,*,#18075,.T.);
#18161 = ORIENTED_EDGE('',*,*,#18162,.T.);
#18162 = EDGE_CURVE('',#18078,#18118,#18163,.T.);
#18163 = LINE('',#18164,#18165);
#18164 = CARTESIAN_POINT('',(-313.4,-264.15,74.5));
#18165 = VECTOR('',#18166,1.);
#18166 = DIRECTION('',(1.,0.,0.));
#18167 = ORIENTED_EDGE('',*,*,#18115,.F.);
#18168 = PLANE('',#18169);
#18169 = AXIS2_PLACEMENT_3D('',#18170,#18171,#18172);
#18170 = CARTESIAN_POINT('',(-313.4,-264.15,29.5));
#18171 = DIRECTION('',(0.,1.,0.));
#18172 = DIRECTION('',(0.,0.,1.));
#18173 = ADVANCED_FACE('',(#18174),#18190,.T.);
#18174 = FACE_BOUND('',#18175,.T.);
#18175 = EDGE_LOOP('',(#18176,#18182,#18183,#18189));
#18176 = ORIENTED_EDGE('',*,*,#18177,.F.);
#18177 = EDGE_CURVE('',#18086,#18126,#18178,.T.);
#18178 = LINE('',#18179,#18180);
#18179 = CARTESIAN_POINT('',(-313.4,-242.15,29.5));
#18180 = VECTOR('',#18181,1.);
#18181 = DIRECTION('',(1.,0.,0.));
#18182 = ORIENTED_EDGE('',*,*,#18093,.T.);
#18183 = ORIENTED_EDGE('',*,*,#18184,.T.);
#18184 = EDGE_CURVE('',#18094,#18134,#18185,.T.);
#18185 = LINE('',#18186,#18187);
#18186 = CARTESIAN_POINT('',(-313.4,-242.15,74.5));
#18187 = VECTOR('',#18188,1.);
#18188 = DIRECTION('',(1.,0.,0.));
#18189 = ORIENTED_EDGE('',*,*,#18133,.F.);
#18190 = PLANE('',#18191);
#18191 = AXIS2_PLACEMENT_3D('',#18192,#18193,#18194);
#18192 = CARTESIAN_POINT('',(-313.4,-242.15,29.5));
#18193 = DIRECTION('',(0.,1.,0.));
#18194 = DIRECTION('',(0.,0.,1.));
#18195 = ADVANCED_FACE('',(#18196),#18202,.F.);
#18196 = FACE_BOUND('',#18197,.F.);
#18197 = EDGE_LOOP('',(#18198,#18199,#18200,#18201));
#18198 = ORIENTED_EDGE('',*,*,#18085,.F.);
#18199 = ORIENTED_EDGE('',*,*,#18155,.T.);
#18200 = ORIENTED_EDGE('',*,*,#18125,.T.);
#18201 = ORIENTED_EDGE('',*,*,#18177,.F.);
#18202 = PLANE('',#18203);
#18203 = AXIS2_PLACEMENT_3D('',#18204,#18205,#18206);
#18204 = CARTESIAN_POINT('',(-313.4,-264.15,29.5));
#18205 = DIRECTION('',(0.,0.,1.));
#18206 = DIRECTION('',(1.,0.,0.));
#18207 = ADVANCED_FACE('',(#18208),#18214,.T.);
#18208 = FACE_BOUND('',#18209,.T.);
#18209 = EDGE_LOOP('',(#18210,#18211,#18212,#18213));
#18210 = ORIENTED_EDGE('',*,*,#18101,.F.);
#18211 = ORIENTED_EDGE('',*,*,#18162,.T.);
#18212 = ORIENTED_EDGE('',*,*,#18141,.T.);
#18213 = ORIENTED_EDGE('',*,*,#18184,.F.);
#18214 = PLANE('',#18215);
#18215 = AXIS2_PLACEMENT_3D('',#18216,#18217,#18218);
#18216 = CARTESIAN_POINT('',(-313.4,-264.15,74.5));
#18217 = DIRECTION('',(0.,0.,1.));
#18218 = DIRECTION('',(1.,0.,0.));
#18219 = MANIFOLD_SOLID_BREP('',#18220);
#18220 = CLOSED_SHELL('',(#18221,#18261,#18301,#18323,#18345,#18357));
#18221 = ADVANCED_FACE('',(#18222),#18256,.F.);
#18222 = FACE_BOUND('',#18223,.F.);
#18223 = EDGE_LOOP('',(#18224,#18234,#18242,#18250));
#18224 = ORIENTED_EDGE('',*,*,#18225,.F.);
#18225 = EDGE_CURVE('',#18226,#18228,#18230,.T.);
#18226 = VERTEX_POINT('',#18227);
#18227 = CARTESIAN_POINT('',(-281.4,-264.15,29.5));
#18228 = VERTEX_POINT('',#18229);
#18229 = CARTESIAN_POINT('',(-281.4,-264.15,74.5));
#18230 = LINE('',#18231,#18232);
#18231 = CARTESIAN_POINT('',(-281.4,-264.15,29.5));
#18232 = VECTOR('',#18233,1.);
#18233 = DIRECTION('',(0.,0.,1.));
#18234 = ORIENTED_EDGE('',*,*,#18235,.T.);
#18235 = EDGE_CURVE('',#18226,#18236,#18238,.T.);
#18236 = VERTEX_POINT('',#18237);
#18237 = CARTESIAN_POINT('',(-281.4,-242.15,29.5));
#18238 = LINE('',#18239,#18240);
#18239 = CARTESIAN_POINT('',(-281.4,-264.15,29.5));
#18240 = VECTOR('',#18241,1.);
#18241 = DIRECTION('',(0.,1.,0.));
#18242 = ORIENTED_EDGE('',*,*,#18243,.T.);
#18243 = EDGE_CURVE('',#18236,#18244,#18246,.T.);
#18244 = VERTEX_POINT('',#18245);
#18245 = CARTESIAN_POINT('',(-281.4,-242.15,74.5));
#18246 = LINE('',#18247,#18248);
#18247 = CARTESIAN_POINT('',(-281.4,-242.15,29.5));
#18248 = VECTOR('',#18249,1.);
#18249 = DIRECTION('',(0.,0.,1.));
#18250 = ORIENTED_EDGE('',*,*,#18251,.F.);
#18251 = EDGE_CURVE('',#18228,#18244,#18252,.T.);
#18252 = LINE('',#18253,#18254);
#18253 = CARTESIAN_POINT('',(-281.4,-264.15,74.5));
#18254 = VECTOR('',#18255,1.);
#18255 = DIRECTION('',(0.,1.,0.));
#18256 = PLANE('',#18257);
#18257 = AXIS2_PLACEMENT_3D('',#18258,#18259,#18260);
#18258 = CARTESIAN_POINT('',(-281.4,-264.15,29.5));
#18259 = DIRECTION('',(1.,0.,0.));
#18260 = DIRECTION('',(0.,0.,1.));
#18261 = ADVANCED_FACE('',(#18262),#18296,.T.);
#18262 = FACE_BOUND('',#18263,.T.);
#18263 = EDGE_LOOP('',(#18264,#18274,#18282,#18290));
#18264 = ORIENTED_EDGE('',*,*,#18265,.F.);
#18265 = EDGE_CURVE('',#18266,#18268,#18270,.T.);
#18266 = VERTEX_POINT('',#18267);
#18267 = CARTESIAN_POINT('',(-276.4,-264.15,29.5));
#18268 = VERTEX_POINT('',#18269);
#18269 = CARTESIAN_POINT('',(-276.4,-264.15,74.5));
#18270 = LINE('',#18271,#18272);
#18271 = CARTESIAN_POINT('',(-276.4,-264.15,29.5));
#18272 = VECTOR('',#18273,1.);
#18273 = DIRECTION('',(0.,0.,1.));
#18274 = ORIENTED_EDGE('',*,*,#18275,.T.);
#18275 = EDGE_CURVE('',#18266,#18276,#18278,.T.);
#18276 = VERTEX_POINT('',#18277);
#18277 = CARTESIAN_POINT('',(-276.4,-242.15,29.5));
#18278 = LINE('',#18279,#18280);
#18279 = CARTESIAN_POINT('',(-276.4,-264.15,29.5));
#18280 = VECTOR('',#18281,1.);
#18281 = DIRECTION('',(0.,1.,0.));
#18282 = ORIENTED_EDGE('',*,*,#18283,.T.);
#18283 = EDGE_CURVE('',#18276,#18284,#18286,.T.);
#18284 = VERTEX_POINT('',#18285);
#18285 = CARTESIAN_POINT('',(-276.4,-242.15,74.5));
#18286 = LINE('',#18287,#18288);
#18287 = CARTESIAN_POINT('',(-276.4,-242.15,29.5));
#18288 = VECTOR('',#18289,1.);
#18289 = DIRECTION('',(0.,0.,1.));
#18290 = ORIENTED_EDGE('',*,*,#18291,.F.);
#18291 = EDGE_CURVE('',#18268,#18284,#18292,.T.);
#18292 = LINE('',#18293,#18294);
#18293 = CARTESIAN_POINT('',(-276.4,-264.15,74.5));
#18294 = VECTOR('',#18295,1.);
#18295 = DIRECTION('',(0.,1.,0.));
#18296 = PLANE('',#18297);
#18297 = AXIS2_PLACEMENT_3D('',#18298,#18299,#18300);
#18298 = CARTESIAN_POINT('',(-276.4,-264.15,29.5));
#18299 = DIRECTION('',(1.,0.,0.));
#18300 = DIRECTION('',(0.,0.,1.));
#18301 = ADVANCED_FACE('',(#18302),#18318,.F.);
#18302 = FACE_BOUND('',#18303,.F.);
#18303 = EDGE_LOOP('',(#18304,#18310,#18311,#18317));
#18304 = ORIENTED_EDGE('',*,*,#18305,.F.);
#18305 = EDGE_CURVE('',#18226,#18266,#18306,.T.);
#18306 = LINE('',#18307,#18308);
#18307 = CARTESIAN_POINT('',(-281.4,-264.15,29.5));
#18308 = VECTOR('',#18309,1.);
#18309 = DIRECTION('',(1.,0.,0.));
#18310 = ORIENTED_EDGE('',*,*,#18225,.T.);
#18311 = ORIENTED_EDGE('',*,*,#18312,.T.);
#18312 = EDGE_CURVE('',#18228,#18268,#18313,.T.);
#18313 = LINE('',#18314,#18315);
#18314 = CARTESIAN_POINT('',(-281.4,-264.15,74.5));
#18315 = VECTOR('',#18316,1.);
#18316 = DIRECTION('',(1.,0.,0.));
#18317 = ORIENTED_EDGE('',*,*,#18265,.F.);
#18318 = PLANE('',#18319);
#18319 = AXIS2_PLACEMENT_3D('',#18320,#18321,#18322);
#18320 = CARTESIAN_POINT('',(-281.4,-264.15,29.5));
#18321 = DIRECTION('',(0.,1.,0.));
#18322 = DIRECTION('',(0.,0.,1.));
#18323 = ADVANCED_FACE('',(#18324),#18340,.T.);
#18324 = FACE_BOUND('',#18325,.T.);
#18325 = EDGE_LOOP('',(#18326,#18332,#18333,#18339));
#18326 = ORIENTED_EDGE('',*,*,#18327,.F.);
#18327 = EDGE_CURVE('',#18236,#18276,#18328,.T.);
#18328 = LINE('',#18329,#18330);
#18329 = CARTESIAN_POINT('',(-281.4,-242.15,29.5));
#18330 = VECTOR('',#18331,1.);
#18331 = DIRECTION('',(1.,0.,0.));
#18332 = ORIENTED_EDGE('',*,*,#18243,.T.);
#18333 = ORIENTED_EDGE('',*,*,#18334,.T.);
#18334 = EDGE_CURVE('',#18244,#18284,#18335,.T.);
#18335 = LINE('',#18336,#18337);
#18336 = CARTESIAN_POINT('',(-281.4,-242.15,74.5));
#18337 = VECTOR('',#18338,1.);
#18338 = DIRECTION('',(1.,0.,0.));
#18339 = ORIENTED_EDGE('',*,*,#18283,.F.);
#18340 = PLANE('',#18341);
#18341 = AXIS2_PLACEMENT_3D('',#18342,#18343,#18344);
#18342 = CARTESIAN_POINT('',(-281.4,-242.15,29.5));
#18343 = DIRECTION('',(0.,1.,0.));
#18344 = DIRECTION('',(0.,0.,1.));
#18345 = ADVANCED_FACE('',(#18346),#18352,.F.);
#18346 = FACE_BOUND('',#18347,.F.);
#18347 = EDGE_LOOP('',(#18348,#18349,#18350,#18351));
#18348 = ORIENTED_EDGE('',*,*,#18235,.F.);
#18349 = ORIENTED_EDGE('',*,*,#18305,.T.);
#18350 = ORIENTED_EDGE('',*,*,#18275,.T.);
#18351 = ORIENTED_EDGE('',*,*,#18327,.F.);
#18352 = PLANE('',#18353);
#18353 = AXIS2_PLACEMENT_3D('',#18354,#18355,#18356);
#18354 = CARTESIAN_POINT('',(-281.4,-264.15,29.5));
#18355 = DIRECTION('',(0.,0.,1.));
#18356 = DIRECTION('',(1.,0.,0.));
#18357 = ADVANCED_FACE('',(#18358),#18364,.T.);
#18358 = FACE_BOUND('',#18359,.T.);
#18359 = EDGE_LOOP('',(#18360,#18361,#18362,#18363));
#18360 = ORIENTED_EDGE('',*,*,#18251,.F.);
#18361 = ORIENTED_EDGE('',*,*,#18312,.T.);
#18362 = ORIENTED_EDGE('',*,*,#18291,.T.);
#18363 = ORIENTED_EDGE('',*,*,#18334,.F.);
#18364 = PLANE('',#18365);
#18365 = AXIS2_PLACEMENT_3D('',#18366,#18367,#18368);
#18366 = CARTESIAN_POINT('',(-281.4,-264.15,74.5));
#18367 = DIRECTION('',(0.,0.,1.));
#18368 = DIRECTION('',(1.,0.,0.));
#18369 = MANIFOLD_SOLID_BREP('',#18370);
#18370 = CLOSED_SHELL('',(#18371,#18404,#18413));
#18371 = ADVANCED_FACE('',(#18372),#18399,.T.);
#18372 = FACE_BOUND('',#18373,.T.);
#18373 = EDGE_LOOP('',(#18374,#18383,#18391,#18398));
#18374 = ORIENTED_EDGE('',*,*,#18375,.F.);
#18375 = EDGE_CURVE('',#18376,#18376,#18378,.T.);
#18376 = VERTEX_POINT('',#18377);
#18377 = CARTESIAN_POINT('',(-282.9,253.15,64.));
#18378 = CIRCLE('',#18379,32.);
#18379 = AXIS2_PLACEMENT_3D('',#18380,#18381,#18382);
#18380 = CARTESIAN_POINT('',(-282.9,253.15,32.));
#18381 = DIRECTION('',(1.,0.,-0.));
#18382 = DIRECTION('',(0.,0.,1.));
#18383 = ORIENTED_EDGE('',*,*,#18384,.F.);
#18384 = EDGE_CURVE('',#18385,#18376,#18387,.T.);
#18385 = VERTEX_POINT('',#18386);
#18386 = CARTESIAN_POINT('',(-306.9,253.15,64.));
#18387 = LINE('',#18388,#18389);
#18388 = CARTESIAN_POINT('',(-306.9,253.15,64.));
#18389 = VECTOR('',#18390,1.);
#18390 = DIRECTION('',(1.,0.,0.));
#18391 = ORIENTED_EDGE('',*,*,#18392,.T.);
#18392 = EDGE_CURVE('',#18385,#18385,#18393,.T.);
#18393 = CIRCLE('',#18394,32.);
#18394 = AXIS2_PLACEMENT_3D('',#18395,#18396,#18397);
#18395 = CARTESIAN_POINT('',(-306.9,253.15,32.));
#18396 = DIRECTION('',(1.,0.,-0.));
#18397 = DIRECTION('',(0.,0.,1.));
#18398 = ORIENTED_EDGE('',*,*,#18384,.T.);
#18399 = CYLINDRICAL_SURFACE('',#18400,32.);
#18400 = AXIS2_PLACEMENT_3D('',#18401,#18402,#18403);
#18401 = CARTESIAN_POINT('',(-306.9,253.15,32.));
#18402 = DIRECTION('',(1.,0.,0.));
#18403 = DIRECTION('',(0.,0.,1.));
#18404 = ADVANCED_FACE('',(#18405),#18408,.T.);
#18405 = FACE_BOUND('',#18406,.T.);
#18406 = EDGE_LOOP('',(#18407));
#18407 = ORIENTED_EDGE('',*,*,#18375,.T.);
#18408 = PLANE('',#18409);
#18409 = AXIS2_PLACEMENT_3D('',#18410,#18411,#18412);
#18410 = CARTESIAN_POINT('',(-282.9,253.15,32.));
#18411 = DIRECTION('',(1.,0.,0.));
#18412 = DIRECTION('',(0.,0.,1.));
#18413 = ADVANCED_FACE('',(#18414),#18417,.F.);
#18414 = FACE_BOUND('',#18415,.T.);
#18415 = EDGE_LOOP('',(#18416));
#18416 = ORIENTED_EDGE('',*,*,#18392,.F.);
#18417 = PLANE('',#18418);
#18418 = AXIS2_PLACEMENT_3D('',#18419,#18420,#18421);
#18419 = CARTESIAN_POINT('',(-306.9,253.15,32.));
#18420 = DIRECTION('',(1.,0.,0.));
#18421 = DIRECTION('',(0.,0.,1.));
#18422 = MANIFOLD_SOLID_BREP('',#18423);
#18423 = CLOSED_SHELL('',(#18424,#18457,#18466));
#18424 = ADVANCED_FACE('',(#18425),#18452,.T.);
#18425 = FACE_BOUND('',#18426,.T.);
#18426 = EDGE_LOOP('',(#18427,#18436,#18444,#18451));
#18427 = ORIENTED_EDGE('',*,*,#18428,.F.);
#18428 = EDGE_CURVE('',#18429,#18429,#18431,.T.);
#18429 = VERTEX_POINT('',#18430);
#18430 = CARTESIAN_POINT('',(-275.9,253.15,39.));
#18431 = CIRCLE('',#18432,7.);
#18432 = AXIS2_PLACEMENT_3D('',#18433,#18434,#18435);
#18433 = CARTESIAN_POINT('',(-275.9,253.15,32.));
#18434 = DIRECTION('',(1.,0.,-0.));
#18435 = DIRECTION('',(0.,0.,1.));
#18436 = ORIENTED_EDGE('',*,*,#18437,.F.);
#18437 = EDGE_CURVE('',#18438,#18429,#18440,.T.);
#18438 = VERTEX_POINT('',#18439);
#18439 = CARTESIAN_POINT('',(-313.9,253.15,39.));
#18440 = LINE('',#18441,#18442);
#18441 = CARTESIAN_POINT('',(-313.9,253.15,39.));
#18442 = VECTOR('',#18443,1.);
#18443 = DIRECTION('',(1.,0.,0.));
#18444 = ORIENTED_EDGE('',*,*,#18445,.T.);
#18445 = EDGE_CURVE('',#18438,#18438,#18446,.T.);
#18446 = CIRCLE('',#18447,7.);
#18447 = AXIS2_PLACEMENT_3D('',#18448,#18449,#18450);
#18448 = CARTESIAN_POINT('',(-313.9,253.15,32.));
#18449 = DIRECTION('',(1.,0.,-0.));
#18450 = DIRECTION('',(0.,0.,1.));
#18451 = ORIENTED_EDGE('',*,*,#18437,.T.);
#18452 = CYLINDRICAL_SURFACE('',#18453,7.);
#18453 = AXIS2_PLACEMENT_3D('',#18454,#18455,#18456);
#18454 = CARTESIAN_POINT('',(-313.9,253.15,32.));
#18455 = DIRECTION('',(1.,0.,0.));
#18456 = DIRECTION('',(0.,0.,1.));
#18457 = ADVANCED_FACE('',(#18458),#18461,.T.);
#18458 = FACE_BOUND('',#18459,.T.);
#18459 = EDGE_LOOP('',(#18460));
#18460 = ORIENTED_EDGE('',*,*,#18428,.T.);
#18461 = PLANE('',#18462);
#18462 = AXIS2_PLACEMENT_3D('',#18463,#18464,#18465);
#18463 = CARTESIAN_POINT('',(-275.9,253.15,32.));
#18464 = DIRECTION('',(1.,0.,0.));
#18465 = DIRECTION('',(0.,0.,1.));
#18466 = ADVANCED_FACE('',(#18467),#18470,.F.);
#18467 = FACE_BOUND('',#18468,.T.);
#18468 = EDGE_LOOP('',(#18469));
#18469 = ORIENTED_EDGE('',*,*,#18445,.F.);
#18470 = PLANE('',#18471);
#18471 = AXIS2_PLACEMENT_3D('',#18472,#18473,#18474);
#18472 = CARTESIAN_POINT('',(-313.9,253.15,32.));
#18473 = DIRECTION('',(1.,0.,0.));
#18474 = DIRECTION('',(0.,0.,1.));
#18475 = MANIFOLD_SOLID_BREP('',#18476);
#18476 = CLOSED_SHELL('',(#18477,#18510,#18519));
#18477 = ADVANCED_FACE('',(#18478),#18505,.T.);
#18478 = FACE_BOUND('',#18479,.T.);
#18479 = EDGE_LOOP('',(#18480,#18489,#18497,#18504));
#18480 = ORIENTED_EDGE('',*,*,#18481,.F.);
#18481 = EDGE_CURVE('',#18482,#18482,#18484,.T.);
#18482 = VERTEX_POINT('',#18483);
#18483 = CARTESIAN_POINT('',(-285.9,253.15,87.3125));
#18484 = CIRCLE('',#18485,9.);
#18485 = AXIS2_PLACEMENT_3D('',#18486,#18487,#18488);
#18486 = CARTESIAN_POINT('',(-294.9,253.15,87.3125));
#18487 = DIRECTION('',(0.,0.,1.));
#18488 = DIRECTION('',(1.,0.,0.));
#18489 = ORIENTED_EDGE('',*,*,#18490,.F.);
#18490 = EDGE_CURVE('',#18491,#18482,#18493,.T.);
#18491 = VERTEX_POINT('',#18492);
#18492 = CARTESIAN_POINT('',(-285.9,253.15,68.));
#18493 = LINE('',#18494,#18495);
#18494 = CARTESIAN_POINT('',(-285.9,253.15,68.));
#18495 = VECTOR('',#18496,1.);
#18496 = DIRECTION('',(0.,0.,1.));
#18497 = ORIENTED_EDGE('',*,*,#18498,.T.);
#18498 = EDGE_CURVE('',#18491,#18491,#18499,.T.);
#18499 = CIRCLE('',#18500,9.);
#18500 = AXIS2_PLACEMENT_3D('',#18501,#18502,#18503);
#18501 = CARTESIAN_POINT('',(-294.9,253.15,68.));
#18502 = DIRECTION('',(0.,0.,1.));
#18503 = DIRECTION('',(1.,0.,0.));
#18504 = ORIENTED_EDGE('',*,*,#18490,.T.);
#18505 = CYLINDRICAL_SURFACE('',#18506,9.);
#18506 = AXIS2_PLACEMENT_3D('',#18507,#18508,#18509);
#18507 = CARTESIAN_POINT('',(-294.9,253.15,68.));
#18508 = DIRECTION('',(0.,0.,1.));
#18509 = DIRECTION('',(1.,0.,0.));
#18510 = ADVANCED_FACE('',(#18511),#18514,.T.);
#18511 = FACE_BOUND('',#18512,.T.);
#18512 = EDGE_LOOP('',(#18513));
#18513 = ORIENTED_EDGE('',*,*,#18481,.T.);
#18514 = PLANE('',#18515);
#18515 = AXIS2_PLACEMENT_3D('',#18516,#18517,#18518);
#18516 = CARTESIAN_POINT('',(-294.9,253.15,87.3125));
#18517 = DIRECTION('',(0.,0.,1.));
#18518 = DIRECTION('',(1.,0.,0.));
#18519 = ADVANCED_FACE('',(#18520),#18523,.F.);
#18520 = FACE_BOUND('',#18521,.T.);
#18521 = EDGE_LOOP('',(#18522));
#18522 = ORIENTED_EDGE('',*,*,#18498,.F.);
#18523 = PLANE('',#18524);
#18524 = AXIS2_PLACEMENT_3D('',#18525,#18526,#18527);
#18525 = CARTESIAN_POINT('',(-294.9,253.15,68.));
#18526 = DIRECTION('',(0.,0.,1.));
#18527 = DIRECTION('',(1.,0.,0.));
#18528 = MANIFOLD_SOLID_BREP('',#18529);
#18529 = CLOSED_SHELL('',(#18530,#18570,#18610,#18632,#18654,#18666));
#18530 = ADVANCED_FACE('',(#18531),#18565,.F.);
#18531 = FACE_BOUND('',#18532,.F.);
#18532 = EDGE_LOOP('',(#18533,#18543,#18551,#18559));
#18533 = ORIENTED_EDGE('',*,*,#18534,.F.);
#18534 = EDGE_CURVE('',#18535,#18537,#18539,.T.);
#18535 = VERTEX_POINT('',#18536);
#18536 = CARTESIAN_POINT('',(-317.4,232.15,81.3125));
#18537 = VERTEX_POINT('',#18538);
#18538 = CARTESIAN_POINT('',(-317.4,232.15,87.3125));
#18539 = LINE('',#18540,#18541);
#18540 = CARTESIAN_POINT('',(-317.4,232.15,81.3125));
#18541 = VECTOR('',#18542,1.);
#18542 = DIRECTION('',(0.,0.,1.));
#18543 = ORIENTED_EDGE('',*,*,#18544,.T.);
#18544 = EDGE_CURVE('',#18535,#18545,#18547,.T.);
#18545 = VERTEX_POINT('',#18546);
#18546 = CARTESIAN_POINT('',(-317.4,274.15,81.3125));
#18547 = LINE('',#18548,#18549);
#18548 = CARTESIAN_POINT('',(-317.4,232.15,81.3125));
#18549 = VECTOR('',#18550,1.);
#18550 = DIRECTION('',(0.,1.,0.));
#18551 = ORIENTED_EDGE('',*,*,#18552,.T.);
#18552 = EDGE_CURVE('',#18545,#18553,#18555,.T.);
#18553 = VERTEX_POINT('',#18554);
#18554 = CARTESIAN_POINT('',(-317.4,274.15,87.3125));
#18555 = LINE('',#18556,#18557);
#18556 = CARTESIAN_POINT('',(-317.4,274.15,81.3125));
#18557 = VECTOR('',#18558,1.);
#18558 = DIRECTION('',(0.,0.,1.));
#18559 = ORIENTED_EDGE('',*,*,#18560,.F.);
#18560 = EDGE_CURVE('',#18537,#18553,#18561,.T.);
#18561 = LINE('',#18562,#18563);
#18562 = CARTESIAN_POINT('',(-317.4,232.15,87.3125));
#18563 = VECTOR('',#18564,1.);
#18564 = DIRECTION('',(0.,1.,0.));
#18565 = PLANE('',#18566);
#18566 = AXIS2_PLACEMENT_3D('',#18567,#18568,#18569);
#18567 = CARTESIAN_POINT('',(-317.4,232.15,81.3125));
#18568 = DIRECTION('',(1.,0.,0.));
#18569 = DIRECTION('',(0.,0.,1.));
#18570 = ADVANCED_FACE('',(#18571),#18605,.T.);
#18571 = FACE_BOUND('',#18572,.T.);
#18572 = EDGE_LOOP('',(#18573,#18583,#18591,#18599));
#18573 = ORIENTED_EDGE('',*,*,#18574,.F.);
#18574 = EDGE_CURVE('',#18575,#18577,#18579,.T.);
#18575 = VERTEX_POINT('',#18576);
#18576 = CARTESIAN_POINT('',(-272.4,232.15,81.3125));
#18577 = VERTEX_POINT('',#18578);
#18578 = CARTESIAN_POINT('',(-272.4,232.15,87.3125));
#18579 = LINE('',#18580,#18581);
#18580 = CARTESIAN_POINT('',(-272.4,232.15,81.3125));
#18581 = VECTOR('',#18582,1.);
#18582 = DIRECTION('',(0.,0.,1.));
#18583 = ORIENTED_EDGE('',*,*,#18584,.T.);
#18584 = EDGE_CURVE('',#18575,#18585,#18587,.T.);
#18585 = VERTEX_POINT('',#18586);
#18586 = CARTESIAN_POINT('',(-272.4,274.15,81.3125));
#18587 = LINE('',#18588,#18589);
#18588 = CARTESIAN_POINT('',(-272.4,232.15,81.3125));
#18589 = VECTOR('',#18590,1.);
#18590 = DIRECTION('',(0.,1.,0.));
#18591 = ORIENTED_EDGE('',*,*,#18592,.T.);
#18592 = EDGE_CURVE('',#18585,#18593,#18595,.T.);
#18593 = VERTEX_POINT('',#18594);
#18594 = CARTESIAN_POINT('',(-272.4,274.15,87.3125));
#18595 = LINE('',#18596,#18597);
#18596 = CARTESIAN_POINT('',(-272.4,274.15,81.3125));
#18597 = VECTOR('',#18598,1.);
#18598 = DIRECTION('',(0.,0.,1.));
#18599 = ORIENTED_EDGE('',*,*,#18600,.F.);
#18600 = EDGE_CURVE('',#18577,#18593,#18601,.T.);
#18601 = LINE('',#18602,#18603);
#18602 = CARTESIAN_POINT('',(-272.4,232.15,87.3125));
#18603 = VECTOR('',#18604,1.);
#18604 = DIRECTION('',(0.,1.,0.));
#18605 = PLANE('',#18606);
#18606 = AXIS2_PLACEMENT_3D('',#18607,#18608,#18609);
#18607 = CARTESIAN_POINT('',(-272.4,232.15,81.3125));
#18608 = DIRECTION('',(1.,0.,0.));
#18609 = DIRECTION('',(0.,0.,1.));
#18610 = ADVANCED_FACE('',(#18611),#18627,.F.);
#18611 = FACE_BOUND('',#18612,.F.);
#18612 = EDGE_LOOP('',(#18613,#18619,#18620,#18626));
#18613 = ORIENTED_EDGE('',*,*,#18614,.F.);
#18614 = EDGE_CURVE('',#18535,#18575,#18615,.T.);
#18615 = LINE('',#18616,#18617);
#18616 = CARTESIAN_POINT('',(-317.4,232.15,81.3125));
#18617 = VECTOR('',#18618,1.);
#18618 = DIRECTION('',(1.,0.,0.));
#18619 = ORIENTED_EDGE('',*,*,#18534,.T.);
#18620 = ORIENTED_EDGE('',*,*,#18621,.T.);
#18621 = EDGE_CURVE('',#18537,#18577,#18622,.T.);
#18622 = LINE('',#18623,#18624);
#18623 = CARTESIAN_POINT('',(-317.4,232.15,87.3125));
#18624 = VECTOR('',#18625,1.);
#18625 = DIRECTION('',(1.,0.,0.));
#18626 = ORIENTED_EDGE('',*,*,#18574,.F.);
#18627 = PLANE('',#18628);
#18628 = AXIS2_PLACEMENT_3D('',#18629,#18630,#18631);
#18629 = CARTESIAN_POINT('',(-317.4,232.15,81.3125));
#18630 = DIRECTION('',(0.,1.,0.));
#18631 = DIRECTION('',(0.,0.,1.));
#18632 = ADVANCED_FACE('',(#18633),#18649,.T.);
#18633 = FACE_BOUND('',#18634,.T.);
#18634 = EDGE_LOOP('',(#18635,#18641,#18642,#18648));
#18635 = ORIENTED_EDGE('',*,*,#18636,.F.);
#18636 = EDGE_CURVE('',#18545,#18585,#18637,.T.);
#18637 = LINE('',#18638,#18639);
#18638 = CARTESIAN_POINT('',(-317.4,274.15,81.3125));
#18639 = VECTOR('',#18640,1.);
#18640 = DIRECTION('',(1.,0.,0.));
#18641 = ORIENTED_EDGE('',*,*,#18552,.T.);
#18642 = ORIENTED_EDGE('',*,*,#18643,.T.);
#18643 = EDGE_CURVE('',#18553,#18593,#18644,.T.);
#18644 = LINE('',#18645,#18646);
#18645 = CARTESIAN_POINT('',(-317.4,274.15,87.3125));
#18646 = VECTOR('',#18647,1.);
#18647 = DIRECTION('',(1.,0.,0.));
#18648 = ORIENTED_EDGE('',*,*,#18592,.F.);
#18649 = PLANE('',#18650);
#18650 = AXIS2_PLACEMENT_3D('',#18651,#18652,#18653);
#18651 = CARTESIAN_POINT('',(-317.4,274.15,81.3125));
#18652 = DIRECTION('',(0.,1.,0.));
#18653 = DIRECTION('',(0.,0.,1.));
#18654 = ADVANCED_FACE('',(#18655),#18661,.F.);
#18655 = FACE_BOUND('',#18656,.F.);
#18656 = EDGE_LOOP('',(#18657,#18658,#18659,#18660));
#18657 = ORIENTED_EDGE('',*,*,#18544,.F.);
#18658 = ORIENTED_EDGE('',*,*,#18614,.T.);
#18659 = ORIENTED_EDGE('',*,*,#18584,.T.);
#18660 = ORIENTED_EDGE('',*,*,#18636,.F.);
#18661 = PLANE('',#18662);
#18662 = AXIS2_PLACEMENT_3D('',#18663,#18664,#18665);
#18663 = CARTESIAN_POINT('',(-317.4,232.15,81.3125));
#18664 = DIRECTION('',(0.,0.,1.));
#18665 = DIRECTION('',(1.,0.,0.));
#18666 = ADVANCED_FACE('',(#18667),#18673,.T.);
#18667 = FACE_BOUND('',#18668,.T.);
#18668 = EDGE_LOOP('',(#18669,#18670,#18671,#18672));
#18669 = ORIENTED_EDGE('',*,*,#18560,.F.);
#18670 = ORIENTED_EDGE('',*,*,#18621,.T.);
#18671 = ORIENTED_EDGE('',*,*,#18600,.T.);
#18672 = ORIENTED_EDGE('',*,*,#18643,.F.);
#18673 = PLANE('',#18674);
#18674 = AXIS2_PLACEMENT_3D('',#18675,#18676,#18677);
#18675 = CARTESIAN_POINT('',(-317.4,232.15,87.3125));
#18676 = DIRECTION('',(0.,0.,1.));
#18677 = DIRECTION('',(1.,0.,0.));
#18678 = MANIFOLD_SOLID_BREP('',#18679);
#18679 = CLOSED_SHELL('',(#18680,#18720,#18760,#18782,#18804,#18816));
#18680 = ADVANCED_FACE('',(#18681),#18715,.F.);
#18681 = FACE_BOUND('',#18682,.F.);
#18682 = EDGE_LOOP('',(#18683,#18693,#18701,#18709));
#18683 = ORIENTED_EDGE('',*,*,#18684,.F.);
#18684 = EDGE_CURVE('',#18685,#18687,#18689,.T.);
#18685 = VERTEX_POINT('',#18686);
#18686 = CARTESIAN_POINT('',(-313.4,242.15,29.5));
#18687 = VERTEX_POINT('',#18688);
#18688 = CARTESIAN_POINT('',(-313.4,242.15,74.5));
#18689 = LINE('',#18690,#18691);
#18690 = CARTESIAN_POINT('',(-313.4,242.15,29.5));
#18691 = VECTOR('',#18692,1.);
#18692 = DIRECTION('',(0.,0.,1.));
#18693 = ORIENTED_EDGE('',*,*,#18694,.T.);
#18694 = EDGE_CURVE('',#18685,#18695,#18697,.T.);
#18695 = VERTEX_POINT('',#18696);
#18696 = CARTESIAN_POINT('',(-313.4,264.15,29.5));
#18697 = LINE('',#18698,#18699);
#18698 = CARTESIAN_POINT('',(-313.4,242.15,29.5));
#18699 = VECTOR('',#18700,1.);
#18700 = DIRECTION('',(0.,1.,0.));
#18701 = ORIENTED_EDGE('',*,*,#18702,.T.);
#18702 = EDGE_CURVE('',#18695,#18703,#18705,.T.);
#18703 = VERTEX_POINT('',#18704);
#18704 = CARTESIAN_POINT('',(-313.4,264.15,74.5));
#18705 = LINE('',#18706,#18707);
#18706 = CARTESIAN_POINT('',(-313.4,264.15,29.5));
#18707 = VECTOR('',#18708,1.);
#18708 = DIRECTION('',(0.,0.,1.));
#18709 = ORIENTED_EDGE('',*,*,#18710,.F.);
#18710 = EDGE_CURVE('',#18687,#18703,#18711,.T.);
#18711 = LINE('',#18712,#18713);
#18712 = CARTESIAN_POINT('',(-313.4,242.15,74.5));
#18713 = VECTOR('',#18714,1.);
#18714 = DIRECTION('',(0.,1.,0.));
#18715 = PLANE('',#18716);
#18716 = AXIS2_PLACEMENT_3D('',#18717,#18718,#18719);
#18717 = CARTESIAN_POINT('',(-313.4,242.15,29.5));
#18718 = DIRECTION('',(1.,0.,0.));
#18719 = DIRECTION('',(0.,0.,1.));
#18720 = ADVANCED_FACE('',(#18721),#18755,.T.);
#18721 = FACE_BOUND('',#18722,.T.);
#18722 = EDGE_LOOP('',(#18723,#18733,#18741,#18749));
#18723 = ORIENTED_EDGE('',*,*,#18724,.F.);
#18724 = EDGE_CURVE('',#18725,#18727,#18729,.T.);
#18725 = VERTEX_POINT('',#18726);
#18726 = CARTESIAN_POINT('',(-308.4,242.15,29.5));
#18727 = VERTEX_POINT('',#18728);
#18728 = CARTESIAN_POINT('',(-308.4,242.15,74.5));
#18729 = LINE('',#18730,#18731);
#18730 = CARTESIAN_POINT('',(-308.4,242.15,29.5));
#18731 = VECTOR('',#18732,1.);
#18732 = DIRECTION('',(0.,0.,1.));
#18733 = ORIENTED_EDGE('',*,*,#18734,.T.);
#18734 = EDGE_CURVE('',#18725,#18735,#18737,.T.);
#18735 = VERTEX_POINT('',#18736);
#18736 = CARTESIAN_POINT('',(-308.4,264.15,29.5));
#18737 = LINE('',#18738,#18739);
#18738 = CARTESIAN_POINT('',(-308.4,242.15,29.5));
#18739 = VECTOR('',#18740,1.);
#18740 = DIRECTION('',(0.,1.,0.));
#18741 = ORIENTED_EDGE('',*,*,#18742,.T.);
#18742 = EDGE_CURVE('',#18735,#18743,#18745,.T.);
#18743 = VERTEX_POINT('',#18744);
#18744 = CARTESIAN_POINT('',(-308.4,264.15,74.5));
#18745 = LINE('',#18746,#18747);
#18746 = CARTESIAN_POINT('',(-308.4,264.15,29.5));
#18747 = VECTOR('',#18748,1.);
#18748 = DIRECTION('',(0.,0.,1.));
#18749 = ORIENTED_EDGE('',*,*,#18750,.F.);
#18750 = EDGE_CURVE('',#18727,#18743,#18751,.T.);
#18751 = LINE('',#18752,#18753);
#18752 = CARTESIAN_POINT('',(-308.4,242.15,74.5));
#18753 = VECTOR('',#18754,1.);
#18754 = DIRECTION('',(0.,1.,0.));
#18755 = PLANE('',#18756);
#18756 = AXIS2_PLACEMENT_3D('',#18757,#18758,#18759);
#18757 = CARTESIAN_POINT('',(-308.4,242.15,29.5));
#18758 = DIRECTION('',(1.,0.,0.));
#18759 = DIRECTION('',(0.,0.,1.));
#18760 = ADVANCED_FACE('',(#18761),#18777,.F.);
#18761 = FACE_BOUND('',#18762,.F.);
#18762 = EDGE_LOOP('',(#18763,#18769,#18770,#18776));
#18763 = ORIENTED_EDGE('',*,*,#18764,.F.);
#18764 = EDGE_CURVE('',#18685,#18725,#18765,.T.);
#18765 = LINE('',#18766,#18767);
#18766 = CARTESIAN_POINT('',(-313.4,242.15,29.5));
#18767 = VECTOR('',#18768,1.);
#18768 = DIRECTION('',(1.,0.,0.));
#18769 = ORIENTED_EDGE('',*,*,#18684,.T.);
#18770 = ORIENTED_EDGE('',*,*,#18771,.T.);
#18771 = EDGE_CURVE('',#18687,#18727,#18772,.T.);
#18772 = LINE('',#18773,#18774);
#18773 = CARTESIAN_POINT('',(-313.4,242.15,74.5));
#18774 = VECTOR('',#18775,1.);
#18775 = DIRECTION('',(1.,0.,0.));
#18776 = ORIENTED_EDGE('',*,*,#18724,.F.);
#18777 = PLANE('',#18778);
#18778 = AXIS2_PLACEMENT_3D('',#18779,#18780,#18781);
#18779 = CARTESIAN_POINT('',(-313.4,242.15,29.5));
#18780 = DIRECTION('',(0.,1.,0.));
#18781 = DIRECTION('',(0.,0.,1.));
#18782 = ADVANCED_FACE('',(#18783),#18799,.T.);
#18783 = FACE_BOUND('',#18784,.T.);
#18784 = EDGE_LOOP('',(#18785,#18791,#18792,#18798));
#18785 = ORIENTED_EDGE('',*,*,#18786,.F.);
#18786 = EDGE_CURVE('',#18695,#18735,#18787,.T.);
#18787 = LINE('',#18788,#18789);
#18788 = CARTESIAN_POINT('',(-313.4,264.15,29.5));
#18789 = VECTOR('',#18790,1.);
#18790 = DIRECTION('',(1.,0.,0.));
#18791 = ORIENTED_EDGE('',*,*,#18702,.T.);
#18792 = ORIENTED_EDGE('',*,*,#18793,.T.);
#18793 = EDGE_CURVE('',#18703,#18743,#18794,.T.);
#18794 = LINE('',#18795,#18796);
#18795 = CARTESIAN_POINT('',(-313.4,264.15,74.5));
#18796 = VECTOR('',#18797,1.);
#18797 = DIRECTION('',(1.,0.,0.));
#18798 = ORIENTED_EDGE('',*,*,#18742,.F.);
#18799 = PLANE('',#18800);
#18800 = AXIS2_PLACEMENT_3D('',#18801,#18802,#18803);
#18801 = CARTESIAN_POINT('',(-313.4,264.15,29.5));
#18802 = DIRECTION('',(0.,1.,0.));
#18803 = DIRECTION('',(0.,0.,1.));
#18804 = ADVANCED_FACE('',(#18805),#18811,.F.);
#18805 = FACE_BOUND('',#18806,.F.);
#18806 = EDGE_LOOP('',(#18807,#18808,#18809,#18810));
#18807 = ORIENTED_EDGE('',*,*,#18694,.F.);
#18808 = ORIENTED_EDGE('',*,*,#18764,.T.);
#18809 = ORIENTED_EDGE('',*,*,#18734,.T.);
#18810 = ORIENTED_EDGE('',*,*,#18786,.F.);
#18811 = PLANE('',#18812);
#18812 = AXIS2_PLACEMENT_3D('',#18813,#18814,#18815);
#18813 = CARTESIAN_POINT('',(-313.4,242.15,29.5));
#18814 = DIRECTION('',(0.,0.,1.));
#18815 = DIRECTION('',(1.,0.,0.));
#18816 = ADVANCED_FACE('',(#18817),#18823,.T.);
#18817 = FACE_BOUND('',#18818,.T.);
#18818 = EDGE_LOOP('',(#18819,#18820,#18821,#18822));
#18819 = ORIENTED_EDGE('',*,*,#18710,.F.);
#18820 = ORIENTED_EDGE('',*,*,#18771,.T.);
#18821 = ORIENTED_EDGE('',*,*,#18750,.T.);
#18822 = ORIENTED_EDGE('',*,*,#18793,.F.);
#18823 = PLANE('',#18824);
#18824 = AXIS2_PLACEMENT_3D('',#18825,#18826,#18827);
#18825 = CARTESIAN_POINT('',(-313.4,242.15,74.5));
#18826 = DIRECTION('',(0.,0.,1.));
#18827 = DIRECTION('',(1.,0.,0.));
#18828 = MANIFOLD_SOLID_BREP('',#18829);
#18829 = CLOSED_SHELL('',(#18830,#18870,#18910,#18932,#18954,#18966));
#18830 = ADVANCED_FACE('',(#18831),#18865,.F.);
#18831 = FACE_BOUND('',#18832,.F.);
#18832 = EDGE_LOOP('',(#18833,#18843,#18851,#18859));
#18833 = ORIENTED_EDGE('',*,*,#18834,.F.);
#18834 = EDGE_CURVE('',#18835,#18837,#18839,.T.);
#18835 = VERTEX_POINT('',#18836);
#18836 = CARTESIAN_POINT('',(-281.4,242.15,29.5));
#18837 = VERTEX_POINT('',#18838);
#18838 = CARTESIAN_POINT('',(-281.4,242.15,74.5));
#18839 = LINE('',#18840,#18841);
#18840 = CARTESIAN_POINT('',(-281.4,242.15,29.5));
#18841 = VECTOR('',#18842,1.);
#18842 = DIRECTION('',(0.,0.,1.));
#18843 = ORIENTED_EDGE('',*,*,#18844,.T.);
#18844 = EDGE_CURVE('',#18835,#18845,#18847,.T.);
#18845 = VERTEX_POINT('',#18846);
#18846 = CARTESIAN_POINT('',(-281.4,264.15,29.5));
#18847 = LINE('',#18848,#18849);
#18848 = CARTESIAN_POINT('',(-281.4,242.15,29.5));
#18849 = VECTOR('',#18850,1.);
#18850 = DIRECTION('',(0.,1.,0.));
#18851 = ORIENTED_EDGE('',*,*,#18852,.T.);
#18852 = EDGE_CURVE('',#18845,#18853,#18855,.T.);
#18853 = VERTEX_POINT('',#18854);
#18854 = CARTESIAN_POINT('',(-281.4,264.15,74.5));
#18855 = LINE('',#18856,#18857);
#18856 = CARTESIAN_POINT('',(-281.4,264.15,29.5));
#18857 = VECTOR('',#18858,1.);
#18858 = DIRECTION('',(0.,0.,1.));
#18859 = ORIENTED_EDGE('',*,*,#18860,.F.);
#18860 = EDGE_CURVE('',#18837,#18853,#18861,.T.);
#18861 = LINE('',#18862,#18863);
#18862 = CARTESIAN_POINT('',(-281.4,242.15,74.5));
#18863 = VECTOR('',#18864,1.);
#18864 = DIRECTION('',(0.,1.,0.));
#18865 = PLANE('',#18866);
#18866 = AXIS2_PLACEMENT_3D('',#18867,#18868,#18869);
#18867 = CARTESIAN_POINT('',(-281.4,242.15,29.5));
#18868 = DIRECTION('',(1.,0.,0.));
#18869 = DIRECTION('',(0.,0.,1.));
#18870 = ADVANCED_FACE('',(#18871),#18905,.T.);
#18871 = FACE_BOUND('',#18872,.T.);
#18872 = EDGE_LOOP('',(#18873,#18883,#18891,#18899));
#18873 = ORIENTED_EDGE('',*,*,#18874,.F.);
#18874 = EDGE_CURVE('',#18875,#18877,#18879,.T.);
#18875 = VERTEX_POINT('',#18876);
#18876 = CARTESIAN_POINT('',(-276.4,242.15,29.5));
#18877 = VERTEX_POINT('',#18878);
#18878 = CARTESIAN_POINT('',(-276.4,242.15,74.5));
#18879 = LINE('',#18880,#18881);
#18880 = CARTESIAN_POINT('',(-276.4,242.15,29.5));
#18881 = VECTOR('',#18882,1.);
#18882 = DIRECTION('',(0.,0.,1.));
#18883 = ORIENTED_EDGE('',*,*,#18884,.T.);
#18884 = EDGE_CURVE('',#18875,#18885,#18887,.T.);
#18885 = VERTEX_POINT('',#18886);
#18886 = CARTESIAN_POINT('',(-276.4,264.15,29.5));
#18887 = LINE('',#18888,#18889);
#18888 = CARTESIAN_POINT('',(-276.4,242.15,29.5));
#18889 = VECTOR('',#18890,1.);
#18890 = DIRECTION('',(0.,1.,0.));
#18891 = ORIENTED_EDGE('',*,*,#18892,.T.);
#18892 = EDGE_CURVE('',#18885,#18893,#18895,.T.);
#18893 = VERTEX_POINT('',#18894);
#18894 = CARTESIAN_POINT('',(-276.4,264.15,74.5));
#18895 = LINE('',#18896,#18897);
#18896 = CARTESIAN_POINT('',(-276.4,264.15,29.5));
#18897 = VECTOR('',#18898,1.);
#18898 = DIRECTION('',(0.,0.,1.));
#18899 = ORIENTED_EDGE('',*,*,#18900,.F.);
#18900 = EDGE_CURVE('',#18877,#18893,#18901,.T.);
#18901 = LINE('',#18902,#18903);
#18902 = CARTESIAN_POINT('',(-276.4,242.15,74.5));
#18903 = VECTOR('',#18904,1.);
#18904 = DIRECTION('',(0.,1.,0.));
#18905 = PLANE('',#18906);
#18906 = AXIS2_PLACEMENT_3D('',#18907,#18908,#18909);
#18907 = CARTESIAN_POINT('',(-276.4,242.15,29.5));
#18908 = DIRECTION('',(1.,0.,0.));
#18909 = DIRECTION('',(0.,0.,1.));
#18910 = ADVANCED_FACE('',(#18911),#18927,.F.);
#18911 = FACE_BOUND('',#18912,.F.);
#18912 = EDGE_LOOP('',(#18913,#18919,#18920,#18926));
#18913 = ORIENTED_EDGE('',*,*,#18914,.F.);
#18914 = EDGE_CURVE('',#18835,#18875,#18915,.T.);
#18915 = LINE('',#18916,#18917);
#18916 = CARTESIAN_POINT('',(-281.4,242.15,29.5));
#18917 = VECTOR('',#18918,1.);
#18918 = DIRECTION('',(1.,0.,0.));
#18919 = ORIENTED_EDGE('',*,*,#18834,.T.);
#18920 = ORIENTED_EDGE('',*,*,#18921,.T.);
#18921 = EDGE_CURVE('',#18837,#18877,#18922,.T.);
#18922 = LINE('',#18923,#18924);
#18923 = CARTESIAN_POINT('',(-281.4,242.15,74.5));
#18924 = VECTOR('',#18925,1.);
#18925 = DIRECTION('',(1.,0.,0.));
#18926 = ORIENTED_EDGE('',*,*,#18874,.F.);
#18927 = PLANE('',#18928);
#18928 = AXIS2_PLACEMENT_3D('',#18929,#18930,#18931);
#18929 = CARTESIAN_POINT('',(-281.4,242.15,29.5));
#18930 = DIRECTION('',(0.,1.,0.));
#18931 = DIRECTION('',(0.,0.,1.));
#18932 = ADVANCED_FACE('',(#18933),#18949,.T.);
#18933 = FACE_BOUND('',#18934,.T.);
#18934 = EDGE_LOOP('',(#18935,#18941,#18942,#18948));
#18935 = ORIENTED_EDGE('',*,*,#18936,.F.);
#18936 = EDGE_CURVE('',#18845,#18885,#18937,.T.);
#18937 = LINE('',#18938,#18939);
#18938 = CARTESIAN_POINT('',(-281.4,264.15,29.5));
#18939 = VECTOR('',#18940,1.);
#18940 = DIRECTION('',(1.,0.,0.));
#18941 = ORIENTED_EDGE('',*,*,#18852,.T.);
#18942 = ORIENTED_EDGE('',*,*,#18943,.T.);
#18943 = EDGE_CURVE('',#18853,#18893,#18944,.T.);
#18944 = LINE('',#18945,#18946);
#18945 = CARTESIAN_POINT('',(-281.4,264.15,74.5));
#18946 = VECTOR('',#18947,1.);
#18947 = DIRECTION('',(1.,0.,0.));
#18948 = ORIENTED_EDGE('',*,*,#18892,.F.);
#18949 = PLANE('',#18950);
#18950 = AXIS2_PLACEMENT_3D('',#18951,#18952,#18953);
#18951 = CARTESIAN_POINT('',(-281.4,264.15,29.5));
#18952 = DIRECTION('',(0.,1.,0.));
#18953 = DIRECTION('',(0.,0.,1.));
#18954 = ADVANCED_FACE('',(#18955),#18961,.F.);
#18955 = FACE_BOUND('',#18956,.F.);
#18956 = EDGE_LOOP('',(#18957,#18958,#18959,#18960));
#18957 = ORIENTED_EDGE('',*,*,#18844,.F.);
#18958 = ORIENTED_EDGE('',*,*,#18914,.T.);
#18959 = ORIENTED_EDGE('',*,*,#18884,.T.);
#18960 = ORIENTED_EDGE('',*,*,#18936,.F.);
#18961 = PLANE('',#18962);
#18962 = AXIS2_PLACEMENT_3D('',#18963,#18964,#18965);
#18963 = CARTESIAN_POINT('',(-281.4,242.15,29.5));
#18964 = DIRECTION('',(0.,0.,1.));
#18965 = DIRECTION('',(1.,0.,0.));
#18966 = ADVANCED_FACE('',(#18967),#18973,.T.);
#18967 = FACE_BOUND('',#18968,.T.);
#18968 = EDGE_LOOP('',(#18969,#18970,#18971,#18972));
#18969 = ORIENTED_EDGE('',*,*,#18860,.F.);
#18970 = ORIENTED_EDGE('',*,*,#18921,.T.);
#18971 = ORIENTED_EDGE('',*,*,#18900,.T.);
#18972 = ORIENTED_EDGE('',*,*,#18943,.F.);
#18973 = PLANE('',#18974);
#18974 = AXIS2_PLACEMENT_3D('',#18975,#18976,#18977);
#18975 = CARTESIAN_POINT('',(-281.4,242.15,74.5));
#18976 = DIRECTION('',(0.,0.,1.));
#18977 = DIRECTION('',(1.,0.,0.));
#18978 = MANIFOLD_SOLID_BREP('',#18979);
#18979 = CLOSED_SHELL('',(#18980,#19013,#19022));
#18980 = ADVANCED_FACE('',(#18981),#19008,.T.);
#18981 = FACE_BOUND('',#18982,.T.);
#18982 = EDGE_LOOP('',(#18983,#18992,#19000,#19007));
#18983 = ORIENTED_EDGE('',*,*,#18984,.F.);
#18984 = EDGE_CURVE('',#18985,#18985,#18987,.T.);
#18985 = VERTEX_POINT('',#18986);
#18986 = CARTESIAN_POINT('',(306.9,-253.15,64.));
#18987 = CIRCLE('',#18988,32.);
#18988 = AXIS2_PLACEMENT_3D('',#18989,#18990,#18991);
#18989 = CARTESIAN_POINT('',(306.9,-253.15,32.));
#18990 = DIRECTION('',(1.,0.,-0.));
#18991 = DIRECTION('',(0.,0.,1.));
#18992 = ORIENTED_EDGE('',*,*,#18993,.F.);
#18993 = EDGE_CURVE('',#18994,#18985,#18996,.T.);
#18994 = VERTEX_POINT('',#18995);
#18995 = CARTESIAN_POINT('',(282.9,-253.15,64.));
#18996 = LINE('',#18997,#18998);
#18997 = CARTESIAN_POINT('',(282.9,-253.15,64.));
#18998 = VECTOR('',#18999,1.);
#18999 = DIRECTION('',(1.,0.,0.));
#19000 = ORIENTED_EDGE('',*,*,#19001,.T.);
#19001 = EDGE_CURVE('',#18994,#18994,#19002,.T.);
#19002 = CIRCLE('',#19003,32.);
#19003 = AXIS2_PLACEMENT_3D('',#19004,#19005,#19006);
#19004 = CARTESIAN_POINT('',(282.9,-253.15,32.));
#19005 = DIRECTION('',(1.,0.,-0.));
#19006 = DIRECTION('',(0.,0.,1.));
#19007 = ORIENTED_EDGE('',*,*,#18993,.T.);
#19008 = CYLINDRICAL_SURFACE('',#19009,32.);
#19009 = AXIS2_PLACEMENT_3D('',#19010,#19011,#19012);
#19010 = CARTESIAN_POINT('',(282.9,-253.15,32.));
#19011 = DIRECTION('',(1.,0.,0.));
#19012 = DIRECTION('',(0.,0.,1.));
#19013 = ADVANCED_FACE('',(#19014),#19017,.T.);
#19014 = FACE_BOUND('',#19015,.T.);
#19015 = EDGE_LOOP('',(#19016));
#19016 = ORIENTED_EDGE('',*,*,#18984,.T.);
#19017 = PLANE('',#19018);
#19018 = AXIS2_PLACEMENT_3D('',#19019,#19020,#19021);
#19019 = CARTESIAN_POINT('',(306.9,-253.15,32.));
#19020 = DIRECTION('',(1.,0.,0.));
#19021 = DIRECTION('',(0.,0.,1.));
#19022 = ADVANCED_FACE('',(#19023),#19026,.F.);
#19023 = FACE_BOUND('',#19024,.T.);
#19024 = EDGE_LOOP('',(#19025));
#19025 = ORIENTED_EDGE('',*,*,#19001,.F.);
#19026 = PLANE('',#19027);
#19027 = AXIS2_PLACEMENT_3D('',#19028,#19029,#19030);
#19028 = CARTESIAN_POINT('',(282.9,-253.15,32.));
#19029 = DIRECTION('',(1.,0.,0.));
#19030 = DIRECTION('',(0.,0.,1.));
#19031 = MANIFOLD_SOLID_BREP('',#19032);
#19032 = CLOSED_SHELL('',(#19033,#19066,#19075));
#19033 = ADVANCED_FACE('',(#19034),#19061,.T.);
#19034 = FACE_BOUND('',#19035,.T.);
#19035 = EDGE_LOOP('',(#19036,#19045,#19053,#19060));
#19036 = ORIENTED_EDGE('',*,*,#19037,.F.);
#19037 = EDGE_CURVE('',#19038,#19038,#19040,.T.);
#19038 = VERTEX_POINT('',#19039);
#19039 = CARTESIAN_POINT('',(313.9,-253.15,39.));
#19040 = CIRCLE('',#19041,7.);
#19041 = AXIS2_PLACEMENT_3D('',#19042,#19043,#19044);
#19042 = CARTESIAN_POINT('',(313.9,-253.15,32.));
#19043 = DIRECTION('',(1.,0.,-0.));
#19044 = DIRECTION('',(0.,0.,1.));
#19045 = ORIENTED_EDGE('',*,*,#19046,.F.);
#19046 = EDGE_CURVE('',#19047,#19038,#19049,.T.);
#19047 = VERTEX_POINT('',#19048);
#19048 = CARTESIAN_POINT('',(275.9,-253.15,39.));
#19049 = LINE('',#19050,#19051);
#19050 = CARTESIAN_POINT('',(275.9,-253.15,39.));
#19051 = VECTOR('',#19052,1.);
#19052 = DIRECTION('',(1.,0.,0.));
#19053 = ORIENTED_EDGE('',*,*,#19054,.T.);
#19054 = EDGE_CURVE('',#19047,#19047,#19055,.T.);
#19055 = CIRCLE('',#19056,7.);
#19056 = AXIS2_PLACEMENT_3D('',#19057,#19058,#19059);
#19057 = CARTESIAN_POINT('',(275.9,-253.15,32.));
#19058 = DIRECTION('',(1.,0.,-0.));
#19059 = DIRECTION('',(0.,0.,1.));
#19060 = ORIENTED_EDGE('',*,*,#19046,.T.);
#19061 = CYLINDRICAL_SURFACE('',#19062,7.);
#19062 = AXIS2_PLACEMENT_3D('',#19063,#19064,#19065);
#19063 = CARTESIAN_POINT('',(275.9,-253.15,32.));
#19064 = DIRECTION('',(1.,0.,0.));
#19065 = DIRECTION('',(0.,0.,1.));
#19066 = ADVANCED_FACE('',(#19067),#19070,.T.);
#19067 = FACE_BOUND('',#19068,.T.);
#19068 = EDGE_LOOP('',(#19069));
#19069 = ORIENTED_EDGE('',*,*,#19037,.T.);
#19070 = PLANE('',#19071);
#19071 = AXIS2_PLACEMENT_3D('',#19072,#19073,#19074);
#19072 = CARTESIAN_POINT('',(313.9,-253.15,32.));
#19073 = DIRECTION('',(1.,0.,0.));
#19074 = DIRECTION('',(0.,0.,1.));
#19075 = ADVANCED_FACE('',(#19076),#19079,.F.);
#19076 = FACE_BOUND('',#19077,.T.);
#19077 = EDGE_LOOP('',(#19078));
#19078 = ORIENTED_EDGE('',*,*,#19054,.F.);
#19079 = PLANE('',#19080);
#19080 = AXIS2_PLACEMENT_3D('',#19081,#19082,#19083);
#19081 = CARTESIAN_POINT('',(275.9,-253.15,32.));
#19082 = DIRECTION('',(1.,0.,0.));
#19083 = DIRECTION('',(0.,0.,1.));
#19084 = MANIFOLD_SOLID_BREP('',#19085);
#19085 = CLOSED_SHELL('',(#19086,#19119,#19128));
#19086 = ADVANCED_FACE('',(#19087),#19114,.T.);
#19087 = FACE_BOUND('',#19088,.T.);
#19088 = EDGE_LOOP('',(#19089,#19098,#19106,#19113));
#19089 = ORIENTED_EDGE('',*,*,#19090,.F.);
#19090 = EDGE_CURVE('',#19091,#19091,#19093,.T.);
#19091 = VERTEX_POINT('',#19092);
#19092 = CARTESIAN_POINT('',(303.9,-253.15,87.3125));
#19093 = CIRCLE('',#19094,9.);
#19094 = AXIS2_PLACEMENT_3D('',#19095,#19096,#19097);
#19095 = CARTESIAN_POINT('',(294.9,-253.15,87.3125));
#19096 = DIRECTION('',(0.,0.,1.));
#19097 = DIRECTION('',(1.,0.,0.));
#19098 = ORIENTED_EDGE('',*,*,#19099,.F.);
#19099 = EDGE_CURVE('',#19100,#19091,#19102,.T.);
#19100 = VERTEX_POINT('',#19101);
#19101 = CARTESIAN_POINT('',(303.9,-253.15,68.));
#19102 = LINE('',#19103,#19104);
#19103 = CARTESIAN_POINT('',(303.9,-253.15,68.));
#19104 = VECTOR('',#19105,1.);
#19105 = DIRECTION('',(0.,0.,1.));
#19106 = ORIENTED_EDGE('',*,*,#19107,.T.);
#19107 = EDGE_CURVE('',#19100,#19100,#19108,.T.);
#19108 = CIRCLE('',#19109,9.);
#19109 = AXIS2_PLACEMENT_3D('',#19110,#19111,#19112);
#19110 = CARTESIAN_POINT('',(294.9,-253.15,68.));
#19111 = DIRECTION('',(0.,0.,1.));
#19112 = DIRECTION('',(1.,0.,0.));
#19113 = ORIENTED_EDGE('',*,*,#19099,.T.);
#19114 = CYLINDRICAL_SURFACE('',#19115,9.);
#19115 = AXIS2_PLACEMENT_3D('',#19116,#19117,#19118);
#19116 = CARTESIAN_POINT('',(294.9,-253.15,68.));
#19117 = DIRECTION('',(0.,0.,1.));
#19118 = DIRECTION('',(1.,0.,0.));
#19119 = ADVANCED_FACE('',(#19120),#19123,.T.);
#19120 = FACE_BOUND('',#19121,.T.);
#19121 = EDGE_LOOP('',(#19122));
#19122 = ORIENTED_EDGE('',*,*,#19090,.T.);
#19123 = PLANE('',#19124);
#19124 = AXIS2_PLACEMENT_3D('',#19125,#19126,#19127);
#19125 = CARTESIAN_POINT('',(294.9,-253.15,87.3125));
#19126 = DIRECTION('',(0.,0.,1.));
#19127 = DIRECTION('',(1.,0.,0.));
#19128 = ADVANCED_FACE('',(#19129),#19132,.F.);
#19129 = FACE_BOUND('',#19130,.T.);
#19130 = EDGE_LOOP('',(#19131));
#19131 = ORIENTED_EDGE('',*,*,#19107,.F.);
#19132 = PLANE('',#19133);
#19133 = AXIS2_PLACEMENT_3D('',#19134,#19135,#19136);
#19134 = CARTESIAN_POINT('',(294.9,-253.15,68.));
#19135 = DIRECTION('',(0.,0.,1.));
#19136 = DIRECTION('',(1.,0.,0.));
#19137 = MANIFOLD_SOLID_BREP('',#19138);
#19138 = CLOSED_SHELL('',(#19139,#19179,#19219,#19241,#19263,#19275));
#19139 = ADVANCED_FACE('',(#19140),#19174,.F.);
#19140 = FACE_BOUND('',#19141,.F.);
#19141 = EDGE_LOOP('',(#19142,#19152,#19160,#19168));
#19142 = ORIENTED_EDGE('',*,*,#19143,.F.);
#19143 = EDGE_CURVE('',#19144,#19146,#19148,.T.);
#19144 = VERTEX_POINT('',#19145);
#19145 = CARTESIAN_POINT('',(272.4,-274.15,81.3125));
#19146 = VERTEX_POINT('',#19147);
#19147 = CARTESIAN_POINT('',(272.4,-274.15,87.3125));
#19148 = LINE('',#19149,#19150);
#19149 = CARTESIAN_POINT('',(272.4,-274.15,81.3125));
#19150 = VECTOR('',#19151,1.);
#19151 = DIRECTION('',(0.,0.,1.));
#19152 = ORIENTED_EDGE('',*,*,#19153,.T.);
#19153 = EDGE_CURVE('',#19144,#19154,#19156,.T.);
#19154 = VERTEX_POINT('',#19155);
#19155 = CARTESIAN_POINT('',(272.4,-232.15,81.3125));
#19156 = LINE('',#19157,#19158);
#19157 = CARTESIAN_POINT('',(272.4,-274.15,81.3125));
#19158 = VECTOR('',#19159,1.);
#19159 = DIRECTION('',(0.,1.,0.));
#19160 = ORIENTED_EDGE('',*,*,#19161,.T.);
#19161 = EDGE_CURVE('',#19154,#19162,#19164,.T.);
#19162 = VERTEX_POINT('',#19163);
#19163 = CARTESIAN_POINT('',(272.4,-232.15,87.3125));
#19164 = LINE('',#19165,#19166);
#19165 = CARTESIAN_POINT('',(272.4,-232.15,81.3125));
#19166 = VECTOR('',#19167,1.);
#19167 = DIRECTION('',(0.,0.,1.));
#19168 = ORIENTED_EDGE('',*,*,#19169,.F.);
#19169 = EDGE_CURVE('',#19146,#19162,#19170,.T.);
#19170 = LINE('',#19171,#19172);
#19171 = CARTESIAN_POINT('',(272.4,-274.15,87.3125));
#19172 = VECTOR('',#19173,1.);
#19173 = DIRECTION('',(0.,1.,0.));
#19174 = PLANE('',#19175);
#19175 = AXIS2_PLACEMENT_3D('',#19176,#19177,#19178);
#19176 = CARTESIAN_POINT('',(272.4,-274.15,81.3125));
#19177 = DIRECTION('',(1.,0.,0.));
#19178 = DIRECTION('',(0.,0.,1.));
#19179 = ADVANCED_FACE('',(#19180),#19214,.T.);
#19180 = FACE_BOUND('',#19181,.T.);
#19181 = EDGE_LOOP('',(#19182,#19192,#19200,#19208));
#19182 = ORIENTED_EDGE('',*,*,#19183,.F.);
#19183 = EDGE_CURVE('',#19184,#19186,#19188,.T.);
#19184 = VERTEX_POINT('',#19185);
#19185 = CARTESIAN_POINT('',(317.4,-274.15,81.3125));
#19186 = VERTEX_POINT('',#19187);
#19187 = CARTESIAN_POINT('',(317.4,-274.15,87.3125));
#19188 = LINE('',#19189,#19190);
#19189 = CARTESIAN_POINT('',(317.4,-274.15,81.3125));
#19190 = VECTOR('',#19191,1.);
#19191 = DIRECTION('',(0.,0.,1.));
#19192 = ORIENTED_EDGE('',*,*,#19193,.T.);
#19193 = EDGE_CURVE('',#19184,#19194,#19196,.T.);
#19194 = VERTEX_POINT('',#19195);
#19195 = CARTESIAN_POINT('',(317.4,-232.15,81.3125));
#19196 = LINE('',#19197,#19198);
#19197 = CARTESIAN_POINT('',(317.4,-274.15,81.3125));
#19198 = VECTOR('',#19199,1.);
#19199 = DIRECTION('',(0.,1.,0.));
#19200 = ORIENTED_EDGE('',*,*,#19201,.T.);
#19201 = EDGE_CURVE('',#19194,#19202,#19204,.T.);
#19202 = VERTEX_POINT('',#19203);
#19203 = CARTESIAN_POINT('',(317.4,-232.15,87.3125));
#19204 = LINE('',#19205,#19206);
#19205 = CARTESIAN_POINT('',(317.4,-232.15,81.3125));
#19206 = VECTOR('',#19207,1.);
#19207 = DIRECTION('',(0.,0.,1.));
#19208 = ORIENTED_EDGE('',*,*,#19209,.F.);
#19209 = EDGE_CURVE('',#19186,#19202,#19210,.T.);
#19210 = LINE('',#19211,#19212);
#19211 = CARTESIAN_POINT('',(317.4,-274.15,87.3125));
#19212 = VECTOR('',#19213,1.);
#19213 = DIRECTION('',(0.,1.,0.));
#19214 = PLANE('',#19215);
#19215 = AXIS2_PLACEMENT_3D('',#19216,#19217,#19218);
#19216 = CARTESIAN_POINT('',(317.4,-274.15,81.3125));
#19217 = DIRECTION('',(1.,0.,0.));
#19218 = DIRECTION('',(0.,0.,1.));
#19219 = ADVANCED_FACE('',(#19220),#19236,.F.);
#19220 = FACE_BOUND('',#19221,.F.);
#19221 = EDGE_LOOP('',(#19222,#19228,#19229,#19235));
#19222 = ORIENTED_EDGE('',*,*,#19223,.F.);
#19223 = EDGE_CURVE('',#19144,#19184,#19224,.T.);
#19224 = LINE('',#19225,#19226);
#19225 = CARTESIAN_POINT('',(272.4,-274.15,81.3125));
#19226 = VECTOR('',#19227,1.);
#19227 = DIRECTION('',(1.,0.,0.));
#19228 = ORIENTED_EDGE('',*,*,#19143,.T.);
#19229 = ORIENTED_EDGE('',*,*,#19230,.T.);
#19230 = EDGE_CURVE('',#19146,#19186,#19231,.T.);
#19231 = LINE('',#19232,#19233);
#19232 = CARTESIAN_POINT('',(272.4,-274.15,87.3125));
#19233 = VECTOR('',#19234,1.);
#19234 = DIRECTION('',(1.,0.,0.));
#19235 = ORIENTED_EDGE('',*,*,#19183,.F.);
#19236 = PLANE('',#19237);
#19237 = AXIS2_PLACEMENT_3D('',#19238,#19239,#19240);
#19238 = CARTESIAN_POINT('',(272.4,-274.15,81.3125));
#19239 = DIRECTION('',(0.,1.,0.));
#19240 = DIRECTION('',(0.,0.,1.));
#19241 = ADVANCED_FACE('',(#19242),#19258,.T.);
#19242 = FACE_BOUND('',#19243,.T.);
#19243 = EDGE_LOOP('',(#19244,#19250,#19251,#19257));
#19244 = ORIENTED_EDGE('',*,*,#19245,.F.);
#19245 = EDGE_CURVE('',#19154,#19194,#19246,.T.);
#19246 = LINE('',#19247,#19248);
#19247 = CARTESIAN_POINT('',(272.4,-232.15,81.3125));
#19248 = VECTOR('',#19249,1.);
#19249 = DIRECTION('',(1.,0.,0.));
#19250 = ORIENTED_EDGE('',*,*,#19161,.T.);
#19251 = ORIENTED_EDGE('',*,*,#19252,.T.);
#19252 = EDGE_CURVE('',#19162,#19202,#19253,.T.);
#19253 = LINE('',#19254,#19255);
#19254 = CARTESIAN_POINT('',(272.4,-232.15,87.3125));
#19255 = VECTOR('',#19256,1.);
#19256 = DIRECTION('',(1.,0.,0.));
#19257 = ORIENTED_EDGE('',*,*,#19201,.F.);
#19258 = PLANE('',#19259);
#19259 = AXIS2_PLACEMENT_3D('',#19260,#19261,#19262);
#19260 = CARTESIAN_POINT('',(272.4,-232.15,81.3125));
#19261 = DIRECTION('',(0.,1.,0.));
#19262 = DIRECTION('',(0.,0.,1.));
#19263 = ADVANCED_FACE('',(#19264),#19270,.F.);
#19264 = FACE_BOUND('',#19265,.F.);
#19265 = EDGE_LOOP('',(#19266,#19267,#19268,#19269));
#19266 = ORIENTED_EDGE('',*,*,#19153,.F.);
#19267 = ORIENTED_EDGE('',*,*,#19223,.T.);
#19268 = ORIENTED_EDGE('',*,*,#19193,.T.);
#19269 = ORIENTED_EDGE('',*,*,#19245,.F.);
#19270 = PLANE('',#19271);
#19271 = AXIS2_PLACEMENT_3D('',#19272,#19273,#19274);
#19272 = CARTESIAN_POINT('',(272.4,-274.15,81.3125));
#19273 = DIRECTION('',(0.,0.,1.));
#19274 = DIRECTION('',(1.,0.,0.));
#19275 = ADVANCED_FACE('',(#19276),#19282,.T.);
#19276 = FACE_BOUND('',#19277,.T.);
#19277 = EDGE_LOOP('',(#19278,#19279,#19280,#19281));
#19278 = ORIENTED_EDGE('',*,*,#19169,.F.);
#19279 = ORIENTED_EDGE('',*,*,#19230,.T.);
#19280 = ORIENTED_EDGE('',*,*,#19209,.T.);
#19281 = ORIENTED_EDGE('',*,*,#19252,.F.);
#19282 = PLANE('',#19283);
#19283 = AXIS2_PLACEMENT_3D('',#19284,#19285,#19286);
#19284 = CARTESIAN_POINT('',(272.4,-274.15,87.3125));
#19285 = DIRECTION('',(0.,0.,1.));
#19286 = DIRECTION('',(1.,0.,0.));
#19287 = MANIFOLD_SOLID_BREP('',#19288);
#19288 = CLOSED_SHELL('',(#19289,#19329,#19369,#19391,#19413,#19425));
#19289 = ADVANCED_FACE('',(#19290),#19324,.F.);
#19290 = FACE_BOUND('',#19291,.F.);
#19291 = EDGE_LOOP('',(#19292,#19302,#19310,#19318));
#19292 = ORIENTED_EDGE('',*,*,#19293,.F.);
#19293 = EDGE_CURVE('',#19294,#19296,#19298,.T.);
#19294 = VERTEX_POINT('',#19295);
#19295 = CARTESIAN_POINT('',(276.4,-264.15,29.5));
#19296 = VERTEX_POINT('',#19297);
#19297 = CARTESIAN_POINT('',(276.4,-264.15,74.5));
#19298 = LINE('',#19299,#19300);
#19299 = CARTESIAN_POINT('',(276.4,-264.15,29.5));
#19300 = VECTOR('',#19301,1.);
#19301 = DIRECTION('',(0.,0.,1.));
#19302 = ORIENTED_EDGE('',*,*,#19303,.T.);
#19303 = EDGE_CURVE('',#19294,#19304,#19306,.T.);
#19304 = VERTEX_POINT('',#19305);
#19305 = CARTESIAN_POINT('',(276.4,-242.15,29.5));
#19306 = LINE('',#19307,#19308);
#19307 = CARTESIAN_POINT('',(276.4,-264.15,29.5));
#19308 = VECTOR('',#19309,1.);
#19309 = DIRECTION('',(0.,1.,0.));
#19310 = ORIENTED_EDGE('',*,*,#19311,.T.);
#19311 = EDGE_CURVE('',#19304,#19312,#19314,.T.);
#19312 = VERTEX_POINT('',#19313);
#19313 = CARTESIAN_POINT('',(276.4,-242.15,74.5));
#19314 = LINE('',#19315,#19316);
#19315 = CARTESIAN_POINT('',(276.4,-242.15,29.5));
#19316 = VECTOR('',#19317,1.);
#19317 = DIRECTION('',(0.,0.,1.));
#19318 = ORIENTED_EDGE('',*,*,#19319,.F.);
#19319 = EDGE_CURVE('',#19296,#19312,#19320,.T.);
#19320 = LINE('',#19321,#19322);
#19321 = CARTESIAN_POINT('',(276.4,-264.15,74.5));
#19322 = VECTOR('',#19323,1.);
#19323 = DIRECTION('',(0.,1.,0.));
#19324 = PLANE('',#19325);
#19325 = AXIS2_PLACEMENT_3D('',#19326,#19327,#19328);
#19326 = CARTESIAN_POINT('',(276.4,-264.15,29.5));
#19327 = DIRECTION('',(1.,0.,0.));
#19328 = DIRECTION('',(0.,0.,1.));
#19329 = ADVANCED_FACE('',(#19330),#19364,.T.);
#19330 = FACE_BOUND('',#19331,.T.);
#19331 = EDGE_LOOP('',(#19332,#19342,#19350,#19358));
#19332 = ORIENTED_EDGE('',*,*,#19333,.F.);
#19333 = EDGE_CURVE('',#19334,#19336,#19338,.T.);
#19334 = VERTEX_POINT('',#19335);
#19335 = CARTESIAN_POINT('',(281.4,-264.15,29.5));
#19336 = VERTEX_POINT('',#19337);
#19337 = CARTESIAN_POINT('',(281.4,-264.15,74.5));
#19338 = LINE('',#19339,#19340);
#19339 = CARTESIAN_POINT('',(281.4,-264.15,29.5));
#19340 = VECTOR('',#19341,1.);
#19341 = DIRECTION('',(0.,0.,1.));
#19342 = ORIENTED_EDGE('',*,*,#19343,.T.);
#19343 = EDGE_CURVE('',#19334,#19344,#19346,.T.);
#19344 = VERTEX_POINT('',#19345);
#19345 = CARTESIAN_POINT('',(281.4,-242.15,29.5));
#19346 = LINE('',#19347,#19348);
#19347 = CARTESIAN_POINT('',(281.4,-264.15,29.5));
#19348 = VECTOR('',#19349,1.);
#19349 = DIRECTION('',(0.,1.,0.));
#19350 = ORIENTED_EDGE('',*,*,#19351,.T.);
#19351 = EDGE_CURVE('',#19344,#19352,#19354,.T.);
#19352 = VERTEX_POINT('',#19353);
#19353 = CARTESIAN_POINT('',(281.4,-242.15,74.5));
#19354 = LINE('',#19355,#19356);
#19355 = CARTESIAN_POINT('',(281.4,-242.15,29.5));
#19356 = VECTOR('',#19357,1.);
#19357 = DIRECTION('',(0.,0.,1.));
#19358 = ORIENTED_EDGE('',*,*,#19359,.F.);
#19359 = EDGE_CURVE('',#19336,#19352,#19360,.T.);
#19360 = LINE('',#19361,#19362);
#19361 = CARTESIAN_POINT('',(281.4,-264.15,74.5));
#19362 = VECTOR('',#19363,1.);
#19363 = DIRECTION('',(0.,1.,0.));
#19364 = PLANE('',#19365);
#19365 = AXIS2_PLACEMENT_3D('',#19366,#19367,#19368);
#19366 = CARTESIAN_POINT('',(281.4,-264.15,29.5));
#19367 = DIRECTION('',(1.,0.,0.));
#19368 = DIRECTION('',(0.,0.,1.));
#19369 = ADVANCED_FACE('',(#19370),#19386,.F.);
#19370 = FACE_BOUND('',#19371,.F.);
#19371 = EDGE_LOOP('',(#19372,#19378,#19379,#19385));
#19372 = ORIENTED_EDGE('',*,*,#19373,.F.);
#19373 = EDGE_CURVE('',#19294,#19334,#19374,.T.);
#19374 = LINE('',#19375,#19376);
#19375 = CARTESIAN_POINT('',(276.4,-264.15,29.5));
#19376 = VECTOR('',#19377,1.);
#19377 = DIRECTION('',(1.,0.,0.));
#19378 = ORIENTED_EDGE('',*,*,#19293,.T.);
#19379 = ORIENTED_EDGE('',*,*,#19380,.T.);
#19380 = EDGE_CURVE('',#19296,#19336,#19381,.T.);
#19381 = LINE('',#19382,#19383);
#19382 = CARTESIAN_POINT('',(276.4,-264.15,74.5));
#19383 = VECTOR('',#19384,1.);
#19384 = DIRECTION('',(1.,0.,0.));
#19385 = ORIENTED_EDGE('',*,*,#19333,.F.);
#19386 = PLANE('',#19387);
#19387 = AXIS2_PLACEMENT_3D('',#19388,#19389,#19390);
#19388 = CARTESIAN_POINT('',(276.4,-264.15,29.5));
#19389 = DIRECTION('',(0.,1.,0.));
#19390 = DIRECTION('',(0.,0.,1.));
#19391 = ADVANCED_FACE('',(#19392),#19408,.T.);
#19392 = FACE_BOUND('',#19393,.T.);
#19393 = EDGE_LOOP('',(#19394,#19400,#19401,#19407));
#19394 = ORIENTED_EDGE('',*,*,#19395,.F.);
#19395 = EDGE_CURVE('',#19304,#19344,#19396,.T.);
#19396 = LINE('',#19397,#19398);
#19397 = CARTESIAN_POINT('',(276.4,-242.15,29.5));
#19398 = VECTOR('',#19399,1.);
#19399 = DIRECTION('',(1.,0.,0.));
#19400 = ORIENTED_EDGE('',*,*,#19311,.T.);
#19401 = ORIENTED_EDGE('',*,*,#19402,.T.);
#19402 = EDGE_CURVE('',#19312,#19352,#19403,.T.);
#19403 = LINE('',#19404,#19405);
#19404 = CARTESIAN_POINT('',(276.4,-242.15,74.5));
#19405 = VECTOR('',#19406,1.);
#19406 = DIRECTION('',(1.,0.,0.));
#19407 = ORIENTED_EDGE('',*,*,#19351,.F.);
#19408 = PLANE('',#19409);
#19409 = AXIS2_PLACEMENT_3D('',#19410,#19411,#19412);
#19410 = CARTESIAN_POINT('',(276.4,-242.15,29.5));
#19411 = DIRECTION('',(0.,1.,0.));
#19412 = DIRECTION('',(0.,0.,1.));
#19413 = ADVANCED_FACE('',(#19414),#19420,.F.);
#19414 = FACE_BOUND('',#19415,.F.);
#19415 = EDGE_LOOP('',(#19416,#19417,#19418,#19419));
#19416 = ORIENTED_EDGE('',*,*,#19303,.F.);
#19417 = ORIENTED_EDGE('',*,*,#19373,.T.);
#19418 = ORIENTED_EDGE('',*,*,#19343,.T.);
#19419 = ORIENTED_EDGE('',*,*,#19395,.F.);
#19420 = PLANE('',#19421);
#19421 = AXIS2_PLACEMENT_3D('',#19422,#19423,#19424);
#19422 = CARTESIAN_POINT('',(276.4,-264.15,29.5));
#19423 = DIRECTION('',(0.,0.,1.));
#19424 = DIRECTION('',(1.,0.,0.));
#19425 = ADVANCED_FACE('',(#19426),#19432,.T.);
#19426 = FACE_BOUND('',#19427,.T.);
#19427 = EDGE_LOOP('',(#19428,#19429,#19430,#19431));
#19428 = ORIENTED_EDGE('',*,*,#19319,.F.);
#19429 = ORIENTED_EDGE('',*,*,#19380,.T.);
#19430 = ORIENTED_EDGE('',*,*,#19359,.T.);
#19431 = ORIENTED_EDGE('',*,*,#19402,.F.);
#19432 = PLANE('',#19433);
#19433 = AXIS2_PLACEMENT_3D('',#19434,#19435,#19436);
#19434 = CARTESIAN_POINT('',(276.4,-264.15,74.5));
#19435 = DIRECTION('',(0.,0.,1.));
#19436 = DIRECTION('',(1.,0.,0.));
#19437 = MANIFOLD_SOLID_BREP('',#19438);
#19438 = CLOSED_SHELL('',(#19439,#19479,#19519,#19541,#19563,#19575));
#19439 = ADVANCED_FACE('',(#19440),#19474,.F.);
#19440 = FACE_BOUND('',#19441,.F.);
#19441 = EDGE_LOOP('',(#19442,#19452,#19460,#19468));
#19442 = ORIENTED_EDGE('',*,*,#19443,.F.);
#19443 = EDGE_CURVE('',#19444,#19446,#19448,.T.);
#19444 = VERTEX_POINT('',#19445);
#19445 = CARTESIAN_POINT('',(308.4,-264.15,29.5));
#19446 = VERTEX_POINT('',#19447);
#19447 = CARTESIAN_POINT('',(308.4,-264.15,74.5));
#19448 = LINE('',#19449,#19450);
#19449 = CARTESIAN_POINT('',(308.4,-264.15,29.5));
#19450 = VECTOR('',#19451,1.);
#19451 = DIRECTION('',(0.,0.,1.));
#19452 = ORIENTED_EDGE('',*,*,#19453,.T.);
#19453 = EDGE_CURVE('',#19444,#19454,#19456,.T.);
#19454 = VERTEX_POINT('',#19455);
#19455 = CARTESIAN_POINT('',(308.4,-242.15,29.5));
#19456 = LINE('',#19457,#19458);
#19457 = CARTESIAN_POINT('',(308.4,-264.15,29.5));
#19458 = VECTOR('',#19459,1.);
#19459 = DIRECTION('',(0.,1.,0.));
#19460 = ORIENTED_EDGE('',*,*,#19461,.T.);
#19461 = EDGE_CURVE('',#19454,#19462,#19464,.T.);
#19462 = VERTEX_POINT('',#19463);
#19463 = CARTESIAN_POINT('',(308.4,-242.15,74.5));
#19464 = LINE('',#19465,#19466);
#19465 = CARTESIAN_POINT('',(308.4,-242.15,29.5));
#19466 = VECTOR('',#19467,1.);
#19467 = DIRECTION('',(0.,0.,1.));
#19468 = ORIENTED_EDGE('',*,*,#19469,.F.);
#19469 = EDGE_CURVE('',#19446,#19462,#19470,.T.);
#19470 = LINE('',#19471,#19472);
#19471 = CARTESIAN_POINT('',(308.4,-264.15,74.5));
#19472 = VECTOR('',#19473,1.);
#19473 = DIRECTION('',(0.,1.,0.));
#19474 = PLANE('',#19475);
#19475 = AXIS2_PLACEMENT_3D('',#19476,#19477,#19478);
#19476 = CARTESIAN_POINT('',(308.4,-264.15,29.5));
#19477 = DIRECTION('',(1.,0.,0.));
#19478 = DIRECTION('',(0.,0.,1.));
#19479 = ADVANCED_FACE('',(#19480),#19514,.T.);
#19480 = FACE_BOUND('',#19481,.T.);
#19481 = EDGE_LOOP('',(#19482,#19492,#19500,#19508));
#19482 = ORIENTED_EDGE('',*,*,#19483,.F.);
#19483 = EDGE_CURVE('',#19484,#19486,#19488,.T.);
#19484 = VERTEX_POINT('',#19485);
#19485 = CARTESIAN_POINT('',(313.4,-264.15,29.5));
#19486 = VERTEX_POINT('',#19487);
#19487 = CARTESIAN_POINT('',(313.4,-264.15,74.5));
#19488 = LINE('',#19489,#19490);
#19489 = CARTESIAN_POINT('',(313.4,-264.15,29.5));
#19490 = VECTOR('',#19491,1.);
#19491 = DIRECTION('',(0.,0.,1.));
#19492 = ORIENTED_EDGE('',*,*,#19493,.T.);
#19493 = EDGE_CURVE('',#19484,#19494,#19496,.T.);
#19494 = VERTEX_POINT('',#19495);
#19495 = CARTESIAN_POINT('',(313.4,-242.15,29.5));
#19496 = LINE('',#19497,#19498);
#19497 = CARTESIAN_POINT('',(313.4,-264.15,29.5));
#19498 = VECTOR('',#19499,1.);
#19499 = DIRECTION('',(0.,1.,0.));
#19500 = ORIENTED_EDGE('',*,*,#19501,.T.);
#19501 = EDGE_CURVE('',#19494,#19502,#19504,.T.);
#19502 = VERTEX_POINT('',#19503);
#19503 = CARTESIAN_POINT('',(313.4,-242.15,74.5));
#19504 = LINE('',#19505,#19506);
#19505 = CARTESIAN_POINT('',(313.4,-242.15,29.5));
#19506 = VECTOR('',#19507,1.);
#19507 = DIRECTION('',(0.,0.,1.));
#19508 = ORIENTED_EDGE('',*,*,#19509,.F.);
#19509 = EDGE_CURVE('',#19486,#19502,#19510,.T.);
#19510 = LINE('',#19511,#19512);
#19511 = CARTESIAN_POINT('',(313.4,-264.15,74.5));
#19512 = VECTOR('',#19513,1.);
#19513 = DIRECTION('',(0.,1.,0.));
#19514 = PLANE('',#19515);
#19515 = AXIS2_PLACEMENT_3D('',#19516,#19517,#19518);
#19516 = CARTESIAN_POINT('',(313.4,-264.15,29.5));
#19517 = DIRECTION('',(1.,0.,0.));
#19518 = DIRECTION('',(0.,0.,1.));
#19519 = ADVANCED_FACE('',(#19520),#19536,.F.);
#19520 = FACE_BOUND('',#19521,.F.);
#19521 = EDGE_LOOP('',(#19522,#19528,#19529,#19535));
#19522 = ORIENTED_EDGE('',*,*,#19523,.F.);
#19523 = EDGE_CURVE('',#19444,#19484,#19524,.T.);
#19524 = LINE('',#19525,#19526);
#19525 = CARTESIAN_POINT('',(308.4,-264.15,29.5));
#19526 = VECTOR('',#19527,1.);
#19527 = DIRECTION('',(1.,0.,0.));
#19528 = ORIENTED_EDGE('',*,*,#19443,.T.);
#19529 = ORIENTED_EDGE('',*,*,#19530,.T.);
#19530 = EDGE_CURVE('',#19446,#19486,#19531,.T.);
#19531 = LINE('',#19532,#19533);
#19532 = CARTESIAN_POINT('',(308.4,-264.15,74.5));
#19533 = VECTOR('',#19534,1.);
#19534 = DIRECTION('',(1.,0.,0.));
#19535 = ORIENTED_EDGE('',*,*,#19483,.F.);
#19536 = PLANE('',#19537);
#19537 = AXIS2_PLACEMENT_3D('',#19538,#19539,#19540);
#19538 = CARTESIAN_POINT('',(308.4,-264.15,29.5));
#19539 = DIRECTION('',(0.,1.,0.));
#19540 = DIRECTION('',(0.,0.,1.));
#19541 = ADVANCED_FACE('',(#19542),#19558,.T.);
#19542 = FACE_BOUND('',#19543,.T.);
#19543 = EDGE_LOOP('',(#19544,#19550,#19551,#19557));
#19544 = ORIENTED_EDGE('',*,*,#19545,.F.);
#19545 = EDGE_CURVE('',#19454,#19494,#19546,.T.);
#19546 = LINE('',#19547,#19548);
#19547 = CARTESIAN_POINT('',(308.4,-242.15,29.5));
#19548 = VECTOR('',#19549,1.);
#19549 = DIRECTION('',(1.,0.,0.));
#19550 = ORIENTED_EDGE('',*,*,#19461,.T.);
#19551 = ORIENTED_EDGE('',*,*,#19552,.T.);
#19552 = EDGE_CURVE('',#19462,#19502,#19553,.T.);
#19553 = LINE('',#19554,#19555);
#19554 = CARTESIAN_POINT('',(308.4,-242.15,74.5));
#19555 = VECTOR('',#19556,1.);
#19556 = DIRECTION('',(1.,0.,0.));
#19557 = ORIENTED_EDGE('',*,*,#19501,.F.);
#19558 = PLANE('',#19559);
#19559 = AXIS2_PLACEMENT_3D('',#19560,#19561,#19562);
#19560 = CARTESIAN_POINT('',(308.4,-242.15,29.5));
#19561 = DIRECTION('',(0.,1.,0.));
#19562 = DIRECTION('',(0.,0.,1.));
#19563 = ADVANCED_FACE('',(#19564),#19570,.F.);
#19564 = FACE_BOUND('',#19565,.F.);
#19565 = EDGE_LOOP('',(#19566,#19567,#19568,#19569));
#19566 = ORIENTED_EDGE('',*,*,#19453,.F.);
#19567 = ORIENTED_EDGE('',*,*,#19523,.T.);
#19568 = ORIENTED_EDGE('',*,*,#19493,.T.);
#19569 = ORIENTED_EDGE('',*,*,#19545,.F.);
#19570 = PLANE('',#19571);
#19571 = AXIS2_PLACEMENT_3D('',#19572,#19573,#19574);
#19572 = CARTESIAN_POINT('',(308.4,-264.15,29.5));
#19573 = DIRECTION('',(0.,0.,1.));
#19574 = DIRECTION('',(1.,0.,0.));
#19575 = ADVANCED_FACE('',(#19576),#19582,.T.);
#19576 = FACE_BOUND('',#19577,.T.);
#19577 = EDGE_LOOP('',(#19578,#19579,#19580,#19581));
#19578 = ORIENTED_EDGE('',*,*,#19469,.F.);
#19579 = ORIENTED_EDGE('',*,*,#19530,.T.);
#19580 = ORIENTED_EDGE('',*,*,#19509,.T.);
#19581 = ORIENTED_EDGE('',*,*,#19552,.F.);
#19582 = PLANE('',#19583);
#19583 = AXIS2_PLACEMENT_3D('',#19584,#19585,#19586);
#19584 = CARTESIAN_POINT('',(308.4,-264.15,74.5));
#19585 = DIRECTION('',(0.,0.,1.));
#19586 = DIRECTION('',(1.,0.,0.));
#19587 = MANIFOLD_SOLID_BREP('',#19588);
#19588 = CLOSED_SHELL('',(#19589,#19622,#19631));
#19589 = ADVANCED_FACE('',(#19590),#19617,.T.);
#19590 = FACE_BOUND('',#19591,.T.);
#19591 = EDGE_LOOP('',(#19592,#19601,#19609,#19616));
#19592 = ORIENTED_EDGE('',*,*,#19593,.F.);
#19593 = EDGE_CURVE('',#19594,#19594,#19596,.T.);
#19594 = VERTEX_POINT('',#19595);
#19595 = CARTESIAN_POINT('',(306.9,253.15,64.));
#19596 = CIRCLE('',#19597,32.);
#19597 = AXIS2_PLACEMENT_3D('',#19598,#19599,#19600);
#19598 = CARTESIAN_POINT('',(306.9,253.15,32.));
#19599 = DIRECTION('',(1.,0.,-0.));
#19600 = DIRECTION('',(0.,0.,1.));
#19601 = ORIENTED_EDGE('',*,*,#19602,.F.);
#19602 = EDGE_CURVE('',#19603,#19594,#19605,.T.);
#19603 = VERTEX_POINT('',#19604);
#19604 = CARTESIAN_POINT('',(282.9,253.15,64.));
#19605 = LINE('',#19606,#19607);
#19606 = CARTESIAN_POINT('',(282.9,253.15,64.));
#19607 = VECTOR('',#19608,1.);
#19608 = DIRECTION('',(1.,0.,0.));
#19609 = ORIENTED_EDGE('',*,*,#19610,.T.);
#19610 = EDGE_CURVE('',#19603,#19603,#19611,.T.);
#19611 = CIRCLE('',#19612,32.);
#19612 = AXIS2_PLACEMENT_3D('',#19613,#19614,#19615);
#19613 = CARTESIAN_POINT('',(282.9,253.15,32.));
#19614 = DIRECTION('',(1.,0.,-0.));
#19615 = DIRECTION('',(0.,0.,1.));
#19616 = ORIENTED_EDGE('',*,*,#19602,.T.);
#19617 = CYLINDRICAL_SURFACE('',#19618,32.);
#19618 = AXIS2_PLACEMENT_3D('',#19619,#19620,#19621);
#19619 = CARTESIAN_POINT('',(282.9,253.15,32.));
#19620 = DIRECTION('',(1.,0.,0.));
#19621 = DIRECTION('',(0.,0.,1.));
#19622 = ADVANCED_FACE('',(#19623),#19626,.T.);
#19623 = FACE_BOUND('',#19624,.T.);
#19624 = EDGE_LOOP('',(#19625));
#19625 = ORIENTED_EDGE('',*,*,#19593,.T.);
#19626 = PLANE('',#19627);
#19627 = AXIS2_PLACEMENT_3D('',#19628,#19629,#19630);
#19628 = CARTESIAN_POINT('',(306.9,253.15,32.));
#19629 = DIRECTION('',(1.,0.,0.));
#19630 = DIRECTION('',(0.,0.,1.));
#19631 = ADVANCED_FACE('',(#19632),#19635,.F.);
#19632 = FACE_BOUND('',#19633,.T.);
#19633 = EDGE_LOOP('',(#19634));
#19634 = ORIENTED_EDGE('',*,*,#19610,.F.);
#19635 = PLANE('',#19636);
#19636 = AXIS2_PLACEMENT_3D('',#19637,#19638,#19639);
#19637 = CARTESIAN_POINT('',(282.9,253.15,32.));
#19638 = DIRECTION('',(1.,0.,0.));
#19639 = DIRECTION('',(0.,0.,1.));
#19640 = MANIFOLD_SOLID_BREP('',#19641);
#19641 = CLOSED_SHELL('',(#19642,#19675,#19684));
#19642 = ADVANCED_FACE('',(#19643),#19670,.T.);
#19643 = FACE_BOUND('',#19644,.T.);
#19644 = EDGE_LOOP('',(#19645,#19654,#19662,#19669));
#19645 = ORIENTED_EDGE('',*,*,#19646,.F.);
#19646 = EDGE_CURVE('',#19647,#19647,#19649,.T.);
#19647 = VERTEX_POINT('',#19648);
#19648 = CARTESIAN_POINT('',(313.9,253.15,39.));
#19649 = CIRCLE('',#19650,7.);
#19650 = AXIS2_PLACEMENT_3D('',#19651,#19652,#19653);
#19651 = CARTESIAN_POINT('',(313.9,253.15,32.));
#19652 = DIRECTION('',(1.,0.,-0.));
#19653 = DIRECTION('',(0.,0.,1.));
#19654 = ORIENTED_EDGE('',*,*,#19655,.F.);
#19655 = EDGE_CURVE('',#19656,#19647,#19658,.T.);
#19656 = VERTEX_POINT('',#19657);
#19657 = CARTESIAN_POINT('',(275.9,253.15,39.));
#19658 = LINE('',#19659,#19660);
#19659 = CARTESIAN_POINT('',(275.9,253.15,39.));
#19660 = VECTOR('',#19661,1.);
#19661 = DIRECTION('',(1.,0.,0.));
#19662 = ORIENTED_EDGE('',*,*,#19663,.T.);
#19663 = EDGE_CURVE('',#19656,#19656,#19664,.T.);
#19664 = CIRCLE('',#19665,7.);
#19665 = AXIS2_PLACEMENT_3D('',#19666,#19667,#19668);
#19666 = CARTESIAN_POINT('',(275.9,253.15,32.));
#19667 = DIRECTION('',(1.,0.,-0.));
#19668 = DIRECTION('',(0.,0.,1.));
#19669 = ORIENTED_EDGE('',*,*,#19655,.T.);
#19670 = CYLINDRICAL_SURFACE('',#19671,7.);
#19671 = AXIS2_PLACEMENT_3D('',#19672,#19673,#19674);
#19672 = CARTESIAN_POINT('',(275.9,253.15,32.));
#19673 = DIRECTION('',(1.,0.,0.));
#19674 = DIRECTION('',(0.,0.,1.));
#19675 = ADVANCED_FACE('',(#19676),#19679,.T.);
#19676 = FACE_BOUND('',#19677,.T.);
#19677 = EDGE_LOOP('',(#19678));
#19678 = ORIENTED_EDGE('',*,*,#19646,.T.);
#19679 = PLANE('',#19680);
#19680 = AXIS2_PLACEMENT_3D('',#19681,#19682,#19683);
#19681 = CARTESIAN_POINT('',(313.9,253.15,32.));
#19682 = DIRECTION('',(1.,0.,0.));
#19683 = DIRECTION('',(0.,0.,1.));
#19684 = ADVANCED_FACE('',(#19685),#19688,.F.);
#19685 = FACE_BOUND('',#19686,.T.);
#19686 = EDGE_LOOP('',(#19687));
#19687 = ORIENTED_EDGE('',*,*,#19663,.F.);
#19688 = PLANE('',#19689);
#19689 = AXIS2_PLACEMENT_3D('',#19690,#19691,#19692);
#19690 = CARTESIAN_POINT('',(275.9,253.15,32.));
#19691 = DIRECTION('',(1.,0.,0.));
#19692 = DIRECTION('',(0.,0.,1.));
#19693 = MANIFOLD_SOLID_BREP('',#19694);
#19694 = CLOSED_SHELL('',(#19695,#19728,#19737));
#19695 = ADVANCED_FACE('',(#19696),#19723,.T.);
#19696 = FACE_BOUND('',#19697,.T.);
#19697 = EDGE_LOOP('',(#19698,#19707,#19715,#19722));
#19698 = ORIENTED_EDGE('',*,*,#19699,.F.);
#19699 = EDGE_CURVE('',#19700,#19700,#19702,.T.);
#19700 = VERTEX_POINT('',#19701);
#19701 = CARTESIAN_POINT('',(303.9,253.15,87.3125));
#19702 = CIRCLE('',#19703,9.);
#19703 = AXIS2_PLACEMENT_3D('',#19704,#19705,#19706);
#19704 = CARTESIAN_POINT('',(294.9,253.15,87.3125));
#19705 = DIRECTION('',(0.,0.,1.));
#19706 = DIRECTION('',(1.,0.,0.));
#19707 = ORIENTED_EDGE('',*,*,#19708,.F.);
#19708 = EDGE_CURVE('',#19709,#19700,#19711,.T.);
#19709 = VERTEX_POINT('',#19710);
#19710 = CARTESIAN_POINT('',(303.9,253.15,68.));
#19711 = LINE('',#19712,#19713);
#19712 = CARTESIAN_POINT('',(303.9,253.15,68.));
#19713 = VECTOR('',#19714,1.);
#19714 = DIRECTION('',(0.,0.,1.));
#19715 = ORIENTED_EDGE('',*,*,#19716,.T.);
#19716 = EDGE_CURVE('',#19709,#19709,#19717,.T.);
#19717 = CIRCLE('',#19718,9.);
#19718 = AXIS2_PLACEMENT_3D('',#19719,#19720,#19721);
#19719 = CARTESIAN_POINT('',(294.9,253.15,68.));
#19720 = DIRECTION('',(0.,0.,1.));
#19721 = DIRECTION('',(1.,0.,0.));
#19722 = ORIENTED_EDGE('',*,*,#19708,.T.);
#19723 = CYLINDRICAL_SURFACE('',#19724,9.);
#19724 = AXIS2_PLACEMENT_3D('',#19725,#19726,#19727);
#19725 = CARTESIAN_POINT('',(294.9,253.15,68.));
#19726 = DIRECTION('',(0.,0.,1.));
#19727 = DIRECTION('',(1.,0.,0.));
#19728 = ADVANCED_FACE('',(#19729),#19732,.T.);
#19729 = FACE_BOUND('',#19730,.T.);
#19730 = EDGE_LOOP('',(#19731));
#19731 = ORIENTED_EDGE('',*,*,#19699,.T.);
#19732 = PLANE('',#19733);
#19733 = AXIS2_PLACEMENT_3D('',#19734,#19735,#19736);
#19734 = CARTESIAN_POINT('',(294.9,253.15,87.3125));
#19735 = DIRECTION('',(0.,0.,1.));
#19736 = DIRECTION('',(1.,0.,0.));
#19737 = ADVANCED_FACE('',(#19738),#19741,.F.);
#19738 = FACE_BOUND('',#19739,.T.);
#19739 = EDGE_LOOP('',(#19740));
#19740 = ORIENTED_EDGE('',*,*,#19716,.F.);
#19741 = PLANE('',#19742);
#19742 = AXIS2_PLACEMENT_3D('',#19743,#19744,#19745);
#19743 = CARTESIAN_POINT('',(294.9,253.15,68.));
#19744 = DIRECTION('',(0.,0.,1.));
#19745 = DIRECTION('',(1.,0.,0.));
#19746 = MANIFOLD_SOLID_BREP('',#19747);
#19747 = CLOSED_SHELL('',(#19748,#19788,#19828,#19850,#19872,#19884));
#19748 = ADVANCED_FACE('',(#19749),#19783,.F.);
#19749 = FACE_BOUND('',#19750,.F.);
#19750 = EDGE_LOOP('',(#19751,#19761,#19769,#19777));
#19751 = ORIENTED_EDGE('',*,*,#19752,.F.);
#19752 = EDGE_CURVE('',#19753,#19755,#19757,.T.);
#19753 = VERTEX_POINT('',#19754);
#19754 = CARTESIAN_POINT('',(272.4,232.15,81.3125));
#19755 = VERTEX_POINT('',#19756);
#19756 = CARTESIAN_POINT('',(272.4,232.15,87.3125));
#19757 = LINE('',#19758,#19759);
#19758 = CARTESIAN_POINT('',(272.4,232.15,81.3125));
#19759 = VECTOR('',#19760,1.);
#19760 = DIRECTION('',(0.,0.,1.));
#19761 = ORIENTED_EDGE('',*,*,#19762,.T.);
#19762 = EDGE_CURVE('',#19753,#19763,#19765,.T.);
#19763 = VERTEX_POINT('',#19764);
#19764 = CARTESIAN_POINT('',(272.4,274.15,81.3125));
#19765 = LINE('',#19766,#19767);
#19766 = CARTESIAN_POINT('',(272.4,232.15,81.3125));
#19767 = VECTOR('',#19768,1.);
#19768 = DIRECTION('',(0.,1.,0.));
#19769 = ORIENTED_EDGE('',*,*,#19770,.T.);
#19770 = EDGE_CURVE('',#19763,#19771,#19773,.T.);
#19771 = VERTEX_POINT('',#19772);
#19772 = CARTESIAN_POINT('',(272.4,274.15,87.3125));
#19773 = LINE('',#19774,#19775);
#19774 = CARTESIAN_POINT('',(272.4,274.15,81.3125));
#19775 = VECTOR('',#19776,1.);
#19776 = DIRECTION('',(0.,0.,1.));
#19777 = ORIENTED_EDGE('',*,*,#19778,.F.);
#19778 = EDGE_CURVE('',#19755,#19771,#19779,.T.);
#19779 = LINE('',#19780,#19781);
#19780 = CARTESIAN_POINT('',(272.4,232.15,87.3125));
#19781 = VECTOR('',#19782,1.);
#19782 = DIRECTION('',(0.,1.,0.));
#19783 = PLANE('',#19784);
#19784 = AXIS2_PLACEMENT_3D('',#19785,#19786,#19787);
#19785 = CARTESIAN_POINT('',(272.4,232.15,81.3125));
#19786 = DIRECTION('',(1.,0.,0.));
#19787 = DIRECTION('',(0.,0.,1.));
#19788 = ADVANCED_FACE('',(#19789),#19823,.T.);
#19789 = FACE_BOUND('',#19790,.T.);
#19790 = EDGE_LOOP('',(#19791,#19801,#19809,#19817));
#19791 = ORIENTED_EDGE('',*,*,#19792,.F.);
#19792 = EDGE_CURVE('',#19793,#19795,#19797,.T.);
#19793 = VERTEX_POINT('',#19794);
#19794 = CARTESIAN_POINT('',(317.4,232.15,81.3125));
#19795 = VERTEX_POINT('',#19796);
#19796 = CARTESIAN_POINT('',(317.4,232.15,87.3125));
#19797 = LINE('',#19798,#19799);
#19798 = CARTESIAN_POINT('',(317.4,232.15,81.3125));
#19799 = VECTOR('',#19800,1.);
#19800 = DIRECTION('',(0.,0.,1.));
#19801 = ORIENTED_EDGE('',*,*,#19802,.T.);
#19802 = EDGE_CURVE('',#19793,#19803,#19805,.T.);
#19803 = VERTEX_POINT('',#19804);
#19804 = CARTESIAN_POINT('',(317.4,274.15,81.3125));
#19805 = LINE('',#19806,#19807);
#19806 = CARTESIAN_POINT('',(317.4,232.15,81.3125));
#19807 = VECTOR('',#19808,1.);
#19808 = DIRECTION('',(0.,1.,0.));
#19809 = ORIENTED_EDGE('',*,*,#19810,.T.);
#19810 = EDGE_CURVE('',#19803,#19811,#19813,.T.);
#19811 = VERTEX_POINT('',#19812);
#19812 = CARTESIAN_POINT('',(317.4,274.15,87.3125));
#19813 = LINE('',#19814,#19815);
#19814 = CARTESIAN_POINT('',(317.4,274.15,81.3125));
#19815 = VECTOR('',#19816,1.);
#19816 = DIRECTION('',(0.,0.,1.));
#19817 = ORIENTED_EDGE('',*,*,#19818,.F.);
#19818 = EDGE_CURVE('',#19795,#19811,#19819,.T.);
#19819 = LINE('',#19820,#19821);
#19820 = CARTESIAN_POINT('',(317.4,232.15,87.3125));
#19821 = VECTOR('',#19822,1.);
#19822 = DIRECTION('',(0.,1.,0.));
#19823 = PLANE('',#19824);
#19824 = AXIS2_PLACEMENT_3D('',#19825,#19826,#19827);
#19825 = CARTESIAN_POINT('',(317.4,232.15,81.3125));
#19826 = DIRECTION('',(1.,0.,0.));
#19827 = DIRECTION('',(0.,0.,1.));
#19828 = ADVANCED_FACE('',(#19829),#19845,.F.);
#19829 = FACE_BOUND('',#19830,.F.);
#19830 = EDGE_LOOP('',(#19831,#19837,#19838,#19844));
#19831 = ORIENTED_EDGE('',*,*,#19832,.F.);
#19832 = EDGE_CURVE('',#19753,#19793,#19833,.T.);
#19833 = LINE('',#19834,#19835);
#19834 = CARTESIAN_POINT('',(272.4,232.15,81.3125));
#19835 = VECTOR('',#19836,1.);
#19836 = DIRECTION('',(1.,0.,0.));
#19837 = ORIENTED_EDGE('',*,*,#19752,.T.);
#19838 = ORIENTED_EDGE('',*,*,#19839,.T.);
#19839 = EDGE_CURVE('',#19755,#19795,#19840,.T.);
#19840 = LINE('',#19841,#19842);
#19841 = CARTESIAN_POINT('',(272.4,232.15,87.3125));
#19842 = VECTOR('',#19843,1.);
#19843 = DIRECTION('',(1.,0.,0.));
#19844 = ORIENTED_EDGE('',*,*,#19792,.F.);
#19845 = PLANE('',#19846);
#19846 = AXIS2_PLACEMENT_3D('',#19847,#19848,#19849);
#19847 = CARTESIAN_POINT('',(272.4,232.15,81.3125));
#19848 = DIRECTION('',(0.,1.,0.));
#19849 = DIRECTION('',(0.,0.,1.));
#19850 = ADVANCED_FACE('',(#19851),#19867,.T.);
#19851 = FACE_BOUND('',#19852,.T.);
#19852 = EDGE_LOOP('',(#19853,#19859,#19860,#19866));
#19853 = ORIENTED_EDGE('',*,*,#19854,.F.);
#19854 = EDGE_CURVE('',#19763,#19803,#19855,.T.);
#19855 = LINE('',#19856,#19857);
#19856 = CARTESIAN_POINT('',(272.4,274.15,81.3125));
#19857 = VECTOR('',#19858,1.);
#19858 = DIRECTION('',(1.,0.,0.));
#19859 = ORIENTED_EDGE('',*,*,#19770,.T.);
#19860 = ORIENTED_EDGE('',*,*,#19861,.T.);
#19861 = EDGE_CURVE('',#19771,#19811,#19862,.T.);
#19862 = LINE('',#19863,#19864);
#19863 = CARTESIAN_POINT('',(272.4,274.15,87.3125));
#19864 = VECTOR('',#19865,1.);
#19865 = DIRECTION('',(1.,0.,0.));
#19866 = ORIENTED_EDGE('',*,*,#19810,.F.);
#19867 = PLANE('',#19868);
#19868 = AXIS2_PLACEMENT_3D('',#19869,#19870,#19871);
#19869 = CARTESIAN_POINT('',(272.4,274.15,81.3125));
#19870 = DIRECTION('',(0.,1.,0.));
#19871 = DIRECTION('',(0.,0.,1.));
#19872 = ADVANCED_FACE('',(#19873),#19879,.F.);
#19873 = FACE_BOUND('',#19874,.F.);
#19874 = EDGE_LOOP('',(#19875,#19876,#19877,#19878));
#19875 = ORIENTED_EDGE('',*,*,#19762,.F.);
#19876 = ORIENTED_EDGE('',*,*,#19832,.T.);
#19877 = ORIENTED_EDGE('',*,*,#19802,.T.);
#19878 = ORIENTED_EDGE('',*,*,#19854,.F.);
#19879 = PLANE('',#19880);
#19880 = AXIS2_PLACEMENT_3D('',#19881,#19882,#19883);
#19881 = CARTESIAN_POINT('',(272.4,232.15,81.3125));
#19882 = DIRECTION('',(0.,0.,1.));
#19883 = DIRECTION('',(1.,0.,0.));
#19884 = ADVANCED_FACE('',(#19885),#19891,.T.);
#19885 = FACE_BOUND('',#19886,.T.);
#19886 = EDGE_LOOP('',(#19887,#19888,#19889,#19890));
#19887 = ORIENTED_EDGE('',*,*,#19778,.F.);
#19888 = ORIENTED_EDGE('',*,*,#19839,.T.);
#19889 = ORIENTED_EDGE('',*,*,#19818,.T.);
#19890 = ORIENTED_EDGE('',*,*,#19861,.F.);
#19891 = PLANE('',#19892);
#19892 = AXIS2_PLACEMENT_3D('',#19893,#19894,#19895);
#19893 = CARTESIAN_POINT('',(272.4,232.15,87.3125));
#19894 = DIRECTION('',(0.,0.,1.));
#19895 = DIRECTION('',(1.,0.,0.));
#19896 = MANIFOLD_SOLID_BREP('',#19897);
#19897 = CLOSED_SHELL('',(#19898,#19938,#19978,#20000,#20022,#20034));
#19898 = ADVANCED_FACE('',(#19899),#19933,.F.);
#19899 = FACE_BOUND('',#19900,.F.);
#19900 = EDGE_LOOP('',(#19901,#19911,#19919,#19927));
#19901 = ORIENTED_EDGE('',*,*,#19902,.F.);
#19902 = EDGE_CURVE('',#19903,#19905,#19907,.T.);
#19903 = VERTEX_POINT('',#19904);
#19904 = CARTESIAN_POINT('',(276.4,242.15,29.5));
#19905 = VERTEX_POINT('',#19906);
#19906 = CARTESIAN_POINT('',(276.4,242.15,74.5));
#19907 = LINE('',#19908,#19909);
#19908 = CARTESIAN_POINT('',(276.4,242.15,29.5));
#19909 = VECTOR('',#19910,1.);
#19910 = DIRECTION('',(0.,0.,1.));
#19911 = ORIENTED_EDGE('',*,*,#19912,.T.);
#19912 = EDGE_CURVE('',#19903,#19913,#19915,.T.);
#19913 = VERTEX_POINT('',#19914);
#19914 = CARTESIAN_POINT('',(276.4,264.15,29.5));
#19915 = LINE('',#19916,#19917);
#19916 = CARTESIAN_POINT('',(276.4,242.15,29.5));
#19917 = VECTOR('',#19918,1.);
#19918 = DIRECTION('',(0.,1.,0.));
#19919 = ORIENTED_EDGE('',*,*,#19920,.T.);
#19920 = EDGE_CURVE('',#19913,#19921,#19923,.T.);
#19921 = VERTEX_POINT('',#19922);
#19922 = CARTESIAN_POINT('',(276.4,264.15,74.5));
#19923 = LINE('',#19924,#19925);
#19924 = CARTESIAN_POINT('',(276.4,264.15,29.5));
#19925 = VECTOR('',#19926,1.);
#19926 = DIRECTION('',(0.,0.,1.));
#19927 = ORIENTED_EDGE('',*,*,#19928,.F.);
#19928 = EDGE_CURVE('',#19905,#19921,#19929,.T.);
#19929 = LINE('',#19930,#19931);
#19930 = CARTESIAN_POINT('',(276.4,242.15,74.5));
#19931 = VECTOR('',#19932,1.);
#19932 = DIRECTION('',(0.,1.,0.));
#19933 = PLANE('',#19934);
#19934 = AXIS2_PLACEMENT_3D('',#19935,#19936,#19937);
#19935 = CARTESIAN_POINT('',(276.4,242.15,29.5));
#19936 = DIRECTION('',(1.,0.,0.));
#19937 = DIRECTION('',(0.,0.,1.));
#19938 = ADVANCED_FACE('',(#19939),#19973,.T.);
#19939 = FACE_BOUND('',#19940,.T.);
#19940 = EDGE_LOOP('',(#19941,#19951,#19959,#19967));
#19941 = ORIENTED_EDGE('',*,*,#19942,.F.);
#19942 = EDGE_CURVE('',#19943,#19945,#19947,.T.);
#19943 = VERTEX_POINT('',#19944);
#19944 = CARTESIAN_POINT('',(281.4,242.15,29.5));
#19945 = VERTEX_POINT('',#19946);
#19946 = CARTESIAN_POINT('',(281.4,242.15,74.5));
#19947 = LINE('',#19948,#19949);
#19948 = CARTESIAN_POINT('',(281.4,242.15,29.5));
#19949 = VECTOR('',#19950,1.);
#19950 = DIRECTION('',(0.,0.,1.));
#19951 = ORIENTED_EDGE('',*,*,#19952,.T.);
#19952 = EDGE_CURVE('',#19943,#19953,#19955,.T.);
#19953 = VERTEX_POINT('',#19954);
#19954 = CARTESIAN_POINT('',(281.4,264.15,29.5));
#19955 = LINE('',#19956,#19957);
#19956 = CARTESIAN_POINT('',(281.4,242.15,29.5));
#19957 = VECTOR('',#19958,1.);
#19958 = DIRECTION('',(0.,1.,0.));
#19959 = ORIENTED_EDGE('',*,*,#19960,.T.);
#19960 = EDGE_CURVE('',#19953,#19961,#19963,.T.);
#19961 = VERTEX_POINT('',#19962);
#19962 = CARTESIAN_POINT('',(281.4,264.15,74.5));
#19963 = LINE('',#19964,#19965);
#19964 = CARTESIAN_POINT('',(281.4,264.15,29.5));
#19965 = VECTOR('',#19966,1.);
#19966 = DIRECTION('',(0.,0.,1.));
#19967 = ORIENTED_EDGE('',*,*,#19968,.F.);
#19968 = EDGE_CURVE('',#19945,#19961,#19969,.T.);
#19969 = LINE('',#19970,#19971);
#19970 = CARTESIAN_POINT('',(281.4,242.15,74.5));
#19971 = VECTOR('',#19972,1.);
#19972 = DIRECTION('',(0.,1.,0.));
#19973 = PLANE('',#19974);
#19974 = AXIS2_PLACEMENT_3D('',#19975,#19976,#19977);
#19975 = CARTESIAN_POINT('',(281.4,242.15,29.5));
#19976 = DIRECTION('',(1.,0.,0.));
#19977 = DIRECTION('',(0.,0.,1.));
#19978 = ADVANCED_FACE('',(#19979),#19995,.F.);
#19979 = FACE_BOUND('',#19980,.F.);
#19980 = EDGE_LOOP('',(#19981,#19987,#19988,#19994));
#19981 = ORIENTED_EDGE('',*,*,#19982,.F.);
#19982 = EDGE_CURVE('',#19903,#19943,#19983,.T.);
#19983 = LINE('',#19984,#19985);
#19984 = CARTESIAN_POINT('',(276.4,242.15,29.5));
#19985 = VECTOR('',#19986,1.);
#19986 = DIRECTION('',(1.,0.,0.));
#19987 = ORIENTED_EDGE('',*,*,#19902,.T.);
#19988 = ORIENTED_EDGE('',*,*,#19989,.T.);
#19989 = EDGE_CURVE('',#19905,#19945,#19990,.T.);
#19990 = LINE('',#19991,#19992);
#19991 = CARTESIAN_POINT('',(276.4,242.15,74.5));
#19992 = VECTOR('',#19993,1.);
#19993 = DIRECTION('',(1.,0.,0.));
#19994 = ORIENTED_EDGE('',*,*,#19942,.F.);
#19995 = PLANE('',#19996);
#19996 = AXIS2_PLACEMENT_3D('',#19997,#19998,#19999);
#19997 = CARTESIAN_POINT('',(276.4,242.15,29.5));
#19998 = DIRECTION('',(0.,1.,0.));
#19999 = DIRECTION('',(0.,0.,1.));
#20000 = ADVANCED_FACE('',(#20001),#20017,.T.);
#20001 = FACE_BOUND('',#20002,.T.);
#20002 = EDGE_LOOP('',(#20003,#20009,#20010,#20016));
#20003 = ORIENTED_EDGE('',*,*,#20004,.F.);
#20004 = EDGE_CURVE('',#19913,#19953,#20005,.T.);
#20005 = LINE('',#20006,#20007);
#20006 = CARTESIAN_POINT('',(276.4,264.15,29.5));
#20007 = VECTOR('',#20008,1.);
#20008 = DIRECTION('',(1.,0.,0.));
#20009 = ORIENTED_EDGE('',*,*,#19920,.T.);
#20010 = ORIENTED_EDGE('',*,*,#20011,.T.);
#20011 = EDGE_CURVE('',#19921,#19961,#20012,.T.);
#20012 = LINE('',#20013,#20014);
#20013 = CARTESIAN_POINT('',(276.4,264.15,74.5));
#20014 = VECTOR('',#20015,1.);
#20015 = DIRECTION('',(1.,0.,0.));
#20016 = ORIENTED_EDGE('',*,*,#19960,.F.);
#20017 = PLANE('',#20018);
#20018 = AXIS2_PLACEMENT_3D('',#20019,#20020,#20021);
#20019 = CARTESIAN_POINT('',(276.4,264.15,29.5));
#20020 = DIRECTION('',(0.,1.,0.));
#20021 = DIRECTION('',(0.,0.,1.));
#20022 = ADVANCED_FACE('',(#20023),#20029,.F.);
#20023 = FACE_BOUND('',#20024,.F.);
#20024 = EDGE_LOOP('',(#20025,#20026,#20027,#20028));
#20025 = ORIENTED_EDGE('',*,*,#19912,.F.);
#20026 = ORIENTED_EDGE('',*,*,#19982,.T.);
#20027 = ORIENTED_EDGE('',*,*,#19952,.T.);
#20028 = ORIENTED_EDGE('',*,*,#20004,.F.);
#20029 = PLANE('',#20030);
#20030 = AXIS2_PLACEMENT_3D('',#20031,#20032,#20033);
#20031 = CARTESIAN_POINT('',(276.4,242.15,29.5));
#20032 = DIRECTION('',(0.,0.,1.));
#20033 = DIRECTION('',(1.,0.,0.));
#20034 = ADVANCED_FACE('',(#20035),#20041,.T.);
#20035 = FACE_BOUND('',#20036,.T.);
#20036 = EDGE_LOOP('',(#20037,#20038,#20039,#20040));
#20037 = ORIENTED_EDGE('',*,*,#19928,.F.);
#20038 = ORIENTED_EDGE('',*,*,#19989,.T.);
#20039 = ORIENTED_EDGE('',*,*,#19968,.T.);
#20040 = ORIENTED_EDGE('',*,*,#20011,.F.);
#20041 = PLANE('',#20042);
#20042 = AXIS2_PLACEMENT_3D('',#20043,#20044,#20045);
#20043 = CARTESIAN_POINT('',(276.4,242.15,74.5));
#20044 = DIRECTION('',(0.,0.,1.));
#20045 = DIRECTION('',(1.,0.,0.));
#20046 = MANIFOLD_SOLID_BREP('',#20047);
#20047 = CLOSED_SHELL('',(#20048,#20088,#20128,#20150,#20172,#20184));
#20048 = ADVANCED_FACE('',(#20049),#20083,.F.);
#20049 = FACE_BOUND('',#20050,.F.);
#20050 = EDGE_LOOP('',(#20051,#20061,#20069,#20077));
#20051 = ORIENTED_EDGE('',*,*,#20052,.F.);
#20052 = EDGE_CURVE('',#20053,#20055,#20057,.T.);
#20053 = VERTEX_POINT('',#20054);
#20054 = CARTESIAN_POINT('',(308.4,242.15,29.5));
#20055 = VERTEX_POINT('',#20056);
#20056 = CARTESIAN_POINT('',(308.4,242.15,74.5));
#20057 = LINE('',#20058,#20059);
#20058 = CARTESIAN_POINT('',(308.4,242.15,29.5));
#20059 = VECTOR('',#20060,1.);
#20060 = DIRECTION('',(0.,0.,1.));
#20061 = ORIENTED_EDGE('',*,*,#20062,.T.);
#20062 = EDGE_CURVE('',#20053,#20063,#20065,.T.);
#20063 = VERTEX_POINT('',#20064);
#20064 = CARTESIAN_POINT('',(308.4,264.15,29.5));
#20065 = LINE('',#20066,#20067);
#20066 = CARTESIAN_POINT('',(308.4,242.15,29.5));
#20067 = VECTOR('',#20068,1.);
#20068 = DIRECTION('',(0.,1.,0.));
#20069 = ORIENTED_EDGE('',*,*,#20070,.T.);
#20070 = EDGE_CURVE('',#20063,#20071,#20073,.T.);
#20071 = VERTEX_POINT('',#20072);
#20072 = CARTESIAN_POINT('',(308.4,264.15,74.5));
#20073 = LINE('',#20074,#20075);
#20074 = CARTESIAN_POINT('',(308.4,264.15,29.5));
#20075 = VECTOR('',#20076,1.);
#20076 = DIRECTION('',(0.,0.,1.));
#20077 = ORIENTED_EDGE('',*,*,#20078,.F.);
#20078 = EDGE_CURVE('',#20055,#20071,#20079,.T.);
#20079 = LINE('',#20080,#20081);
#20080 = CARTESIAN_POINT('',(308.4,242.15,74.5));
#20081 = VECTOR('',#20082,1.);
#20082 = DIRECTION('',(0.,1.,0.));
#20083 = PLANE('',#20084);
#20084 = AXIS2_PLACEMENT_3D('',#20085,#20086,#20087);
#20085 = CARTESIAN_POINT('',(308.4,242.15,29.5));
#20086 = DIRECTION('',(1.,0.,0.));
#20087 = DIRECTION('',(0.,0.,1.));
#20088 = ADVANCED_FACE('',(#20089),#20123,.T.);
#20089 = FACE_BOUND('',#20090,.T.);
#20090 = EDGE_LOOP('',(#20091,#20101,#20109,#20117));
#20091 = ORIENTED_EDGE('',*,*,#20092,.F.);
#20092 = EDGE_CURVE('',#20093,#20095,#20097,.T.);
#20093 = VERTEX_POINT('',#20094);
#20094 = CARTESIAN_POINT('',(313.4,242.15,29.5));
#20095 = VERTEX_POINT('',#20096);
#20096 = CARTESIAN_POINT('',(313.4,242.15,74.5));
#20097 = LINE('',#20098,#20099);
#20098 = CARTESIAN_POINT('',(313.4,242.15,29.5));
#20099 = VECTOR('',#20100,1.);
#20100 = DIRECTION('',(0.,0.,1.));
#20101 = ORIENTED_EDGE('',*,*,#20102,.T.);
#20102 = EDGE_CURVE('',#20093,#20103,#20105,.T.);
#20103 = VERTEX_POINT('',#20104);
#20104 = CARTESIAN_POINT('',(313.4,264.15,29.5));
#20105 = LINE('',#20106,#20107);
#20106 = CARTESIAN_POINT('',(313.4,242.15,29.5));
#20107 = VECTOR('',#20108,1.);
#20108 = DIRECTION('',(0.,1.,0.));
#20109 = ORIENTED_EDGE('',*,*,#20110,.T.);
#20110 = EDGE_CURVE('',#20103,#20111,#20113,.T.);
#20111 = VERTEX_POINT('',#20112);
#20112 = CARTESIAN_POINT('',(313.4,264.15,74.5));
#20113 = LINE('',#20114,#20115);
#20114 = CARTESIAN_POINT('',(313.4,264.15,29.5));
#20115 = VECTOR('',#20116,1.);
#20116 = DIRECTION('',(0.,0.,1.));
#20117 = ORIENTED_EDGE('',*,*,#20118,.F.);
#20118 = EDGE_CURVE('',#20095,#20111,#20119,.T.);
#20119 = LINE('',#20120,#20121);
#20120 = CARTESIAN_POINT('',(313.4,242.15,74.5));
#20121 = VECTOR('',#20122,1.);
#20122 = DIRECTION('',(0.,1.,0.));
#20123 = PLANE('',#20124);
#20124 = AXIS2_PLACEMENT_3D('',#20125,#20126,#20127);
#20125 = CARTESIAN_POINT('',(313.4,242.15,29.5));
#20126 = DIRECTION('',(1.,0.,0.));
#20127 = DIRECTION('',(0.,0.,1.));
#20128 = ADVANCED_FACE('',(#20129),#20145,.F.);
#20129 = FACE_BOUND('',#20130,.F.);
#20130 = EDGE_LOOP('',(#20131,#20137,#20138,#20144));
#20131 = ORIENTED_EDGE('',*,*,#20132,.F.);
#20132 = EDGE_CURVE('',#20053,#20093,#20133,.T.);
#20133 = LINE('',#20134,#20135);
#20134 = CARTESIAN_POINT('',(308.4,242.15,29.5));
#20135 = VECTOR('',#20136,1.);
#20136 = DIRECTION('',(1.,0.,0.));
#20137 = ORIENTED_EDGE('',*,*,#20052,.T.);
#20138 = ORIENTED_EDGE('',*,*,#20139,.T.);
#20139 = EDGE_CURVE('',#20055,#20095,#20140,.T.);
#20140 = LINE('',#20141,#20142);
#20141 = CARTESIAN_POINT('',(308.4,242.15,74.5));
#20142 = VECTOR('',#20143,1.);
#20143 = DIRECTION('',(1.,0.,0.));
#20144 = ORIENTED_EDGE('',*,*,#20092,.F.);
#20145 = PLANE('',#20146);
#20146 = AXIS2_PLACEMENT_3D('',#20147,#20148,#20149);
#20147 = CARTESIAN_POINT('',(308.4,242.15,29.5));
#20148 = DIRECTION('',(0.,1.,0.));
#20149 = DIRECTION('',(0.,0.,1.));
#20150 = ADVANCED_FACE('',(#20151),#20167,.T.);
#20151 = FACE_BOUND('',#20152,.T.);
#20152 = EDGE_LOOP('',(#20153,#20159,#20160,#20166));
#20153 = ORIENTED_EDGE('',*,*,#20154,.F.);
#20154 = EDGE_CURVE('',#20063,#20103,#20155,.T.);
#20155 = LINE('',#20156,#20157);
#20156 = CARTESIAN_POINT('',(308.4,264.15,29.5));
#20157 = VECTOR('',#20158,1.);
#20158 = DIRECTION('',(1.,0.,0.));
#20159 = ORIENTED_EDGE('',*,*,#20070,.T.);
#20160 = ORIENTED_EDGE('',*,*,#20161,.T.);
#20161 = EDGE_CURVE('',#20071,#20111,#20162,.T.);
#20162 = LINE('',#20163,#20164);
#20163 = CARTESIAN_POINT('',(308.4,264.15,74.5));
#20164 = VECTOR('',#20165,1.);
#20165 = DIRECTION('',(1.,0.,0.));
#20166 = ORIENTED_EDGE('',*,*,#20110,.F.);
#20167 = PLANE('',#20168);
#20168 = AXIS2_PLACEMENT_3D('',#20169,#20170,#20171);
#20169 = CARTESIAN_POINT('',(308.4,264.15,29.5));
#20170 = DIRECTION('',(0.,1.,0.));
#20171 = DIRECTION('',(0.,0.,1.));
#20172 = ADVANCED_FACE('',(#20173),#20179,.F.);
#20173 = FACE_BOUND('',#20174,.F.);
#20174 = EDGE_LOOP('',(#20175,#20176,#20177,#20178));
#20175 = ORIENTED_EDGE('',*,*,#20062,.F.);
#20176 = ORIENTED_EDGE('',*,*,#20132,.T.);
#20177 = ORIENTED_EDGE('',*,*,#20102,.T.);
#20178 = ORIENTED_EDGE('',*,*,#20154,.F.);
#20179 = PLANE('',#20180);
#20180 = AXIS2_PLACEMENT_3D('',#20181,#20182,#20183);
#20181 = CARTESIAN_POINT('',(308.4,242.15,29.5));
#20182 = DIRECTION('',(0.,0.,1.));
#20183 = DIRECTION('',(1.,0.,0.));
#20184 = ADVANCED_FACE('',(#20185),#20191,.T.);
#20185 = FACE_BOUND('',#20186,.T.);
#20186 = EDGE_LOOP('',(#20187,#20188,#20189,#20190));
#20187 = ORIENTED_EDGE('',*,*,#20078,.F.);
#20188 = ORIENTED_EDGE('',*,*,#20139,.T.);
#20189 = ORIENTED_EDGE('',*,*,#20118,.T.);
#20190 = ORIENTED_EDGE('',*,*,#20161,.F.);
#20191 = PLANE('',#20192);
#20192 = AXIS2_PLACEMENT_3D('',#20193,#20194,#20195);
#20193 = CARTESIAN_POINT('',(308.4,242.15,74.5));
#20194 = DIRECTION('',(0.,0.,1.));
#20195 = DIRECTION('',(1.,0.,0.));
#20196 = ( GEOMETRIC_REPRESENTATION_CONTEXT(3)
GLOBAL_UNCERTAINTY_ASSIGNED_CONTEXT((#20200))
GLOBAL_UNIT_ASSIGNED_CONTEXT((#20197,#20198,#20199))
REPRESENTATION_CONTEXT('Context #1',
  '3D Context with UNIT and UNCERTAINTY') );
#20197 = ( LENGTH_UNIT() NAMED_UNIT(*) SI_UNIT(.MILLI.,.METRE.) );
#20198 = ( NAMED_UNIT(*) PLANE_ANGLE_UNIT() SI_UNIT($,.RADIAN.) );
#20199 = ( NAMED_UNIT(*) SI_UNIT($,.STERADIAN.) SOLID_ANGLE_UNIT() );
#20200 = UNCERTAINTY_MEASURE_WITH_UNIT(LENGTH_MEASURE(1.E-07),#20197,
  'distance_accuracy_value','confusion accuracy');
#20201 = PRODUCT_RELATED_PRODUCT_CATEGORY('part',$,(#7));
ENDSEC;
END-ISO-10303-21;
